cost_Tk_per_kg,CO2_kg_per_kg,violation,MOR_pred,WA_pred,Shrinkage_pred,trust_distance,AG98,AG22,AG23,SodaF,PotashF,Crushing,ETP,NaSil,pareto,compliant
7.296295635000002,0.0895874182,0.0,55.907155873955055,0.17299564512834287,9.497841044280934,2.084476382582453,14.7355,0.1651,10.3821,43.58670000000001,22.7492,1.4943,5.8781,1.009,False,True
7.238708804000002,0.0922373838,0.0,55.91244610378408,0.1300743499697367,9.28973760528008,1.8306955895225432,14.1791,0.8569,10.0681,43.38999999999999,22.6468,2.106,5.8763,0.8768,True,True
7.380507926,0.08778052239999999,0.0,55.90981462993492,0.19533812406893208,9.661088344436372,2.3456007780307275,15.4648,1.3403,8.7283,44.1329,22.3939,1.073,5.751,1.1158,True,True
7.2685657500000005,0.09788311500000002,0.0,56.60573810572434,0.21422048687075085,9.597927497232071,2.358435646907208,14.2214,0.7207,13.6535,43.85669999999999,18.452,2.5309,5.6589,0.9059,False,True
7.295255449,0.08946020040000001,0.0,55.73468092192041,0.18388257305319627,9.533984191004372,2.2067506259862006,15.5901,0.1838,9.6628,43.313399999999994,22.9264,1.4636,5.8434,1.0165,True,True
7.245602006217074,0.0938010627924739,0.4297161303494066,39.68483869349002,0.5015960398839789,10.226318078567573,1.515112053616896,18.42740887833239,3.0656621948122247,10.37973387620442,40.81237778864852,20.993602354277275,2.7274259135673202,3.4139699219042208,0.17981907225363664,False,False
7.715919756038558,0.0886038852031602,0.5492473676040226,46.56935609883407,0.7257432460801999,11.662468915110074,2.086239867182933,19.99556789886713,0.5307325730925379,14.24096046827841,41.52429455020793,20.10506100771495,1.311803551785324,0.8516403153277947,1.4399396347259332,False,False
7.642682693417979,0.0818430363433198,0.6978355697912348,36.82952346076265,0.7437997786096973,11.386900693758292,2.3259416988563952,17.016663787579137,4.178047302028675,12.050574529238276,41.133659542202935,22.830282409033984,0.6877781099086417,1.3177514880328864,0.7852428319754641,False,False
7.287645349454098,0.10910436946491593,0.01525505528538481,65.8635272067951,0.29283084126092185,10.00499456973526,1.7694935397438913,18.826651572976857,1.9980656391989138,12.863181313280318,40.76484415748262,15.158727760775154,3.4174518144035932,5.517796831869328,1.4532809100132231,False,False
7.391309003901672,0.08938591859712573,0.7079739329373343,34.67339574927658,0.7237905441542154,11.027244303319907,1.1391129748054807,19.725967999656007,1.042618311916213,14.71674115953823,42.819466958373155,16.835236059208142,1.1551822451609932,3.519370409942785,0.18541685620447262,False,False
7.437053240267498,0.09900140424918168,0.141861969452396,48.589492927198464,0.32472022550456514,10.088737200514608,1.788621832042037,13.943222522117564,2.256863088856377,14.177665959929776,45.84626856968819,16.840995637043978,3.659768871033328,2.5997215265138167,0.6754938248169686,False,False
7.375127959807393,0.10957232393809171,0.06292997486991878,69.93232992522026,0.34312788142260525,10.276430770381971,1.0531985648993616,16.43297662985375,4.176389041335446,13.512378507982465,36.90240386123505,19.278987659382835,3.8624367223770903,3.9017620641098465,1.9326655137235216,False,False
7.949077714623484,0.10179465147768593,0.2823574492919131,73.28103683196342,0.5746238669378092,11.737406354631007,2.354637731922648,14.876598066999868,6.164954856112621,15.590262003760103,38.122711234186724,19.234177035097368,2.4453757920217583,0.5032435835034548,3.0626774283181066,False,False
7.993975988433054,0.0886206284859448,0.39128834602200524,63.470058407980666,0.6895459629880565,12.03595402015979,2.2248144192946167,15.769632142186651,2.5699552203442484,16.749580417269673,40.43247047884712,20.39476232529814,0.2833922341003332,1.0601669323828313,2.7400402495709955,False,False
7.377314893021309,0.11763631298150054,0.0,81.21099754429073,0.0,9.3397363547275,1.6071131281667206,16.55486130467353,2.9480770369694893,9.854499990161173,42.55794913630793,15.949977411435643,5.539584966307458,4.411581135137346,2.183469019007425,False,True
7.526463789453872,0.09343951843650829,0.5119275345674751,52.39692626116722,0.7693606889849309,11.537492758141637,2.274709207507829,22.606813749726,1.6512472324178857,14.205550749760969,38.725142077339456,16.61151602527454,0.21894975692259722,4.521347551864705,1.4594328566938435,False,False
7.947485214114383,0.10717130690798891,0.1921949676812062,77.43885862289258,0.4795024488385135,11.570544084142615,1.7408038513343487,16.248725688855302,4.296681645868823,16.13301381686302,40.86522747692042,15.361070728586357,3.080103657207698,0.8699570599922438,3.1452199257061384,False,False
8.080060160617968,0.10800573883442482,0.0,95.43947238755587,0.1176969656175188,10.92398111896272,2.2305434992676543,17.305248608743867,4.143893222412056,9.599486427655155,44.17663116766361,15.595359231888146,2.9112041765379786,2.1732222616652415,4.09495490343395,False,True
8.13584649295306,0.09200801363424448,0.30509207888632084,77.74027157072143,0.5986089011599094,12.142770996793063,2.3242222874224225,15.769632142186651,2.1956810747997624,16.749580417269673,39.840472650993334,20.39476232529814,0.2833922341003332,1.0601669323828313,3.706312222969277,False,False
7.723296660335377,0.10595757286388881,0.0331753962987886,77.18854030925377,0.31173680103006285,10.767073794389933,1.5904128934920416,18.911899580341526,4.334283892456193,10.37973387620442,41.2415754651021,16.26637116315858,2.7274259135673202,3.4139699219042208,2.7247401872656414,False,False
7.636808543768938,0.0943761890452016,0.30538241065845134,55.030161374172344,0.588955231499217,11.124616218649795,1.6992222835260078,16.28531427343098,4.2940055085646085,14.71674115953823,41.65765111675133,16.835236059208142,1.1551822451609932,3.519370409942785,1.5364992274029203,False,False
7.680672035081542,0.09043840581202181,0.6229318100863709,48.23946883686312,0.8272642479338917,11.890425867887787,1.8396865091144805,22.606813749726,1.6512472324178857,14.205550749760969,40.70273560127699,16.26637116315858,0.21894975692259722,2.8888988900431305,1.4594328566938435,False,False
7.372600545642236,0.09583632077851242,0.3507917447107761,44.36604194614271,0.4849953787777623,10.448126555065782,1.9320007599310145,17.016663787579137,2.256863088856377,12.050574529238276,40.19260200140904,22.830282409033984,3.659768871033328,1.3177514880328864,0.6754938248169686,False,False
7.150919773798128,0.09404742734215954,0.1877410960640875,44.19063581110095,0.31047900253971517,9.601739562171673,1.9168888130432193,17.060143271282318,1.0791107430954037,10.37973387620442,42.68721838479718,20.993602354277275,2.7274259135673202,4.8929463845224515,0.17981907225363664,False,False
7.527714739402719,0.08950119747472408,0.9052785986046434,30.83895950923024,0.8773411283583066,11.577251648366833,1.0186359831784324,19.725967999656007,4.143893222412056,14.71674115953823,42.30421702347485,15.595359231888146,1.1551822451609932,2.1732222616652415,0.18541685620447262,False,False
7.520534585717111,0.10702590064936239,0.0,71.25047581531224,0.12207205766417112,9.8742337762143,2.03578058648102,13.943222522117564,2.256863088856377,13.512378507982465,44.609346040443185,15.981325540389955,3.8624367223770903,3.9017620641098465,1.9326655137235216,False,True
7.142631927224786,0.10856917982958525,0.10321584378441635,55.80830462417367,0.3856294731274002,9.816059622548806,2.1415767752806363,13.943222522117564,7.058320185493428,14.177665959929776,38.17234655482711,16.61151602527454,3.659768871033328,5.701666056507291,0.6754938248169686,False,False
7.869521830584789,0.11397327824437348,0.0,89.35324967808239,0.07026853991508919,10.54180805274065,1.6442970154192842,17.192881399907503,0.6800371411941528,12.31658341942054,44.0010019380546,16.44943830259775,5.126467775376997,0.743487072987899,3.490102950460571,False,True
7.8601037078201905,0.08587851393837,0.4409043999534312,47.53369826907836,0.6251745193995323,11.47861723880861,2.017476247500813,17.016663787579137,4.178047302028675,12.050574529238276,45.3076708384786,17.845907527216227,0.6877781099086417,1.4539250488565962,1.4594328566938435,False,False
7.534061197763745,0.09232268471977624,0.4561171558880342,52.629272006232156,0.7137895529093904,11.41705838767345,2.171602883182931,22.606813749726,0.1817291840862219,14.205550749760969,40.19466012567112,16.61151602527454,0.21894975692259722,4.521347551864705,1.4594328566938435,False,False
7.778194140336389,0.09627988359505735,0.08671660053732112,75.86779632589145,0.36822277150171473,10.960207793029943,1.7745561646841157,16.43297662985375,1.9115415413645218,13.512378507982465,41.0586006994599,19.278987659382835,1.0156648017981937,3.9017620641098465,2.888088096048482,False,False
7.606180422378187,0.1036620859537275,0.0045495783746588876,81.19279925242256,0.281536563120106,10.56850218660715,1.9998743809393704,17.016663787579137,2.256863088856377,12.050574529238276,36.7016974852107,22.830282409033984,2.7273696647707633,3.4139699219042208,3.0025791134065467,False,False
7.794651954604254,0.11328286820131792,0.0,89.1037696738403,0.10425897667945594,10.527569487927844,1.644761956486746,17.192881399907503,0.6800371411941528,12.31658341942054,41.171452581269506,19.278987659382835,5.126467775376997,0.743487072987899,3.490102950460571,False,True
7.579859390838843,0.09118149817375393,0.37833702553798043,53.06685831616463,0.6379631399857466,11.247875718171793,2.222718169646041,22.606813749726,1.5059570507357427,11.379761638345256,41.696221370437314,16.61151602527454,0.21894975692259722,4.521347551864705,1.4594328566938435,False,False
8.007592454427884,0.10685311472543679,0.0832572594658592,82.3367690309589,0.36457316667132234,11.476755178318017,2.177003252214282,20.284245807385023,1.3274954517738227,12.841951419559642,43.305561834233465,14.819056925985779,3.080103657207698,0.8699570599922438,3.471627843862323,False,False
7.284351097402707,0.09887724815813494,0.2110865293909191,43.741163058911596,0.3287075364217502,9.821155899291345,1.8269143216684272,13.943222522117564,2.256863088856377,14.177665959929776,45.41669665487172,16.840995637043978,3.659768871033328,3.519370409942785,0.18541685620447262,False,False
7.488270768637208,0.08219414322868278,0.9808613023096615,28.12873749742149,0.9184848694999728,11.61804387311732,1.4454547448817516,19.725967999656007,2.1956810747997624,14.71674115953823,40.32481608873782,20.39476232529814,0.2833922341003332,2.1732222616652415,0.18541685620447262,False,False
7.33683869721554,0.09929760212683161,0.006621130729989968,55.23904395474726,0.15616926238329387,9.531262420873686,1.798600172874541,13.943222522117564,1.9115415413645218,11.487298776641158,44.94788927989238,19.278987659382835,3.659768871033328,3.9017620641098465,0.8695292854583642,False,False
7.797921414192883,0.0938943153009936,0.061993740953202835,61.435325374751656,0.34214015464046993,10.827177448458032,2.059617137605474,18.826651572976857,2.5699552203442484,8.086362093323503,44.446645152964024,20.39476232529814,2.5461883000086765,1.0601669323828313,2.069268402701716,False,False
7.362054683702481,0.09738658288184188,0.4282613928266742,44.043525892008915,0.5621329374010421,10.615299911025598,2.2863416363630233,17.016663787579137,4.296681645868823,12.050574529238276,38.15278344439659,22.830282409033984,3.659768871033328,1.3177514880328864,0.6754938248169686,False,False
7.926679060218972,0.10891810311418483,0.0,84.25411458318192,0.2557358991314615,10.956101591960016,2.041370434045871,15.004730108980985,6.164954856112621,11.379761638345256,40.19053062366658,19.234177035097368,4.114704112335927,0.5032435835034548,3.4078980419578073,False,True
7.45279215311627,0.11282076997380466,0.0,66.04136371811525,0.15268160423338473,9.854351313306516,2.2198031908584,16.55486130467353,4.334283892456193,10.330456617715408,43.42675664583164,15.949977411435643,5.587834306337834,2.2793305941468334,1.5364992274029203,False,True
7.967294491649302,0.0973484398544156,0.2370518028437633,73.79046894918116,0.5268264099350112,11.680432495926446,1.895030641203549,15.769632142186651,2.5699552203442484,16.13301381686302,40.25771573347275,19.39284207107943,1.6714541579649302,1.0601669323828313,3.1452199257061384,False,False
7.158753065365472,0.10308424713594394,0.27134252847637946,45.53163230120348,0.41777551590486145,9.95822097097071,1.6893795972038008,18.826651572976857,1.9980656391989138,12.863181313280318,42.66315644258908,15.158727760775154,3.4174518144035932,4.8929463845224515,0.17981907225363664,False,False
7.947485214114383,0.10717130690798891,0.1921949676812062,77.43885862289258,0.4795024488385135,11.570544084142615,1.7408038513343487,16.248725688855302,4.296681645868823,16.13301381686302,40.86522747692042,15.361070728586357,3.080103657207698,0.8699570599922438,3.1452199257061384,False,False
7.754677344241104,0.10098112840647436,0.0,76.55970068690016,0.18889170179933512,10.437028139994926,1.3145806891339138,15.769632142186651,3.8107089844430746,9.599486427655155,42.22242060356304,20.39476232529814,2.9112041765379786,2.551745090744974,2.7400402495709955,False,True
7.432921117295187,0.10055742757615448,0.21393536914291092,48.29766018858764,0.39660170018731994,10.251648546364075,1.6611650163539207,13.943222522117564,4.230587170041997,14.177665959929776,44.10202410027201,16.61151602527454,3.659768871033328,2.5997215265138167,0.6754938248169686,False,False
7.153892057083146,0.1047573263095698,0.048462063393504236,52.139368245003226,0.18280085194007267,9.29381722666005,2.1921534194783683,16.43297662985375,4.143893222412056,9.599486427655155,44.3453927205245,15.595359231888146,3.8624367223770903,5.693496377058868,0.32695866823043374,False,False
7.420838787979951,0.11026785956929325,0.021039360266674835,62.08609096458379,0.2989332830161829,10.222424707213424,2.132487405578367,19.53113215079201,4.334283892456193,8.453970554761419,39.10135061056865,20.39476232529814,5.587834306337834,1.0601669323828313,1.5364992274029203,False,False
7.585137028129447,0.10585582961940805,0.0,60.75197881547538,0.21492720983368807,10.169997098404355,1.8547142340515295,17.192881399907503,4.2940055085646085,8.453970554761419,44.1344605706674,18.51822789033126,5.126467775376997,0.743487072987899,1.5364992274029203,False,True
7.28782170141398,0.10157045436888952,0.0703644635824611,62.004350703845155,0.3509712670143374,10.120040078052526,1.8883445024821754,17.060143271282318,0.5307325730925379,14.24096046827841,39.002790746816075,20.10506100771495,2.7274259135673202,4.8929463845224515,1.4399396347259332,False,False
7.718200403393209,0.0858411625057906,0.563421610599312,47.54858604432095,0.7546421920077218,11.643738351740138,2.3596346882323616,16.28531427343098,3.747640527780126,14.71674115953823,38.87799280487223,22.830282409033984,0.6877781099086417,1.3177514880328864,1.5364992274029203,False,False
7.809042836144754,0.10957411621182707,0.0,93.90775830487405,0.24147786890367828,10.851183884558369,1.6199726443414453,17.016663787579137,4.296681645868823,12.050574529238276,37.52076429422156,19.017223633813227,2.7318097886796116,3.519370409942785,3.846911910656571,False,True
7.825196382228793,0.11038270429991164,0.0,86.39474901791297,0.24196858606524674,10.913774564287362,2.2538049516442262,17.192881399907503,0.6800371411941528,14.24096046827841,39.994184478566254,19.278987659382835,4.271205586882489,0.8516403153277947,3.490102950460571,False,True
7.834780458021332,0.0981696545665275,0.12320031823825846,76.83110718426502,0.40671309367620356,11.161539160946212,1.7559682384610198,16.28531427343098,2.256863088856377,14.71674115953823,41.28850952541657,17.775440184247508,1.1551822451609932,3.519370409942785,3.0025791134065467,False,False
7.606180422378187,0.1036620859537275,0.0045495783746588876,81.19279925242256,0.281536563120106,10.56850218660715,1.9998743809393704,17.016663787579137,2.256863088856377,12.050574529238276,36.7016974852107,22.830282409033984,2.7273696647707633,3.4139699219042208,3.0025791134065467,False,False
7.22964621899238,0.10650324295128397,0.19612477155873184,53.559186928015215,0.4527404164951787,10.235469228506483,1.1766605403800512,18.911899580341526,4.334283892456193,11.487298776641158,37.57420785133273,19.278987659382835,4.129823032482976,3.4139699219042208,0.8695292854583642,False,False
7.3612811316071065,0.11905155722861165,0.0,80.8828545863111,0.023387479078313456,9.500118495078404,1.4800666784421215,16.55486130467353,4.334283892456193,10.330456617715408,40.695785653266995,15.949977411435643,5.539584966307458,4.411581135137346,2.183469019007425,False,True
7.14434049645741,0.11454034826678736,0.0,71.52937080247396,0.04906040406488549,9.214768876272668,2.326058473323699,18.826651572976857,2.4438563119365146,8.086362093323503,38.61201467556817,20.39476232529814,5.587834306337834,4.5120194871560635,1.5364992274029203,False,True
7.441390507957481,0.09329862284764479,0.2745927604138291,45.552506336010026,0.42150177572293573,10.314014423825665,1.3995238246826125,13.943222522117564,2.256863088856377,14.177665959929776,43.81111149162805,19.80849567257013,2.7274259135673202,2.5997215265138167,0.6754938248169686,False,False
7.380881358906414,0.11324383475625505,0.0,75.0576930192727,0.08470975330107677,9.605424823517453,1.6996030270200888,15.204166835390973,4.176389041335446,11.379761638345256,41.486938500845724,16.61151602527454,4.6872148932198305,4.521347551864705,1.9326655137235216,False,True
7.4538904818405,0.09015747548667331,0.4012605924631205,46.363198943973856,0.5666813340721367,10.73989545609144,1.466908570834487,16.28531427343098,1.9115415413645218,14.71674115953823,41.880941771554234,19.278987659382835,1.1551822451609932,3.9017620641098465,0.8695292854583642,False,False
7.213348363425222,0.11773260303731975,0.0,71.29898108459376,0.12192629880918376,9.49684240925229,2.036452314381562,19.53113215079201,4.334283892456193,8.453970554761419,39.42341629111038,16.61151602527454,5.587834306337834,4.521347551864705,1.5364992274029203,False,True
7.852907744714884,0.10086051524515866,0.08509170042089591,74.3137333553804,0.36650850187888606,11.100447732724476,1.8578370034259124,16.43297662985375,2.256863088856377,13.512378507982465,41.57407488482536,19.278987659382835,2.738879645017847,1.3177514880328864,2.888088096048482,False,False
7.457342359853575,0.10601858654725203,0.0,79.21988329076157,0.257954145053431,10.286598950311951,1.9219566790081755,17.060143271282318,0.5307325730925379,14.24096046827841,37.83222964724699,20.10506100771495,2.7274259135673202,4.8929463845224515,2.6105007342950137,False,True
7.442697746056994,0.09147309254781559,0.7070888036285006,33.11412460878156,0.7006513022392019,10.97428677362736,2.035827112584597,18.42740887833239,5.932626351832804,10.37973387620442,40.32999723162474,20.993602354277275,2.7274259135673202,1.029386321907413,0.17981907225363664,False,False
7.591020142644932,0.09147435038244842,0.35723283602480205,54.200279388149596,0.6318391606343317,11.258841474507925,2.2534406686136896,22.606813749726,1.5059570507357427,11.379761638345256,41.61915499972824,16.61151602527454,0.21894975692259722,4.521347551864705,1.5364992274029203,False,False
7.240209356711441,0.09260031179333508,0.3767670742756034,39.807972295277196,0.4474883195182682,10.11886228841901,1.5990393078047225,19.38240297486943,0.5307325730925379,10.37973387620442,42.39231331383116,20.993602354277275,2.7274259135673202,3.4139699219042208,0.17981907225363664,False,False
7.42833557824922,0.0945532342316216,0.46601934790381483,36.99848330447407,0.5016398054187956,10.494464891181744,1.6253489303933621,17.016663787579137,1.9980656391989138,12.863181313280318,45.22498579721158,17.845907527216227,3.4174518144035932,1.4539250488565962,0.17981907225363664,False,False
7.134341899997553,0.10522254191816438,0.08894072883930612,50.91507496642467,0.3020067070322407,9.652694865621884,1.9758252804670269,18.826651572976857,1.9980656391989138,11.487298776641158,42.9852859273101,15.158727760775154,3.659768871033328,5.517796831869328,0.3664046201951726,False,False
7.117942350123343,0.09782958380536894,0.3305435804580316,42.568108985000606,0.43802937494014793,9.913678860160493,1.4883376898033702,17.016663787579137,2.256863088856377,11.910709618142484,38.726325447246,22.830282409033984,3.659768871033328,3.4139699219042208,0.18541685620447262,False,False
7.057951895796011,0.10566669404177366,0.5345286286341865,43.10216736728343,0.6608390748747842,10.531551049475572,1.6407373025511673,22.606813749726,1.6512472324178857,14.205550749760969,36.846036587862756,16.57173324171045,3.4174518144035932,4.521347551864705,0.17981907225363664,False,False
7.237055993150116,0.10887758076656007,0.24100210066085803,55.01526135761434,0.5208218147475742,10.398460912140166,2.0196872203851077,18.826651572976857,6.172321981880709,12.863181313280318,37.79918988670255,15.158727760775154,3.4174518144035932,4.8929463845224515,0.8695292854583642,False,False
7.76563720965259,0.088096239318619,0.5930246541802464,46.330846733621314,0.7685316944645331,11.846708979108406,2.016619459491737,22.606813749726,1.5059570507357427,12.050574529238276,42.38961112762467,17.845907527216227,0.6877781099086417,1.4539250488565962,1.4594328566938435,False,False
7.758112019970537,0.10179712750461102,0.15224755799154793,79.82892218002789,0.43735793161592396,11.174047861608132,1.6801641095246629,15.769632142186651,2.5699552203442484,16.13301381686302,37.903912743951366,19.39284207107943,1.6714541579649302,3.4139699219042208,3.1452199257061384,False,False
7.15853760671639,0.10580619530616574,0.03739333617544368,52.95936585766455,0.20667346981290569,9.502229517272553,1.7897592679519567,17.060143271282318,1.0791107430954037,10.37973387620442,40.17969501104195,22.830282409033984,5.623740477933608,2.1718003865913498,0.6754938248169686,False,False
7.766476249135044,0.09519518770360239,0.3785181046405018,51.30564838457712,0.6130729570234096,11.449007891768018,1.9852244233217426,22.606813749726,4.334283892456193,8.453970554761419,43.24211792927745,16.61151602527454,2.154631688718647,1.0601669323828313,1.5364992274029203,False,False
8.13584649295306,0.09200801363424448,0.30509207888632084,77.74027157072143,0.5986089011599094,12.142770996793063,2.3242222874224225,15.769632142186651,2.1956810747997624,16.749580417269673,39.840472650993334,20.39476232529814,0.2833922341003332,1.0601669323828313,3.706312222969277,False,False
7.424438737221311,0.1142705583690263,0.0,75.09089557643783,0.08914944394578217,9.68201055910721,2.1257261335131035,15.204166835390973,4.176389041335446,12.050574529238276,42.93459206770908,14.493049567518163,4.6872148932198305,4.521347551864705,1.9326655137235216,False,True
7.49715758985477,0.10799387777183896,0.0,70.88734668497132,0.17672573026769156,10.006858572053652,1.8838801860591226,15.204166835390973,2.256863088856377,13.512378507982465,43.38798961400898,15.94173765355075,3.8624367223770903,3.9017620641098465,1.9326655137235216,False,True
7.559715668215829,0.0911856772244476,0.3721120091161868,54.095967202359404,0.6460511884304082,11.252888068251375,2.3114855413469035,22.606813749726,1.5059570507357427,11.379761638345256,40.43606828661023,17.794602738392552,0.21894975692259722,4.521347551864705,1.5364992274029203,False,False
7.210511405975068,0.1107499488791691,0.06621292207419796,55.22689074883458,0.33943302516527984,9.96078543695577,2.018079484018568,16.28531427343098,1.9115415413645218,14.71674115953823,39.142345216300114,19.278987659382835,5.623740477933608,2.1718003865913498,0.8695292854583642,False,False
7.413253645837443,0.08695615262036817,0.49551269577128554,44.61882618992778,0.6412758582743748,10.864111199150091,1.7772672107251537,16.43297662985375,1.9115415413645218,14.71674115953823,39.17013483539539,22.323532486205377,0.6737819980745229,3.9017620641098465,0.8695292854583642,False,False
7.28322840911889,0.10907801583599236,0.0,65.62223887743791,0.13825479045407535,9.624741779910345,2.025020326794054,17.060143271282318,1.0791107430954037,10.37973387620442,39.318689608456,22.830282409033984,5.623740477933608,2.1718003865913498,1.5364992274029203,False,True
7.98481455074152,0.11052939070139592,0.0,98.48354909890875,0.00630116118093238,10.543347173318274,2.146680289071878,16.55486130467353,2.256863088856377,10.330456617715408,43.96208297231142,16.840995637043978,3.659768871033328,2.2793305941468334,4.11564091421913,False,True
8.032584560997439,0.09393487951667541,0.22940077068910947,72.43801857380203,0.5187545710118514,11.728988897370202,1.740853569880463,16.28531427343098,2.5699552203442484,14.71674115953823,41.788432584053744,19.278987659382835,1.1551822451609932,1.0601669323828313,3.1452199257061384,False,False
7.441364903885357,0.091998759673503,0.49327318680359356,45.980138744540554,0.6582994976063241,10.938451336498355,1.5923988439831018,16.28531427343098,4.334283892456193,14.71674115953823,39.45819942046256,19.278987659382835,1.1551822451609932,3.9017620641098465,0.8695292854583642,False,False
7.250925696689024,0.08683127432636839,0.403992400260695,39.30167709258863,0.46900093709681223,10.07156857362491,1.8452278260754575,15.204166835390973,2.436564706406596,11.910709618142484,41.47090583830942,22.830282409033984,1.4406061846473677,4.521347551864705,0.18541685620447262,False,False
7.76563720965259,0.088096239318619,0.5930246541802464,46.330846733621314,0.7685316944645331,11.846708979108406,2.016619459491737,22.606813749726,1.5059570507357427,12.050574529238276,42.38961112762467,17.845907527216227,0.6877781099086417,1.4539250488565962,1.4594328566938435,False,False
7.504207462642956,0.0862422566185919,0.3209518745667851,43.996298515196834,0.4482488351013702,10.41220271648865,2.3297792984418657,13.943222522117564,2.256863088856377,13.512378507982465,45.41562753093575,19.278987659382835,1.0156648017981937,3.9017620641098465,0.6754938248169686,False,False
7.632155212560021,0.11504910147389279,0.0,89.96011214352646,0.0,9.735413091199176,1.6770596209364275,15.769632142186651,1.0791107430954037,10.37973387620442,42.437920377203,19.39284207107943,5.623740477933608,2.1718003865913498,3.1452199257061384,False,True
7.338470981729662,0.10224864823151747,0.0400688883503172,52.761154595183775,0.2219715779505263,9.695351102923828,2.156557068445793,13.943222522117564,2.256863088856377,13.512378507982465,45.86651772934974,15.981325540389955,3.8624367223770903,3.9017620641098465,0.6754938248169686,False,False
7.32697823400621,0.11445427836387231,0.15937693477455175,61.02392847152262,0.44487942412199305,10.575001654018935,1.7726704468756538,22.606813749726,1.5059570507357427,12.050574529238276,37.4536487595997,17.845907527216227,5.623740477933608,1.4539250488565962,1.4594328566938435,False,False
7.488771479212996,0.09765332453883557,0.17263679946132948,56.03500477081005,0.45886858136654357,10.658300704475899,1.6110592117386118,17.060143271282318,1.0791107430954037,14.24096046827841,40.74747989917094,20.10506100771495,2.7274259135673202,2.5998790621647268,1.4399396347259332,False,False
7.110922919375866,0.1127952740133894,0.0,71.93512785534462,0.0,9.007741792559221,1.897888258491855,17.060143271282318,2.4438563119365146,8.086362093323503,37.90709672193109,22.830282409033984,5.623740477933608,4.5120194871560635,1.5364992274029203,False,True
7.507746514965536,0.1104184165277143,0.045009505835975586,61.92687678260529,0.3242217865917952,10.380652352950511,1.4409438629549065,17.192881399907503,4.2940055085646085,12.050574529238276,41.821025642092195,16.524620868560902,5.126467775376997,1.4539250488565962,1.5364992274029203,False,False
7.286419390588605,0.10888627687967094,0.0,65.51535550296782,0.14060916698489373,9.633992689465503,2.0278867286496265,17.060143271282318,1.0791107430954037,10.37973387620442,39.354595780051774,22.830282409033984,5.587834306337834,2.1718003865913498,1.5364992274029203,False,True
7.6931407381612145,0.09656927266395772,0.16754100386761792,76.36476874411655,0.45349251701517784,11.113396292009977,1.600242647266099,17.016663787579137,1.042618311916213,14.71674115953823,36.71656256342211,22.830282409033984,1.1551822451609932,3.519370409942785,3.0025791134065467,False,False
7.183599033818175,0.10836293339643667,0.0,67.92809842030543,0.17595290580395323,9.495355425836683,2.019179967437542,17.060143271282318,4.143893222412056,9.599486427655155,38.09554333677363,20.10506100771495,3.8624367223770903,5.693496377058868,1.4399396347259332,False,True
7.309122003023645,0.09212663347962931,0.5748830514021369,39.211059562533904,0.6480000985122205,10.658479226226419,1.6786540315797054,18.826651572976857,4.143893222412056,12.863181313280318,42.01282283956894,15.595359231888146,0.8548781317998847,5.517796831869328,0.18541685620447262,False,False
7.261475782245028,0.10177041768953049,0.10013807673361319,61.83930427676429,0.38238242888880286,10.160511192386005,1.502052012619677,17.060143271282318,1.0791107430954037,14.24096046827841,37.56587123025089,20.993602354277275,2.7274259135673202,4.8929463845224515,1.4399396347259332,False,False
7.728447976672848,0.09340629132956757,0.0,80.4293290487586,0.12034464956866664,10.24822998752066,2.2971006279504587,17.016663787579137,1.042618311916213,8.086362093323503,42.354292552423566,22.830282409033984,1.1551822451609932,4.5120194871560635,3.0025791134065467,False,True
7.8889094936181925,0.09963724721562327,0.15694165420706543,86.10472092001989,0.44231020312329494,11.431813702952716,2.1039536458683905,15.769632142186651,1.9115415413645218,16.749580417269673,38.113016552348526,19.278987659382835,0.765189551519189,3.70573991295932,3.706312222969277,False,False
7.682709087728732,0.10420070645796406,0.0,80.16323837282611,0.09156760877126113,10.133491366888343,1.5499590201299618,15.225716434761766,2.256863088856377,10.37973387620442,42.071133903059994,20.993602354277275,3.659768871033328,2.5997215265138167,2.8134599452930167,False,True
6.995492621534388,0.10478428937061124,0.070684397137915,52.04222125056912,0.29879785902151734,9.431384359012835,1.7677220764526875,17.060143271282318,2.436564706406596,11.910709618142484,38.55417602503693,20.10506100771495,3.8624367223770903,5.693496377058868,0.3774122719807623,False,False
7.113728095734224,0.11373709510598015,0.0,68.42055334585996,0.06585763360490138,9.184691321191533,2.3045268689774985,18.826651572976857,2.4438563119365146,8.086362093323503,38.823397086306905,20.39476232529814,5.587834306337834,4.5120194871560635,1.3251168166641862,False,True
7.285191527169924,0.09083539441860887,0.2714154349993263,40.483169333886345,0.3459577562344741,9.8749763385433,2.296368414973122,17.060143271282318,0.5307325730925379,10.37973387620442,44.714573017418275,20.993602354277275,2.7274259135673202,3.4139699219042208,0.17981907225363664,False,False
7.457342359853575,0.10601858654725203,0.0,79.21988329076157,0.257954145053431,10.286598950311951,1.9219566790081755,17.060143271282318,0.5307325730925379,14.24096046827841,37.83222964724699,20.10506100771495,2.7274259135673202,4.8929463845224515,2.6105007342950137,False,True
7.4233545081171926,0.09801499040485931,0.1306706009849906,57.10086059462043,0.41459424197400596,10.436423035727202,1.9095548498816353,17.016663787579137,2.256863088856377,12.050574529238276,38.75354068890011,22.830282409033984,3.0796970590851838,2.5724388025810017,1.4399396347259332,False,False
7.753704847626649,0.08437070149751524,0.4757619692597685,47.946361034866584,0.6678259458159221,11.45852280246822,2.292543754945817,17.016663787579137,3.747640527780126,12.050574529238276,40.812809921024034,22.830282409033984,0.6877781099086417,1.3177514880328864,1.5364992274029203,False,False
8.034328775732126,0.093863725292394,0.22544681404405675,72.45945364414752,0.5145831467513208,11.719787823336455,1.7617448943845058,16.28531427343098,2.5699552203442484,14.623117180220598,41.88205656337137,19.278987659382835,1.1551822451609932,1.0601669323828313,3.1452199257061384,False,False
7.558696703528002,0.09571564910769352,0.4686819458899605,43.350346330414425,0.5949051173480899,10.870653513268225,2.3673914963959017,13.943222522117564,7.058320185493428,14.177665959929776,42.882008080937744,16.57173324171045,2.4895755673613293,2.201980617632752,0.6754938248169686,False,False
7.437053240267498,0.09900140424918168,0.141861969452396,48.589492927198464,0.32472022550456514,10.088737200514608,1.788621832042037,13.943222522117564,2.256863088856377,14.177665959929776,45.84626856968819,16.840995637043978,3.659768871033328,2.5997215265138167,0.6754938248169686,False,False
7.385548939314708,0.09508979995413494,0.3895609710200866,44.77283427712861,0.5316900030343109,10.574447819675196,1.4135444204110827,17.060143271282318,2.256863088856377,13.512378507982465,41.06275532361487,20.10506100771495,2.7274259135673202,2.5998790621647268,0.6754938248169686,False,False
7.717688068174924,0.1067763966266482,0.031210431177875177,81.18893120049513,0.30966376282749924,10.820279183745935,1.8208205987508588,17.016663787579137,1.7637482527184831,14.71674115953823,40.52369204087448,16.835236059208142,2.7273696647707633,3.4139699219042208,3.0025791134065467,False,False
8.032584560997439,0.09393487951667541,0.22940077068910947,72.43801857380203,0.5187545710118514,11.728988897370202,1.740853569880463,16.28531427343098,2.5699552203442484,14.71674115953823,41.788432584053744,19.278987659382835,1.1551822451609932,1.0601669323828313,3.1452199257061384,False,False
7.001727478698505,0.11204439774738754,0.0,58.921325441814034,0.16829992611816025,9.162703594787196,2.302493918434797,13.943222522117564,2.256863088856377,14.177665959929776,38.45213848548728,20.39476232529814,5.587834306337834,4.5120194871560635,0.6754938248169686,False,True
8.028568296713386,0.09837520182307383,0.24219971361863352,81.14632170601372,0.5322574558024993,11.865199744197707,2.0761321976806495,15.769632142186651,2.1956810747997624,16.969145066131784,38.45979956473532,20.39476232529814,1.444500671496235,1.0601669323828313,3.706312222969277,False,False
7.2005400594017575,0.09816984771214643,0.12016054229541556,46.82777456555241,0.2730008399034536,9.630053833342982,1.6411366733868311,18.826651572976857,1.9115415413645218,8.086362093323503,42.87125371894427,20.39476232529814,3.659768871033328,3.9017620641098465,0.3478978129495407,False,False
7.905761196981725,0.11021622733256436,0.04428417375361819,90.08895144098506,0.3234565612449081,11.204652150891112,2.1594366329027754,17.016663787579137,5.3260314769597095,11.910709618142484,36.786349526610216,20.39476232529814,3.659768871033328,1.0601669323828313,3.845547461994151,False,False
7.517274621175607,0.09868559814474373,0.3890266901865224,52.945569417516225,0.6475134726379637,11.192459355985765,1.633212951634335,17.060143271282318,2.1956810747997624,16.749580417269673,38.033861580073484,20.10506100771495,2.7274259135673202,1.6883071005665615,1.4399396347259332,False,False
7.594266290231278,0.08491334794806037,0.6183839071851528,40.4244074167548,0.7111726715746023,11.297929415365095,1.714881427080782,17.15356656990674,1.9115415413645218,14.71674115953823,41.99793037159854,20.39476232529814,0.6737819980745229,2.282146748760941,0.8695292854583642,False,False
7.52445678067388,0.0910985721778277,0.37908440727831927,46.54633760888149,0.5458935188328263,10.785045317719595,2.099779037102414,16.28531427343098,1.9115415413645218,15.028367272385278,44.455630598832684,16.392672719257337,1.1551822451609932,3.9017620641098465,0.8695292854583642,False,False
7.1904139457695235,0.10044224427536987,0.1979904743623302,53.352960535890425,0.4517718827173312,10.160875842294438,1.6074517431272268,17.15356656990674,1.3290933643887428,14.71674115953823,38.205636314903195,20.10506100771495,2.7274259135673202,4.8929463845224515,0.8695292854583642,False,False
7.6526827896869625,0.09649708800746745,0.023512974774087345,79.4982326186668,0.301542946321503,10.647906174617415,2.0902901841553496,17.016663787579137,1.042618311916213,12.153199827402286,38.28745481834478,22.830282409033984,1.1551822451609932,4.5120194871560635,3.0025791134065467,False,False
7.597067654664845,0.09762280535796224,0.07991449514920324,74.53972104288053,0.36104655031725036,10.691673714027766,2.079609736824077,17.060143271282318,0.5307325730925379,14.24096046827841,39.40447331565332,20.10506100771495,1.1551822451609932,4.8929463845224515,2.6105007342950137,False,False
7.097183096529196,0.09860248659236562,0.18079503910445618,48.68872856774593,0.3672078192097851,9.71077852641723,1.8162910353168389,17.060143271282318,2.277558049562589,11.910709618142484,39.848193490690704,20.10506100771495,2.7274259135673202,5.693496377058868,0.3774122719807623,False,False
7.449676862990325,0.10594789942576176,0.0,79.19434046509349,0.26143423077529776,10.285141145387335,1.859203448041663,17.060143271282318,0.5307325730925379,14.24096046827841,37.5425283296638,20.39476232529814,2.7274259135673202,4.8929463845224515,2.6105007342950137,False,True
7.09885375472683,0.09583036437152584,0.5159237390534992,40.29254143141837,0.6011993033684543,10.331997137460787,2.008778339905978,17.060143271282318,0.5307325730925379,16.16597829243966,37.110606327049304,22.323532486205377,2.7274259135673202,3.9017620641098465,0.17981907225363664,False,False
7.040232574322058,0.10191945945082564,0.1715732053284626,48.9429197890876,0.36109869733608546,9.682447250662209,1.9742118788413003,18.826651572976857,1.0791107430954037,11.487298776641158,38.69421667725835,20.993602354277275,3.659768871033328,4.8929463845224515,0.3664046201951726,False,False
7.492978840315784,0.09553065805663935,0.21362729388409846,46.74156395677358,0.37411646386455355,10.278143696416787,1.6453227523865463,15.225716434761766,4.178047302028675,10.37973387620442,43.46013684168618,20.993602354277275,3.659768871033328,1.3177514880328864,0.7852428319754641,False,False
7.135515071628056,0.09799454969378012,0.21256395367558306,44.16961680127792,0.33636778762049785,9.683615746707536,1.826933093026919,17.060143271282318,1.0791107430954037,11.487298776641158,41.63849484730704,20.993602354277275,3.659768871033328,3.9017620641098465,0.17981907225363664,False,False
7.357985480204594,0.08962862360467576,0.3497302579287568,38.25024037890927,0.39678096772105365,10.09639494265882,2.2914750344513912,17.016663787579137,1.0791107430954037,10.37973387620442,45.051205450441806,20.993602354277275,2.7274259135673202,2.5724388025810017,0.17981907225363664,False,False
7.117942350123343,0.09782958380536894,0.3305435804580316,42.568108985000606,0.43802937494014793,9.913678860160493,1.4883376898033702,17.016663787579137,2.256863088856377,11.910709618142484,38.726325447246,22.830282409033984,3.659768871033328,3.4139699219042208,0.18541685620447262,False,False
7.196841600814789,0.10384410330545406,0.19825275890146032,48.00823717183806,0.37593490100934646,9.963309971915528,2.076361399848639,20.469573332888146,1.042618311916213,11.487298776641158,43.30358883939478,15.158727760775154,3.659768871033328,4.5120194871560635,0.3664046201951726,False,False
7.64456971149296,0.10224968846324599,0.04798149196125692,75.7837890909333,0.32735723195396693,10.665657697698451,2.1555351293658758,15.769632142186651,3.8107089844430746,12.050574529238276,37.33581241824407,22.830282409033984,2.9112041765379786,2.551745090744974,2.7400402495709955,False,False
7.958245897805576,0.0961403577897343,0.0,78.77984970461863,0.2275960521134297,10.822901004950486,1.5281257947840778,17.192881399907503,4.2940055085646085,8.453970554761419,45.4775589666198,16.835236059208142,1.1551822451609932,3.519370409942785,3.071794855834744,False,True
7.6628608737942185,0.10283142110272207,0.0,81.61501557329362,0.19609891874468477,10.44084574620831,1.66244054260177,17.060143271282318,0.5307325730925379,12.050574529238276,40.22102857202806,20.993602354277275,2.7273696647707633,3.4139699219042208,3.0025791134065467,False,True
7.330882157389111,0.09140478178555395,0.4486616571200645,36.61568207512393,0.47787600611499914,10.304801996773092,2.132371556144709,17.016663787579137,0.6068606535734582,12.050574529238276,42.58059624588503,22.830282409033984,3.4174518144035932,1.3177514880328864,0.17981907225363664,False,False
7.113129327232258,0.09572861725437196,0.3056893249964365,43.462000301704435,0.4245379557826473,9.80529993706659,1.8936367175741315,15.204166835390973,3.8107089844430746,11.910709618142484,38.62616356838233,22.830282409033984,2.9112041765379786,4.521347551864705,0.18541685620447262,False,False
7.304131768688534,0.10553604559391437,0.0,65.21998761913527,0.1862044871811384,9.655930911984342,1.8030427432390381,15.204166835390973,4.143893222412056,10.650822701828982,40.07233232368531,20.10506100771495,3.8624367223770903,4.521347551864705,1.4399396347259332,False,True
7.506858241868713,0.09490923328296173,0.020753039957312758,65.76117548827744,0.29863121508980583,10.276982863372137,1.6081934917185234,18.826651572976857,1.9980656391989138,9.302605174602213,42.0472287566754,19.278987659382835,1.1551822451609932,5.517796831869328,1.8734821201334584,False,False
7.226455007242971,0.08689794889533715,0.6140982821651038,37.76400982658679,0.6687648707126876,10.604684408118286,2.072066309655354,19.725967999656007,2.436564706406596,11.910709618142484,39.369689883133105,20.39476232529814,0.2833922341003332,5.693496377058868,0.18541685620447262,False,False
7.127897902050936,0.10368027028707973,0.22867566604712586,45.953945667206746,0.3787761001106182,9.829527233603486,1.6986436765076016,19.16133492967029,1.6512472324178857,11.910709618142484,42.14137163156345,16.57173324171045,3.8624367223770903,4.521347551864705,0.17981907225363664,False,False
7.68050032920553,0.10144576856102022,0.09635336796311146,72.41320081559617,0.3783895611359235,10.895030723134008,1.136357129236665,17.060143271282318,0.5307325730925379,14.71674115953823,39.96724859174868,20.10506100771495,2.7274259135673202,2.282146748760941,2.6105007342950137,False,False
7.525800493985273,0.09692480692842599,0.10914315014579469,74.3120812446781,0.3918827813386543,10.673393880293009,1.8397474391459654,17.016663787579137,0.5307325730925379,14.24096046827841,36.72273139803747,22.830282409033984,1.1551822451609932,4.8929463845224515,2.6105007342950137,False,False
7.341074022772329,0.10368444056594167,0.036832959311370796,65.22806451502571,0.31559553000833707,10.132912079898235,1.7723075507607722,17.016663787579137,2.256863088856377,11.910709618142484,37.1855736681479,22.830282409033984,3.659768871033328,3.4139699219042208,1.7261686353025645,False,False
7.990034891001683,0.1134095271903402,0.020656838821504188,91.70478760834482,0.2985297228915278,11.293233243906199,1.8441468380680672,16.43297662985375,4.143893222412056,14.623117180220598,40.37845084440921,15.595359231888146,3.8624367223770903,1.0601669323828313,3.903599236456316,False,False
7.697811126849837,0.09661234049615815,0.1655312161047234,76.38033132619098,0.45137219092532416,11.114284494790775,1.5352512536345786,17.016663787579137,1.042618311916213,14.71674115953823,36.893070072440345,22.65377490001575,1.1551822451609932,3.519370409942785,3.0025791134065467,False,False
7.481105982349747,0.09758263741734528,0.1759354589133359,56.009461945141965,0.4623486670884103,10.656842899551282,1.6047050724127627,17.060143271282318,1.0791107430954037,14.24096046827841,40.45777858158775,20.39476232529814,2.7274259135673202,2.5998790621647268,1.4399396347259332,False,False
7.2348381593051725,0.1041789623403437,0.12709605765722884,59.76207610149389,0.4108230987632173,10.176582765846964,1.3198293760791102,17.060143271282318,2.256863088856377,14.177665959929776,37.0810383090639,20.39476232529814,3.2500570336158723,4.5120194871560635,1.2674505247975505,False,False
7.488270768637208,0.08219414322868278,0.9808613023096615,28.12873749742149,0.9184848694999728,11.61804387311732,1.4454547448817516,19.725967999656007,2.1956810747997624,14.71674115953823,40.32481608873782,20.39476232529814,0.2833922341003332,2.1732222616652415,0.18541685620447262,False,False
7.82061556523655,0.08742786800979839,0.5333886111588844,46.94096837941553,0.7143043528131585,11.692715470723133,0.9777100989122196,19.055287565774346,4.178047302028675,12.050574529238276,43.26904706028339,17.845907527216227,0.6877781099086417,1.4539250488565962,1.4594328566938435,False,False
7.653936779027719,0.10414328029470259,0.0,81.34209678796819,0.2613740842212546,10.582310794730823,1.7158596473524785,17.060143271282318,2.256863088856377,12.050574529238276,38.494898056264226,20.993602354277275,2.7273696647707633,3.4139699219042208,3.0025791134065467,False,True
7.423910080321598,0.09562813022040373,0.2621341294717621,45.855658474387795,0.4126750805542863,10.304597068214,1.3619657719959901,17.060143271282318,3.008956889417272,10.650822701828982,43.0477510446024,20.10506100771495,3.2799708737457527,2.1718003865913498,0.6754938248169686,False,False
7.26416776970353,0.09356371481627153,0.3784933154426137,40.31252770910986,0.45649482911925693,10.13300277114566,1.6531452805610647,17.060143271282318,2.0428605939191553,11.910709618142484,42.45307994196168,20.10506100771495,2.723358300832156,3.519370409942785,0.18541685620447262,False,False
7.5042283788689454,0.09981490432583051,0.06541242936205204,63.82930365838716,0.34574687091180584,10.416589221606149,1.1191520048689463,17.060143271282318,2.256863088856377,12.050574529238276,40.579539417940566,20.10506100771495,2.7273696647707633,3.4139699219042208,1.8064790982925352,False,False
7.888432762289741,0.09866730585571142,0.01456895241581799,75.68853318296432,0.29210700273352885,10.94815053505899,1.8883671321526374,15.769632142186651,2.1956810747997624,12.050574529238276,42.20039418893789,20.993602354277275,2.7273696647707633,1.0601669323828313,3.0025791134065467,False,False
7.450379347531468,0.09615477603643023,0.2256447733223296,51.934909416878625,0.4607528383832038,10.572851421011995,1.803500466751895,17.060143271282318,0.5307325730925379,14.24096046827841,41.58053730422727,20.10506100771495,2.7274259135673202,2.5998790621647268,1.155260399672461,False,False
7.322057149578173,0.10641092473836711,0.0,64.73032197715554,0.2052335035658851,9.751585903003505,1.7455435768047598,17.060143271282318,4.143893222412056,9.599486427655155,40.702379081576765,18.69181597406967,3.8624367223770903,4.521347551864705,1.418497748762239,False,True
7.661868659310943,0.09853052666044712,0.16239594649905223,54.94002212408791,0.43682084741134103,10.797109305180538,1.3116295300884815,17.016663787579137,4.178047302028675,11.487298776641158,43.728282453310854,17.55252002750517,3.1238297473845624,1.4539250488565962,1.4594328566938435,False,False
8.105104815551762,0.09489662325253494,0.2575469893349643,80.51054363225393,0.5484488316832282,11.972820793135575,1.490836193578632,16.28531427343098,3.747640527780126,14.71674115953823,39.08688292905209,20.39476232529814,0.6877781099086417,1.3177514880328864,3.7631291869589134,False,False
7.260516008262072,0.10687590056370151,0.0,64.6548196209223,0.27082895683492403,9.84938953923788,1.3872092588157958,17.060143271282318,4.143893222412056,10.650822701828982,37.92665457021078,20.39476232529814,3.8624367223770903,4.521347551864705,1.4399396347259332,False,True
7.0394382705575955,0.10358213118188878,0.1558344809501618,49.68950286723713,0.35512636099985107,9.677880664791982,1.6054117579666132,18.826651572976857,1.0791107430954037,11.910709618142484,38.94567167919,20.10506100771495,3.8624367223770903,4.8929463845224515,0.3774122719807623,False,False
7.406053408692942,0.09000610973477081,0.4855343466355415,37.99497914200935,0.5364191305579818,10.554845719145348,1.854711431289952,17.060143271282318,1.9115415413645218,11.910709618142484,42.11049898103994,22.323532486205377,2.7274259135673202,1.5787359164172767,0.3774122719807623,False,False
7.399456205572932,0.1003319932496349,0.0,59.992046834603364,0.2540613729281358,9.99387171120647,1.8276234116485235,17.016663787579137,2.256863088856377,9.599486427655155,40.42188912719132,22.830282409033984,3.8624367223770903,2.5724388025810017,1.4399396347259332,False,True
7.52857859435693,0.084393820284823,0.647582126857924,40.2513315842308,0.7395120370278412,11.282067668583117,2.1817752352896522,17.15356656990674,1.9115415413645218,14.71674115953823,39.54841417602858,22.830282409033984,0.6877781099086417,2.282146748760941,0.8695292854583642,False,False
7.20546521155504,0.09165708338155396,0.3702416898482314,39.93869366385508,0.4424656293973625,10.029939019950957,1.717991377493056,17.060143271282318,0.5307325730925379,12.050574529238276,41.207052309627706,22.830282409033984,2.7274259135673202,3.4139699219042208,0.17981907225363664,False,False
7.171334630041016,0.0992590608613135,0.10753707288128898,47.762951174313464,0.24726438262154932,9.490795088776952,1.7095984851681014,16.43297662985375,2.592300273567571,9.599486427655155,42.417625376030465,20.700816477222862,3.8624367223770903,4.067399425062675,0.32695866823043374,False,False
7.0252820518314945,0.10273701320634952,0.4033637835698107,44.00048972446923,0.5352530857081114,10.110563140814744,1.8600147884276097,18.826651572976857,1.0791107430954037,14.71674115953823,36.870002446475446,20.39476232529814,3.684934308540188,4.242380587871275,0.18541685620447262,False,False
7.494340991639124,0.09343482973175367,0.45972729586884276,44.087680430264164,0.5959582656473749,10.92167597036486,1.6602849480903454,17.060143271282318,1.9115415413645218,14.24096046827841,40.90209207079673,20.993602354277275,2.7274259135673202,1.2947050949750614,0.8695292854583642,False,False
7.166560253594968,0.10283083526896351,0.11915423949933311,46.90232386775724,0.2729903739145393,9.577019137656515,2.037375570511694,18.826651572976857,2.543824917512564,9.302605174602213,44.05886177116139,16.57173324171045,3.9951566979181865,4.521347551864705,0.17981907225363664,False,False
7.49799742859324,0.08183094440766338,0.958752536504103,28.242484461382674,0.8967799811598653,11.570079408792374,1.4043826703125966,19.725967999656007,2.256863088856377,14.177665959929776,40.802709274289654,20.39476232529814,0.2833922341003332,2.1732222616652415,0.18541685620447262,False,False
7.51797943719862,0.08724762597709812,0.35949167639475677,43.82259818571006,0.48643467632710147,10.502996167528293,1.6143932127591019,15.204166835390973,5.180329000823574,10.650822701828982,44.09277311184863,19.278987659382835,1.0156648017981937,3.9017620641098465,0.6754938248169686,False,False
7.2924914847421665,0.08521637560763734,0.6288429439863529,36.08285915001198,0.660379383677006,10.618987855357796,1.8792305546367156,17.096669981873102,3.8944021585530155,12.050574529238276,39.37415033529971,22.261950007577212,0.6154885793895046,4.521347551864705,0.18541685620447262,False,False
7.506858241868713,0.09490923328296173,0.020753039957312758,65.76117548827744,0.29863121508980583,10.276982863372137,1.6081934917185234,18.826651572976857,1.9980656391989138,9.302605174602213,42.0472287566754,19.278987659382835,1.1551822451609932,5.517796831869328,1.8734821201334584,False,False
7.403682753336186,0.10555470250469005,0.0,63.63916190967157,0.21975202121466186,9.882855841096005,1.8470569737336164,15.204166835390973,4.143893222412056,11.487298776641158,42.125735448820976,17.83476729552197,3.8624367223770903,3.9017620641098465,1.4399396347259332,False,True
7.393444640482208,0.09796795555733126,0.19026038522426011,65.18560926831505,0.4774614643464353,10.620269795319444,1.8481459601068098,19.725967999656007,2.436564706406596,11.910709618142484,36.809834608143454,20.39476232529814,1.1551822451609932,5.693496377058868,1.8734821201334584,False,False
7.357985480204594,0.08962862360467576,0.3497302579287568,38.25024037890927,0.39678096772105365,10.09639494265882,2.2914750344513912,17.016663787579137,1.0791107430954037,10.37973387620442,45.051205450441806,20.993602354277275,2.7274259135673202,2.5724388025810017,0.17981907225363664,False,False
7.415935519159765,0.10115816023131648,0.16502266574669316,60.94605043945619,0.45083567029760224,10.487398995503376,1.6379377450370427,17.060143271282318,4.143893222412056,13.813418164862032,40.546318715973925,15.595359231888146,1.7074313817967268,5.693496377058868,1.4399396347259332,False,False
7.588188062345663,0.09497237975074987,0.07954684239231488,59.23398517711711,0.3606586766587331,10.487769584161104,2.1904301691185153,17.016663787579137,2.436564706406596,11.910709618142484,44.985583605760404,16.152025318196383,1.4406061846473677,4.521347551864705,1.5364992274029203,False,False
7.198170412958954,0.08981753631297536,0.5724058287125666,39.22045279026624,0.6455203966283418,10.496335014810231,1.4731904711810222,19.725967999656007,4.143893222412056,10.650822701828982,38.439189893577414,20.39476232529814,0.7664506239640595,5.693496377058868,0.18541685620447262,False,False
7.303112131420646,0.09100064866793524,0.26289768226871874,40.54288403710897,0.3378219184547797,9.878384434012498,2.3304595093842555,17.060143271282318,0.5307325730925379,10.37973387620442,45.391844531051056,20.31633084064449,2.7274259135673202,3.4139699219042208,0.17981907225363664,False,False
7.047765325471208,0.10235849425704725,0.052665709208643295,51.82795217475592,0.18077827741788327,9.157166388367827,1.9162291090643626,16.43297662985375,2.592300273567571,9.599486427655155,41.43760513262507,20.116376394890366,3.8624367223770903,5.631859750800558,0.32695866823043374,False,False
7.180604280018703,0.10127264395294557,0.27233130490719915,45.73972505174532,0.42178210390591414,9.957496044132709,1.2198751045756044,16.43297662985375,4.143893222412056,11.910709618142484,39.65226138493744,20.10506100771495,3.827852726429648,3.6002867422792386,0.32695866823043374,False,False
7.098345158570099,0.10236567682695516,0.27516414660514266,47.25199060741687,0.44630678037434907,9.973364213118439,1.332753515947411,18.826651572976857,2.436564706406596,11.910709618142484,38.12658460878371,20.39476232529814,3.684934308540188,4.242380587871275,0.3774122719807623,False,False
7.729191252321924,0.09335978190984887,0.0,80.4725811808555,0.11622990509037856,10.237929214210448,2.3116166829598104,17.016663787579137,1.042618311916213,8.001968064352381,42.42935851668604,22.830282409033984,1.1551822451609932,4.521347551864705,3.0025791134065467,False,True
7.759688173712577,0.09274190545801271,0.0,79.52752084641307,0.13370625137546144,10.323855615361445,2.369336268231312,17.016663787579137,1.042618311916213,8.086362093323503,42.70581946859017,22.830282409033984,1.1551822451609932,4.160492570989454,3.0025791134065467,False,True
7.260516008262072,0.10687590056370151,0.0,64.6548196209223,0.27082895683492403,9.84938953923788,1.3872092588157958,17.060143271282318,4.143893222412056,10.650822701828982,37.92665457021078,20.39476232529814,3.8624367223770903,4.521347551864705,1.4399396347259332,False,True
7.31084326551123,0.10198345521533722,0.04446245615638615,62.16623940645,0.32364464917982827,10.030165599492245,1.6400032643795786,17.060143271282318,3.8107089844430746,10.650822701828982,38.14862662482178,21.331921778492884,3.036489452540325,4.521347551864705,1.4399396347259332,False,False
7.113129327232258,0.09572861725437196,0.3056893249964365,43.462000301704435,0.4245379557826473,9.80529993706659,1.8936367175741315,15.204166835390973,3.8107089844430746,11.910709618142484,38.62616356838233,22.830282409033984,2.9112041765379786,4.521347551864705,0.18541685620447262,False,False
7.203395483666511,0.09967489742191545,0.5919715685354536,38.51572364202313,0.6561262720530106,10.64721937466066,1.118207673334556,18.826651572976857,2.1956810747997624,14.71674115953823,37.82259044097711,20.39476232529814,3.684934308540188,2.1732222616652415,0.18541685620447262,False,False
7.10695499772305,0.09372800478365378,0.25195190932249356,43.42098657251738,0.36726090966995806,9.692645114270237,1.6424083324197916,17.016663787579137,1.0791107430954037,11.04606274812937,40.41003717472538,22.830282409033984,2.7274259135673202,4.710598151615771,0.17981907225363664,False,False
7.1182361803793865,0.10136705379048826,0.5351105321130644,41.74544693905583,0.6421320577827676,10.474096538561737,1.6925312976459375,18.826651572976857,3.2614388810444255,14.71674115953823,36.97165707870834,18.81263151669408,3.0796970590851838,4.1457658757484115,0.18541685620447262,False,False
7.363625306024703,0.09280570780492683,0.40906513585203796,40.70167005854583,0.49428983846001534,10.387896460706203,1.432530699233368,17.060143271282318,2.436564706406596,11.910709618142484,42.49310283115766,20.39476232529814,2.7274259135673202,2.5998790621647268,0.3774122719807623,False,False
7.4429077070698,0.0855348622516892,0.36214916332343094,44.14379319810806,0.4938124323474139,10.441720232433084,2.2801819794610876,13.943222522117564,2.256863088856377,14.177665959929776,43.41647097531843,20.39476232529814,0.6235018165066786,4.5120194871560635,0.6754938248169686,False,False
7.500555122231979,0.08614309334049389,0.7382459987653096,39.674102530885065,0.8269421584026495,11.509255598054375,2.2533565716806434,19.29254824688132,1.9115415413645218,14.71674115953823,37.9161824218826,22.323532486205377,0.6877781099086417,2.282146748760941,0.8695292854583642,False,False
7.273290366172774,0.10200225612528362,0.09168534819923174,62.008458270471415,0.3734648002850304,10.153767120979278,1.6756849920660373,17.060143271282318,1.0791107430954037,14.24096046827841,38.119355984794986,20.39476232529814,2.7274259135673202,4.93830165895749,1.4399396347259332,False,False
7.189195296743785,0.09530687504765618,0.5786142889126494,37.86276686989382,0.632735647396328,10.542451012084776,2.001060658924522,19.725967999656007,2.256863088856377,12.050574529238276,37.2987592553447,22.830282409033984,3.0796970590851838,2.5724388025810017,0.18541685620447262,False,False
7.203432690846674,0.10529037972669941,0.0,64.652068265912,0.25050674919369376,9.72923846540739,1.4081182282617248,17.016663787579137,2.883091210627681,10.650822701828982,36.795415981962485,22.830282409033984,3.8624367223770903,4.521347551864705,1.4399396347259332,False,True
7.527670857759644,0.08661855393979463,0.6375821659839955,34.70451904482409,0.6499704538799524,10.958082938049914,1.2513787000306815,17.016663787579137,4.178047302028675,11.487298776641158,42.675891534240634,20.993602354277275,1.8281665761813546,1.4539250488565962,0.3664046201951726,False,False
7.6112456828864605,0.09974762255314734,0.04981622055043004,57.72694806257189,0.3292928706155446,10.472155707040857,1.685433820318804,17.016663787579137,2.256863088856377,12.050574529238276,45.854492116310134,15.729330981623955,3.0796970590851838,2.5724388025810017,1.4399396347259332,False,False
7.359086952001539,0.08739426031272551,0.6812666039804516,34.58763806476405,0.6943930451593148,10.875273449962194,1.7348265171299715,17.060143271282318,0.5307325730925379,16.348524794430976,42.03264046249248,19.278987659382835,1.1551822451609932,3.4139699219042208,0.17981907225363664,False,False
7.148633736050134,0.09629753653800306,0.09827214666510589,48.449318922753164,0.2552012161976197,9.44959194836995,1.8175092003546527,16.43297662985375,2.592300273567571,9.599486427655155,42.57261594143484,20.116376394890366,2.7274259135673202,5.631859750800558,0.32695866823043374,False,False
7.250487215569877,0.09296487278282967,0.3822751048862457,39.77720251868433,0.45286110238045263,10.152061500614126,1.345657573335818,19.669829320163757,0.5307325730925379,10.37973387620442,42.70372699751597,20.39476232529814,2.7274259135673202,3.4139699219042208,0.17981907225363664,False,False
7.314658322613619,0.09575521803650724,0.5602571403749346,40.531895818892586,0.6513796645969859,10.752702547734236,1.3940429133026766,17.15356656990674,3.2487663602365258,14.71674115953823,38.761383074031386,20.39476232529814,2.7274259135673202,2.5724388025810017,0.42491579484065234,False,False
7.635924345130511,0.08524214321625659,0.35693320611081153,49.98073730147052,0.5714329576399222,11.052679931929035,2.115354017651887,17.016663787579137,2.256863088856377,12.050574529238276,41.14545963807665,22.830282409033984,0.6877781099086417,2.5724388025810017,1.4399396347259332,False,False
7.210355462542534,0.10383864360708676,0.136550215644273,48.665897517424995,0.32020439566532,9.721692169190288,1.5845330188636466,16.43297662985375,5.081104410554684,10.650822701828982,42.649414189031035,16.474939126259322,3.8624367223770903,4.521347551864705,0.32695866823043374,False,False
7.2078957469220875,0.0990321888032972,0.1596011127705126,46.49468405166168,0.31360304978169035,9.76609705627245,1.9300086731761064,17.060143271282318,0.5368336971016631,11.910709618142484,42.73343348949652,20.10506100771495,3.8624367223770903,3.4139699219042208,0.3774122719807623,False,False
6.866021924581358,0.11249244561342397,0.0,56.43157707336201,0.19665200644950492,9.040623868783337,2.3136237123200885,17.060143271282318,2.277558049562589,11.910709618142484,37.2470775691442,20.10506100771495,5.328541835113827,5.693496377058868,0.3774122719807623,False,True
7.412609913573815,0.09426847705428809,0.35618214661318126,46.841650670744,0.5259371587708759,10.57610672557273,2.307741835352199,17.15356656990674,4.91030869039272,10.37973387620442,38.847006506675505,22.830282409033984,2.7274259135673202,2.282146748760941,0.8695292854583642,False,False
7.215047354407804,0.0958422015704078,0.18497983994342032,45.42420691571761,0.3251330449095109,9.739592231028725,1.5760371172279786,17.060143271282318,2.592300273567571,9.599486427655155,42.21341558870669,20.993602354277275,3.1466939912178873,4.067399425062675,0.32695866823043374,False,False
7.187641322842577,0.0989622079413044,0.14727937146265552,47.15397752816327,0.3099925477546487,9.716202463705441,1.9071757844505104,17.060143271282318,1.0791107430954037,11.487298776641158,42.329442994142234,20.10506100771495,3.659768871033328,3.9017620641098465,0.3774122719807623,False,False
7.28319860963034,0.09121911742019664,0.2902696322458106,40.40910682990677,0.3647942173264015,9.915352421248556,1.9649143065976442,17.016663787579137,1.0791107430954037,10.37973387620442,44.20967433111859,20.993602354277275,2.7274259135673202,3.4139699219042208,0.17981907225363664,False,False
7.367559222610423,0.10341144212332509,0.0,74.2595449701167,0.15966489215920654,9.774046385699977,1.9320858659299798,16.43297662985375,2.592300273567571,10.37973387620442,39.14278446546842,20.993602354277275,2.7274259135673202,5.631859750800558,2.099316736260688,False,True
7.127626927650885,0.09831634193332112,0.23175410398392032,44.07267752099129,0.35523289321933343,9.72522724974062,1.732449927703876,17.060143271282318,1.0791107430954037,11.910709618142484,41.215084005805714,20.993602354277275,3.659768871033328,3.9017620641098465,0.17981907225363664,False,False
7.1537548889370415,0.09363065993295736,0.16691440845576272,44.277339975524995,0.2897415927878022,9.55679722222711,2.0242247554604043,17.060143271282318,0.5307325730925379,10.37973387620442,43.23559655480004,20.993602354277275,2.7274259135673202,4.8929463845224515,0.17981907225363664,False,False
7.635840970235709,0.0921661551169482,0.073043668279838,62.03784166121006,0.35379782797007003,10.5892216050474,1.6406296845107322,18.826651572976857,1.9980656391989138,9.302605174602213,43.49859286567727,19.278987659382835,1.1551822451609932,4.066432722867459,1.8734821201334584,False,False
7.792917289890932,0.090201371970852,0.0,77.12384861493065,0.24643964793190343,10.650618258347864,2.230076403843079,17.016663787579137,1.042618311916213,9.599486427655155,41.883801497789,22.830282409033984,0.4640758816305126,4.160492570989454,3.0025791134065467,False,True
7.49421768552982,0.09676741951459776,0.10839206488876582,65.3745989926088,0.3910903863924889,10.477361384961336,1.8740306304981813,18.826651572976857,4.443047522930541,9.302605174602213,39.60224687294377,19.278987659382835,1.1551822451609932,5.517796831869328,1.8734821201334584,False,False
7.14059569764561,0.09735441141474384,0.42052624194538923,42.46237979604801,0.5314554035880883,10.127741449181517,2.0289144487203012,13.943222522117564,3.516127788572128,16.16597829243966,38.56064459859549,20.39476232529814,2.7274259135673202,4.5120194871560635,0.17981907225363664,False,False
7.202124886922986,0.1076346908919605,0.03888131696839557,52.84913270493895,0.2421490428765986,9.666402636805081,2.2972321150010457,17.060143271282318,1.0791107430954037,11.910709618142484,41.37394067042292,20.10506100771495,5.623740477933608,2.1718003865913498,0.6754938248169686,False,False
7.295849261987788,0.10196551736634094,0.08477383187583247,62.022249223782154,0.36617315056384414,10.145236818468177,1.6141210161219437,16.305563792694706,1.8051317851688629,14.24096046827841,38.48297101332736,20.10506100771495,2.7274259135673202,4.8929463845224515,1.4399396347259332,False,False
7.568719801570681,0.09058594676430605,0.06860622911656633,63.61682252556565,0.3491163296528184,10.463792834073338,1.6730954292770923,18.826651572976857,1.9980656391989138,9.302605174602213,42.74331922254652,19.278987659382835,0.2833922341003332,5.693496377058868,1.8734821201334584,False,False
7.642682693417979,0.0818430363433198,0.6978355697912348,36.82952346076265,0.7437997786096973,11.386900693758292,2.3259416988563952,17.016663787579137,4.178047302028675,12.050574529238276,41.133659542202935,22.830282409033984,0.6877781099086417,1.3177514880328864,0.7852428319754641,False,False
7.211401018630413,0.09990864052228657,0.19795066259627814,46.316747014674135,0.3515278406006463,9.85371585836897,1.2845127483242325,17.844613949954148,2.436564706406596,10.37973387620442,41.58020754345782,20.10506100771495,3.8624367223770903,3.4139699219042208,0.3774122719807623,False,False
7.6114941917100145,0.0842217433524951,0.5771238785875938,40.65567602779731,0.6709368154733268,11.205995263601451,1.8184355595632549,16.782635722718783,1.9115415413645218,14.177665959929776,42.907936418394954,20.39476232529814,0.6737819980745229,2.282146748760941,0.8695292854583642,False,False
7.52150834838486,0.08659138559675726,0.32766294601171786,44.027217596480405,0.45576933114157214,10.425991836387333,2.283824304793644,13.943222522117564,4.178047302028675,12.050574529238276,44.95624729650764,19.278987659382835,1.0156648017981937,3.9017620641098465,0.6754938248169686,False,False
7.316073256227628,0.0927501751347166,0.5083057820542454,37.41142200190596,0.5521326137617293,10.481261316119342,1.6124302953907614,19.725967999656007,2.256863088856377,10.37973387620442,41.75739113763226,20.39476232529814,2.7274259135673202,2.5724388025810017,0.18541685620447262,False,False
7.401431021593636,0.11055520418304454,0.0,83.11333456778245,0.09060365513259205,9.786528736827302,1.6260062282165861,16.835397612543762,1.0791107430954037,11.910709618142484,38.70365563670601,20.10506100771495,3.8624367223770903,4.8929463845224515,2.610682274897847,False,True
7.59154434016582,0.07925906790080045,0.7179030584977709,32.03288303915028,0.6966624838208118,11.183639175677266,2.2862593535547506,18.826651572976857,1.0791107430954037,11.910709618142484,44.954738972740785,20.39476232529814,0.2833922341003332,2.1732222616652415,0.3774122719807623,False,False
7.072821007483464,0.09892112859109016,0.3048746490592355,43.77843809253949,0.4281848328442661,9.828031563205064,1.4250649779875977,17.060143271282318,2.436564706406596,11.910709618142484,38.015352203786975,22.830282409033984,3.659768871033328,3.9017620641098465,0.18541685620447262,False,False
7.575275836606368,0.08956278200698554,0.4353056447066823,50.27918631238652,0.6583660640474991,11.23251295428593,1.7099800512789538,19.652513305374104,3.8107089844430746,10.650822701828982,38.04454388344325,22.830282409033984,1.1551822451609932,2.4160068359896854,1.4399396347259332,False,False
7.430567876601897,0.09225376234350673,0.2654312916936048,58.492526257578135,0.556766770671594,10.805231112260378,1.8236547028504002,19.725967999656007,2.436564706406596,11.910709618142484,37.96026529150953,20.39476232529814,0.2833922341003332,5.693496377058868,1.594841447828045,False,False
7.434909946065964,0.08673183281615403,0.2608291444043336,47.793579888857906,0.43889607397261804,10.297521278875696,2.016619440519362,17.016663787579137,4.178047302028675,9.302605174602213,43.46156463327247,19.278987659382835,0.2833922341003332,5.693496377058868,0.7852428319754641,False,False
7.7168311360722885,0.08752977595510059,0.41696025433747386,54.4347416313467,0.6981905412320132,11.534581946573992,2.243390385730718,19.459875217909204,5.914961229945838,9.599486427655155,37.570276452231596,22.726087515443414,0.2833922341003332,2.5724388025810017,1.8734821201334584,False,False
7.33683869721554,0.09929760212683161,0.006621130729989968,55.23904395474726,0.15616926238329387,9.531262420873686,1.798600172874541,13.943222522117564,1.9115415413645218,11.487298776641158,44.94788927989238,19.278987659382835,3.659768871033328,3.9017620641098465,0.8695292854583642,False,False
7.37125022276963,0.09121819639611439,0.49283572116610064,36.69749575216787,0.5256447443975437,10.450587681077923,1.2474803052773191,17.060143271282318,2.256863088856377,12.050574529238276,43.15718953783869,20.39476232529814,2.7274259135673202,2.1732222616652415,0.17981907225363664,False,False
7.400554746161885,0.09748958678811126,0.11800819275196942,50.29175701319825,0.3237962703777211,10.104059176402918,1.8738857537164184,16.782635722718783,1.0791107430954037,11.487298776641158,43.444747526993886,20.39476232529814,3.659768871033328,2.282146748760941,0.8695292854583642,False,False
7.525605069344608,0.08374993053251124,0.3936591188776396,40.66427438307855,0.4775039423307397,10.566387341328154,2.312869511689662,17.060143271282318,1.0791107430954037,10.37973387620442,44.310081672775006,22.830282409033984,1.4933538162005529,2.1718003865913498,0.6754938248169686,False,False
7.641881683329569,0.08844157006482777,0.24494788774967835,58.36894286719588,0.5351567795107516,11.055333806599272,1.7461781795161504,18.826651572976857,1.9980656391989138,11.487298776641158,40.635745238562166,20.993602354277275,0.2833922341003332,3.9017620641098465,1.8734821201334584,False,False
7.196819004019433,0.10343889193701286,0.16970887814400873,53.618466340282644,0.425715841357073,10.117390687866791,1.2066760051910188,17.060143271282318,1.9115415413645218,14.177665959929776,38.02482668152371,20.39476232529814,3.659768871033328,3.9017620641098465,0.8695292854583642,False,False
7.780701208806354,0.08804737203476347,0.4562579962048576,53.346342424853425,0.7241498703777998,11.753210328093346,2.088328622390936,18.826651572976857,1.9980656391989138,14.71674115953823,40.84945735300413,19.278987659382835,0.2833922341003332,2.1732222616652415,1.8734821201334584,False,False
7.2770802770862755,0.08585067796316619,0.5389900501402081,38.365194437037786,0.5980870982009489,10.423414701624782,1.778421816406419,17.060143271282318,4.143893222412056,11.491217761864702,40.74767795177911,20.39476232529814,0.2833922341003332,5.693496377058868,0.18541685620447262,False,False
7.481982737559082,0.08711426441744301,0.37300385863482816,43.66269814848296,0.4984129075237108,10.532701530408945,2.0579068119005464,15.090601204816368,2.256863088856377,13.512378507982465,44.26824884823695,19.278987659382835,1.0156648017981937,3.9017620641098465,0.6754938248169686,False,False
6.986665733106641,0.10608185904277538,0.13552650718661502,51.77227525257865,0.36336201010241415,9.57130848940439,1.8881420453013462,17.060143271282318,4.143893222412056,11.910709618142484,36.84684750903147,20.10506100771495,3.8624367223770903,5.693496377058868,0.3774122719807623,False,False
7.255081847771577,0.08750668641608561,0.5554825586008939,40.6128418186678,0.6474952250307335,10.618971999503922,2.0479676021372435,19.725967999656007,2.277558049562589,11.910709618142484,39.336701124200815,20.39476232529814,0.2833922341003332,5.693496377058868,0.3774122719807623,False,False
7.091641903914867,0.09718075358027449,0.3500340217991626,43.488409399279945,0.4716977003306623,9.969898595901443,2.005625749730579,17.016663787579137,1.0791107430954037,14.24096046827841,39.42295603097046,20.39476232529814,2.7274259135673202,4.93830165895749,0.17981907225363664,False,False
7.43724270832646,0.08870510115643064,0.6644855715532969,32.43360676722533,0.6460137032036467,10.872557430487314,2.276844616588561,17.016663787579137,1.0791107430954037,14.144914801032037,42.438140688244715,21.746910884615804,2.7274259135673202,0.6670141096119448,0.17981907225363664,False,False
7.085113145959697,0.10522016519931245,0.18502348702704302,45.48049047548289,0.32598062134952377,9.646274828190082,2.110629502661843,17.016663787579137,1.0791107430954037,12.618658315123282,40.21116508997643,20.993602354277275,5.328541835113827,2.5724388025810017,0.17981907225363664,False,False
7.4582947532610095,0.09748815861669426,0.014828226974585213,67.11870066098706,0.2923805373930283,10.201268859323468,1.884855090742484,18.826651572976857,2.592300273567571,9.302605174602213,40.94110827164827,19.278987659382835,1.4913685506299303,5.693496377058868,1.8734821201334584,False,False
7.2273840646057055,0.08676137566599898,0.6072734491280601,37.79242247947424,0.6619692937184376,10.58995695975088,2.1666716900121163,19.725967999656007,2.256863088856377,11.910709618142484,39.54939150068332,20.39476232529814,0.2833922341003332,5.693496377058868,0.18541685620447262,False,False
6.967281226385476,0.103076507906796,0.11364100195213997,50.898272204856355,0.32782620865322576,9.458322050343469,2.145927137046517,17.060143271282318,2.277558049562589,11.910709618142484,37.32404262929266,21.725624833971093,3.659768871033328,5.693496377058868,0.3486563496566537,False,False
7.266450078057914,0.10620817795187128,0.3021834293635739,44.42025478836778,0.434485645963723,10.173737761818634,1.7944731226812634,17.060143271282318,4.143893222412056,11.910709618142484,39.995090391345805,20.10506100771495,5.623740477933608,0.7839497391880204,0.3774122719807623,False,False
7.360543642909011,0.10752919745899552,0.0,65.0350697644154,0.21359943421118782,9.840778832257195,1.643111894060342,17.060143271282318,3.8107089844430746,10.650822701828982,41.97507207109139,16.679529062386507,3.8624367223770903,4.521347551864705,1.4399396347259332,False,True
7.341699966910872,0.09900030287341535,0.3192194606894998,42.91411074740198,0.4310098064382287,10.274504735253851,1.523021512254579,18.826651572976857,1.0791107430954037,11.910709618142484,43.95412647305844,17.81633033670373,3.8624367223770903,2.1732222616652415,0.3774122719807623,False,False
6.938309995347962,0.11085537325231773,0.01578620513012033,54.560073466098146,0.21309650638342104,9.175675516501702,1.9502489218567196,17.016663787579137,2.277558049562589,11.678196544089575,38.27826484500167,20.10506100771495,5.328541835113827,4.93830165895749,0.3774122719807623,False,False
7.584526303175501,0.08029073291291695,0.7694573894012366,31.81825576536145,0.7479958165397187,11.294889332622622,2.1422681255213654,18.826651572976857,2.436564706406596,11.910709618142484,43.5972850094296,20.39476232529814,0.2833922341003332,2.1732222616652415,0.3774122719807623,False,False
7.183599033818175,0.10836293339643667,0.0,67.92809842030543,0.17595290580395323,9.495355425836683,2.019179967437542,17.060143271282318,4.143893222412056,9.599486427655155,38.09554333677363,20.10506100771495,3.8624367223770903,5.693496377058868,1.4399396347259332,False,True
7.318492894231262,0.10694117955583214,0.0,73.73029358956862,0.05717206770332878,9.446177727846692,2.1950443468071734,17.060143271282318,1.9980656391989138,9.302605174602213,41.3091504324976,19.278987659382835,3.659768871033328,5.517796831869328,1.8734821201334584,False,True
7.642682693417979,0.0818430363433198,0.6978355697912348,36.82952346076265,0.7437997786096973,11.386900693758292,2.3259416988563952,17.016663787579137,4.178047302028675,12.050574529238276,41.133659542202935,22.830282409033984,0.6877781099086417,1.3177514880328864,0.7852428319754641,False,False
7.349316662233515,0.08782564965463611,0.6613091349033928,35.49387224128796,0.6862435091182735,10.805682599598487,1.4729704178113925,17.016663787579137,2.565424046989631,14.692161936736158,41.349516631150564,19.278987659382835,1.0156648017981937,3.9017620641098465,0.17981907225363664,False,False
7.111938649547913,0.10062540963736245,0.17154110582047596,52.601702571491856,0.4131692064169011,9.900422568518861,1.8375920232203145,16.43297662985375,2.256863088856377,13.976194232563769,37.904424234243116,20.39476232529814,2.7274259135673202,5.631859750800558,0.6754938248169686,False,False
7.559243715231669,0.08405643570941028,0.8466564977174569,35.33633736243626,0.8795415378136207,11.68777681336492,1.5497212201848352,19.725967999656007,2.1956810747997624,14.71674115953823,39.83473912012532,20.39476232529814,0.2833922341003332,2.1732222616652415,0.6754938248169686,False,False
7.6160642898702875,0.07934204581501532,0.7089998894362629,32.249929726788494,0.6903605814853377,11.151840952025328,2.0658897690086597,17.060143271282318,2.954800510862137,11.910709618142484,44.845557506668584,20.39476232529814,0.2833922341003332,2.1732222616652415,0.3774122719807623,False,False
7.537256038752514,0.09788544963027991,0.0,66.20970240486724,0.22539120245342498,10.164971077011367,1.1221314505742617,17.016663787579137,1.0791107430954037,10.37973387620442,42.45537638109668,20.993602354277275,2.7274259135673202,3.4139699219042208,1.9341170222755484,False,True
7.100166437734974,0.10055928208569073,0.3528040508143345,43.57138512046243,0.47580173021457084,9.972669428981806,1.7427385019855683,17.060143271282318,4.143893222412056,11.910709618142484,37.72943798070692,21.406782594876756,3.659768871033328,3.909445369292503,0.17981907225363664,False,False
7.498369680068687,0.10684383915647937,0.0,87.54389458161037,0.08788831703757938,9.902571383623766,2.257180428595583,16.43297662985375,2.592300273567571,10.37973387620442,38.23952208832256,20.993602354277275,2.7274259135673202,5.631859750800558,3.0025791134065467,False,True
7.557234747078463,0.09214468958086983,0.2977520309358582,58.484829460668635,0.5908651505721714,11.13124556048789,2.034174643952685,18.826651572976857,0.5307325730925379,14.71674115953823,39.0724108603865,20.39476232529814,0.7363481593124497,3.9017620641098465,1.8205912852854436,False,False
7.728447976672848,0.09340629132956757,0.0,80.4293290487586,0.12034464956866664,10.24822998752066,2.2971006279504587,17.016663787579137,1.042618311916213,8.086362093323503,42.354292552423566,22.830282409033984,1.1551822451609932,4.5120194871560635,3.0025791134065467,False,True
7.2770802770862755,0.08585067796316619,0.5389900501402081,38.365194437037786,0.5980870982009489,10.423414701624782,1.778421816406419,17.060143271282318,4.143893222412056,11.491217761864702,40.74767795177911,20.39476232529814,0.2833922341003332,5.693496377058868,0.18541685620447262,False,False
7.0413257916912775,0.09818330044421877,0.27348785147982013,45.590263872948455,0.4208737982532839,9.73733659616624,2.0585098838050713,17.060143271282318,2.9992318645328733,11.910709618142484,38.43557152888522,20.993602354277275,2.7274259135673202,5.693496377058868,0.17981907225363664,False,False
7.265778520160817,0.08819943251051737,0.5173093127384905,43.31383504131368,0.6456870356132762,10.655875923524924,1.8685504317583697,19.725967999656007,2.436564706406596,11.910709618142484,38.38990233250894,20.993602354277275,0.2833922341003332,5.693496377058868,0.566364377849503,False,False
7.211275089634894,0.08754435323996965,0.6526078624888929,37.62486089584979,0.707410871401341,10.682207005345651,2.00017618536483,18.826651572976857,2.436564706406596,13.660558077232817,38.51915785072192,20.39476232529814,0.2833922341003332,5.693496377058868,0.18541685620447262,False,False
7.5882285182291085,0.10828684852322526,0.0,84.03196612772979,0.021674051657607163,9.823157676598274,2.1524403903138087,13.943222522117564,2.256863088856377,11.910709618142484,42.04944602519147,19.278987659382835,3.8624367223770903,3.9017620641098465,2.7965722998223357,False,True
7.45829199388564,0.09667057248961894,0.10074484827046776,65.7998039787431,0.3830225728601844,10.410888245761605,1.606545605954857,18.826651572976857,4.143893222412056,9.302605174602213,38.8996282799406,20.10506100771495,1.1551822451609932,5.693496377058868,1.8734821201334584,False,False
7.414213401542975,0.0913687413339556,0.22138623205845143,45.48833288409803,0.3644550003452351,10.163966047084758,1.737692074653509,17.016663787579137,1.0791107430954037,10.37973387620442,43.96763590090786,21.58149715124789,2.7274259135673202,2.5724388025810017,0.6754938248169686,False,False
7.732861194294467,0.09666135732959459,0.0714722387562892,77.72081867594984,0.352139969822726,10.913080027933296,2.3257887144645664,18.826651572976857,1.042618311916213,11.487298776641158,39.59030556151111,20.993602354277275,1.1551822451609932,3.9017620641098465,3.0025791134065467,False,False
7.091641903914867,0.09718075358027449,0.3500340217991626,43.488409399279945,0.4716977003306623,9.969898595901443,2.005625749730579,17.016663787579137,1.0791107430954037,14.24096046827841,39.42295603097046,20.39476232529814,2.7274259135673202,4.93830165895749,0.17981907225363664,False,False
7.159385284502828,0.10831456442303043,0.0,67.80899539646674,0.18583432738156103,9.51990063595737,1.9704031021137056,17.060143271282318,2.256863088856377,11.422873175150023,38.159186722834434,20.10506100771495,3.8624367223770903,5.693496377058868,1.4399396347259332,False,True
7.6160642898702875,0.07934204581501532,0.7089998894362629,32.249929726788494,0.6903605814853377,11.151840952025328,2.0658897690086597,17.060143271282318,2.954800510862137,11.910709618142484,44.845557506668584,20.39476232529814,0.2833922341003332,2.1732222616652415,0.3774122719807623,False,False
7.180488698422222,0.09408902020030614,0.43894984380383256,44.83288933130652,0.5846505020775121,10.373830652491645,1.2583653986078769,19.725967999656007,4.143893222412056,10.650822701828982,37.56526183123127,20.39476232529814,1.3836955917662863,5.693496377058868,0.4420999507483937,False,False
7.47611114156913,0.08686824409204798,0.09271511415597705,54.56642313722899,0.35798718201360613,10.206416375525237,2.1948813271338117,14.664225437481194,2.256863088856377,11.910709618142484,43.57066228041028,20.39476232529814,0.2833922341003332,5.693496377058868,1.2258886386523198,True,False
7.173391663614065,0.09506332881530916,0.1270306671228638,46.987247725202074,0.2862557815718996,9.561300823854658,1.8076542063031755,16.43297662985375,2.592300273567571,9.599486427655155,42.235159605647674,20.993602354277275,2.7274259135673202,5.0920901272008186,0.32695866823043374,False,False
7.507552264166775,0.1029794413159691,0.0,78.1751053101797,0.07793892667329194,9.832353265553289,1.5784420153734449,17.060143271282318,1.0791107430954037,9.3963545028048,41.43542126419717,20.993602354277275,3.036489452540325,4.521347551864705,2.4775308599380073,False,True
7.257221082196596,0.09524014608358199,0.3308531629233218,41.95579235372202,0.42963604212748185,10.112183454828346,2.043610966413782,17.060143271282318,1.0791107430954037,11.910709618142484,40.93952835116448,22.830282409033984,3.659768871033328,2.1718003865913498,0.3486563496566537,False,False
7.481383782970551,0.09658223902045002,0.0,67.46527452181556,0.2402656178995446,10.07608392749326,1.3510293418169539,17.634652104234412,2.592300273567571,9.302605174602213,42.133107740390706,19.278987659382835,1.4913685506299303,5.693496377058868,1.8734821201334584,False,True
7.0090591886314995,0.10426303533385083,0.048978529850372717,52.10110718270504,0.26571561030246327,9.373351664093036,1.8139110682860766,18.826651572976857,2.592300273567571,9.302605174602213,39.24003659972169,20.10506100771495,3.8624367223770903,5.693496377058868,0.3774122719807623,False,False
7.068387583074066,0.10545648780657801,0.046494628702180484,52.28512048174822,0.2657040205690598,9.445247339561641,1.3280472312009342,17.060143271282318,2.436564706406596,11.910709618142484,41.3090876478516,17.350149384900284,3.8624367223770903,5.693496377058868,0.3774122719807623,False,False
7.335727438033856,0.08660623647599358,0.2507632815722663,46.043306848759215,0.4033511184901459,10.114504939727382,2.0588331523817707,17.016663787579137,1.0791107430954037,10.37973387620442,42.20750704474102,22.830282409033984,1.1551822451609932,4.6560260693680755,0.6754938248169686,True,False
7.759688173712577,0.09274190545801271,0.0,79.52752084641307,0.13370625137546144,10.323855615361445,2.369336268231312,17.016663787579137,1.042618311916213,8.086362093323503,42.70581946859017,22.830282409033984,1.1551822451609932,4.160492570989454,3.0025791134065467,False,True
7.309088473236024,0.11295666401626067,0.0,74.20466602574882,0.05201101152853055,9.437047813342765,1.9595649994873012,17.060143271282318,4.143893222412056,8.117944470658822,39.53853200631778,20.10506100771495,5.259181837370772,3.9017620641098465,1.8734821201334584,False,True
7.609774409873513,0.09351529470944593,0.17124117395540825,61.11521272074218,0.45739619645779667,10.839352878097325,1.5192262061717416,18.826651572976857,1.9980656391989138,11.487298776641158,41.47856992239594,19.278987659382835,1.1551822451609932,3.9017620641098465,1.8734821201334584,False,False
7.006934869667935,0.11152900592706405,0.012832260718304542,54.778908686978006,0.18345985618465233,9.193452846858534,1.6426361242367549,17.060143271282318,2.277558049562589,11.678196544089575,40.860147111839005,17.47969925717444,5.328541835113827,4.93830165895749,0.3774122719807623,False,False
7.192018064802039,0.08849791532821878,0.7069027629092066,37.30719693891673,0.7601681694558167,10.805778478774695,2.2016706076505255,19.725967999656007,2.79193523795,13.660558077232817,37.26447089249936,20.39476232529814,0.2833922341003332,5.693496377058868,0.18541685620447262,False,False
7.364390640968666,0.08750400508697975,0.6031618575139709,35.14329021154863,0.6199055264714721,10.67959436117468,1.3992881384034703,17.027378489145466,1.0791107430954037,14.24096046827841,42.483652163466715,20.39476232529814,1.6028099164349043,2.9915068220273278,0.17981907225363664,False,False
7.358651951679295,0.09822932883728873,0.18633694270296575,47.60618753718244,0.3576381647024613,10.120187070446349,1.781613716727408,17.060143271282318,1.0791107430954037,11.910709618142484,43.13524442597944,20.10506100771495,3.8624367223770903,2.1718003865913498,0.6754938248169686,False,False
7.237894590373012,0.09814607664846038,0.4651200893281832,41.348334186764774,0.5626368960946536,10.438444499384964,1.7459826334014474,17.060143271282318,2.277558049562589,14.177665959929776,38.577360402899004,21.725624833971093,3.659768871033328,2.1732222616652415,0.3486563496566537,False,False
7.492157399938799,0.08986126006450736,0.06347662979704748,56.99796849511084,0.343704602370726,10.290999699013947,1.6168273636774901,17.060143271282318,1.0791107430954037,10.650822701828982,42.761532073548786,21.331921778492884,1.1551822451609932,4.521347551864705,1.4399396347259332,False,False
7.645288376711693,0.081736739010887,0.6914965052144435,36.86154532343132,0.7375680857507283,11.373155204503345,2.3058466960427437,17.016663787579137,4.178047302028675,11.910709618142484,41.27352445329872,22.830282409033984,0.6877781099086417,1.3177514880328864,0.7852428319754641,False,False
7.154985486926556,0.09922900436449941,0.09267138632967409,51.315185446216525,0.31164048558395496,9.729140237919427,1.8507946291206645,17.016663787579137,0.4347590489015739,11.910709618142484,39.57056037638268,22.830282409033984,3.659768871033328,3.9017620641098465,0.6754938248169686,False,False
7.136330806487823,0.09670901749144713,0.1122618300110299,48.383481905397616,0.2905582952263703,9.48800007807445,1.7385821233201446,15.365111895042352,4.483223018292729,9.599486427655155,40.87233197213418,20.993602354277275,2.7274259135673202,5.631859750800558,0.32695866823043374,False,False
7.617092488057348,0.08877707427627249,0.3923685133808395,40.2809382865877,0.47068330101311595,10.696311220562892,1.9530719018370124,17.016663787579137,2.256863088856377,10.37973387620442,45.97467242236287,20.39476232529814,2.7274259135673202,0.5743847613147699,0.6754938248169686,False,False
7.296061257449152,0.09549095783959761,0.22136514328571558,43.41303359853485,0.3348786139628083,9.91819558728961,2.0070231323573813,17.060143271282318,1.0791107430954037,10.37973387620442,43.15233642140713,21.91702630706153,3.8624367223770903,2.1718003865913498,0.3774122719807623,False,False
7.558367842253291,0.09609451128353123,0.1335989974641009,68.63955051873798,0.4176837002594674,10.72496156014092,1.675948635372369,17.016663787579137,1.0791107430954037,14.177665959929776,39.26415306488971,20.39476232529814,1.1551822451609932,4.6560260693680755,2.2564358046787696,False,False
7.533023595588045,0.08088277509815905,0.6366900890367418,31.051140304035457,0.5970018970762763,10.77451865158544,2.3538035242736735,15.204166835390973,2.436564706406596,12.050574529238276,44.534636991045446,22.830282409033984,1.4406061846473677,1.3177514880328864,0.18541685620447262,False,False
7.240564568492349,0.10438514844389019,0.0,67.95732407718339,0.0,9.043573343697751,2.022487532903445,13.943222522117564,2.592300273567571,9.599486427655155,42.59981713212667,20.39476232529814,3.8624367223770903,5.631859750800558,1.3761148460572539,False,True
7.090638317729555,0.09592680040868377,0.17849132946475177,45.648332905263615,0.3214794230372091,9.542625526352944,2.1482252586895623,17.060143271282318,1.9980656391989138,10.37973387620442,41.14341304134679,20.993602354277275,2.7274259135673202,5.517796831869328,0.17981907225363664,False,False
7.1268324087024935,0.0944969693198565,0.2216689134784867,43.98471623120675,0.3433403689597593,9.675890642958962,1.8232682801696878,17.08988715547967,0.10989371919284185,11.910709618142484,42.09571578256431,20.993602354277275,2.7274259135673202,4.8929463845224515,0.17981907225363664,False,False
7.302878475650268,0.1072732516962404,0.0,74.18103372841253,0.05049369614060928,9.40837866380574,2.264919418895496,17.060143271282318,1.9980656391989138,9.302605174602213,41.13345088730806,19.278987659382835,3.659768871033328,5.693496377058868,1.8734821201334584,False,True
7.627480588511463,0.09369419959944966,0.12602521731809369,66.40877330028249,0.4096933622054298,10.753327712108101,2.3040579104220136,19.725967999656007,2.592300273567571,10.217776215926232,42.366897981476946,17.082488808211664,0.2833922341003332,5.631859750800558,2.099316736260688,False,False
7.459876704062999,0.0825242238945186,0.8886677541441239,30.09150774527012,0.849172298698422,11.363165092303566,2.1515632437302394,17.060143271282318,2.436564706406596,16.084263695026262,40.7823834476845,20.39476232529814,0.2833922341003332,2.7730734639973744,0.18541685620447262,False,False
7.507258870123888,0.10559562581416657,0.0,67.87098144725107,0.23759045758352382,10.184774838269837,1.5841371802192277,17.060143271282318,1.9980656391989138,12.108037962988487,42.65078307454744,17.235749138911835,3.659768871033328,3.4139699219042208,1.8734821201334584,False,True
7.373787007383783,0.0877727185184947,0.5691691124941552,39.62206899226143,0.6478250387625191,10.775226135509746,2.1254964421950873,19.725967999656007,2.79193523795,11.910709618142484,42.326079795905656,17.350149384900284,0.2833922341003332,5.234353457364474,0.3774122719807623,False,False
6.939820715070265,0.11295632394427564,0.0,56.71628747600101,0.15475476805113741,9.030984278814678,1.6930154186945925,17.060143271282318,2.277558049562589,11.678196544089575,40.104952393737626,17.47969925717444,5.328541835113827,5.693496377058868,0.3774122719807623,False,True
7.499319973177585,0.07894873539765598,0.7543933223110373,30.254337864943107,0.7098316212037656,11.046346122525454,2.1620062763440093,17.016663787579137,1.0791107430954037,13.660558077232817,43.620922347958945,21.58149715124789,0.2833922341003332,2.5724388025810017,0.18541685620447262,True,False
7.279021089594304,0.08473534887243499,0.48633563811424996,38.56751105344753,0.5454178650089073,10.309989480197538,2.170634531318951,17.060143271282318,2.256863088856377,11.910709618142484,42.21521622905701,20.39476232529814,0.2833922341003332,5.693496377058868,0.18541685620447262,False,False
7.157128137600763,0.10586149714033599,0.037678918143751836,52.938209266882396,0.20985482348664547,9.50987142762463,1.7761607227294398,17.13290884255896,1.0791107430954037,10.37973387620442,40.1069294397653,22.830282409033984,5.623740477933608,2.1718003865913498,0.6754938248169686,False,False
7.758799848502296,0.10369864171044268,0.0,88.70840380966413,0.10382862854139374,10.382644176252715,1.4338109731808089,17.016663787579137,1.0791107430954037,10.37973387620442,40.925588991580156,20.993602354277275,2.7274259135673202,3.4139699219042208,3.463904411792069,False,True
6.967907702356525,0.11277150690767254,0.013662783377659122,54.71738159497228,0.2311298518543592,9.301928351972645,1.813846520714202,19.799822886134507,2.277558049562589,10.190939002432955,39.45393657040011,17.47969925717444,5.328541835113827,5.0920901272008186,0.3774122719807623,False,False
7.142663882035096,0.09839760912369158,0.06291881292886337,53.16004277055041,0.30652395654470493,9.625873532463169,2.10655899994367,16.395457905120224,3.3405300434503786,10.37973387620442,39.26800153479224,21.58149715124789,2.7274259135673202,5.631859750800558,0.6754938248169686,False,False
7.6655963728223595,0.09014576119745817,0.0,68.45729991954893,0.25274807198423777,10.362294435988744,1.5081070006869843,17.060143271282318,1.9980656391989138,9.302605174602213,44.36067631078633,19.278987659382835,0.2833922341003332,5.517796831869328,2.1983328787777254,False,True
7.1674754027931415,0.10324946466882984,0.09819434375884066,49.63999072240197,0.29361091856562627,9.64517526952396,1.498159022269562,17.016663787579137,2.436564706406596,11.678196544089575,42.64183618119158,17.350149384900284,3.8624367223770903,4.636740401474982,0.3774122719807623,False,False
7.3640522018740215,0.08690361862755225,0.19738186608663505,47.24263787456593,0.36411328305742074,10.023577169933823,1.9017181791323745,16.43297662985375,2.256863088856377,9.599486427655155,43.31813482491611,21.59400326524029,1.0156648017981937,5.0920901272008186,0.6907808344793073,True,False
7.144749783219051,0.09568880170703384,0.29863330474852834,43.620002627663986,0.41934395036394445,9.87307774829043,1.6138523055656258,17.060143271282318,2.277558049562589,11.910709618142484,40.88829808619669,20.10506100771495,2.5589691148157847,5.013843996080715,0.18541685620447262,False,False
7.118193018093405,0.09686820515906135,0.11043834306518915,48.93536289428948,0.29649380063559216,9.529036991645697,1.9763723515561396,16.43297662985375,2.592300273567571,10.37973387620442,40.86468892974835,20.993602354277275,2.7274259135673202,5.631859750800558,0.3774122719807623,False,False
6.979667472403215,0.10388268209949361,0.062486888049907256,51.95498232947,0.28890712584037015,9.372417260143774,1.9908852301570854,16.43297662985375,2.436564706406596,11.910709618142484,37.97876863697093,21.369271663467828,3.8624367223770903,5.631859750800558,0.3774122719807623,False,False
7.212264384558601,0.08722098183427289,0.3707137366915892,40.71724308394636,0.4540508863041862,10.018673939217775,2.1776616626765497,17.060143271282318,0.8324632004516821,11.910709618142484,42.38503685936175,20.993602354277275,1.000768089479467,5.631859750800558,0.18541685620447262,False,False
7.2069973013867035,0.0885199666408112,0.5075637186638665,39.49039878825671,0.580956245547445,10.356410884418677,2.047538430542489,19.725967999656007,2.436564706406596,10.650822701828982,40.146518409582875,20.39476232529814,0.7664506239640595,5.693496377058868,0.18541685620447262,False,False
7.6847655781571005,0.08432133608635901,0.39337854293271374,49.35236361520395,0.6009341786961889,11.175117253358149,2.303053495165565,15.971534460055324,2.436564706406596,13.565757427356377,42.19781629486518,21.331921778492884,0.2833922341003332,2.7730734639973744,1.4399396347259332,False,False
7.067098125055899,0.09687012535899718,0.1930328021786829,45.94665398245856,0.3410690385475102,9.582986465758166,2.0713734720908414,17.060143271282318,1.0791107430954037,11.910709618142484,40.95453267930183,20.39476232529814,2.7274259135673202,5.693496377058868,0.17981907225363664,False,False
7.070113476439179,0.10512732264226148,0.04559088149307903,52.35207222238768,0.25088764203168124,9.408713376446446,1.3630650722585722,17.060143271282318,2.277558049562589,11.678196544089575,41.57105750647436,17.47969925717444,3.8624367223770903,5.693496377058868,0.3774122719807623,False,False
6.965260080999604,0.10958776237135888,0.023721931407674507,53.9721760074174,0.1888651381256059,9.161034681645969,2.063585565964394,17.016663787579137,1.0791107430954037,11.910709618142484,39.52647466700537,20.10506100771495,5.328541835113827,4.6560260693680755,0.3774122719807623,False,False
7.62449087638791,0.07828306609739595,0.695236949375974,30.90269057044874,0.6566547763414772,11.043096080272619,2.3422446099603826,17.13290884255896,3.557230563767508,10.37973387620442,45.808860473931155,20.39476232529814,0.2833922341003332,2.1732222616652415,0.2698894224742457,True,False
7.056384732191446,0.10375644225314629,0.0,56.94340581672957,0.18176663867635762,9.214330932211102,1.76619882078447,16.395457905120224,3.3405300434503786,9.302605174602213,39.14848280132637,21.58149715124789,3.8624367223770903,5.693496377058868,0.6754938248169686,True,True
7.806355421934614,0.08553880119474584,0.20282169469822892,54.23667070559151,0.4694536517899435,10.977578465267078,2.353770127443386,13.943222522117564,4.675170918649308,11.678196544089575,44.50151679736043,20.39476232529814,0.6235018165066786,2.4804059556207125,1.7032231203575936,False,False
7.196511424620337,0.09570932081886314,0.06182140857275862,51.424714049846024,0.2806535453709902,9.670532118935599,1.2236858754856124,16.395457905120224,0.10989371919284185,11.910709618142484,41.70657548338981,21.58149715124789,2.7274259135673202,4.8929463845224515,0.6754938248169686,True,False
6.931528750705979,0.10197921067746207,0.08384827589937581,49.517873541565656,0.2656473218614734,9.195435366355865,2.033382153081627,15.204166835390973,2.436564706406596,11.910709618142484,37.87692647538553,22.830282409033984,3.8624367223770903,5.693496377058868,0.18541685620447262,True,False
7.12179479652135,0.09730200555234457,0.14762480220670057,48.20484541645075,0.32532228581742795,9.564680375056788,1.7973143333211243,15.365111895042352,4.483223018292729,10.37973387620442,40.09208452358491,20.993602354277275,2.7274259135673202,5.631859750800558,0.32695866823043374,False,False
7.6500960926713,0.09450684614425077,0.06451277336681842,76.1507737530994,0.3447977338368343,10.677871089869516,2.194322182033945,16.960585316876436,2.436564706406596,11.910709618142484,39.5796546480637,20.39476232529814,0.2833922341003332,5.693496377058868,2.740834774053439,False,False
7.250614550277151,0.10345292572465964,0.0,65.31496758050162,0.2207567237195267,9.697517961631007,1.8852510784298486,17.060143271282318,2.592300273567571,10.650822701828982,39.47206852036395,20.116376394890366,3.036489452540325,5.631859750800558,1.4399396347259332,False,True
7.447566470857016,0.09069988096951982,0.25496798132538734,44.426735641960114,0.3847656414967525,10.262365428927271,1.9139000241555402,17.13290884255896,1.0791107430954037,10.37973387620442,44.252029261917684,21.58149715124789,2.7274259135673202,2.1718003865913498,0.6754938248169686,False,False
7.308652160698291,0.08347794105798617,0.5830379699046003,36.25920935873238,0.6145665223990967,10.550082828024117,1.9650198013132043,17.016663787579137,1.0791107430954037,13.660558077232817,41.88830956298811,20.993602354277275,0.2833922341003332,4.8929463845224515,0.18541685620447262,False,False
7.534467671952538,0.08621523613175175,0.5572822465133386,39.75786834442107,0.6372183006790151,10.990102791917431,1.7425704959847554,16.43297662985375,2.256863088856377,13.976194232563769,42.658886059433,20.39476232529814,1.1551822451609932,2.449641594017003,0.6754938248169686,False,False
7.315245582897225,0.08512820968932122,0.4730871619199688,40.4956365110203,0.5588989720074478,10.368049201466757,2.156131653169579,17.060143271282318,5.429906130149788,9.302605174602213,40.33187517436828,21.725624833971093,0.2833922341003332,5.517796831869328,0.3486563496566537,False,False
7.004305917117104,0.10139477006683051,0.08806346056019146,49.20560264621324,0.212292493666415,9.173519669368481,2.13229036238082,17.060143271282318,1.9980656391989138,9.599486427655155,40.788649681086284,20.993602354277275,3.8624367223770903,5.517796831869328,0.17981907225363664,False,False
7.386615492997485,0.08337499781452536,0.7338732157430283,33.195901912965006,0.7300734397515937,10.97542113364198,2.140455053172197,19.725967999656007,2.256863088856377,11.910709618142484,41.341125813632345,20.39476232529814,0.2833922341003332,3.9017620641098465,0.18541685620447262,False,False
7.326731955683896,0.08337056116629238,0.35035554067266317,41.12552908877805,0.4383873512701685,10.099976171688322,2.2478555616221554,17.060143271282318,2.256863088856377,9.599486427655155,43.786057578539236,20.993602354277275,0.2833922341003332,5.693496377058868,0.32695866823043374,True,False
7.582704537918779,0.0817561924563854,0.8787664945919049,30.09454760999053,0.8387697602922385,11.43863614835406,2.139272341959233,16.960585316876436,6.768481451445456,11.910709618142484,41.23895736999767,20.39476232529814,0.2833922341003332,2.1732222616652415,0.2698894224742457,False,False
6.870353643150964,0.11231573567714377,0.0,56.48481059467666,0.18629236690989176,9.017773205697154,2.2517937798754595,17.060143271282318,2.277558049562589,11.678196544089575,37.47959064319711,20.10506100771495,5.328541835113827,5.693496377058868,0.3774122719807623,False,True
7.320930283566636,0.08923989222795403,0.2127398265760448,48.336318981311834,0.39589093893205457,10.034384032422714,2.2321859002408684,13.943222522117564,2.256863088856377,13.512378507982465,42.569755178329736,20.39476232529814,1.0156648017981937,5.631859750800558,0.6754938248169686,False,False
6.991953096639444,0.10372278874650023,0.09947260031084657,49.32430424325402,0.2904638184101753,9.338211402692858,1.781525798191344,17.060143271282318,4.4320519183970335,9.599486427655155,38.777803885677756,20.39476232529814,3.8624367223770903,5.693496377058868,0.17981907225363664,False,False
7.111831656601062,0.10064113780749917,0.17232707343419876,52.598430487783986,0.4139518048196826,9.902118624288537,1.834504613481427,16.43297662985375,2.277558049562589,13.976194232563769,37.8837292735369,20.39476232529814,2.7274259135673202,5.631859750800558,0.6754938248169686,False,False
7.645954513494908,0.0950572669977517,0.0,79.11809193393199,0.18927215415349624,10.298247808007844,1.5142845137667738,17.060143271282318,0.9272137078646552,10.37973387620442,41.76892565501324,20.596096734335298,0.7664506239640595,5.693496377058868,2.807939754277134,False,True
7.399456205572932,0.1003319932496349,0.0,59.992046834603364,0.2540613729281358,9.99387171120647,1.8276234116485235,17.016663787579137,2.256863088856377,9.599486427655155,40.42188912719132,22.830282409033984,3.8624367223770903,2.5724388025810017,1.4399396347259332,False,True
7.685857104110491,0.08999303542725903,0.09621642663298821,65.57905658563098,0.3782450880326435,10.643441631052529,2.2620092586998153,13.943222522117564,4.675170918649308,11.910709618142484,41.82271500122826,20.39476232529814,0.2833922341003332,4.833601814658643,2.136425565805271,False,False
7.314395095194199,0.09613852418496897,0.7146025307440262,37.04703808055263,0.7645865272161225,11.057364916707108,1.9260406424711065,19.725967999656007,1.9980656391989138,16.622685643200477,41.00839553042107,14.776265916604448,1.7870381345556048,3.9017620641098465,0.17981907225363664,False,False
7.417135156710668,0.08660615930589426,0.5689999368315664,36.23880931374594,0.5994658824264674,10.58403006624905,1.9267943909318777,13.943222522117564,5.214056177070875,13.512378507982465,42.95410919528459,19.278987659382835,1.0156648017981937,3.9017620641098465,0.17981907225363664,False,False
7.037777310758473,0.10541800917230358,0.0,58.256273262348195,0.2694902705253357,9.484570242421842,2.0511271547515406,17.060143271282318,1.9980656391989138,11.853848432780808,37.14738691557658,21.725624833971093,3.8624367223770903,5.517796831869328,0.8346973529438723,True,True
7.6500960926713,0.09450684614425077,0.06451277336681842,76.1507737530994,0.3447977338368343,10.677871089869516,2.194322182033945,16.960585316876436,2.436564706406596,11.910709618142484,39.5796546480637,20.39476232529814,0.2833922341003332,5.693496377058868,2.740834774053439,False,False
7.190742307784685,0.0962771993123155,0.26986058281184777,44.46925971351733,0.4010829172822248,9.88503859324183,1.4881548359804604,17.13290884255896,3.557230563767508,10.37973387620442,40.92815192657856,20.39476232529814,2.8253035559621114,4.5120194871560635,0.2698894224742457,False,False
7.063342689213695,0.09922259635920494,0.07638286545442734,50.07092888585187,0.08580553744630948,8.867387399709939,2.1566942752362235,13.943222522117564,2.256863088856377,9.599486427655155,43.64677298059358,20.993602354277275,3.8624367223770903,5.517796831869328,0.17981907225363664,True,False
7.282356412031009,0.09125216182781105,0.29224212260765114,40.39646516946229,0.3666951659863871,9.919918678487864,1.9449668761015246,17.060143271282318,1.0791107430954037,10.37973387620442,44.16619484741541,20.993602354277275,2.7274259135673202,3.4139699219042208,0.17981907225363664,False,False
7.46340754014323,0.08236677578164388,0.9395760440002883,29.029985751572564,0.8877635117773846,11.500962154227256,1.4836700858406269,19.725967999656007,2.256863088856377,14.177665959929776,40.23956917739124,20.64242090503456,0.2833922341003332,2.4887037788272353,0.18541685620447262,False,False
7.008443063076981,0.09992781716467769,0.36552494409595887,44.956938134696436,0.5089537999759475,9.974204102256863,1.8604540181548916,19.725967999656007,2.436564706406596,11.910709618142484,36.93125398761695,20.39476232529814,2.7274259135673202,5.693496377058868,0.17981907225363664,False,False
7.6500960926713,0.09450684614425077,0.06451277336681842,76.1507737530994,0.3447977338368343,10.677871089869516,2.194322182033945,16.960585316876436,2.436564706406596,11.910709618142484,39.5796546480637,20.39476232529814,0.2833922341003332,5.693496377058868,2.740834774053439,False,False
7.0072301447119525,0.10395481841597137,0.06112916383030369,51.20095934641111,0.2720676599269676,9.379432807685236,1.8304029170734937,18.826651572976857,2.592300273567571,9.302605174602213,39.35212682973033,20.10506100771495,3.8624367223770903,5.631859750800558,0.32695866823043374,False,False
7.193410271271856,0.09051728634821608,0.6073737150349916,39.074877006815726,0.6803383859535663,10.57179293993977,1.724951536947818,19.725967999656007,5.064616952991986,10.650822701828982,37.518466162997484,20.39476232529814,0.7664506239640595,5.693496377058868,0.18541685620447262,False,False
6.994293229832915,0.10433673826892281,0.08217340695988323,51.1694883949242,0.2984902596402083,9.422681114119834,1.7084720965899405,17.060143271282318,2.256863088856377,11.910709618142484,38.83465248542037,20.116376394890366,3.8624367223770903,5.631859750800558,0.32695866823043374,False,False
7.478549304022405,0.08211197997682726,0.9008716408972475,29.589440645107626,0.8548975098890695,11.40176230715823,2.1243956891766698,17.016663787579137,2.436564706406596,16.084263695026262,41.026497592804056,20.39476232529814,0.2833922341003332,2.5724388025810017,0.18541685620447262,False,False
7.322158522992706,0.08777864740200847,0.41997505096049903,41.45189019889601,0.5164836118356585,10.33930626848493,1.6415796663033073,17.016663787579137,2.436564706406596,11.910709618142484,42.26395126500193,20.10506100771495,0.9513356842166489,4.93830165895749,0.3774122719807623,False,False
7.166678843520133,0.09450629283304776,0.11718969642445429,47.04786188668524,0.26379716002735354,9.51396765349077,1.7418348530498877,16.43297662985375,1.0791107430954037,10.37973387620442,42.968101687570574,20.993602354277275,2.7274259135673202,5.0920901272008186,0.32695866823043374,False,False
7.145370087230772,0.09394716236833593,0.14640033365552746,44.88386847335827,0.27548941748344935,9.493031193890648,1.8279928770239477,16.43297662985375,1.0791107430954037,10.37973387620442,43.11524128354737,20.993602354277275,2.7274259135673202,5.0920901272008186,0.17981907225363664,True,False
7.933848062430464,0.09911500149123378,0.0,89.74188995291887,0.25422950372559866,10.99076017910438,2.0178450271884767,15.204166835390973,2.256863088856377,13.512378507982465,41.01930764014811,19.278987659382835,1.0156648017981937,3.9017620641098465,3.8108694023311975,False,True
7.340662586642266,0.08325349469663974,0.4593321110700974,37.967815139627525,0.5083889320884853,10.264436638375967,1.9651318698284708,17.016663787579137,3.61801324117808,9.599486427655155,43.31366338056468,20.64242090503456,0.2833922341003332,5.340943167683594,0.18541685620447262,False,False
7.097325799994007,0.10022767777009839,0.042244701388186964,52.5999651953999,0.06019718692252607,8.87031077342878,2.1358058913597415,13.943222522117564,2.256863088856377,9.620971816222493,44.24131103650512,20.116376394890366,3.8624367223770903,5.631859750800558,0.32695866823043374,True,False
7.226332666241035,0.10575577254235063,0.15779470588506428,47.082041307586074,0.3200617887648125,9.834452521079017,1.9056031881940174,17.016663787579137,2.256863088856377,11.910709618142484,42.18595896523971,18.92169847474186,5.328541835113827,2.002151958345841,0.3774122719807623,False,False
7.453163053155705,0.09124818747599736,0.44159799433235597,53.1100152752831,0.7053180561720201,11.213875224585903,2.1808469809365763,19.725967999656007,2.256863088856377,14.177665959929776,36.81299094863163,20.64242090503456,0.2833922341003332,4.6560260693680755,1.4446727944232383,False,False
7.73760159869357,0.08949046160453392,0.2772920641985118,56.1090109782281,0.5692798856642709,11.292404967451976,1.9805275645943956,17.758589395364044,2.436564706406596,12.050574529238276,40.225918283494664,22.830282409033984,1.4406061846473677,1.3177514880328864,1.9397130037821886,False,False
7.168283678405371,0.0992581382166206,0.14700057732456842,48.92564860047975,0.3349286174544598,9.724300256352182,1.1746757743196528,17.060143271282318,2.277558049562589,11.910709618142484,42.53529031140784,17.417964186997814,2.7274259135673202,5.693496377058868,0.3774122719807623,False,False
7.383443834169071,0.09133193569483516,0.5710344312587978,35.64662358589735,0.5931790139951821,10.629167008064908,1.6177432659793287,15.204166835390973,2.436564706406596,14.864744180155771,42.19831555250323,20.59317054465053,2.7274259135673202,1.7901954111211003,0.18541685620447262,False,False
7.265776897121373,0.09360479399208957,0.4105373085685831,39.906897992711116,0.48452470804955805,10.1735158307506,1.6189548904833166,17.016663787579137,4.231777802714042,10.37973387620442,41.01458762634739,21.03602199942983,2.7274259135673202,3.4139699219042208,0.17981907225363664,False,False
7.165061990017909,0.09431221201026242,0.11728717062297125,47.04064076645115,0.2567527513745486,9.4976649833093,2.0602965122073376,17.016663787579137,1.0791107430954037,9.599486427655155,42.98148574167659,21.176778590995138,2.7274259135673202,5.0920901272008186,0.32695866823043374,False,False
7.031586490213144,0.09589698137940474,0.19101939093364728,46.05691324823579,0.3405150812940211,9.487064418954533,2.192243667496439,15.204166835390973,2.436564706406596,11.910709618142484,39.01753506814613,22.830282409033984,2.7274259135673202,5.693496377058868,0.17981907225363664,True,False
7.470601772086682,0.08479151989761897,1.110657325920624,27.58838004911297,1.0477244959066991,11.898133397014758,1.738795438792041,19.725967999656007,5.613281954978969,14.71674115953823,36.90721520855861,20.39476232529814,0.2833922341003332,2.1732222616652415,0.18541685620447262,False,False
7.008443063076981,0.09992781716467769,0.36552494409595887,44.956938134696436,0.5089537999759475,9.974204102256863,1.8604540181548916,19.725967999656007,2.436564706406596,11.910709618142484,36.93125398761695,20.39476232529814,2.7274259135673202,5.693496377058868,0.17981907225363664,False,False
7.2395892898778405,0.09246872361982542,0.4132686265209781,39.59872775098043,0.48301762568640316,10.15922798823391,1.3776276157883558,17.016663787579137,2.277558049562589,11.678196544089575,41.01156667247701,21.780214283894676,2.6420116682391663,3.4139699219042208,0.17981907225363664,False,False
7.25183025570609,0.09561491755279146,0.6931799219983206,36.29866438583933,0.7313281571080912,10.887252045956288,1.1011317318492504,19.725967999656007,2.436564706406596,14.177665959929776,37.86349246011046,20.39476232529814,2.7274259135673202,2.4887037788272353,0.18541685620447262,False,False
7.195418797582761,0.08869286248637388,0.5808266359939526,38.69410093627964,0.6469086221304203,10.516261655814521,1.9212674110338186,19.725967999656007,2.436564706406596,11.910709618142484,39.03517808467759,20.39476232529814,0.6235018165066786,5.693496377058868,0.17981907225363664,False,False
7.628057676625122,0.10644620245920168,0.11548953112088634,76.7662011035842,0.39857821326737597,10.91211864165386,1.4175834793543538,19.725967999656007,2.592300273567571,12.50954030933119,38.09683390504067,18.198662447408122,2.7274259135673202,3.410542188613869,2.7387269628152486,False,False
7.055195571405822,0.09810206669554179,0.2538055768285118,45.651256049989954,0.4009775822291627,9.730093989657354,1.797943383768184,18.826651572976857,2.436564706406596,10.37973387620442,39.35594837228332,20.39476232529814,2.7274259135673202,5.693496377058868,0.18541685620447262,False,False
7.0160628665982925,0.09639950543973581,0.21729011549260063,45.77659524615437,0.36423871396953694,9.573280708592549,2.2351202291702696,17.060143271282318,1.0791107430954037,11.910709618142484,39.025762518394586,22.323532486205377,2.7274259135673202,5.693496377058868,0.17981907225363664,True,False
7.34232088434538,0.08441558666734313,0.8148602244000571,32.86162659597164,0.8107543512132347,11.109838320920414,1.95469482948075,17.060143271282318,2.256863088856377,16.16597829243966,39.15843962268056,20.993602354277275,0.2833922341003332,3.9017620641098465,0.17981907225363664,False,False
7.008443063076981,0.09992781716467769,0.36552494409595887,44.956938134696436,0.5089537999759475,9.974204102256863,1.8604540181548916,19.725967999656007,2.436564706406596,11.910709618142484,36.93125398761695,20.39476232529814,2.7274259135673202,5.693496377058868,0.17981907225363664,False,False
7.220675967004781,0.09502276321208845,0.6998578053634384,35.894912256011175,0.7326235287706439,10.893848759467225,2.35415704226745,21.504620594414394,0.5307325730925379,13.866253659474731,37.75722088846892,20.993602354277275,2.7274259135673202,2.440324944451181,0.17981907225363664,False,False
7.451049815635251,0.08382179356668275,0.9535098641928241,29.821561747279652,0.9137364497793189,11.503089222695122,1.9601289677472433,17.060143271282318,4.143893222412056,16.084263695026262,39.07505493167904,20.39476232529814,0.2833922341003332,2.7730734639973744,0.18541685620447262,False,False
7.200301959091333,0.0889171970116431,0.5204319106460138,39.652146069666045,0.5968356155821888,10.36567604273493,2.021154476294969,17.060143271282318,2.436564706406596,13.660558077232817,39.777166137255165,20.39476232529814,0.7918922492616217,5.693496377058868,0.18541685620447262,False,False
7.127982462602903,0.09933068587080533,0.10136089365509462,53.12908028692174,0.3466394179564545,9.705094764896206,2.235753488278645,16.395457905120224,4.143893222412056,10.650822701828982,38.13191290394768,21.58149715124789,2.7274259135673202,5.693496377058868,0.6754938248169686,False,False
7.492788742085924,0.08789891577658498,0.4482843194187628,36.57609720190362,0.47691419046398176,10.480104065040692,1.6936225811884906,16.43297662985375,2.4921561991802137,10.37973387620442,44.79270471371889,21.725624833971093,2.7274259135673202,1.1224191652738718,0.32695866823043374,False,False
7.317121762728456,0.08481989095186171,0.45085769305106105,39.775489531777026,0.5251913384123729,10.29902323816466,1.84436089705386,17.13290884255896,3.557230563767508,10.37973387620442,42.35022298479584,20.39476232529814,0.2833922341003332,5.631859750800558,0.2698894224742457,False,False
7.67808964541431,0.07757808696366016,1.0259345006808398,24.04363483471744,0.9078615392660613,11.813428049875009,2.2117294697843204,18.826651572976857,2.436564706406596,13.660558077232817,43.786657590914196,20.39476232529814,0.2833922341003332,0.4315944208174224,0.17981907225363664,False,False
6.866021924581358,0.11249244561342397,0.0,56.43157707336201,0.19665200644950492,9.040623868783337,2.3136237123200885,17.060143271282318,2.277558049562589,11.910709618142484,37.2470775691442,20.10506100771495,5.328541835113827,5.693496377058868,0.3774122719807623,False,True
7.181372655246777,0.0967255948889617,0.4829960084678764,40.54696166663229,0.5700837217251467,10.360719193578483,1.9579246152034155,17.016663787579137,0.7898165557076916,16.129318232258424,40.0432714948779,19.211922879646046,2.7274259135673202,3.9017620641098465,0.17981907225363664,False,False
7.181632741342394,0.09311787570691502,0.15749362758259855,47.04887889301056,0.31927188839604614,9.67444708262316,2.031253329387525,16.43297662985375,1.0791107430954037,11.372007883051584,42.639978306558895,20.39476232529814,2.0718920893609094,5.631859750800558,0.3774122719807623,False,False
7.358924184675894,0.08535698728127947,0.5456264788702427,38.932240010116736,0.6131637720345869,10.570398108773583,1.5089742126931875,17.016663787579137,5.516668352436093,10.37973387620442,40.742072049214215,20.64242090503456,0.2833922341003332,5.0920901272008186,0.32695866823043374,False,False
7.03893279331822,0.09793863809616292,0.2568690538421577,45.46001463778912,0.4014860999022284,9.739136170467503,2.143524384932032,19.725967999656007,1.0791107430954037,10.650822701828982,39.54859486724164,20.39476232529814,2.7274259135673202,5.693496377058868,0.17981907225363664,False,False
7.161956073972585,0.08708146471983884,0.33693088763464396,41.292333563951374,0.4265997888191253,9.872535507793234,2.324135941217535,17.060143271282318,1.0791107430954037,10.859903632041158,41.142062250073636,22.830282409033984,1.1551822451609932,5.693496377058868,0.17981907225363664,True,False
7.247567427026752,0.08822377788220842,0.5903486899692283,40.49923571359887,0.6826611399975201,10.697952401655902,2.047882054934607,18.826651572976857,2.277558049562589,13.660558077232817,38.77587040937282,20.10506100771495,0.2833922341003332,5.693496377058868,0.3774122719807623,False,False
7.41810299753154,0.08621251708755313,0.6216811217217948,34.286711936118905,0.627244901291924,10.74287398017134,1.7473345710673935,17.060143271282318,2.436564706406596,12.80633040175437,42.90310279040937,20.39476232529814,1.4406061846473677,2.7730734639973744,0.18541685620447262,False,False
7.181479695744375,0.10113218039088114,0.016326830906599397,54.52002262399837,0.15847053216257972,9.353980955404763,2.0807453818022803,17.016663787579137,1.0791107430954037,9.599486427655155,42.9944060302178,20.116376394890366,3.8624367223770903,4.6560260693680755,0.6754938248169686,False,False
7.341935286021819,0.08349990477044196,0.4393737790394955,39.2090848898704,0.5050096950459629,10.271513183959405,1.9953784950823599,17.060143271282318,3.557230563767508,9.599486427655155,42.882480271558556,20.993602354277275,0.2833922341003332,5.3537754548846115,0.2698894224742457,False,False
7.28109539904891,0.08835990901093745,0.7600829175548199,37.42469301875824,0.8179464829907255,11.05490466365969,2.181218450150063,17.060143271282318,4.066821459252097,16.084263695026262,36.86305520103653,20.39476232529814,0.2833922341003332,4.9206031457738915,0.32695866823043374,False,False
7.584435950173643,0.09189953897253884,0.10044187041276216,67.58383403057377,0.38270293122030496,10.63664722998835,2.003638832764205,19.725967999656007,1.9980656391989138,9.302605174602213,40.57907691649734,20.39476232529814,0.2833922341003332,5.517796831869328,2.1983328787777254,False,False
7.092843021029576,0.09740331013262564,0.2778537454387203,45.93956212745263,0.4304541392611086,9.91429337186811,2.197750590646185,20.24484149771939,1.0791107430954037,10.37973387620442,39.15623681970494,20.993602354277275,2.7274259135673202,5.0920901272008186,0.32695866823043374,False,False
7.428507475813056,0.10275347689632713,0.045084529524213754,59.7031771929309,0.3243009365828864,10.234725127721335,1.4007042823803018,17.016663787579137,2.256863088856377,11.910709618142484,40.83588733802302,20.10506100771495,3.8624367223770903,2.5724388025810017,1.4399396347259332,False,False
6.866021924581358,0.11249244561342397,0.0,56.43157707336201,0.19665200644950492,9.040623868783337,2.3136237123200885,17.060143271282318,2.277558049562589,11.910709618142484,37.2470775691442,20.10506100771495,5.328541835113827,5.693496377058868,0.3774122719807623,False,True
6.985014305097053,0.10345880596507662,0.09930662090163628,49.24175807907788,0.28911317814061116,9.351402965789703,1.73848747592648,16.43297662985375,2.436564706406596,11.910709618142484,39.423659321324685,20.116376394890366,3.8624367223770903,5.631859750800558,0.18541685620447262,False,False
6.868527765645313,0.11219266490191705,0.007346050519783941,55.185340174241034,0.23297254477078,9.196546060533661,2.3201724642205255,20.668914778400847,1.0791107430954037,9.92195440087399,37.153642521675565,20.10506100771495,5.328541835113827,5.365362441144661,0.3774122719807623,False,False
7.473913397841776,0.0828925392954256,0.8621253624851531,31.516992765122232,0.8414702707027387,11.376956543490486,2.1415692291172173,17.060143271282318,2.436564706406596,16.084263695026262,40.685458342182656,20.39476232529814,0.2833922341003332,2.7730734639973744,0.2823419617063184,False,False
7.3277111538439215,0.10235601914021462,0.22917735525767488,43.773562535280746,0.3482547555411503,10.033073148116173,1.9658527732390614,17.060143271282318,2.277558049562589,11.03749153095346,43.13234895101348,20.10506100771495,5.328541835113827,0.6814430823786158,0.3774122719807623,False,False
7.279021089594304,0.08473534887243499,0.48633563811424996,38.56751105344753,0.5454178650089073,10.309989480197538,2.170634531318951,17.060143271282318,2.256863088856377,11.910709618142484,42.21521622905701,20.39476232529814,0.2833922341003332,5.693496377058868,0.18541685620447262,False,False
7.161956073972585,0.08708146471983884,0.33693088763464396,41.292333563951374,0.4265997888191253,9.872535507793234,2.324135941217535,17.060143271282318,1.0791107430954037,10.859903632041158,41.142062250073636,22.830282409033984,1.1551822451609932,5.693496377058868,0.17981907225363664,True,False
6.930437267896564,0.1098898448035255,0.06473463722037749,50.93385731072715,0.25545513793499836,9.24496585460796,1.8396860189319446,17.016663787579137,2.436564706406596,11.910709618142484,38.36101611947046,20.10506100771495,5.328541835113827,4.6560260693680755,0.18541685620447262,False,False
6.897876973968571,0.10736959947058075,0.04447384482945649,52.43482495261407,0.18289778541610036,8.96622745356525,2.2282543495070004,15.204166835390973,2.436564706406596,11.910709618142484,38.78809363505647,20.993602354277275,4.787949617462863,5.693496377058868,0.18541685620447262,False,False
7.432572901291732,0.0841875284888667,0.29368562081089244,44.00078124921621,0.4195467755733641,10.255417225246786,2.362262669962706,13.943222522117564,0.5307325730925379,13.512378507982465,44.09721321987705,22.323532486205377,1.0156648017981937,3.9017620641098465,0.6754938248169686,True,False
7.634679134762289,0.08147885415337958,0.7686864948087144,28.450599771183175,0.6992240573020032,11.198248239930251,2.141490840224656,15.800300408220394,2.436564706406596,13.660558077232817,45.650197021172794,20.39476232529814,1.4406061846473677,0.4315944208174224,0.18541685620447262,False,False
7.0160628665982925,0.09639950543973581,0.21729011549260063,45.77659524615437,0.36423871396953694,9.573280708592549,2.2351202291702696,17.060143271282318,1.0791107430954037,11.910709618142484,39.025762518394586,22.323532486205377,2.7274259135673202,5.693496377058868,0.17981907225363664,True,False
7.465786225727891,0.08326652593448826,0.8463656896760687,30.312080226251936,0.8076847721932823,11.285031407257826,1.5340194920030503,18.826651572976857,2.436564706406596,13.660558077232817,41.39773647370456,20.39476232529814,0.6235018165066786,2.4804059556207125,0.17981907225363664,False,False
7.589708342859701,0.0828165583400168,0.6912889791071657,37.208038379925256,0.7422835200333998,11.307329554115567,1.9867877972775265,17.016663787579137,3.3405300434503786,13.660558077232817,42.0450481829405,20.405875047298863,0.2833922341003332,2.5724388025810017,0.6754938248169686,False,False
7.295176355001917,0.10263503574560723,0.1340489713813768,45.79888673863749,0.27147083942624395,9.764231215374986,2.2828602824720265,15.204166835390973,2.277558049562589,11.678196544089575,43.711311968114444,20.10506100771495,5.328541835113827,1.3177514880328864,0.3774122719807623,False,False
7.555567843673973,0.07959030222802617,0.8260869292295829,28.901747216999023,0.7662062630448192,11.272211283950625,2.1987313283229826,18.826651572976857,2.5029113828175054,11.910709618142484,43.728531532745805,20.39476232529814,0.2833922341003332,2.1732222616652415,0.17981907225363664,False,False
7.037777310758473,0.10541800917230358,0.0,58.256273262348195,0.2694902705253357,9.484570242421842,2.0511271547515406,17.060143271282318,1.9980656391989138,11.853848432780808,37.14738691557658,21.725624833971093,3.8624367223770903,5.517796831869328,0.8346973529438723,True,True
7.4184719114324045,0.08593598637357153,0.1637206524400791,51.355281677533,0.3871684679080917,10.197479825138391,1.6455628597128762,17.060143271282318,2.256863088856377,9.599486427655155,42.737021628427605,21.344965213610866,0.2833922341003332,5.693496377058868,1.024631759008473,True,False
7.473913397841776,0.0828925392954256,0.8621253624851531,31.516992765122232,0.8414702707027387,11.376956543490486,2.1415692291172173,17.060143271282318,2.436564706406596,16.084263695026262,40.685458342182656,20.39476232529814,0.2833922341003332,2.7730734639973744,0.2823419617063184,False,False
7.586347975690601,0.0925500080395456,0.24917810741786217,64.28008232037956,0.5396196612606855,11.052558679407898,2.1954025276142,19.725967999656007,2.256863088856377,11.910709618142484,38.45827735348275,20.39476232529814,0.2833922341003332,4.833601814658643,2.136425565805271,False,False
7.188301871703291,0.09280718422870401,0.11994322703889135,47.495180867609214,0.2860119593611923,9.58038370426133,1.971668770931227,15.204166835390973,1.0791107430954037,11.910709618142484,43.25022924842089,20.39476232529814,2.0901125806124865,5.693496377058868,0.3774122719807623,True,False
7.238441578072278,0.10879096126498375,0.0,71.9628901499094,0.1372885608188289,9.465108372870255,2.072773135339922,13.943222522117564,4.675170918649308,11.678196544089575,38.111128096310175,20.39476232529814,3.8624367223770903,5.631859750800558,1.7032231203575936,False,True
7.173067771276046,0.09883375014516849,0.05531853641111522,53.23418262380468,0.2995614833451832,9.647651584852195,1.7310665778727719,16.395457905120224,3.533395469694044,10.37973387620442,40.261870934498326,20.39476232529814,2.7274259135673202,5.631859750800558,0.6754938248169686,False,False
7.394556953684952,0.08554474479476981,0.39847800598704397,41.23666688816295,0.49073925489955955,10.288266911902811,1.9305945971614729,16.395457905120224,5.429906130149788,9.302605174602213,43.776420027139054,18.831702428431175,0.2833922341003332,5.631859750800558,0.3486563496566537,False,False
7.257285778164406,0.08699609457789198,0.5503199446838531,40.130161154076475,0.635174858380643,10.552918863948841,2.201336142485274,17.060143271282318,2.256863088856377,14.177665959929776,39.80671807524375,20.39476232529814,0.2833922341003332,5.693496377058868,0.32695866823043374,False,False
7.469428783685325,0.08578959609433802,0.7964080193356559,32.60627367545029,0.7876508184639178,11.255748800963921,1.4876470676234734,19.725967999656007,2.256863088856377,14.177665959929776,43.39839083969227,16.240830813917835,0.2833922341003332,3.7314722076429367,0.18541685620447262,False,False
7.29133406011463,0.10310891603009605,0.42508710980750947,42.64767663538014,0.538905913667898,10.465710264277671,1.6124899990194728,17.060143271282318,2.256863088856377,16.084263695026262,42.37157611330318,15.309301683451084,3.8624367223770903,2.7730734639973744,0.2823419617063184,False,False
7.263966367527507,0.09579674117013048,0.193899935265888,42.50743624859004,0.29300629465275996,9.684427058553524,2.2767245931572027,13.943222522117564,2.256863088856377,11.910709618142484,44.07755233711411,20.993602354277275,3.8624367223770903,2.7757942848614583,0.17981907225363664,False,False
7.263826780996844,0.09354173560612222,0.5802628511294794,37.196230879940984,0.6249828055441506,10.596515543806873,2.189431418840313,16.43297662985375,1.0791107430954037,16.084263695026262,39.92476500539451,20.993602354277275,2.7274259135673202,2.5724388025810017,0.18541685620447262,False,False
7.262563143125415,0.08551520392018257,0.5697622614665769,37.674737188112175,0.6207190458087016,10.49775196272771,1.9495880860632504,17.060143271282318,1.9980656391989138,13.660558077232817,40.90546254876452,20.39476232529814,0.2833922341003332,5.517796831869328,0.17981907225363664,False,False
7.587748558754832,0.07978545673722741,0.7848273164147825,30.457282459678588,0.7448295994575606,11.236588810467406,1.9709105194266667,17.016663787579137,3.557230563767508,12.47280872043617,43.83203068467923,20.39476232529814,0.2833922341003332,2.1732222616652415,0.2698894224742457,False,False
7.518450477183036,0.08570276532464785,0.5187915401458598,40.14244642102691,0.6020873448993106,10.896344949413898,1.5984396460103856,17.016663787579137,1.0791107430954037,13.660558077232817,43.22782088959915,20.61273162993453,1.1551822451609932,2.5724388025810017,0.6754938248169686,False,False
7.1118266491913245,0.1081878375326735,0.23731766276995608,47.94592678675517,0.41626101838353885,9.950653366114611,1.7760983354597877,17.016663787579137,2.277558049562589,14.177665959929776,38.21191764672241,20.10506100771495,5.328541835113827,2.4887037788272353,0.39388793455007065,False,False
7.07256157417847,0.0972831388566381,0.1602708101169756,48.0578479587968,0.3365704474921002,9.60090950467182,2.0405951866365317,17.060143271282318,1.0791107430954037,11.910709618142484,40.2085530543459,20.993602354277275,2.7274259135673202,5.693496377058868,0.32695866823043374,False,False
7.590463790317631,0.09327794461493065,0.25190919792846,65.5860877564029,0.5425009617493662,11.050672389210781,1.9589172719709949,17.016663787579137,2.277558049562589,14.894212236453388,38.28647814685438,20.10506100771495,0.2833922341003332,4.93830165895749,2.1983328787777254,False,False
7.214890344763962,0.09120708966679575,0.23733204160428129,41.88873105794118,0.3300162456660499,9.71968261776439,1.2383807980123502,15.204166835390973,0.5307325730925379,11.910709618142484,43.21625365328699,22.323532486205377,2.7274259135673202,3.9017620641098465,0.18541685620447262,False,False
7.459876704062999,0.0825242238945186,0.8886677541441239,30.09150774527012,0.849172298698422,11.363165092303566,2.1515632437302394,17.060143271282318,2.436564706406596,16.084263695026262,40.7823834476845,20.39476232529814,0.2833922341003332,2.7730734639973744,0.18541685620447262,False,False
7.188301871703291,0.09280718422870401,0.11994322703889135,47.495180867609214,0.2860119593611923,9.58038370426133,1.971668770931227,15.204166835390973,1.0791107430954037,11.910709618142484,43.25022924842089,20.39476232529814,2.0901125806124865,5.693496377058868,0.3774122719807623,True,False
7.3335565006520635,0.08950634684211319,0.3497573002860182,49.810021756593926,0.5614312333228365,10.553125504519112,2.2496680339911683,17.060143271282318,2.436564706406596,13.660558077232817,39.29773712842835,20.39476232529814,0.2833922341003332,5.928884010421908,0.9379582468295335,False,False
7.611615716725168,0.09270725930970558,0.07821008807334523,70.70121373269812,0.3592484008522201,10.59604445521227,1.8576146729819534,16.43297662985375,2.592300273567571,11.910709618142484,40.381709141505326,20.39476232529814,0.2833922341003332,5.631859750800558,2.3722900267318394,False,False
7.21706664332857,0.10494218363105758,0.17973619514000536,46.47627489234437,0.3345833986124528,9.85708892082055,1.7665102517809117,17.060143271282318,2.277558049562589,11.678196544089575,41.3809409321316,20.10506100771495,5.328541835113827,1.7921460881243827,0.3774122719807623,False,False
7.054206562374455,0.10474098164335352,0.08227182055893356,49.63466109899327,0.27311699701491193,9.396935322982085,1.1953724488277229,15.204166835390973,2.436564706406596,13.660558077232817,41.99546382360161,16.961896601727567,3.8624367223770903,5.693496377058868,0.18541685620447262,False,False
7.4498743049239,0.08372258714313578,0.7204509632822023,35.131121034265746,0.7434722329725072,11.09515574236424,1.8305350679457242,18.826651572976857,3.61801324117808,11.910709618142484,40.79548898632476,20.64242090503456,0.2833922341003332,3.545911170262163,0.3774122719807623,False,False
7.460805761425734,0.08238765066518043,0.8818429211070804,30.11992039815756,0.842376721704172,11.34843764393616,2.1242034040377544,17.060143271282318,2.256863088856377,16.084263695026262,40.962085065234724,20.39476232529814,0.2833922341003332,2.7730734639973744,0.18541685620447262,False,False
7.4184719114324045,0.08593598637357153,0.1637206524400791,51.355281677533,0.3871684679080917,10.197479825138391,1.6455628597128762,17.060143271282318,2.256863088856377,9.599486427655155,42.737021628427605,21.344965213610866,0.2833922341003332,5.693496377058868,1.024631759008473,True,False
7.1680320671335584,0.09656316594824084,0.09674312938750677,48.562592155768016,0.18888946222572478,9.307843073299036,1.9040278067061944,13.943222522117564,1.0791107430954037,11.910709618142484,44.023310273903796,20.56224537494587,3.3208409849058054,4.833601814658643,0.32695866823043374,False,False
7.148619154303527,0.0968999265468153,0.03632299729731018,53.03865910498354,0.2437743292580844,9.482860927562669,1.340462426025019,13.943222522117564,0.5307325730925379,13.512378507982465,40.94417500380386,22.263554265955698,2.936001702539493,5.194441599691406,0.6754938248169686,True,False
6.866021924581358,0.11249244561342397,0.0,56.43157707336201,0.19665200644950492,9.040623868783337,2.3136237123200885,17.060143271282318,2.277558049562589,11.910709618142484,37.2470775691442,20.10506100771495,5.328541835113827,5.693496377058868,0.3774122719807623,False,True
7.414351927335725,0.09149138970087892,0.2904544393595151,50.699439281611475,0.5115328245623036,10.503566504059984,2.2500968473204077,17.016663787579137,6.06463671700567,9.599486427655155,39.13840778061163,21.344965213610866,1.1551822451609932,4.6560260693680755,1.024631759008473,False,False
7.110154870259695,0.09574954223711421,0.09732020627113144,48.5198409290396,0.24666317622103845,9.402597511580035,2.1115200780743666,17.060143271282318,1.0791107430954037,9.89281932929523,42.226443343193154,20.993602354277275,2.7274259135673202,5.693496377058868,0.32695866823043374,False,False
7.326731955683896,0.08337056116629238,0.35035554067266317,41.12552908877805,0.4383873512701685,10.099976171688322,2.2478555616221554,17.060143271282318,2.256863088856377,9.599486427655155,43.786057578539236,20.993602354277275,0.2833922341003332,5.693496377058868,0.32695866823043374,True,False
7.507685502588494,0.09341147349068439,0.0,71.70347107375271,0.19723678511177395,10.047736189781146,2.103852215357523,17.016663787579137,1.0791107430954037,9.302605174602213,40.84520496100484,22.830282409033984,1.1551822451609932,5.517796831869328,2.2531538476541075,False,True
7.892932340308549,0.08566241510561935,0.21595554907944164,60.511598045689084,0.5045698622136519,11.317742286002028,1.806209967005595,17.060143271282318,3.557230563767508,10.37973387620442,42.91392306554192,21.344965213610866,0.2833922341003332,2.1732222616652415,2.2873895138273923,False,False
7.063342689213695,0.09922259635920494,0.07638286545442734,50.07092888585187,0.08580553744630948,8.867387399709939,2.1566942752362235,13.943222522117564,2.256863088856377,9.599486427655155,43.64677298059358,20.993602354277275,3.8624367223770903,5.517796831869328,0.17981907225363664,True,False
7.585986235111236,0.07895983778676285,0.9317992243154565,26.86833064047444,0.8487750442684776,11.540209180019156,1.8072397435459182,17.060143271282318,1.0791107430954037,16.084263695026262,43.47990148276251,20.39476232529814,0.2833922341003332,1.4330093922305724,0.18541685620447262,False,False
7.152351608140076,0.09421772631998143,0.20414145847582627,46.955555695064334,0.36715634329311114,9.775300136439483,1.9142268895183376,17.060143271282318,1.0791107430954037,11.910709618142484,41.394252812529544,20.39476232529814,2.0901125806124865,5.693496377058868,0.3774122719807623,False,False
7.698791315962062,0.09800294339347615,0.025840426781011356,79.562326955081,0.30399840818880786,10.701151978625624,2.1266648536589416,17.016663787579137,2.256863088856377,11.910709618142484,39.63329728540947,20.39476232529814,1.1551822451609932,4.6560260693680755,2.97649558018533,False,False
7.131918114805496,0.09472312491271308,0.1511715109511035,51.137367164643315,0.37082582399678155,9.800892063893574,2.3341073701627826,17.016663787579137,1.0791107430954037,11.910709618142484,38.70413065966067,22.830282409033984,2.0901125806124865,5.693496377058868,0.6754938248169686,False,False
6.950940371370711,0.106679876900333,0.05806950341725156,52.88077823326376,0.29743095556669785,9.383294595526788,2.119769434852167,17.060143271282318,2.277558049562589,12.407931480229339,37.60617877276755,20.39476232529814,4.18251745182044,5.693496377058868,0.3774122719807623,False,False
7.601048955408901,0.10836835436882934,0.0,73.97933681538018,0.09264014173885726,9.983352397881651,2.312696183426572,14.164304829086912,2.436564706406596,11.678196544089575,42.53307050700087,20.39476232529814,5.166043742216686,1.3177514880328864,2.3093058578683396,False,True
7.861030294432956,0.0819464680737468,0.6339480282214651,41.85087521223704,0.7479070100857645,11.825437192171982,1.5051465297694113,19.725967999656007,2.256863088856377,11.910709618142484,44.427456593077366,19.347556350387478,0.2833922341003332,0.7265650700921304,1.3214890456878254,False,False
7.33149723045753,0.08475390536334666,0.4625700304017947,40.46165339691036,0.5473194479928934,10.41360469722469,2.0679591315288857,17.060143271282318,2.277558049562589,11.910709618142484,42.10742048221337,20.64242090503456,0.2833922341003332,5.340943167683594,0.3774122719807623,False,False
7.372580989201975,0.08755417471915013,0.4584643553599641,38.56013125964647,0.5159085667686787,10.44557047591132,2.0126123253254318,17.016663787579137,1.0791107430954037,11.910709618142484,42.19599014518754,22.830282409033984,2.0901125806124865,2.499718444368214,0.3774122719807623,False,False
7.052449988784244,0.09809401179605716,0.08835691115540893,49.183863128853034,0.13949180575770564,9.019081349325644,1.9040118161007171,15.204166835390973,1.0791107430954037,10.17930760269983,43.17433858959133,20.993602354277275,3.490560641681843,5.693496377058868,0.18541685620447262,True,False
7.6347349923475125,0.09007019824071451,0.0,68.31800409638049,0.2759381589640556,10.377889498735586,1.007713632125101,17.060143271282318,2.256863088856377,9.302605174602213,42.98610419521357,20.39476232529814,0.2833922341003332,5.517796831869328,2.1983328787777254,False,True
7.2049706258975625,0.08612810737940137,0.27002773156786913,41.79039251336066,0.36310976881280943,9.7145822106961,2.384859071230314,15.204166835390973,2.436564706406596,10.1040085514141,42.39647980328084,22.830282409033984,1.1551822451609932,5.693496377058868,0.17981907225363664,True,False
7.113231870095246,0.09564295064527946,0.09636356376171966,48.59071127921031,0.24093759944988602,9.384584317133873,1.8353641536557845,16.43297662985375,1.0791107430954037,10.37973387620442,42.36669543771252,20.993602354277275,2.7274259135673202,5.693496377058868,0.32695866823043374,True,False
7.616594202867336,0.09920982425443982,0.0,79.86437984619758,0.037967226262651255,9.868663864135458,2.02961889714107,15.204166835390973,1.0791107430954037,9.302605174602213,42.218763283810866,22.830282409033984,2.7274259135673202,3.9017620641098465,2.735883576389388,False,True
7.492301936187265,0.0799804004097725,0.8059476532145029,30.039710591154293,0.7611649539226726,11.15759627947081,2.3666437707401347,17.016663787579137,2.436564706406596,13.660558077232817,42.26346838464775,21.58149715124789,0.2833922341003332,2.5724388025810017,0.18541685620447262,True,False
7.060945168211035,0.09286083243198559,0.28537631554330817,43.92976729962855,0.40976915568313377,9.731159123645975,2.2765227113147164,17.016663787579137,1.0791107430954037,11.910709618142484,39.19420762827317,22.830282409033984,2.0901125806124865,5.693496377058868,0.18541685620447262,True,False
7.145370087230772,0.09394716236833593,0.14640033365552746,44.88386847335827,0.27548941748344935,9.493031193890648,1.8279928770239477,16.43297662985375,1.0791107430954037,10.37973387620442,43.11524128354737,20.993602354277275,2.7274259135673202,5.0920901272008186,0.17981907225363664,True,False
7.500731597132086,0.08003224430524308,0.7563500730686692,30.678223210064097,0.7179325037252635,11.064134254778935,2.3370922614428866,18.14703600316001,2.436564706406596,11.910709618142484,43.27020476371146,20.993602354277275,0.2833922341003332,2.7730734639973744,0.18541685620447262,False,False
7.441310991142752,0.08422965506551656,0.28975866910406767,43.86153925501364,0.4134209096618482,10.266986044355816,2.130937926401101,17.016663787579137,1.4256130940765461,9.599486427655155,44.04178351375877,22.323532486205377,1.0156648017981937,3.9017620641098465,0.6754938248169686,True,False
7.57867173861069,0.09075304518910425,0.07243866320084388,66.50989385805197,0.3531595476117312,10.51966067410837,1.7042616401761959,17.060143271282318,1.0251524029487797,11.910709618142484,41.7052926237417,20.39476232529814,0.2833922341003332,5.517796831869328,2.1027506926169197,False,False
7.194624237625104,0.09302221304822379,0.15817000716438614,46.595566328832966,0.31352988818347133,9.623866655837862,1.711538751715511,14.379458538338833,2.592300273567571,11.910709618142484,42.6738382450095,20.39476232529814,2.0901125806124865,5.631859750800558,0.32695866823043374,False,False
7.435742274015444,0.08664442706263772,0.19685337224938576,51.00621123990777,0.4171524087440093,10.306127643224945,1.5438797757826572,17.13290884255896,2.256863088856377,10.37973387620442,42.925057375618024,20.39476232529814,0.2833922341003332,5.602650498355278,1.024631759008473,False,False
7.001399841822914,0.1041776872138208,0.07030126670951987,51.13199115433551,0.28543115707565414,9.40855243545615,1.7199216083692546,18.826651572976857,2.592300273567571,9.599486427655155,39.04393018950197,20.116376394890366,3.8624367223770903,5.631859750800558,0.32695866823043374,False,False
7.411327348018579,0.08788472938864146,0.24613963041685877,50.98040320808151,0.468781881409138,10.41513656456171,1.8826410541866296,16.894286158024737,2.277558049562589,11.910709618142484,41.81086479638756,20.10506100771495,0.2833922341003332,5.693496377058868,1.024631759008473,False,False
7.472152774456702,0.08219246167914449,0.9071080677146264,29.385026847765808,0.8585659029339077,11.433374331807638,1.4162619095997617,19.725967999656007,2.256863088856377,13.660558077232817,40.92060061607085,20.39476232529814,0.2833922341003332,2.5724388025810017,0.18541685620447262,False,False
7.499319973177585,0.07894873539765598,0.7543933223110373,30.254337864943107,0.7098316212037656,11.046346122525454,2.1620062763440093,17.016663787579137,1.0791107430954037,13.660558077232817,43.620922347958945,21.58149715124789,0.2833922341003332,2.5724388025810017,0.18541685620447262,True,False
6.931528750705979,0.10197921067746207,0.08384827589937581,49.517873541565656,0.2656473218614734,9.195435366355865,2.033382153081627,15.204166835390973,2.436564706406596,11.910709618142484,37.87692647538553,22.830282409033984,3.8624367223770903,5.693496377058868,0.18541685620447262,True,False
7.432408512913996,0.10496820906172484,0.0,75.01037255766363,0.18405858573160394,9.994713855556558,2.0219123733220257,17.016663787579137,1.0791107430954037,11.910709618142484,39.85061535672392,20.10506100771495,3.1286595697219246,4.6560260693680755,2.2531538476541075,False,True
7.216382669407243,0.10227462644877994,0.5811051032616606,39.5035714019261,0.658729996223735,10.711869095554366,1.8344762806813102,19.725967999656007,1.1142771558169673,16.084263695026262,39.538207262161855,17.069598927028995,3.7098293015244446,2.5724388025810017,0.18541685620447262,False,False
7.563626494871841,0.10537411771583563,0.0,90.50244986655434,0.0,9.723994136724917,2.0049278111900395,16.43297662985375,1.0791107430954037,9.302605174602213,40.7558770991932,20.993602354277275,2.7274259135673202,5.517796831869328,3.1906052535415053,False,True
6.833373552679519,0.11201648267637662,0.028122311852378876,53.64618536835173,0.22832595515235649,9.033584043255528,2.331596716731353,15.204166835390973,2.277558049562589,14.100396110484535,37.10536292846979,20.10506100771495,5.328541835113827,5.693496377058868,0.18541685620447262,False,False
7.383278524471879,0.08578649110968696,0.3117531640381536,45.923712406610434,0.4659923115318668,10.283023992036073,1.883660047830886,16.395457905120224,3.61801324117808,10.37973387620442,42.37362826274486,20.64242090503456,0.2833922341003332,5.631859750800558,0.6754938248169686,False,False
7.305316005791841,0.08333804743617348,0.4546769425798698,38.2833389004675,0.5079710728933228,10.216912880401571,2.1101703963290817,17.060143271282318,3.4995228423808133,9.599486427655155,42.51487410684755,21.344965213610866,0.2833922341003332,5.517796831869328,0.17981907225363664,False,False
6.883353852985689,0.10918142721821866,0.023275093721250355,54.0052788049565,0.24599915555048463,9.166556389572664,2.3084280183351606,17.060143271282318,2.256863088856377,11.910709618142484,36.97027700468938,20.993602354277275,4.787949617462863,5.693496377058868,0.32695866823043374,False,False
7.571704138854377,0.09786070163861027,0.11755484560928675,59.821397631251685,0.4007571200526384,10.625809259307678,1.3251713225979251,18.087559306004188,3.3405300434503786,10.298692432192173,40.96740090350949,20.39476232529814,2.7274259135673202,2.4804059556207125,1.7032231203575936,False,False
7.3228555733716,0.0910847497887652,0.4409220705397641,49.718900428251054,0.6563124158587099,10.865807092027321,2.3782251732007835,21.120385352118696,1.7647901514393138,12.407931480229339,37.60031163833003,20.10506100771495,0.2833922341003332,5.693496377058868,1.024631759008473,False,False
6.865794123422732,0.11252593282436316,0.0,56.42461040423369,0.19831825481576787,9.044234980364028,2.304614394347217,17.060143271282318,2.3216201692194227,11.910709618142484,37.203015449487374,20.10506100771495,5.328541835113827,5.693496377058868,0.3774122719807623,False,True
7.526841827413587,0.0937953135234425,0.21411130864719527,67.10856809184973,0.5026241885576319,10.87969434326041,2.2550273425413825,17.060143271282318,1.0251524029487797,15.43578333778348,38.084636717939894,20.39476232529814,0.2833922341003332,5.517796831869328,2.1983328787777254,False,False
7.478549304022405,0.08211197997682726,0.9008716408972475,29.589440645107626,0.8548975098890695,11.40176230715823,2.1243956891766698,17.016663787579137,2.436564706406596,16.084263695026262,41.026497592804056,20.39476232529814,0.2833922341003332,2.5724388025810017,0.18541685620447262,False,False
7.8769811693655365,0.08905371160574524,0.16418686183318465,65.02322557771234,0.4499538971688507,11.217319015558749,2.184197008723917,17.060143271282318,2.256863088856377,11.678196544089575,43.31391127543392,20.116376394890366,0.6235018165066786,2.4804059556207125,2.470601653320051,False,False
7.803943008838065,0.08589343058611476,0.22054322327194728,54.162893715404785,0.4870992134065941,11.01582011830743,2.230077600209369,13.943222522117564,5.141788538871576,11.678196544089575,44.034899177138165,20.39476232529814,0.6235018165066786,2.4804059556207125,1.7032231203575936,False,False
7.25696008339848,0.0966217960861013,0.026784521749957317,56.54802851050476,0.30499442838104585,9.851432181050612,2.015845853363524,16.894286158024737,1.0791107430954037,11.910709618142484,41.2025917563426,20.10506100771495,2.0901125806124865,5.693496377058868,1.024631759008473,False,False
6.840377072579413,0.11131881666403633,0.034650940842568485,53.162529020115784,0.19725214526256235,8.967745375806103,2.2350525935633168,16.894286158024737,2.277558049562589,11.678196544089575,37.874623442515656,20.10506100771495,5.328541835113827,5.693496377058868,0.148236585919794,False,False
7.212383790352587,0.09258896840895144,0.24904018929292693,43.5227956358512,0.36563889812770306,9.870062644511933,1.8825182375808238,18.33260956694486,0.5307325730925379,9.89281932929523,41.96415939855439,22.323532486205377,2.7274259135673202,3.9017620641098465,0.32695866823043374,False,False
7.451279776720411,0.08623852299981014,0.14812691016260932,51.464603434301424,0.37227391043966773,10.203719142489398,1.7097703092297054,17.060143271282318,2.256863088856377,9.599486427655155,43.976925834323524,20.10506100771495,0.2833922341003332,5.693496377058868,1.024631759008473,True,False
7.213034608954959,0.09522602759706014,0.10822303935280228,51.6170919263141,0.3323469006987033,9.767524964314733,2.019097995965232,14.22764435858994,1.9980656391989138,13.660558077232817,41.25986681719187,20.39476232529814,2.0901125806124865,5.693496377058868,0.6754938248169686,False,False
7.429032098768398,0.08671753074230105,0.17788910611476727,51.396358624808755,0.4027011593942942,10.255589330110364,1.5682527775236261,16.894286158024737,2.277558049562589,10.37973387620442,43.01667359162984,20.39476232529814,0.2833922341003332,5.728962006171469,1.024631759008473,False,False
7.408530878140962,0.08584431546944787,0.16844567522829368,51.32215635182303,0.39168163236896375,10.1955892644159,1.7372265180018165,17.060143271282318,2.256863088856377,9.599486427655155,42.361321201691304,21.720665640347168,0.2833922341003332,5.693496377058868,1.024631759008473,True,False
7.703782846129786,0.08394405704891396,0.3055508766503654,50.14980149509958,0.519632226996629,10.927860146489195,2.370105195100333,13.943222522117564,4.675170918649308,11.678196544089575,42.329280199256246,22.830282409033984,0.6235018165066786,2.4804059556207125,1.4399396347259332,True,False
7.0359770059603886,0.10270719112820809,0.04201231397502396,52.61718100714159,0.18410655268660225,9.172892276215322,2.119858442847358,17.016663787579137,2.0905825335854575,9.624616987412775,41.050726279134835,20.284065040871077,3.8624367223770903,5.693496377058868,0.3774122719807623,False,False
7.205899683260299,0.08599153415006319,0.2632028985308255,41.8188051662481,0.3563141918185593,9.699854762328695,2.344880730839488,15.204166835390973,2.256863088856377,10.1040085514141,42.57618142083106,22.830282409033984,1.1551822451609932,5.693496377058868,0.17981907225363664,True,False
7.317597021907226,0.08542529533793615,0.42337702443424846,41.46169617611652,0.5202123398298854,10.323043851158417,2.157008204206359,16.894286158024737,2.277558049562589,11.910709618142484,42.458084283415275,20.10506100771495,0.2833922341003332,5.693496377058868,0.3774122719807623,False,False
7.8716880563126805,0.08660989044850151,0.252330796595241,60.48265027542295,0.5429457483428202,11.458888350978294,2.2722085313184057,18.826651572976857,1.0791107430954037,11.910709618142484,43.02031198650366,20.39476232529814,0.2833922341003332,2.1732222616652415,2.3118392582178875,False,False
7.303263472841255,0.08598861009416163,0.4599280322676197,41.28225653177788,0.5562182703599515,10.393779634960529,2.1778930490649455,17.060143271282318,2.9459139332994746,11.910709618142484,41.33416996883762,20.39476232529814,0.2833922341003332,5.693496377058868,0.3774122719807623,False,False
7.658000648691983,0.09167485412080906,0.23887607292212273,49.942302673025075,0.4463353382750327,10.810980143597943,1.81273886779205,17.060143271282318,1.0791107430954037,11.910709618142484,44.18095398385525,20.993602354277275,2.7274259135673202,0.7265650700921304,1.3214890456878254,False,False
7.0451895755909435,0.10046716502601077,0.31112789466716495,47.92802308473325,0.49387584813482,9.983427570412896,1.5360348418739038,16.395457905120224,2.277558049562589,15.27520916688834,36.920314616782065,20.39476232529814,2.7274259135673202,5.631859750800558,0.3774122719807623,False,False
7.246023505112711,0.08933882007425029,0.18640942044635608,45.56176852495723,0.32860025400012094,9.747723319083354,2.342541486140309,15.204166835390973,1.0791107430954037,11.910709618142484,43.899735644386006,20.39476232529814,1.4406061846473677,5.693496377058868,0.3774122719807623,True,False
7.245807669790866,0.10885888743200321,0.0,71.98743530333905,0.13394440308539884,9.466509237677077,2.025193543906248,13.943222522117564,4.675170918649308,11.678196544089575,38.38951402671795,20.116376394890366,3.8624367223770903,5.631859750800558,1.7032231203575936,False,True
7.3986140079736025,0.1003650376572493,0.0,59.979405174158885,0.2559623215881214,9.998437968445776,1.8205384738015709,17.060143271282318,2.256863088856377,9.599486427655155,40.37840964348814,22.830282409033984,3.8624367223770903,2.5724388025810017,1.4399396347259332,False,True
7.290167400463587,0.08402108820015684,0.4945400255664635,38.08596787469554,0.5472158836299263,10.303304059534607,1.9698600005272706,17.060143271282318,3.61801324117808,10.37973387620442,41.616136259501026,21.344965213610866,0.2833922341003332,5.517796831869328,0.17981907225363664,False,False
7.685208280947587,0.08654838930669413,0.4114426974134866,49.298629472533435,0.6192266389105072,11.269513337816917,1.8226058989517493,18.826651572976857,2.436564706406596,11.678196544089575,42.11997744437551,20.39476232529814,0.6235018165066786,2.4804059556207125,1.4399396347259332,False,False
7.0263538987534595,0.10305232222993299,0.09316119397306533,51.02096606906271,0.307967282766816,9.49267521419642,1.6336880641310956,17.060143271282318,2.0905825335854575,11.910709618142484,39.10158621266974,20.284065040871077,3.6577042195988416,5.517796831869328,0.3774122719807623,False,False
7.478241754084287,0.08129736989636616,0.8623785698482045,29.571241468667175,0.8140281472092508,11.33685162322969,1.736316480123438,19.725967999656007,1.0791107430954037,13.660558077232817,42.09835296183183,20.39476232529814,0.2833922341003332,2.5724388025810017,0.18541685620447262,False,False
7.194733896712766,0.09006501266141775,0.43204507553172355,41.033741312134865,0.5232626696384374,10.153992670118406,1.853706495631672,15.204166835390973,2.277558049562589,14.568214234698283,40.8165021781597,20.10506100771495,1.1551822451609932,5.693496377058868,0.17981907225363664,False,False
7.584393943801399,0.09182280855381543,0.09051307735439851,67.0533413670822,0.3722280545437313,10.518601084318869,2.273437177873472,15.204166835390973,3.8517751866071333,11.910709618142484,40.558946730785145,20.39476232529814,0.2833922341003332,5.693496377058868,2.1027506926169197,False,False
7.075937604455871,0.09709208854640206,0.14895386146012624,48.0062286176602,0.3238959605816776,9.588117914167487,2.0888836180062635,18.826651572976857,1.0791107430954037,9.89281932929523,40.45993504149861,20.993602354277275,2.7274259135673202,5.693496377058868,0.32695866823043374,False,False
7.212806359838311,0.09204065959273793,0.048485586162601645,52.137625622376156,0.19559453231968432,9.418010837544411,1.5552382687993815,15.204166835390973,0.5307325730925379,10.37973387620442,43.114145679764135,22.323532486205377,2.140334973725034,5.631859750800558,0.6754938248169686,True,False
7.176534809792779,0.0865971040894444,0.30516423268205073,41.641683452802006,0.3980610260450912,9.795431022383395,1.9254317351080439,15.204166835390973,1.0791107430954037,12.050574529238276,41.80177000481703,22.830282409033984,1.1551822451609932,5.693496377058868,0.18541685620447262,True,False
7.290063745434,0.08792899555441588,0.5568929122658214,40.87857933371197,0.6527674905664341,10.60302215501547,2.3350531544452546,17.060143271282318,5.499052696791888,11.910709618142484,38.78103120534521,20.39476232529814,0.2833922341003332,5.693496377058868,0.3774122719807623,False,False
7.318705919911703,0.09353483762175055,0.5252864578942236,39.21585469626294,0.595743979400082,10.559239504361734,1.7705098420072378,17.060143271282318,4.675170918649308,11.678196544089575,39.107866310716666,21.943832417843662,2.7274259135673202,2.4804059556207125,0.32695866823043374,False,False
7.095161640411839,0.09827578054987865,0.19832291434974525,47.790855142921444,0.3729131984199447,9.715106674121959,1.78671910780004,17.060143271282318,2.256863088856377,11.910709618142484,39.96966329423014,20.116376394890366,2.7274259135673202,5.631859750800558,0.32695866823043374,False,False
7.147099186174024,0.11103965191513535,0.0,62.35977084699153,0.09123283199717347,9.233245439995118,2.1788779534192106,17.060143271282318,2.0905825335854575,9.599486427655155,40.58506637917012,20.284065040871077,5.670236328124785,3.685788260302611,1.024631759008473,False,True
7.433418181122163,0.0901956485986889,0.2176770201616624,55.54425800732029,0.5037472452824288,10.599325769826724,2.37107765719847,17.060143271282318,2.256863088856377,13.143414966319678,40.1004341615817,20.10506100771495,0.2833922341003332,5.693496377058868,1.3571948930857654,False,False
7.5248471250101785,0.08576821896143116,0.2677214725187684,49.22781911678959,0.46659234317401865,10.485244743497272,2.182477793605965,13.943222522117564,4.675170918649308,11.910709618142484,42.93450880802506,20.39476232529814,0.2833922341003332,4.833601814658643,1.024631759008473,False,False
7.741648948453688,0.08808437090039126,0.3547620644187267,53.277192436471644,0.6160869040029429,11.327771146312383,0.9039127677531931,17.060143271282318,4.675170918649308,11.910709618142484,41.15208297414277,20.39476232529814,0.6235018165066786,2.4804059556207125,1.7032231203575936,False,False
7.596702367587475,0.09274887159525519,0.08561953294274534,69.80601254421892,0.3670653651894373,10.59727279791917,1.7850839948647599,16.894286158024737,2.277558049562589,11.910709618142484,40.53082737359447,20.10506100771495,0.2833922341003332,5.693496377058868,2.3046691818015623,False,False
7.789173349348689,0.08572945575224208,0.19793179729594315,54.742423403665924,0.4714971856101744,10.95829736452582,2.287277104245354,13.943222522117564,4.675170918649308,11.910709618142484,44.32785266236512,20.10506100771495,0.4805877597856303,2.854172390867356,1.7032231203575936,False,False
6.99082029305218,0.10457708757757825,0.09518694909491118,51.10981340191839,0.3113697207509484,9.450828024204004,1.7449191656575997,17.060143271282318,2.436564706406596,12.047257090928355,38.518403395084285,20.116376394890366,3.8624367223770903,5.631859750800558,0.32695866823043374,False,False
7.3888957379376805,0.0897292350461184,0.3463930725999374,50.54019211223136,0.5682802589925635,10.623027369501981,2.077012497286737,17.016663787579137,4.675170918649308,11.910709618142484,39.00117298016326,20.39476232529814,0.2833922341003332,5.693496377058868,1.024631759008473,False,False
7.3744011650958,0.08475348121444042,0.2776621002603654,46.06342391006053,0.43201585734319875,10.178877033938797,2.1099628234632224,16.395457905120224,3.3405300434503786,9.599486427655155,42.49228266280849,21.58149715124789,0.2833922341003332,5.631859750800558,0.6754938248169686,True,False
6.937944588099076,0.10877192891184588,0.00712446318827391,55.20175589027185,0.18665137205740107,9.053349278927564,2.309826334939911,15.204166835390973,3.1294987777807055,11.910709618142484,38.50200417688521,20.39476232529814,4.787949617462863,5.693496377058868,0.3774122719807623,False,False
7.372818596615233,0.08529642468385004,0.3157940978902115,45.53175842317382,0.4646737177273158,10.31201036221118,2.2588671279824486,17.016663787579137,1.0251524029487797,11.910709618142484,43.17602897524483,20.39476232529814,0.2833922341003332,5.517796831869328,0.6754938248169686,False,False
7.530479811251172,0.08189754361673124,0.7904838868601767,32.545811431170904,0.7805398216908265,11.321654911227725,1.9043558658925435,19.725967999656007,2.6586843869425825,11.910709618142484,42.07663236129869,20.39476232529814,0.2833922341003332,2.5724388025810017,0.3774122719807623,False,False
7.461608822500914,0.08784183659035491,0.16363613008290712,53.87848211240554,0.42301195178062656,10.359985739492416,1.7664243737538086,16.395457905120224,3.61801324117808,10.37973387620442,41.8327478730954,20.64242090503456,0.2833922341003332,5.631859750800558,1.2163742144664296,False,False
7.187397589810166,0.10478834459513928,0.0912454746799162,48.96987147945619,0.2096236802285234,9.478669413618444,1.7305363194090846,17.016663787579137,2.256863088856377,9.599486427655155,42.74353277851879,20.10506100771495,5.328541835113827,2.5724388025810017,0.3774122719807623,False,False
7.618533917399182,0.08035628057817158,0.791663733404422,30.51162821637037,0.752815952081039,11.260497510687468,2.222111628389353,17.13290884255896,6.192134983879803,10.37973387620442,43.46365737140204,20.10506100771495,0.2833922341003332,2.1732222616652415,0.2698894224742457,False,False
6.994293229832915,0.10433673826892281,0.08217340695988323,51.1694883949242,0.2984902596402083,9.422681114119834,1.7084720965899405,17.060143271282318,2.256863088856377,11.910709618142484,38.83465248542037,20.116376394890366,3.8624367223770903,5.631859750800558,0.32695866823043374,False,False
7.212463791389111,0.08854459156640399,0.5158979577273213,40.98181788576511,0.6109880238287583,10.46233641188941,1.9227253065992191,19.39965056282386,2.256863088856377,11.678196544089575,39.02773058815693,20.993602354277275,0.6235018165066786,5.693496377058868,0.32695866823043374,False,False
7.141210599881213,0.09712536840419252,0.10236606910337784,48.540506300073574,0.2823544367861893,9.509892336299743,1.5478157830369346,15.204166835390973,2.256863088856377,11.910709618142484,42.352678193875825,19.527701304877716,2.7274259135673202,5.693496377058868,0.32695866823043374,False,False
7.264216011796505,0.08550343109158132,0.5662568496467085,37.76970588988377,0.6183732764959048,10.493982212891858,1.9410309741231127,17.016663787579137,1.9980656391989138,13.660558077232817,40.943344248516865,20.39476232529814,0.2833922341003332,5.517796831869328,0.18541685620447262,False,False
7.62449087638791,0.07828306609739595,0.695236949375974,30.90269057044874,0.6566547763414772,11.043096080272619,2.3422446099603826,17.13290884255896,3.557230563767508,10.37973387620442,45.808860473931155,20.39476232529814,0.2833922341003332,2.1732222616652415,0.2698894224742457,True,False
7.2355451847137315,0.0987575890293938,0.2941450773342392,41.015314865371266,0.3775157622821774,9.912105033791816,2.3824904261095763,15.204166835390973,2.436564706406596,12.050574529238276,41.18729355822995,22.830282409033984,4.787949617462863,1.3177514880328864,0.18541685620447262,False,False
7.318367345052175,0.09951680444643253,0.34851580771933705,46.79929052463399,0.5172459244671571,10.446670407227222,1.357687726958179,16.395457905120224,3.61801324117808,13.660558077232817,39.22408511726732,20.39476232529814,3.459190706505443,2.5724388025810017,0.6754938248169686,False,False
7.346783875616268,0.08367486902308509,0.49635833792709105,39.386652378055814,0.5676571262106188,10.48111579635509,2.207968245343108,17.016663787579137,2.436564706406596,11.678196544089575,41.68797164563822,21.58149715124789,0.2833922341003332,4.93830165895749,0.3774122719807623,False,False
7.278392971163002,0.09269846580458745,0.20668023926275772,44.02044362682711,0.3280361080704419,9.799680117967405,1.8530130966334668,15.204166835390973,2.256863088856377,11.012229496987302,43.57699157858047,20.993602354277275,2.7274259135673202,3.9017620641098465,0.32695866823043374,False,False
7.3028143891545945,0.08805700489749135,0.46745774280300456,44.91731980306089,0.6159287017576599,10.618758584595279,1.5341459319024418,19.467078133636157,3.61801324117808,10.53625114846953,38.4490046023275,21.344965213610866,0.2833922341003332,5.625801601860567,0.6754938248169686,False,False
7.953354047207444,0.09446479666678853,0.2964788984773911,77.81480017303483,0.5895219958284885,11.858024949159967,1.7823060955029955,17.060143271282318,2.256863088856377,16.084263695026262,37.88473406568135,20.39476232529814,0.2833922341003332,2.5724388025810017,3.4634025171742158,False,False
6.939820752914708,0.10076027031409004,0.08042522180757014,49.77146152218833,0.2049955884958986,9.063990270186551,1.8532006609638416,15.204166835390973,0.8326958072328461,11.910709618142484,39.48079537455928,22.830282409033984,3.8624367223770903,5.693496377058868,0.18541685620447262,True,False
7.826286510880638,0.08457936881906283,0.3451845436724042,51.806082338612086,0.5850326820588778,11.338665621798611,1.41332747111894,17.13290884255896,4.675170918649308,10.37973387620442,43.25758642116601,20.39476232529814,0.2833922341003332,2.1732222616652415,1.7032231203575936,False,False
7.188450526309441,0.09505269031532632,0.357831037879471,43.782768235966266,0.4841154882061073,10.133944559209631,1.7704334754135753,17.060143271282318,2.277558049562589,12.407931480229339,38.924234463062454,22.323532486205377,2.7274259135673202,3.9017620641098465,0.3774122719807623,False,False
7.490994008273191,0.08687351003768677,0.1019002982573526,54.62033214529089,0.36844526424469176,10.291203431405421,1.427459791724409,17.313867449793737,2.0905825335854575,9.624616987412775,43.4997735840116,20.39476232529814,0.2833922341003332,5.517796831869328,1.2752080539286375,False,False
7.576286737059956,0.09317606884645491,0.09383456732668816,68.33342531550879,0.3757322264644969,10.584858017401492,1.7404172400124687,17.060143271282318,2.256863088856377,11.910709618142484,40.470505543571186,20.10506100771495,0.4805877597856303,5.517796831869328,2.1983328787777254,False,False
7.485651976576846,0.09999569582589997,0.0,59.03171695281686,0.2503396401499468,10.100733664694303,1.5360660454372494,17.060143271282318,2.256863088856377,9.599486427655155,42.64762502348824,20.993602354277275,3.8624367223770903,2.139903477337614,1.4399396347259332,False,True
7.456093792112923,0.08746410680585792,0.2033198798326328,51.459338025260166,0.43042750925729606,10.301709413706783,2.2864940534047427,13.943222522117564,4.675170918649308,11.910709618142484,42.36431556320802,20.10506100771495,0.2833922341003332,5.693496377058868,1.024631759008473,False,False
7.806355421934614,0.08553880119474584,0.20282169469822892,54.23667070559151,0.4694536517899435,10.977578465267078,2.353770127443386,13.943222522117564,4.675170918649308,11.678196544089575,44.50151679736043,20.39476232529814,0.6235018165066786,2.4804059556207125,1.7032231203575936,False,False
7.7769097469165755,0.09281045390151427,0.1386587120141632,57.540765885084575,0.42302169910978304,10.872769860836806,2.201640200760277,15.204166835390973,4.63427446117985,12.050574529238276,45.782372526614694,16.330609951703895,1.4406061846473677,2.854172390867356,1.7032231203575936,False,False
7.367981888753427,0.08728520109418696,0.46808269683625225,40.63160585756986,0.5555555877441579,10.495128271245072,1.8413791277788525,17.016663787579137,1.9980656391989138,13.660558077232817,44.363147876952,16.657717339647498,0.2833922341003332,5.693496377058868,0.32695866823043374,False,False
7.106938610157243,0.10411565574553355,0.3706541743521919,42.930143096789024,0.4855017444995726,10.076579547950752,2.154750760137745,19.725967999656007,3.61801324117808,10.37973387620442,37.469589517874894,21.344965213610866,4.709472276641096,2.5724388025810017,0.17981907225363664,False,False
7.608662212288879,0.12210001349107474,0.0,107.98756158368593,0.0,9.772900196731872,2.378888909849606,15.204166835390973,2.3216201692194227,11.910709618142484,37.06888393267967,20.10506100771495,5.328541835113827,3.9017620641098465,4.1592545376288275,False,True
8.146640732356715,0.09660049389992592,0.05105822061148898,81.44368515296824,0.33060318067996175,11.473005774659613,1.7730248748523292,17.060143271282318,2.277558049562589,12.050574529238276,45.17304653730641,17.068051151402322,1.4406061846473677,1.3177514880328864,3.612268788527834,False,False
6.873449999005683,0.11140050430539931,0.0,56.65874420932791,0.14231946069479934,8.922873784728782,2.3206365732078043,17.060143271282318,0.8407931705827578,11.910709618142484,38.68384244812403,20.10506100771495,5.328541835113827,5.693496377058868,0.3774122719807623,False,True
7.5157025003327105,0.08236969850796698,0.8367875788317368,31.699678606260548,0.8173405204592488,11.387958830613515,1.4746365873390717,18.826651572976857,2.592300273567571,13.660558077232817,41.62132397642062,20.116376394890366,0.2833922341003332,2.5724388025810017,0.32695866823043374,False,False
6.897876973968571,0.10736959947058075,0.04447384482945649,52.43482495261407,0.18289778541610036,8.96622745356525,2.2282543495070004,15.204166835390973,2.436564706406596,11.910709618142484,38.78809363505647,20.993602354277275,4.787949617462863,5.693496377058868,0.18541685620447262,False,False
7.68135073180821,0.0986174849563735,0.009260779722835935,73.22678261254312,0.28650688054243284,10.618113726318894,1.1214863885658848,17.060143271282318,1.0791107430954037,11.910709618142484,41.08579263107942,20.993602354277275,2.337207714894047,2.9349662632999056,2.5984674039291518,False,False
7.015027722081617,0.10201033778173134,0.06445349934577548,50.954684672487964,0.1024044922811429,8.875671939391982,2.1057290208818706,15.204166835390973,2.436564706406596,9.141264957841662,42.29519998199669,20.993602354277275,4.248731310427407,5.495052997454929,0.18541685620447262,False,False
7.700911458507282,0.0885592583401996,0.39800550156067893,52.82805027887184,0.6553125398757158,11.439905871308714,1.9007468753531538,19.701481697473728,2.6586843869425825,11.910709618142484,40.52723107965808,20.39476232529814,0.6235018165066786,2.4804059556207125,1.7032231203575936,False,False
7.249498322539872,0.09681472581859539,0.2905139856521744,41.38619924162505,0.37896668932458644,9.950827914353548,1.8947679735180882,16.894286158024737,1.0791107430954037,11.910709618142484,43.121958365404055,20.39476232529814,3.8413171312497103,2.5724388025810017,0.18541685620447262,False,False
6.883353852985689,0.10918142721821866,0.023275093721250355,54.0052788049565,0.24599915555048463,9.166556389572664,2.3084280183351606,17.060143271282318,2.256863088856377,11.910709618142484,36.97027700468938,20.993602354277275,4.787949617462863,5.693496377058868,0.32695866823043374,False,False
7.383570933606522,0.08892217819159061,0.34824387742046614,50.05854417613916,0.5633737560979385,10.639169915818401,2.1540396254562397,17.060143271282318,2.256863088856377,13.660558077232817,39.80185241235222,20.39476232529814,0.2833922341003332,5.517796831869328,1.024631759008473,False,False
7.532557227362276,0.08159215943018575,0.7752232380827657,32.60934346399813,0.7653445908058777,11.288723641597752,2.059056254975482,19.725967999656007,2.256863088856377,11.910709618142484,42.4784536593849,20.39476232529814,0.2833922341003332,2.5724388025810017,0.3774122719807623,False,False
7.49761331618313,0.0958833200802759,0.0,72.86482290429566,0.1305776502728347,9.825926126335768,1.8859781565969969,15.204166835390973,2.436564706406596,9.302605174602213,41.47831741530427,22.17051415788349,1.6917019997654048,5.517796831869328,2.1983328787777254,False,True
7.0314633653768315,0.10324642680796779,0.19519338314432638,50.1670104630523,0.4034501426069037,9.710271132258088,2.059502660600358,17.068519501585815,4.675170918649308,11.486981476345768,36.97546173811301,20.39476232529814,3.3281953909683346,5.693496377058868,0.3774122719807623,False,False
6.937002196579602,0.10725433141873371,0.049500652767009067,52.06242707642697,0.1789024048562674,9.008497743217283,2.2312376420319704,15.204166835390973,2.436564706406596,11.910709618142484,39.852334526808335,20.10506100771495,4.787949617462863,5.517796831869328,0.18541685620447262,False,False
7.478241754084287,0.08129736989636616,0.8623785698482045,29.571241468667175,0.8140281472092508,11.33685162322969,1.736316480123438,19.725967999656007,1.0791107430954037,13.660558077232817,42.09835296183183,20.39476232529814,0.2833922341003332,2.5724388025810017,0.18541685620447262,False,False
7.4671998551104455,0.10004397404355421,0.0,58.84183928736101,0.19301586886776195,9.873106805647977,1.9744457073117585,13.943222522117564,2.3216201692194227,11.678196544089575,43.91488301193264,20.39476232529814,3.9489370021663612,2.4804059556207125,1.3179724695555952,False,True
7.206704971495251,0.09790322868953455,0.17000977601393674,50.90116918053873,0.3873365208407675,9.906987001816368,2.052483803943897,16.395457905120224,4.675170918649308,10.37973387620442,38.73161859573523,21.58149715124789,2.7274259135673202,4.833601814658643,0.6754938248169686,False,False
7.131918114805496,0.09472312491271308,0.1511715109511035,51.137367164643315,0.37082582399678155,9.800892063893574,2.3341073701627826,17.016663787579137,1.0791107430954037,11.910709618142484,38.70413065966067,22.830282409033984,2.0901125806124865,5.693496377058868,0.6754938248169686,False,False
7.290167400463587,0.08402108820015684,0.4945400255664635,38.08596787469554,0.5472158836299263,10.303304059534607,1.9698600005272706,17.060143271282318,3.61801324117808,10.37973387620442,41.616136259501026,21.344965213610866,0.2833922341003332,5.517796831869328,0.17981907225363664,False,False
7.565075370760357,0.08905047847473557,0.055324165741825665,62.14940353421102,0.335103752792467,10.395496523827267,1.7830816141537122,18.826651572976857,2.436564706406596,8.026839686169284,42.718095957400664,20.39476232529814,0.2833922341003332,5.517796831869328,1.7958966857787988,False,False
7.11125582369859,0.1075467208235349,0.30033230019606694,46.390103157900555,0.4605851260559197,10.087185762345785,2.216095684110734,19.597410867392515,2.436564706406596,11.910709618142484,37.24855251649173,20.993602354277275,5.328541835113827,2.107205830194814,0.3774122719807623,False,False
7.3153097688883415,0.08425293770490513,0.4825897322444486,38.16974680579589,0.5358014118833693,10.308085571961,1.7861558124456098,17.060143271282318,3.61801324117808,10.37973387620442,42.56633914781375,20.39476232529814,0.2833922341003332,5.517796831869328,0.17981907225363664,False,False
7.079868265073593,0.09747486255088937,0.14645437623832247,48.799873009698366,0.3325612172048993,9.608088536458517,2.0368506535020243,17.060143271282318,1.0791107430954037,11.910709618142484,40.15809945059557,20.993602354277275,2.7274259135673202,5.693496377058868,0.3774122719807623,False,False
7.419619109182821,0.09133396824391393,0.2829962494280995,54.59305564597235,0.5591130507238099,10.756878054147455,2.0464354361787915,19.725967999656007,2.256863088856377,11.910709618142484,39.460525286110624,19.347556350387478,0.2833922341003332,5.693496377058868,1.3214890456878254,False,False
6.995627831419655,0.09749969102180313,0.1718204688325104,46.83270256044305,0.33130815953322296,9.457147765346107,2.116665321743622,15.204166835390973,0.5307325730925379,13.86074283003384,39.20778233397165,22.323532486205377,2.9941297080422884,5.693496377058868,0.18541685620447262,True,False
7.330771888811899,0.08966451533235066,0.22482812146108716,48.06262273636784,0.40474640810875784,10.081302966166799,1.6111873861409205,16.395457905120224,3.3405300434503786,10.37973387620442,42.218064854971466,20.39476232529814,1.0781603382690768,5.517796831869328,0.6754938248169686,False,False
7.185135345878808,0.10420849611073472,0.30166591443804225,45.25556923474673,0.4458353004896446,10.119602262120143,1.5391538692228832,18.826651572976857,2.256863088856377,11.910709618142484,39.27242924361728,20.39476232529814,4.787949617462863,2.1732222616652415,0.3774122719807623,False,False
7.549553377670988,0.08881717017293678,0.03944433053657873,61.44469904725693,0.31835052665093144,10.300275752744861,1.1785919084900804,17.060143271282318,2.256863088856377,9.599486427655155,43.2983344729744,20.10506100771495,0.2833922341003332,5.693496377058868,1.7032231203575936,False,False
7.861030294432956,0.0819464680737468,0.6339480282214651,41.85087521223704,0.7479070100857645,11.825437192171982,1.5051465297694113,19.725967999656007,2.256863088856377,11.910709618142484,44.427456593077366,19.347556350387478,0.2833922341003332,0.7265650700921304,1.3214890456878254,False,False
7.270605833945983,0.10232413487975175,0.31315299414563685,41.115055974950124,0.398989518076408,10.04606342343332,2.2540576462188406,15.204166835390973,2.277558049562589,13.660558077232817,42.16945931073263,20.39476232529814,5.328541835113827,0.7795367104645594,0.18541685620447262,False,False
7.16288360786213,0.09317412515025834,0.1907537785623948,44.69261183668846,0.3208059749250553,9.61097692105263,2.072196227309703,17.016663787579137,2.436564706406596,9.599486427655155,42.80330999665508,20.10506100771495,2.1600008407257407,5.693496377058868,0.18541685620447262,False,False
6.974355171646225,0.10455228911942814,0.03171455037106347,53.38006380338759,0.18728991791953076,9.142052510174942,2.379129266839119,16.894286158024737,0.1332913930595363,11.91859764353622,40.4056363792213,20.39476232529814,4.18251745182044,5.693496377058868,0.3774122719807623,False,False
6.995922194847339,0.10429418043744901,0.0659461664902285,51.290113939727874,0.28308833773835074,9.395292260077252,1.7345040686433706,18.826651572976857,2.592300273567571,9.599486427655155,38.98229356324366,20.116376394890366,3.8624367223770903,5.693496377058868,0.32695866823043374,False,False
7.093801096514628,0.10276769636597348,0.0,57.418400794642544,0.10661923874640111,9.075056114596935,1.826983714254704,14.331247338112897,1.0791107430954037,11.910709618142484,42.16344033552521,20.284065040871077,3.8624367223770903,5.693496377058868,0.6754938248169686,True,True
7.250875466524511,0.09986237373714166,0.23618465341161704,42.24484645799227,0.33387715631870396,9.820758959638862,1.8688780611231939,15.204166835390973,2.436564706406596,11.910709618142484,42.7601707426962,20.993602354277275,4.787949617462863,1.721419269419144,0.18541685620447262,False,False
7.461992890880741,0.08968583006553593,0.1845939083049632,55.25430601664749,0.4647153838335523,10.525775995585649,1.9818080634396267,17.060143271282318,2.256863088856377,12.407931480229339,41.629128152397456,19.347556350387478,0.2833922341003332,5.693496377058868,1.3214890456878254,False,False
7.3277292972734065,0.08747189154428328,0.41195511550693686,41.79918037923226,0.5129683060220493,10.230844456072019,2.132708836296603,15.282438512339462,7.002359248454917,9.599486427655155,41.138633250714655,20.39476232529814,0.6235018165066786,5.631859750800558,0.32695866823043374,False,False
7.217738738412748,0.09082004928701802,0.2669642029278362,45.04768617808043,0.4062645522101731,9.944097556186122,1.9330688694712643,17.060143271282318,1.0791107430954037,11.910709618142484,42.33346052607785,20.10506100771495,1.4406061846473677,5.693496377058868,0.3774122719807623,False,False
7.188301871703291,0.09280718422870401,0.11994322703889135,47.495180867609214,0.2860119593611923,9.58038370426133,1.971668770931227,15.204166835390973,1.0791107430954037,11.910709618142484,43.25022924842089,20.39476232529814,2.0901125806124865,5.693496377058868,0.3774122719807623,True,False
7.423512605521677,0.08275299466154477,0.7655647527999562,33.27649022959066,0.764655661820647,11.079347698621172,1.5702306379220536,17.016663787579137,3.557230563767508,13.660558077232817,40.21182602008964,21.58149715124789,0.2833922341003332,3.4189427435084365,0.2698894224742457,False,False
7.308163811868518,0.09637259632996381,0.15910193084856386,44.76416043285719,0.28843219227048383,9.795207662828215,2.0485266278309573,15.204166835390973,1.0791107430954037,11.910709618142484,44.59896268113415,20.39476232529814,3.8624367223770903,2.5724388025810017,0.3774122719807623,False,False
7.356841298662322,0.10372311130621373,0.1357959817739216,59.17237533579008,0.4200015187063282,10.399265233078388,1.9629678001139086,17.016663787579137,2.256863088856377,13.660558077232817,37.609602735399754,21.58149715124789,3.8624367223770903,2.5724388025810017,1.4399396347259332,False,False
7.482051568646893,0.11130248664602065,0.0,77.72118834604987,0.1817951788153977,10.11930737745566,1.615116670240228,17.0178592385925,2.256863088856377,11.910709618142484,38.75805056181236,20.10506100771495,4.638394725494328,2.854172390867356,2.4588893685196447,False,True
7.355073066187233,0.08639044528237148,0.3397746507022006,45.83752832793539,0.4943276407787475,10.35292954333766,2.037283151279849,17.060143271282318,2.256863088856377,11.638083209206972,41.99776566938002,20.39476232529814,0.2833922341003332,5.693496377058868,0.6754938248169686,False,False
6.9069505728045915,0.1062942187851394,0.042377670989099246,52.59011449141592,0.13244362765363182,8.859953358548992,2.2487555437659705,15.204166835390973,1.0791107430954037,11.910709618142484,40.16867758425383,20.993602354277275,4.787949617462863,5.670366391172703,0.18541685620447262,True,False
7.3975636982412825,0.08354403767995393,0.802897379176365,32.1415543135763,0.7878790693144966,11.134336594286129,1.7036528341522779,18.826651572976857,2.436564706406596,13.660558077232817,40.63006991033549,20.39476232529814,0.2833922341003332,3.588182101396126,0.17981907225363664,False,False
7.2717348676012925,0.08580650106262606,0.34098132332171105,40.64109680911685,0.42159879841538983,9.964638363979635,2.3421739779448214,15.204166835390973,1.9980656391989138,11.910709618142484,43.82842076194511,20.39476232529814,0.7849615867610381,5.693496377058868,0.18541685620447262,True,False
7.415367704199092,0.12157175186899938,0.0,99.81191178636328,0.0,9.60635980535678,1.9305171340009055,16.894286158024737,2.277558049562589,11.910709618142484,37.08160727360694,17.93423372695004,4.787949617462863,5.693496377058868,3.420159179191469,False,True
6.93269978707161,0.10706751703841413,0.0034611390167535103,55.473143649304326,0.1163077856067079,8.88229628060326,2.2446441558876398,15.204166835390973,1.0791107430954037,11.910709618142484,39.953552182591366,20.993602354277275,4.787949617462863,5.693496377058868,0.3774122719807623,True,False
7.450852792729931,0.10084675585379291,0.0,60.153474278347055,0.2322462530538424,10.008372609217568,1.4730446715484526,17.060143271282318,2.256863088856377,9.599486427655155,42.35266454735538,20.856027505166747,3.8624367223770903,2.5724388025810017,1.4399396347259332,False,True
7.662905868203723,0.10390148973222574,0.05965281174307641,64.8852869272396,0.3396704743237865,10.693924557724403,1.8771869112982837,17.060143271282318,2.256863088856377,12.407931480229339,41.964873406319995,19.347556350387478,4.18251745182044,0.7265650700921304,2.053549881011925,False,False
7.184455959799679,0.10347820233535802,0.5012497441268652,42.64876183547788,0.6192729471051422,10.599608940831649,1.9723396763666892,21.458252989179954,2.277558049562589,12.407931480229339,36.99773072804434,20.10506100771495,4.18251745182044,2.193536021467627,0.3774122719807623,False,False
7.278092032231569,0.08487192210177316,0.4931604711512936,38.53909840056009,0.5522134420031575,10.324716928564944,2.169487908170434,17.060143271282318,2.436564706406596,11.910709618142484,42.03551461150679,20.39476232529814,0.2833922341003332,5.693496377058868,0.18541685620447262,False,False
7.173039446852233,0.09317002184136511,0.15935339064689996,44.22992222420912,0.2810894473589461,9.53987604762906,1.6053311805545274,15.204166835390973,0.5307325730925379,11.910709618142484,43.679290016760646,20.993602354277275,2.7274259135673202,4.7686558325642885,0.18541685620447262,False,False
7.229728210147544,0.08595197456453896,0.5725509757960543,38.07926490485805,0.6294219797727224,10.493252707894746,2.2614153938079213,18.826651572976857,2.256863088856377,11.910709618142484,39.8445530694657,20.993602354277275,0.2833922341003332,5.693496377058868,0.19073168512210362,False,False
7.717941237074283,0.07703350450112822,0.8915017266804526,26.64996809978578,0.8031515043022696,11.560113690012631,2.090180413933949,17.13290884255896,3.557230563767508,12.407931480229339,45.2573780949468,20.39476232529814,0.2833922341003332,0.6965070366246743,0.2698894224742457,False,False
7.31330611952632,0.08593517269588398,0.4522222578155882,41.38378479632708,0.549534532573484,10.372294763760275,1.9180914417826882,16.378514274659466,3.557230563767508,11.910709618142484,41.404482334992444,20.39476232529814,0.2833922341003332,5.693496377058868,0.3774122719807623,False,False
6.891692879516402,0.10885423774153608,0.02158546775924164,54.1304503109339,0.22717689659161083,9.121343555559713,2.2069935190208136,16.62963080196313,2.256863088856377,11.910709618142484,37.40078947400856,20.993602354277275,4.787949617462863,5.693496377058868,0.32695866823043374,False,False
7.122087818929085,0.10623079206539808,0.0,67.99881727298092,0.1354294087502102,9.322424013342964,1.9283970534976564,17.016663787579137,2.256863088856377,9.599486427655155,37.300831552713454,22.830282409033984,3.8624367223770903,5.693496377058868,1.4399396347259332,False,True
7.593089872893281,0.07799350279986422,0.7101620032144573,30.798056732306907,0.6709106277055078,11.037124316361034,2.282540707459189,17.13290884255896,3.557230563767508,10.37973387620442,44.6221256479814,21.58149715124789,0.2833922341003332,2.1732222616652415,0.2698894224742457,True,False
7.245573517314333,0.08609809153160985,0.5650196221374983,38.132064341846764,0.6222283133720367,10.496266128581215,2.3728574871188544,18.826651572976857,2.256863088856377,11.910709618142484,40.44339309844484,20.39476232529814,0.2833922341003332,5.693496377058868,0.19073168512210362,False,False
6.906505851047599,0.1095192678795408,0.0125461656038389,54.80010329284679,0.23479625886259792,9.176748842045832,2.225376413993419,17.060143271282318,2.256863088856377,11.910709618142484,37.51866342991819,20.39476232529814,4.787949617462863,5.693496377058868,0.3774122719807623,False,False
7.270163895909618,0.0939743175666718,0.4223895872656028,40.06933832277834,0.49934215920784003,10.192061710164637,1.8364685208765101,15.204166835390973,4.945539762069161,11.910709618142484,40.61419591683988,20.993602354277275,2.7274259135673202,3.4189427435084365,0.18541685620447262,False,False
7.268102717455651,0.08585429498818513,0.517581743501484,39.425531767903806,0.5906014967468264,10.435044870003507,2.0798729244701777,19.31319284343208,3.557230563767508,9.599486427655155,40.289709777234535,20.993602354277275,0.2833922341003332,5.693496377058868,0.2698894224742457,False,False
7.028704044992545,0.1048941350252046,0.024630767109498925,53.90484729914628,0.27044915771549904,9.435379592274305,1.626107509809347,18.826651572976857,2.592300273567571,9.599486427655155,38.855391291769386,20.116376394890366,3.8624367223770903,5.631859750800558,0.5154975659630161,False,False
7.217738738412748,0.09082004928701802,0.2669642029278362,45.04768617808043,0.4062645522101731,9.944097556186122,1.9330688694712643,17.060143271282318,1.0791107430954037,11.910709618142484,42.33346052607785,20.10506100771495,1.4406061846473677,5.693496377058868,0.3774122719807623,False,False
7.370583159057772,0.09667244303105547,0.5620491635794176,43.02960526838527,0.6888398893634922,10.960678011489371,1.3162103950069808,16.395457905120224,3.3405300434503786,16.329859487122725,37.963248238959,20.39476232529814,2.7274259135673202,2.1732222616652415,0.6754938248169686,False,False
7.786504975105146,0.08612171192730828,0.21753361029801735,54.66081854889958,0.49101497143137746,11.000596522223697,2.1620042336243066,13.943222522117564,5.191297464789039,11.910709618142484,43.81172611622539,20.10506100771495,0.4805877597856303,2.854172390867356,1.7032231203575936,False,False
7.107590268045153,0.09453612533022501,0.12112416343745805,46.756387221694524,0.21985475141173888,9.282583170187086,1.7687063497014004,15.204166835390973,1.0791107430954037,10.859903632041158,43.25687728836452,20.993602354277275,2.7274259135673202,5.693496377058868,0.18541685620447262,False,False
7.019215024613252,0.10343795516059537,0.05941056512426156,51.328277222108504,0.24170569262754593,9.315794419739218,2.2534808993105884,19.256362154293292,2.592300273567571,8.196444197357899,40.01726183848279,20.116376394890366,3.8624367223770903,5.631859750800558,0.32695866823043374,False,False
7.169288308759312,0.09037536934382613,0.28490009686820505,42.098566973977206,0.38318879708834364,9.775321617021966,2.2036670197382047,17.016663787579137,2.256863088856377,9.599486427655155,41.145526771284146,22.830282409033984,2.0705183211738234,4.900840122163741,0.17981907225363664,False,False
7.4458324732093475,0.08187609508842078,0.9189978183579033,29.46863629162036,0.8723002639191506,11.402731789832682,2.221234006611583,17.016663787579137,2.436564706406596,16.15489318071742,39.76913328116315,21.58149715124789,0.2833922341003332,2.5724388025810017,0.18541685620447262,False,False
6.833373552679519,0.11201648267637662,0.028122311852378876,53.64618536835173,0.22832595515235649,9.033584043255528,2.331596716731353,15.204166835390973,2.277558049562589,14.100396110484535,37.10536292846979,20.10506100771495,5.328541835113827,5.693496377058868,0.18541685620447262,False,False
7.229728210147544,0.08595197456453896,0.5725509757960543,38.07926490485805,0.6294219797727224,10.493252707894746,2.2614153938079213,18.826651572976857,2.256863088856377,11.910709618142484,39.8445530694657,20.993602354277275,0.2833922341003332,5.693496377058868,0.19073168512210362,False,False
7.699397548655891,0.08411611828175652,0.3158215744152817,50.08397675081501,0.5295304092798199,10.951636510079647,2.2679586109759478,14.169618881120952,4.675170918649308,11.678196544089575,42.10288384025286,22.830282409033984,0.6235018165066786,2.4804059556207125,1.4399396347259332,True,False
7.070668309775449,0.10172449172573224,0.04011197068412522,52.75796295352756,0.12993062418141194,9.066868687757331,2.3510373882064015,17.060143271282318,2.2816939866911863,8.196444197357899,42.473633404619825,20.116376394890366,3.8624367223770903,5.631859750800558,0.3774122719807623,True,False
7.12138516410067,0.09933780846973782,0.07757593120139311,53.543719480214776,0.3274511194802007,9.645233782453152,2.2762850421978085,16.395457905120224,4.090725889160093,10.37973387620442,38.32201177198894,21.58149715124789,2.7274259135673202,5.827653667894138,0.6754938248169686,False,False
7.522622272824001,0.10682098719550535,0.0,83.66273885280722,0.23436414021070906,10.319975327271806,1.9542689342203563,17.016663787579137,2.964007920431324,11.910709618142484,36.690312873417966,20.993602354277275,2.7274259135673202,4.7686558325642885,2.9286217000202,False,True
7.061556316010832,0.09530139230375356,0.09950614042343828,48.3579017330495,0.26872660377987545,9.393355160695668,2.040098824098417,17.060143271282318,1.0791107430954037,9.89281932929523,40.38976328843644,22.830282409033984,2.7274259135673202,5.693496377058868,0.32695866823043374,True,False
7.439275209984427,0.0895753769838134,0.17894008742924775,56.88130906398,0.46551855017269733,10.51573870755732,2.122864310357767,17.348246587160943,2.256863088856377,11.910709618142484,40.07375010567778,20.993602354277275,0.2833922341003332,5.693496377058868,1.4399396347259332,False,False
7.2898449375258645,0.08511164645843038,0.4665043869380356,39.78869902533116,0.5418867155916434,10.3296509727653,2.164152892975656,17.13290884255896,2.256863088856377,11.910709618142484,42.05797809151059,20.39476232529814,0.2833922341003332,5.693496377058868,0.2698894224742457,False,False
6.974355171646225,0.10455228911942814,0.03171455037106347,53.38006380338759,0.18728991791953076,9.142052510174942,2.379129266839119,16.894286158024737,0.1332913930595363,11.91859764353622,40.4056363792213,20.39476232529814,4.18251745182044,5.693496377058868,0.3774122719807623,False,False
6.9920110172184735,0.1061183077860608,0.0,58.950474576568894,0.0985434178071074,8.957867588851338,1.9260097076953966,15.204166835390973,0.5307325730925379,11.910709618142484,39.940738979202976,21.58149715124789,4.5248012673056115,5.631859750800558,0.6754938248169686,True,True
7.189217583616436,0.09838250724691487,0.398671175672668,40.8947527416631,0.4860738824093191,10.14660987813265,1.1199394748291385,17.016663787579137,2.256863088856377,12.906061365499513,39.61862222565451,21.58149715124789,3.8624367223770903,2.5724388025810017,0.18541685620447262,False,False
7.466646990731322,0.10383351345090416,0.11206420011206694,54.71592230028826,0.3805294709142577,10.432799053691205,1.941901644746791,17.13290884255896,2.256863088856377,12.407931480229339,41.070569290823684,20.39476232529814,4.787949617462863,0.6965070366246743,1.2525083181459646,False,False
7.19676397517612,0.10428825156893229,0.2711552848684873,43.15622388556986,0.38375001088504035,9.913272120052442,2.1181730053899557,15.204166835390973,2.277558049562589,14.100396110484535,41.19437409642975,20.10506100771495,5.328541835113827,1.6044852090989143,0.18541685620447262,False,False
7.2387168142175895,0.08914709637999904,0.20022585432500933,44.819743474055656,0.3326094842873219,9.740544287296656,2.3554070039056754,15.204166835390973,1.0791107430954037,11.910709618142484,43.95018924813633,20.39476232529814,1.4406061846473677,5.693496377058868,0.32695866823043374,True,False
7.609384232072717,0.10653017903970705,0.0,86.46250369298252,0.1274640422007991,10.203062383291842,2.03751790159604,17.060143271282318,1.0791107430954037,11.910709618142484,40.44809622583996,18.918711455473677,2.7274259135673202,4.7686558325642885,3.0871469400345424,False,True
7.0205701858110965,0.10363867929130828,0.08337878385693688,49.55265462762723,0.15946302581393496,9.122461875968733,2.064105048860645,19.256362154293292,0.5307325730925379,8.196444197357899,42.34634121037378,20.116376394890366,4.59967078122337,4.7686558325642885,0.18541685620447262,False,False
7.699344042514513,0.08959945571076532,0.3103304518393606,54.0849010046392,0.5807140528448834,11.228680764137952,1.8546083884400784,17.060143271282318,2.256863088856377,13.660558077232817,41.57065058580015,20.39476232529814,1.0730144273798983,2.280785103792709,1.7032231203575936,False,False
7.71154091453259,0.07728462712021367,0.9064917652844451,26.553897172521793,0.8175978581849841,11.594815188999478,2.028530405340044,17.463333341355593,3.557230563767508,12.407931480229339,44.92695359615017,20.39476232529814,0.2833922341003332,0.6965070366246743,0.2698894224742457,False,False
7.4811081057805975,0.08264207225542504,0.8916530235027686,30.578167776404797,0.8592522366160038,11.463166614932497,1.393706153575108,19.89519803183422,2.256863088856377,13.660558077232817,40.66689801762287,20.39476232529814,0.2833922341003332,2.5724388025810017,0.2698894224742457,False,False
7.241352237253386,0.10098713922885313,0.0,63.1822584158196,0.2523729943082536,9.722837650592481,2.009409311556178,16.395457905120224,3.3405300434503786,10.37973387620442,38.58654624396025,21.58149715124789,2.7274259135673202,5.631859750800558,1.3569491156489593,False,True
7.121437431160255,0.09530686044648812,0.0950341711151903,48.689195845228426,0.22119698035183122,9.34142531703678,2.006428646859733,16.477667230984842,1.0791107430954037,9.89281932929523,42.80891938349062,20.993602354277275,2.7274259135673202,5.693496377058868,0.32695866823043374,True,False
7.209001920849021,0.0882393956324362,0.7014453598034621,37.30673781271062,0.7544040708070686,10.77569452435748,2.2163944425151114,17.060143271282318,3.3405300434503786,15.61889998281503,37.49059331999961,20.39476232529814,0.2833922341003332,5.631859750800558,0.17981907225363664,False,False
7.205751642299714,0.09922421646635074,0.41947492087996885,40.74431864229598,0.505879516047915,10.225934729151446,1.1770378416303102,17.016663787579137,2.256863088856377,13.660558077232817,40.0564581238218,20.39476232529814,3.8624367223770903,2.5724388025810017,0.17981907225363664,False,False
7.507987098691932,0.09262690187656415,0.44585668219132446,38.32056580633899,0.4991958429730949,10.631440913451565,1.8599584092907846,18.826651572976857,2.592300273567571,9.599486427655155,44.4670104393504,20.116376394890366,3.426918918649689,0.5388665414248419,0.43238943148511155,False,False
7.722644219078072,0.086947902519716,0.4478629550300473,51.887212141787195,0.6945137677731096,11.542926647683366,1.9893025410059806,17.084250829944178,2.256863088856377,15.19927408581912,40.597828360003554,20.39476232529814,0.2833922341003332,2.4804059556207125,1.7032231203575936,False,False
6.978540337896342,0.10509725531651874,0.12515849016663222,50.828416308358335,0.3389823476093679,9.530361351401353,1.5289871129003,19.256362154293292,2.592300273567571,10.37973387620442,37.83397215963627,20.116376394890366,3.8624367223770903,5.631859750800558,0.32695866823043374,False,False
7.6347349923475125,0.09007019824071451,0.0,68.31800409638049,0.2759381589640556,10.377889498735586,1.007713632125101,17.060143271282318,2.256863088856377,9.302605174602213,42.98610419521357,20.39476232529814,0.2833922341003332,5.517796831869328,2.1983328787777254,False,True
7.331057874642287,0.08555310524768205,0.46120343217192267,40.96023335764118,0.5529779161766804,10.40178319213349,1.819735081615915,16.25194829752035,3.61801324117808,11.910709618142484,41.645965179910526,20.39476232529814,0.2833922341003332,5.517796831869328,0.3774122719807623,False,False
7.308437684689373,0.0886115214056408,0.6702754568333802,35.47887192208688,0.6954893606499255,10.76918211206404,1.547217220173905,17.016663787579137,3.557230563767508,13.660558077232817,39.13908463581238,21.58149715124789,1.4406061846473677,3.4189427435084365,0.18541685620447262,False,False
7.560425065310261,0.08350804103793737,0.8502554101483972,31.99524734624032,0.8357582485255974,11.47130560186797,1.6848235121115311,18.826651572976857,5.191297464789039,11.910709618142484,40.935058042945045,20.10506100771495,0.4805877597856303,2.1732222616652415,0.3774122719807623,False,False
7.227417265005602,0.0884276124239581,0.6777358778821927,38.38691791604538,0.7447733084460586,10.781892922579832,2.1231295653219973,17.060143271282318,3.61801324117808,15.278845881735059,37.505268624020985,20.39476232529814,0.2833922341003332,5.603709279275819,0.2558651431092664,False,False
7.39183006434271,0.10177807142258871,0.25290182063990285,46.99596929495565,0.41917405156925225,10.3502625400002,1.6026454696026555,17.060143271282318,2.256863088856377,12.407931480229339,41.66968754477013,20.39476232529814,4.787949617462863,0.6965070366246743,0.7261556354761614,False,False
7.229977937150453,0.09930534980847941,0.5750005578767646,37.19648003756398,0.6194346343923062,10.599642291291435,2.103750815956107,19.725967999656007,2.436564706406596,12.050574529238276,37.58841397592211,22.830282409033984,4.456214453446427,0.7265650700921304,0.18541685620447262,False,False
7.589807550978737,0.0924670556305217,0.08691849546924389,69.63895336329168,0.3684357706548932,10.56788504765131,2.1051798130113966,17.060143271282318,3.61801324117808,10.37973387620442,39.679125165150545,20.993602354277275,0.2833922341003332,5.693496377058868,2.2924934807481634,False,False
7.333148844271801,0.08367301459920927,0.445001063987706,38.36503147729679,0.49892639711604514,10.229865810529033,1.9964349014788947,17.016663787579137,3.61801324117808,9.624616987412775,43.47563280473563,20.284065040871077,0.2833922341003332,5.517796831869328,0.17981907225363664,False,False
7.568313806638793,0.08048722577779496,0.8268078879830771,30.059454444985363,0.7834536719289016,11.347678937821545,1.9677037562187503,20.033118948347138,3.557230563767508,10.37973387620442,42.90865036814298,20.39476232529814,0.2833922341003332,2.1732222616652415,0.2698894224742457,False,False
7.048338110360516,0.10146882847305144,0.05955592920885406,51.31750830532302,0.13837431996202115,9.043916004412818,2.3519626102325946,17.13290884255896,2.256863088856377,8.196444197357899,42.47158495442619,20.116376394890366,3.8624367223770903,5.693496377058868,0.2698894224742457,True,False
7.2157805733633475,0.08607346056568428,0.632056148135103,37.30391887818324,0.6811583083211936,10.598822204790167,1.9266035687508507,17.7371967606976,2.436564706406596,13.660558077232817,38.6031751661918,21.58149715124789,0.2833922341003332,5.517796831869328,0.17981907225363664,False,False
7.575972881100284,0.07885048107267567,0.7473475823815876,30.451536178914633,0.7052066478202934,11.168339773909585,2.30086254994756,18.826651572976857,1.0791107430954037,11.910709618142484,45.0622618222473,20.39476232529814,0.2833922341003332,2.1732222616652415,0.2698894224742457,False,False
7.552766029954788,0.08869111876686102,0.03257099331435005,61.49292200506428,0.3110991558814802,10.28285727902808,1.2057657352704088,16.894286158024737,2.256863088856377,9.599486427655155,43.46419158623198,20.10506100771495,0.2833922341003332,5.693496377058868,1.7032231203575936,False,False
7.204097780840982,0.0995572828455078,0.05899840357230228,53.329081158884044,0.3047951841202777,9.693184662708658,1.1661690190753349,15.204166835390973,3.6931168380235873,11.910709618142484,41.17223583465731,18.984991384600796,2.7274259135673202,5.631859750800558,0.6754938248169686,False,False
7.289288475961107,0.08675860130588153,0.49842886861724606,41.07402892885352,0.5938713034224469,10.493625206995198,1.9169161972331834,17.016663787579137,2.0905825335854575,13.660558077232817,40.9880613038543,19.88983341460832,0.2833922341003332,5.693496377058868,0.3774122719807623,False,False
6.886524991936296,0.10915712542442102,0.02282785334091852,54.03841143501711,0.24354006037074455,9.15905324607747,2.253583006368356,16.848465609261538,2.436564706406596,11.910709618142484,37.00225304915994,20.993602354277275,4.787949617462863,5.693496377058868,0.32695866823043374,False,False
7.281735997721588,0.08507538380696456,0.49852257289553625,38.6280815132989,0.5591376593021882,10.333422499347387,2.09205328075099,15.204166835390973,2.277558049562589,14.100396110484535,42.15051252948328,20.10506100771495,0.2833922341003332,5.693496377058868,0.18541685620447262,False,False
7.289713536698068,0.08456234688612246,0.47881282717042417,38.766481194656826,0.540314814126721,10.261267039249246,1.9682765404652176,15.204166835390973,4.077464499429789,11.910709618142484,41.651751225395806,20.993602354277275,0.2833922341003332,5.693496377058868,0.18541685620447262,False,False
7.290167400463587,0.08402108820015684,0.4945400255664635,38.08596787469554,0.5472158836299263,10.303304059534607,1.9698600005272706,17.060143271282318,3.61801324117808,10.37973387620442,41.616136259501026,21.344965213610866,0.2833922341003332,5.517796831869328,0.17981907225363664,False,False
7.142663882035096,0.09839760912369158,0.06291881292886337,53.16004277055041,0.30652395654470493,9.625873532463169,2.10655899994367,16.395457905120224,3.3405300434503786,10.37973387620442,39.26800153479224,21.58149715124789,2.7274259135673202,5.631859750800558,0.6754938248169686,False,False
7.7770957213770116,0.0854152860143,0.189103939340043,54.59097083857336,0.4600269740390534,10.955993432336532,2.057194628148239,16.395457905120224,3.3405300434503786,10.37973387620442,44.74123389649945,20.10506100771495,0.4805877597856303,2.854172390867356,1.7032231203575936,False,False
7.042033828438179,0.10449121220466089,0.04370902899088992,52.49148432721017,0.2671355921250725,9.331463048862028,2.2396584027524358,13.943222522117564,5.191297464789039,11.910709618142484,38.913013358000974,20.116376394890366,3.8624367223770903,5.685531647701725,0.3774122719807623,False,False
7.501610893538496,0.10502819081509315,0.0681498676810511,63.71787673584369,0.3486348683383498,10.338703836267335,1.7400715836828478,13.943222522117564,7.006931556114967,11.910709618142484,38.89597665059435,20.10506100771495,3.8624367223770903,2.5724388025810017,1.7032231203575936,False,False
7.646740115704641,0.09447638666751303,0.06570538419492826,76.03289856186976,0.34605593826049025,10.68031064421452,2.1879549484318184,17.13290884255896,2.256863088856377,11.910709618142484,39.59357277333095,20.39476232529814,0.2833922341003332,5.693496377058868,2.73429474065389,False,False
6.866128917528209,0.11247671744328726,0.0,56.434849157069884,0.19586940804672343,9.038927813013661,2.318069565627187,17.060143271282318,2.256863088856377,11.910709618142484,37.26777252985041,20.10506100771495,5.328541835113827,5.693496377058868,0.3774122719807623,False,True
7.199337960220727,0.08628646342571271,0.3666520182081758,40.21323372361254,0.4425882244298035,9.963028810821815,2.19441952965604,17.060143271282318,1.0791107430954037,10.859903632041158,41.562697855431374,22.830282409033984,1.1551822451609932,5.272860771701134,0.17981907225363664,True,False
6.9874617571498865,0.10781841317486995,0.0,58.51548324216586,0.16543195037499564,9.158755784941077,2.282048866391813,17.060143271282318,0.5307325730925379,11.910709618142484,39.27149736926138,20.39476232529814,4.5248012673056115,5.631859750800558,0.6754938248169686,False,True
7.069424579421606,0.09271145875215937,0.22791489497960393,44.50119886217084,0.35728505896641083,9.602725639053952,2.0666200329450786,17.060143271282318,1.0791107430954037,10.859903632041158,40.08614190932368,22.830282409033984,2.2055048019601204,5.693496377058868,0.18541685620447262,True,False
7.899121245276364,0.08385449278783318,0.6311791919774998,46.38186824369126,0.8095113242633025,12.076703381311459,1.9960531361739078,18.56409471143042,3.3405300434503786,13.660558077232817,41.62184506731289,20.39476232529814,0.2833922341003332,0.4315944208174224,1.7032231203575936,False,False
7.019215024613252,0.10343795516059537,0.05941056512426156,51.328277222108504,0.24170569262754593,9.315794419739218,2.2534808993105884,19.256362154293292,2.592300273567571,8.196444197357899,40.01726183848279,20.116376394890366,3.8624367223770903,5.631859750800558,0.32695866823043374,False,False
7.12428704430474,0.09270128778833168,0.5549079368066103,40.42908416862606,0.6442721239992878,10.431575422893541,2.1500275146686976,18.826651572976857,2.436564706406596,13.660558077232817,37.555054112692375,20.39476232529814,1.2530937560807078,5.693496377058868,0.17981907225363664,False,False
7.317597021907226,0.08542529533793615,0.42337702443424846,41.46169617611652,0.5202123398298854,10.323043851158417,2.157008204206359,16.894286158024737,2.277558049562589,11.910709618142484,42.458084283415275,20.10506100771495,0.2833922341003332,5.693496377058868,0.3774122719807623,False,False
6.897876973968571,0.10736959947058075,0.04447384482945649,52.43482495261407,0.18289778541610036,8.96622745356525,2.2282543495070004,15.204166835390973,2.436564706406596,11.910709618142484,38.78809363505647,20.993602354277275,4.787949617462863,5.693496377058868,0.18541685620447262,False,False
7.211449291706283,0.09229352750151962,0.2820438956521123,41.60778806229722,0.3731863694790579,9.848527146102237,1.465008689770514,16.395457905120224,0.5307325730925379,11.910709618142484,42.76699791851522,21.58149715124789,2.7274259135673202,3.9017620641098465,0.18541685620447262,False,False
7.152386374433413,0.10343443458796965,0.21309618165649152,46.672928023884445,0.37257870273881877,9.85238596712585,1.445166795544303,17.016663787579137,2.436564706406596,11.910709618142484,39.31676404459926,21.58149715124789,4.787949617462863,2.5724388025810017,0.3774122719807623,False,False
7.09998915084309,0.09848341982334609,0.18435283404998842,47.82617844547732,0.3586777994614725,9.723868975188527,1.4787066439419074,19.725967999656007,1.4820259637780253,9.89281932929523,40.80374939802663,19.347556350387478,2.7274259135673202,5.693496377058868,0.32695866823043374,False,False
7.225556804633645,0.09907406273402694,0.34755327106138856,43.13537714449693,0.4640530098819242,10.207674393746512,1.5301157230501081,18.826651572976857,1.0791107430954037,11.910709618142484,40.00310562043181,21.58149715124789,4.048290760459554,2.1732222616652415,0.3774122719807623,False,False
7.710845779349301,0.08353004012516342,0.5001713675553883,45.656016873618405,0.6609612898778816,11.412418721758053,2.2618826384442676,19.725967999656007,1.0791107430954037,11.910709618142484,43.11134577235457,20.39476232529814,0.2833922341003332,2.1732222616652415,1.3214890456878254,False,False
7.536884198179648,0.08246853903212231,0.5566911728807276,38.68001653541302,0.6212451339464811,10.960159667873711,2.1288301925566797,17.016663787579137,0.4540221709551564,13.660558077232817,43.358167812017705,21.58149715124789,0.686682583829727,2.5724388025810017,0.6699696145565659,False,False
7.299519174811905,0.08527320775813366,0.4475752138520144,40.64917742544739,0.5341704282056228,10.330129432394205,2.1573882965448905,17.060143271282318,2.256863088856377,11.910709618142484,42.07367441703105,20.39476232529814,0.2833922341003332,5.693496377058868,0.32695866823043374,False,False
7.447762101448238,0.09128193255961133,0.36194182230043515,43.261284414387404,0.48102596477223014,10.469657852710831,1.9609022268445757,16.595863340067513,4.090725889160093,9.89281932929523,41.34567498179207,22.830282409033984,2.7274259135673202,1.8417143122668158,0.6754938248169686,False,False
6.919867352962812,0.10262195195187448,0.12186190386571444,49.089950339727814,0.3107471222375919,9.310018534452295,2.022572301353941,16.04742402880974,2.592300273567571,11.910709618142484,36.939570341064105,22.830282409033984,3.8624367223770903,5.631859750800558,0.18541685620447262,True,False
7.18835409196473,0.09671921117577952,0.33342232802698735,41.10004766181386,0.4201599333758851,9.974887885498292,2.120541421748622,18.535617056692487,2.256863088856377,9.599486427655155,40.157458636599436,22.830282409033984,3.8624367223770903,2.5724388025810017,0.18541685620447262,False,False
7.447129072002282,0.09160105674595889,0.0,66.33616169670606,0.19280601015654025,9.862886125486497,2.0428194930923564,14.723714107927007,1.0791107430954037,10.859903632041158,41.82183925809471,22.830282409033984,1.1551822451609932,5.693496377058868,1.8364712275878692,False,True
7.294511687378882,0.08494297881191228,0.45641476119998264,39.88395455900931,0.5325986853407838,10.302990255845192,2.058710210835926,16.413755866632478,2.256863088856377,12.407931480229339,42.27990920535022,20.39476232529814,0.2833922341003332,5.693496377058868,0.2698894224742457,False,False
7.384619217752943,0.10393307010195618,0.022970537472200327,72.60491834593809,0.3009706749680123,10.257494304731956,2.336668759888046,19.31319284343208,0.5307325730925379,11.910709618142484,37.55968808911959,20.993602354277275,2.7274259135673202,4.7686558325642885,2.195992775804429,False,False
7.499450989401799,0.08296261058914947,0.7570255199287883,32.58934624622031,0.7458612196964265,11.140300293292814,1.6409060568161586,17.016663787579137,3.3405300434503786,13.660558077232817,42.38913490169828,19.988463616912163,0.4805877597856303,2.854172390867356,0.2698894224742457,False,False
7.029839549811702,0.10755196786195027,0.004430696613728246,55.40131651875948,0.08713751190080188,8.919509963157658,2.0195150002648536,15.204166835390973,2.256863088856377,10.859903632041158,42.65429103918394,18.307427729670206,4.787949617462863,5.551985785413723,0.3774122719807623,False,False
6.977502282529548,0.10756238837180625,0.0,58.83240649292796,0.1622583623491553,9.087768517764628,2.015362302962837,15.204166835390973,2.277558049562589,11.910709618142484,38.13227687647461,21.58149715124789,4.5248012673056115,5.693496377058868,0.6754938248169686,False,True
7.481280904508623,0.08414855810767363,0.9929920510017216,29.096512701051456,0.9450648030593957,11.616596452932509,1.8085866501381178,19.725967999656007,6.593289768116012,11.910709618142484,38.29425592541176,20.434528795787926,0.2833922341003332,2.5724388025810017,0.18541685620447262,False,False
7.251659653193584,0.0944646996464646,0.18633730003513416,48.67599426626207,0.3728735565277535,9.969846442305936,1.2926775338978838,15.204166835390973,0.5307325730925379,13.746653695696935,40.89023260712004,22.323532486205377,2.7274259135673202,3.9017620641098465,0.6754938248169686,False,False
7.69663930259248,0.07680320008268304,0.987965455694417,24.422352582139183,0.8731974798585311,11.689866798396459,2.3571934286975464,16.395457905120224,4.090725889160093,13.660558077232817,43.808189287907794,21.150263113407675,0.2833922341003332,0.4315944208174224,0.17981907225363664,False,False
7.581766658413091,0.08924940819454238,0.4191001284268135,40.47000414120095,0.501577623556376,10.705706482678252,1.6070932110615828,16.395457905120224,3.557230563767508,10.37973387620442,44.04781481554541,21.520336064353472,2.7274259135673202,0.6965070366246743,0.6754938248169686,False,False
7.696586631383262,0.08625865336324001,0.2884607949916695,53.94053005318154,0.5555855920222833,11.124336813852418,1.7395146540448847,18.084937722683698,3.3405300434503786,10.37973387620442,41.245863454312165,21.910951632338765,0.4805877597856303,2.854172390867356,1.7032231203575936,False,False
6.833373552679519,0.11201648267637662,0.028122311852378876,53.64618536835173,0.22832595515235649,9.033584043255528,2.331596716731353,15.204166835390973,2.277558049562589,14.100396110484535,37.10536292846979,20.10506100771495,5.328541835113827,5.693496377058868,0.18541685620447262,False,False
7.320008388697481,0.08341033865264906,0.4410209410214655,38.335389240979424,0.4943052351473456,10.21890185251744,2.3199895251790905,17.13290884255896,2.436564706406596,10.37973387620442,43.675022111308586,20.39476232529814,0.2833922341003332,5.517796831869328,0.17981907225363664,False,False
7.560100305144788,0.0788869954243734,0.8497325850635857,28.141113618523633,0.7803203199568582,11.346591122650906,1.685768772198997,18.826651572976857,0.5307325730925379,13.660558077232817,44.23923622439449,20.39476232529814,0.2833922341003332,1.8792501367003591,0.18541685620447262,False,False
7.707556939086921,0.09226238821990157,0.321571116166169,62.89599051972387,0.6159942854901492,11.333882495895146,1.8852391782009064,17.060143271282318,6.552042448279868,11.910709618142484,37.69885516000929,20.39476232529814,0.2833922341003332,3.9017620641098465,2.1983328787777254,False,False
7.748261455749396,0.08344268622948046,0.47665039802482845,46.01813291637389,0.6413035267952565,11.343187494192275,1.6121474566508385,17.13290884255896,3.557230563767508,11.910709618142484,43.22628510877951,20.39476232529814,0.2833922341003332,2.1732222616652415,1.3214890456878254,False,False
6.980127304954842,0.10242736061082272,0.08166234174706896,49.67981273755576,0.24358389430263644,9.204677717240232,2.172287026491897,15.204166835390973,2.436564706406596,11.910709618142484,39.71360653014224,20.993602354277275,3.8624367223770903,5.693496377058868,0.18541685620447262,False,False
7.579941655567604,0.09230546050334094,0.12345393190161469,67.64463572895215,0.4069806560910444,10.666935072220165,2.0156454024921917,17.060143271282318,2.256863088856377,12.243739730689626,40.04496963912615,20.39476232529814,0.2833922341003332,5.517796831869328,2.1983328787777254,False,False
7.606566047945316,0.08032962169992298,1.1914393728456034,23.063708198048886,1.0685141383202166,12.187258969801233,2.2544407900635797,21.064500564737664,2.256863088856377,15.22285114547335,40.166217148463076,20.39476232529814,0.2833922341003332,0.4315944208174224,0.17981907225363664,False,False
7.575826313135272,0.07991627437128371,0.8404325750173649,29.66469179971287,0.7922059398482597,11.37136794116339,1.8081809097316761,17.13290884255896,2.256863088856377,14.347791708337805,43.34976080327035,20.39476232529814,0.2833922341003332,1.9646315751037895,0.2698894224742457,False,False
7.2914996386152895,0.10230298044674592,0.0,68.27493697335758,0.22485677893108802,9.772108899857692,1.9732375530302455,16.395457905120224,3.3405300434503786,10.37973387620442,38.24027223925162,21.58149715124789,2.7274259135673202,5.631859750800558,1.7032231203575936,False,True
8.23663367066338,0.09180210147849488,0.2512551290104729,79.99497058545577,0.5418109190408898,12.19447820072885,2.2635415583402003,19.725967999656007,2.256863088856377,11.910709618142484,41.83386885498577,19.347556350387478,0.2833922341003332,0.7265650700921304,3.9150767837794267,False,False
7.41378109800425,0.10110749444774353,0.001371644796572255,59.951094373112454,0.2781838431952246,10.0580234422204,1.6244613209320613,16.639860016150365,3.4913697773094228,9.599486427655155,40.070936132995655,22.323532486205377,3.8624367223770903,2.5724388025810017,1.4399396347259332,False,False
6.976680218113664,0.10768323343100769,0.0,58.80726592374839,0.16827134094062396,9.100799910362358,1.9952840218658663,15.204166835390973,2.436564706406596,11.910709618142484,37.97327021963061,21.58149715124789,4.5248012673056115,5.693496377058868,0.6754938248169686,False,True
7.007655410641802,0.10545094951675421,0.017891658773237697,56.20822835326635,0.2956124579406067,9.47164002237022,2.2530687467696056,16.04742402880974,2.592300273567571,12.78176419873779,36.82722404964239,21.58149715124789,3.8624367223770903,5.631859750800558,0.6754938248169686,False,False
7.88221255418687,0.08570988687837286,0.4205090279672434,49.687108808210475,0.6343239145382991,11.579295105034559,2.2686244542573486,16.894286158024737,3.557230563767508,12.407931480229339,43.72682899018393,20.10506100771495,0.9089316430972653,0.6965070366246743,1.7032231203575936,False,False
7.326731955683896,0.08337056116629238,0.35035554067266317,41.12552908877805,0.4383873512701685,10.099976171688322,2.2478555616221554,17.060143271282318,2.256863088856377,9.599486427655155,43.786057578539236,20.993602354277275,0.2833922341003332,5.693496377058868,0.32695866823043374,True,False
7.070840300519515,0.09961534251161454,0.2690984237236209,47.64709437492789,0.4455340775251823,9.835252820512935,2.312590586140861,17.060143271282318,5.198605748902578,10.859903632041158,37.13986403464004,20.993602354277275,2.7274259135673202,5.693496377058868,0.32695866823043374,False,False
6.88730017376733,0.10671734741138163,0.006268815496433088,55.26514430438362,0.10777450026610386,8.80156277353229,2.3732684109096605,15.204166835390973,0.5307325730925379,11.910709618142484,39.10781975395772,22.323532486205377,4.883543747896727,5.693496377058868,0.34599860825531353,True,False
6.982157865089241,0.10756674020737948,0.0,58.649143138356024,0.17061416027792736,9.114060085741256,1.9576880921045658,15.204166835390973,2.436564706406596,11.910709618142484,38.03490684588892,21.58149715124789,4.5248012673056115,5.631859750800558,0.6754938248169686,False,True
7.100220337329657,0.0924997810996716,0.20937577990870915,45.22205045976428,0.3479918709072178,9.629493167412809,1.9435446018253948,17.060143271282318,1.0791107430954037,10.637332677154266,40.40821545844366,22.830282409033984,2.2055048019601204,5.517796831869328,0.261613807160926,True,False
7.487703646733496,0.08655694316006662,0.7128070602163851,32.19286396525892,0.6935644786314057,11.01668499350174,2.053286182681533,17.060143271282318,3.9012470786255133,11.910709618142484,41.10393394370253,22.830282409033984,2.2055048019601204,0.7265650700921304,0.261613807160926,False,False
7.545842599660944,0.08574781550502865,0.16390889539836545,53.390049609410376,0.41634399884276063,10.472676347707802,1.9697645304231177,15.204166835390973,2.256863088856377,11.910709618142484,43.261120990980444,20.993602354277275,0.2833922341003332,4.7686558325642885,1.3214890456878254,True,False
7.024413192282221,0.11344138814875827,0.008547449558627377,58.90274218541542,0.28575431721919275,9.470220498742679,1.9736233817476454,16.395457905120224,5.83639408290143,11.910709618142484,37.19778646101894,17.56434873973653,4.787949617462863,5.631859750800558,0.6754938248169686,False,False
7.127115493369941,0.09417509495621884,0.2185916221717307,45.648515173696936,0.3637878275103182,9.697459162834177,2.23274995946232,17.060143271282318,2.256863088856377,10.637332677154266,40.891443622249845,20.993602354277275,2.2055048019601204,5.693496377058868,0.261613807160926,False,False
7.538404436034766,0.08870784841073015,0.08584131754471219,59.361485490050576,0.3672993479445123,10.397806671738813,1.1446820934134816,16.894286158024737,2.436564706406596,10.37973387620442,42.78014193531106,20.10506100771495,0.2833922341003332,5.517796831869328,1.6030232503685788,False,False
7.686615987287962,0.07727397543723646,0.9401164638580866,25.157619523616845,0.8331876593390064,11.63207592440244,2.2569877071845235,19.725967999656007,2.436564706406596,11.471371044209274,45.17523856835962,19.995483520971575,0.2833922341003332,0.7265650700921304,0.18541685620447262,False,False
7.273858794389896,0.08647781435454886,0.5384261173646799,39.46925950249873,0.6132150336394245,10.485088026814372,2.2004759828165383,17.13290884255896,3.557230563767508,12.407931480229339,40.260388754512604,20.39476232529814,0.2833922341003332,5.693496377058868,0.2698894224742457,False,False
7.399277150730315,0.09540327195550631,0.2545955073491991,45.27178897759242,0.39640700481035834,10.22567418111152,2.2328960242465565,15.204166835390973,2.436564706406596,11.910709618142484,41.851522100785346,22.830282409033984,3.8624367223770903,1.2288237830465547,0.6754938248169686,False,False
7.131346150763745,0.09416046423488982,0.5218643065168691,42.19428424579681,0.6345491387389783,10.42334226801931,1.628941128200514,19.31319284343208,3.557230563767508,12.407931480229339,36.95170886605945,20.39476232529814,1.4117881216803703,5.693496377058868,0.2698894224742457,False,False
7.470923784044149,0.08258891487929626,0.8656038590272627,32.03644365204025,0.8525375347254815,11.45635745917102,2.368896703052776,21.23879104874035,2.436564706406596,11.910709618142484,39.59919416680059,21.58149715124789,0.2833922341003332,2.5724388025810017,0.3774122719807623,False,False
7.41639202688765,0.08785133997206275,0.27422115159350685,50.66957305162859,0.4939813838575802,10.49208481717718,1.9311535495596586,17.13290884255896,2.436564706406596,11.910709618142484,41.281556960017696,20.39476232529814,0.2833922341003332,5.517796831869328,1.0423084816064636,False,False
7.0296235024369125,0.10937940703613296,0.08332492952428405,49.55664428455316,0.2503000939955454,9.364717170618256,1.6577750220363399,16.848465609261538,2.436564706406596,11.910709618142484,40.67290874884706,18.5895684578147,5.454603939213306,3.9017620641098465,0.18541685620447262,False,False
7.175556832830511,0.11029584685025355,0.0,71.64662135128037,0.19037564185696432,9.61957029815897,1.7348111825887282,18.826651572976857,2.256863088856377,10.37973387620442,37.091814245739684,20.10506100771495,3.943156711091248,5.693496377058868,1.7032231203575936,False,True
7.007655410641802,0.10545094951675421,0.017891658773237697,56.20822835326635,0.2956124579406067,9.47164002237022,2.2530687467696056,16.04742402880974,2.592300273567571,12.78176419873779,36.82722404964239,21.58149715124789,3.8624367223770903,5.631859750800558,0.6754938248169686,False,False
7.772082984056092,0.08615216809629195,0.22592738711201998,54.437670115466254,0.49669257057013194,11.035455511896297,1.413391293824894,16.395457905120224,4.310111730281903,10.37973387620442,43.77165220966793,20.10506100771495,0.4805877597856303,2.854172390867356,1.7032231203575936,False,False
7.369479005839118,0.09278271639932555,0.32297742280694597,45.02067470443414,0.4649738313817484,10.343016687143555,1.8317623478916423,17.016663787579137,3.3405300434503786,10.37973387620442,40.45743134276679,22.830282409033984,2.7274259135673202,2.5724388025810017,0.6754938248169686,False,False
7.114263806839923,0.095896243911516,0.32277655345258416,43.40752932208443,0.44178926581678507,9.88003773402247,1.938925890172566,16.04742402880974,2.592300273567571,12.78176419873779,39.31551574530093,21.58149715124789,2.7274259135673202,4.7686558325642885,0.18541685620447262,False,False
7.4737759399297605,0.09067491520885856,0.0834157259055001,62.08897193817752,0.3647403487651435,10.30886494399742,1.9615867940756755,16.395457905120224,3.3405300434503786,10.37973387620442,40.29131647593973,21.58149715124789,0.4805877597856303,5.827653667894138,1.7032231203575936,False,False
7.68214675803895,0.07732102244134542,1.0189510219637423,24.116108185352083,0.9015260552425407,11.773223423884994,2.0310305565229423,18.826651572976857,4.090725889160093,11.910709618142484,43.1268440791415,21.150263113407675,0.2833922341003332,0.4315944208174224,0.17981907225363664,False,False
7.255083612248099,0.09290408655087648,0.24398650755655676,42.954766463104846,0.3522180150240235,9.866518492229508,2.0531253942823975,16.395457905120224,0.5307325730925379,11.910709618142484,43.869260178195205,20.39476232529814,2.7274259135673202,3.9017620641098465,0.2698894224742457,False,False
7.089554563243913,0.09648664520863622,0.13556571933144332,46.6199661140284,0.29002983951630923,9.4451092977996,1.875729146677465,16.395457905120224,2.436564706406596,10.37973387620442,41.65858253325552,20.39476232529814,2.7274259135673202,5.827653667894138,0.17981907225363664,False,False
6.934887791204837,0.10327630406120132,0.0787463793841875,51.32973949712003,0.2971568660970039,9.316898311270064,2.061709108710077,16.04742402880974,2.592300273567571,11.910709618142484,36.73639190277983,22.830282409033984,3.8624367223770903,5.693496377058868,0.32695866823043374,True,False
7.327197344611209,0.08884051819884742,0.5618853695386778,43.587793528634805,0.6966161920329863,10.8791100717191,1.6521573447385272,19.567585593998892,3.3405300434503786,12.407931480229339,38.094085803722805,20.39476232529814,0.2833922341003332,5.236218694383145,0.6754938248169686,False,False
7.6164862440602485,0.09602368223914318,0.0,74.15552586641284,0.25635373714645726,10.37734176897419,1.178546977004117,17.060143271282318,2.256863088856377,10.637332677154266,41.74270519500018,19.347556350387478,0.9660145995790931,5.517796831869328,2.471587985870968,False,True
7.491403152802951,0.08872447034480135,0.5796115849194066,34.066672817366324,0.579727984017006,10.807922168567679,2.359138346656465,18.826651572976857,0.5307325730925379,11.910709618142484,44.62712650697675,20.39476232529814,2.7274259135673202,0.7127020674716653,0.2698894224742457,False,False
7.401118533412934,0.09134965027838202,0.4337328704213361,38.985624883012996,0.4958762639665908,10.41087732075709,1.3792345046440828,17.060143271282318,3.557230563767508,10.37973387620442,42.78168309100549,20.993602354277275,2.7274259135673202,2.1732222616652415,0.32695866823043374,False,False
7.070983707763811,0.09486002122454308,0.12644020744983508,46.362562049832036,0.2587082951469861,9.35899651469777,1.6536515811561614,16.395457905120224,0.5307325730925379,10.859903632041158,42.031667375618355,21.58149715124789,2.7274259135673202,5.693496377058868,0.17981907225363664,True,False
7.211449291706283,0.09229352750151962,0.2820438956521123,41.60778806229722,0.3731863694790579,9.848527146102237,1.465008689770514,16.395457905120224,0.5307325730925379,11.910709618142484,42.76699791851522,21.58149715124789,2.7274259135673202,3.9017620641098465,0.18541685620447262,False,False
7.007655410641802,0.10545094951675421,0.017891658773237697,56.20822835326635,0.2956124579406067,9.47164002237022,2.2530687467696056,16.04742402880974,2.592300273567571,12.78176419873779,36.82722404964239,21.58149715124789,3.8624367223770903,5.631859750800558,0.6754938248169686,False,False
7.819658151735672,0.0838297854252793,0.22919026470012788,53.28121063474557,0.4836658780753644,11.067409789636466,2.3211518527330366,16.395457905120224,3.3405300434503786,10.37973387620442,45.2201630104711,20.10506100771495,0.2833922341003332,2.5724388025810017,1.7032231203575936,True,False
7.430734160090557,0.08285509799890564,0.5366959698953129,37.75250829835413,0.5869416391095846,10.648317044473483,2.0507615973180306,17.13290884255896,2.256863088856377,11.910709618142484,43.36057973282392,20.39476232529814,0.2833922341003332,4.283371886239026,0.3774122719807623,False,False
7.25826904548536,0.09160710489642616,0.21671392843407594,42.03327675536967,0.31032259766035003,9.727932270026102,2.1763987843835433,15.204166835390973,0.5307325730925379,11.910709618142484,44.85566033210018,20.684125807392192,2.7274259135673202,3.9017620641098465,0.18541685620447262,False,False
7.50702151238815,0.08307539834624286,0.4098171471267422,42.45444083179904,0.5200442505273362,10.594670604298694,2.306087009932048,15.204166835390973,2.436564706406596,12.624973944279542,44.17664925449262,20.39476232529814,0.2833922341003332,4.191410997916028,0.6880797021157649,False,False
7.327345467754031,0.08459153265416852,0.4582785019920932,39.48553079682459,0.5288910173604646,10.322184055344637,1.820255430920695,17.13290884255896,3.540415588881809,10.37973387620442,42.481100878612764,20.39476232529814,0.2833922341003332,5.517796831869328,0.2698894224742457,False,False
7.633828981378101,0.09024183257530195,0.40991163790156837,40.654337015908396,0.49450883280991464,10.753896210460086,1.8239922319068183,16.395457905120224,4.090725889160093,10.37973387620442,45.65704117065137,19.347556350387478,2.7274259135673202,0.7265650700921304,0.6754938248169686,False,False
7.276100005696328,0.08413253395446797,0.46394472964442146,38.77532066896187,0.5247548533410535,10.241832438717307,2.2255390219377467,16.43265077025188,2.256863088856377,11.910709618142484,42.23855387219068,20.993602354277275,0.2833922341003332,5.693496377058868,0.19073168512210362,True,False
6.898327867980701,0.11067155710881436,0.0,56.29415727795202,0.11650116428691465,8.80092529756725,2.255328825636155,15.204166835390973,4.293055403515459,9.89281932929523,38.26735919711793,20.993602354277275,5.328541835113827,5.693496377058868,0.32695866823043374,False,True
7.287416888722714,0.1030388880735217,0.1519736449770196,45.68849078547462,0.29407515041629473,9.813858760313845,2.1344025658054506,15.204166835390973,2.436564706406596,12.050574529238276,43.17992732612173,20.10506100771495,5.328541835113827,1.3177514880328864,0.3774122719807623,False,False
7.110996437236734,0.10653191854326786,0.0,61.464487952384346,0.2329551730007383,9.511633104075337,1.8256345697580612,17.13290884255896,2.592300273567571,11.187185898096331,38.270300624626124,20.39476232529814,3.8624367223770903,5.517796831869328,1.0423084816064636,False,True
7.11807784217759,0.09494736252029978,0.29554393975847204,44.87782463164421,0.4339971926043008,9.875129207832083,2.0438950473559547,17.060143271282318,2.436564706406596,11.910709618142484,39.614064608900954,20.993602354277275,2.2055048019601204,5.517796831869328,0.261613807160926,False,False
7.675458316908138,0.08058275511449932,1.0952361518113003,24.441404923356608,0.9866393868225368,11.983760390448762,1.615494381858524,19.725967999656007,6.170853799122741,11.910709618142484,41.655135856245195,19.347556350387478,0.2833922341003332,0.7265650700921304,0.17981907225363664,False,False
6.858558801432417,0.10664643765939323,0.051209976608615614,51.935796304724924,0.21659311287808902,8.996367221850269,2.0961329003191573,15.204166835390973,2.592300273567571,11.910709618142484,36.909164393187545,22.830282409033984,4.736099863672416,5.631859750800558,0.18541685620447262,True,False
7.875494488203516,0.08972215928739478,0.0894339187195513,63.11950857453243,0.37108954218396756,10.94634439297341,2.236944949319744,16.395457905120224,3.3405300434503786,10.37973387620442,46.08958564755645,17.907793699028314,0.8343935589951337,2.854172390867356,2.1983328787777254,False,False
7.210392909397775,0.08953973436844767,0.6253459764623739,39.900596762727815,0.7110581174667487,10.74714831048154,2.157134433037929,21.271357542056464,2.436564706406596,11.910709618142484,37.811646472938335,20.10506100771495,0.4442056074518693,5.693496377058868,0.32695866823043374,False,False
7.5698839014727,0.07974557285545403,0.7920770802480095,30.265321558013266,0.7497444035449503,11.264862482487535,2.233818103435523,18.826651572976857,2.256863088856377,11.910709618142484,43.88450947648632,20.39476232529814,0.2833922341003332,2.1732222616652415,0.2698894224742457,False,False
7.575972881100284,0.07885048107267567,0.7473475823815876,30.451536178914633,0.7052066478202934,11.168339773909585,2.30086254994756,18.826651572976857,1.0791107430954037,11.910709618142484,45.0622618222473,20.39476232529814,0.2833922341003332,2.1732222616652415,0.2698894224742457,False,False
7.415520494300384,0.08797945694814084,0.28062340901380145,50.642919635084695,0.5003561966918979,10.50590038088115,1.9753741911490912,17.13290884255896,2.605139674930397,11.910709618142484,41.112981991493896,20.39476232529814,0.2833922341003332,5.517796831869328,1.0423084816064636,False,False
7.422358694272756,0.08501162552628216,0.7401235888991701,34.08104683410184,0.7492728472069055,10.973609809400433,2.032899633942318,16.43265077025188,6.97140181807936,11.910709618142484,40.24917166765731,19.84712251863149,0.2833922341003332,4.11481968801505,0.19073168512210362,False,False
7.28893423040682,0.08596740823980042,0.5664207915872661,37.72615032648029,0.6179259646496615,10.524231352326598,1.6170031248983194,17.060143271282318,2.256863088856377,13.660558077232817,41.693871074017714,19.347556350387478,0.2833922341003332,5.517796831869328,0.17981907225363664,False,False
7.173696543872725,0.09307342730837212,0.15495635987176168,44.250017721328526,0.27628312045755843,9.529459723697045,1.665440791297446,15.204166835390973,0.4036345033649369,11.910709618142484,43.806388086488255,20.993602354277275,2.7274259135673202,4.7686558325642885,0.18541685620447262,False,False
7.234459081948498,0.09390805735942526,0.47299302544683064,39.30847956771784,0.5418934700629062,10.29533116667943,1.2249691904466085,16.395457905120224,3.3405300434503786,12.77901127445966,39.70801715745993,21.58149715124789,2.7274259135673202,3.288241482440969,0.17981907225363664,False,False
7.517038035702228,0.0807706167802822,0.7358824679144174,30.901297745029616,0.6995159633065663,11.028255224621253,2.106976031725619,16.395457905120224,2.256863088856377,13.660558077232817,44.04498296047542,20.39476232529814,0.49511776818237385,2.5724388025810017,0.17981907225363664,False,False
7.2732681978104745,0.0850340036866788,0.4439901166019369,41.4070407298385,0.5411808091077457,10.309022532565564,2.341185773981607,15.204166835390973,1.737147153228866,14.100396110484535,41.02249186650777,21.58149715124789,0.2833922341003332,5.693496377058868,0.3774122719807623,False,False
7.259557465697335,0.08645093056889383,0.5450459103873588,39.40831358299371,0.6193309902944742,10.49877450264749,2.1030095876750634,16.965574700738735,2.436564706406596,13.660558077232817,40.295762156690266,20.39476232529814,0.2833922341003332,5.693496377058868,0.2698894224742457,False,False
7.71511989691952,0.10361777802681897,0.0,84.08729967725372,0.19087432743954963,10.494899750301096,1.0382587861485777,17.060143271282318,2.256863088856377,10.859903632041158,40.108087858897136,20.39476232529814,2.606417842334059,3.5451028098607082,3.168719171430108,False,True
7.233925656585548,0.10057283468096001,0.03168325423455064,53.87119084930651,0.2836978335833749,9.689479225354127,1.268024827529717,16.605593941476876,4.090725889160093,10.37973387620442,42.51893648805506,17.17443639882512,2.7274259135673202,5.827653667894138,0.6754938248169686,False,False
7.847899974627211,0.0864856309424502,0.21550645131830393,60.16485217669031,0.5040960640756516,11.267854540466264,2.2253913829182967,17.060143271282318,2.256863088856377,11.910709618142484,43.32335778096162,20.39476232529814,0.2833922341003332,2.5724388025810017,2.1983328787777254,False,False
7.616805382337405,0.08784094449114994,0.4346733170470648,39.241188807233044,0.5005078964465075,10.772264373726426,2.0121574105334603,17.060143271282318,2.256863088856377,10.37973387620442,45.10404059694551,21.58149715124789,2.7274259135673202,0.2148022770791927,0.6754938248169686,False,False
7.061556316010832,0.09530139230375356,0.09950614042343828,48.3579017330495,0.26872660377987545,9.393355160695668,2.040098824098417,17.060143271282318,1.0791107430954037,9.89281932929523,40.38976328843644,22.830282409033984,2.7274259135673202,5.693496377058868,0.32695866823043374,True,False
6.978553837154242,0.1079105475011691,0.07628893130835473,50.07788775058938,0.22685474124136706,9.208730514848796,2.186363924919791,15.204166835390973,2.277558049562589,12.624973944279542,39.48585013647447,20.702081345058104,5.328541835113827,4.191410997916028,0.18541685620447262,False,False
7.545508430765454,0.08924180526587747,0.02427914461264943,61.623386616198864,0.302351255501186,10.256634749805658,1.1017190891680622,17.060143271282318,2.256863088856377,9.302605174602213,43.28401842794841,20.39476232529814,0.4805877597856303,5.517796831869328,1.7032231203575936,False,False
7.41639202688765,0.08785133997206275,0.27422115159350685,50.66957305162859,0.4939813838575802,10.49208481717718,1.9311535495596586,17.13290884255896,2.436564706406596,11.910709618142484,41.281556960017696,20.39476232529814,0.2833922341003332,5.517796831869328,1.0423084816064636,False,False
7.446459196090465,0.08148627528360508,0.5243361887388082,36.30408405900813,0.5532751995641705,10.535166404652397,2.3266800122189615,15.204166835390973,2.436564706406596,12.624973944279542,44.59483953413414,20.39476232529814,0.2833922341003332,4.191410997916028,0.2698894224742457,False,False
7.324264811696261,0.08365072288581743,0.38604587866592843,40.268543106103834,0.46383640281456545,10.130543207205308,2.116217359994519,16.413755866632478,3.557230563767508,9.599486427655155,43.18914675403414,20.993602354277275,0.2833922341003332,5.693496377058868,0.2698894224742457,False,False
7.4550839190781995,0.09714315783336656,0.0,59.194413832104125,0.20726458614332394,9.951481580962216,1.2727652023146336,17.016663787579137,0.5307325730925379,9.599486427655155,43.02941810613171,22.323532486205377,3.4877881820291496,2.5724388025810017,1.4399396347259332,False,True
7.0965465447654905,0.0943568311873517,0.09962190385642242,48.34932570286912,0.18327293593766625,9.203865496278656,2.120352813636192,16.395457905120224,0.34507787259914535,9.599486427655155,43.25351163944188,21.58149715124789,2.7274259135673202,5.827653667894138,0.2698894224742457,True,False
8.231385911803887,0.09555582778311225,0.0370430631374624,91.92931302269193,0.3158171895448637,11.604360287575366,1.8496647604133132,16.395457905120224,3.3405300434503786,11.910709618142484,43.24793679547217,17.907793699028314,0.2833922341003332,2.5724388025810017,4.341740902105089,False,False
7.861030294432956,0.0819464680737468,0.6339480282214651,41.85087521223704,0.7479070100857645,11.825437192171982,1.5051465297694113,19.725967999656007,2.256863088856377,11.910709618142484,44.427456593077366,19.347556350387478,0.2833922341003332,0.7265650700921304,1.3214890456878254,False,False
7.881709554474677,0.09378557623474695,0.12553431201974696,77.77299953566013,0.40917545711567394,11.22351281263475,2.213219277496578,16.395457905120224,3.3405300434503786,11.910709618142484,39.09620910592805,22.323532486205377,0.8343935589951337,2.854172390867356,3.244994891291003,False,False
7.398448071835352,0.08184537314416734,0.40737470867866366,39.055305853517844,0.46906072333395704,10.273585073813992,2.3785104067044545,17.060143271282318,2.256863088856377,9.599486427655155,44.593035368023386,20.993602354277275,0.2833922341003332,4.88651858757472,0.32695866823043374,True,False
7.285217269425146,0.08376060049049044,0.44176439649341154,38.887364894652066,0.50295021291938,10.193737088479894,2.3790647257421136,16.43265077025188,2.256863088856377,11.421323481329951,42.72794000900321,20.993602354277275,0.2833922341003332,5.693496377058868,0.19073168512210362,False,False
7.24018799704844,0.09110000994403283,0.2846674904035051,48.23715752898873,0.47036247555510385,10.163869070158807,2.2592926632533383,17.060143271282318,2.436564706406596,11.910709618142484,39.486912805883875,21.58149715124789,1.1551822451609932,5.693496377058868,0.6754938248169686,False,False
7.48174344350515,0.08190887282306504,0.8970790626368905,29.68405090297587,0.8522436754163698,11.364345546226316,2.1014087358942013,16.395457905120224,4.090725889160093,15.026617655963948,40.29568754346225,21.150263113407675,0.2833922341003332,2.5724388025810017,0.18541685620447262,False,False
7.298736456261566,0.08576785359895459,0.5283051674475291,39.13235756695297,0.5977396433828714,10.474021669863786,1.9381441647582927,17.13290884255896,3.557230563767508,11.910709618142484,40.933310161789,20.39476232529814,0.2833922341003332,5.517796831869328,0.2698894224742457,False,False
8.005293538058762,0.09208172558170524,0.20396088269616044,73.6346941804994,0.4919154891792902,11.605892862577663,1.7797601778388006,17.13290884255896,2.436564706406596,13.660558077232817,42.54685497688621,18.235409319997252,0.2833922341003332,2.5724388025810017,3.1318730402368247,False,False
7.341415490123795,0.0868478548390011,0.4761293870616502,41.33242639636818,0.5740251638888727,10.436798551030225,2.1406551867653243,17.060143271282318,6.6469955045880775,9.247203867050144,40.58629546622455,20.10506100771495,0.2833922341003332,5.693496377058868,0.3774122719807623,False,False
7.505276979936475,0.09764682216024236,0.0,59.35183090796383,0.18599585938128282,9.96575359536714,1.8978692934997028,17.060143271282318,0.5307325730925379,9.599486427655155,44.91470878333577,20.39476232529814,3.4877881820291496,2.5724388025810017,1.4399396347259332,False,True
7.992420970588316,0.08570036191391929,0.48270963441333475,53.87036500946883,0.7595189039662119,12.108629034270361,2.3210154740361655,17.060143271282318,4.797707857400584,13.660558077232817,41.17350893509066,20.39476232529814,0.2833922341003332,0.4315944208174224,2.1983328787777254,False,False
7.301409481449151,0.08588548475194567,0.3097932927561494,42.494436384386205,0.4150886569879094,9.989399981842908,1.9820889692725552,16.04742402880974,3.557230563767508,9.599486427655155,43.06838857287971,20.993602354277275,0.7134130073213077,5.693496377058868,0.32695866823043374,False,False
7.328529263915605,0.08423776752919832,0.40144380208046204,41.12667695840642,0.4923018137564845,10.278584819643905,2.3861374094744194,17.060143271282318,1.0791107430954037,11.910709618142484,43.37667270423124,20.39476232529814,0.2833922341003332,5.517796831869328,0.3774122719807623,False,False
7.525472371394809,0.08293554192112412,0.6639460187406987,33.353380454443254,0.658542883692504,10.987333786729922,2.1243093079028412,17.060143271282318,2.3216201692194227,12.050574529238276,42.60160967656499,22.830282409033984,1.4406061846473677,1.3177514880328864,0.3774122719807623,False,False
7.674297211353092,0.09526709753750114,0.026245027124118473,78.22586771157881,0.3044252615507859,10.630176540794762,1.9082591940694145,17.060143271282318,2.256863088856377,11.421323481329951,40.003440553191574,20.39476232529814,0.4805877597856303,5.517796831869328,2.8650826883866847,False,False
6.961973642124902,0.10964507217927724,0.0,59.87274888883954,0.13888098378711605,9.016025514682113,2.1516970369814703,15.204166835390973,2.436564706406596,11.910709618142484,38.22064209191794,20.993602354277275,4.865324191988894,5.693496377058868,0.6754938248169686,False,True
6.953813541658143,0.1084803079921638,0.0,58.47849685681537,0.21518580580726293,9.215089027583119,2.0784890876572715,16.43265077025188,2.256863088856377,11.910709618142484,36.92448790231992,21.58149715124789,4.5248012673056115,5.693496377058868,0.6754938248169686,False,True
7.139668906480263,0.09617052711756896,0.20589119545517975,45.65987671417838,0.35055067593071576,9.618440518171507,1.5318839879489248,15.204166835390973,4.995533604740131,10.37973387620442,40.93275254440564,20.10506100771495,2.5038388982805517,5.693496377058868,0.18541685620447262,False,False
7.6985287827556705,0.08196071423203312,0.5056341599089474,42.47334261429309,0.621400377480943,11.191001037300202,2.3144369429352913,17.13290884255896,2.605139674930397,11.910709618142484,44.29750194710645,20.39476232529814,0.2833922341003332,2.3332768762567766,1.0423084816064636,False,False
7.311176259356054,0.08322711483583153,0.3577492408525904,41.073694687624936,0.4454495362335134,10.097017828463205,2.265405145645494,17.060143271282318,2.256863088856377,9.599486427655155,43.19816278156862,21.58149715124789,0.2833922341003332,5.693496377058868,0.32695866823043374,True,False
7.486833188869423,0.09133051861505809,0.11556342271489298,61.54494204026191,0.398656168899053,10.44598995490163,1.6435195558810198,17.060143271282318,2.256863088856377,11.613975186144804,40.79694887121627,20.39476232529814,0.4805877597856303,5.693496377058868,1.7032231203575936,False,False
7.169606806852223,0.09246400667708828,0.13541747324327508,46.64496366983715,0.2902294276837537,9.569410800449832,2.33500385962049,17.060143271282318,1.4827293507649688,9.599486427655155,42.74712256162215,20.993602354277275,2.0964609891088295,5.693496377058868,0.32695866823043374,True,False
7.528534556865622,0.09434141319917148,0.0,58.04089284459072,0.2020201549917482,10.011109992434315,1.64236812869975,16.395457905120224,0.5307325730925379,9.599486427655155,44.862825013670935,21.58149715124789,3.0176224919063137,2.5724388025810017,1.4399396347259332,False,True
7.31296886844604,0.08432521665018503,0.4182023400644203,40.157538384230584,0.49618066201131217,10.212015759157298,2.2674244616811743,15.204166835390973,2.436564706406596,12.624973944279542,43.0927541549913,20.39476232529814,0.2833922341003332,5.693496377058868,0.2698894224742457,False,False
7.007655410641802,0.10545094951675421,0.017891658773237697,56.20822835326635,0.2956124579406067,9.47164002237022,2.2530687467696056,16.04742402880974,2.592300273567571,12.78176419873779,36.82722404964239,21.58149715124789,3.8624367223770903,5.631859750800558,0.6754938248169686,False,False
7.104659799284242,0.09709341273072018,0.155370970355727,47.4647675527182,0.3229551154652574,9.542660355436524,2.0616797271105476,16.395457905120224,4.090725889160093,9.599486427655155,40.22991571068682,20.993602354277275,2.7274259135673202,5.693496377058868,0.2698894224742457,False,False
6.878034716536349,0.11036087541678033,0.0,56.13339419099469,0.11002449388938124,8.80544488294683,2.123625215895451,17.060143271282318,2.3216201692194227,9.599486427655155,38.67615089716271,20.993602354277275,5.328541835113827,5.693496377058868,0.32695866823043374,True,True
7.326694980960062,0.09371377829750281,0.8108896630725744,32.92655432100261,0.8074900385065328,11.214739232115383,2.253780026118943,22.595657948526963,2.436564706406596,11.910709618142484,37.83287111484201,20.993602354277275,2.7274259135673202,1.3177514880328864,0.18541685620447262,False,False
7.318375251585257,0.08612619934116097,0.4540506118029245,41.232567292472154,0.5493099720869774,10.404054311824767,2.3152886634792837,18.826651572976857,3.557230563767508,9.599486427655155,41.6240105358761,20.038320016584414,0.2833922341003332,5.693496377058868,0.3774122719807623,False,False
7.164115352085735,0.09448188103334562,0.22490957612164697,43.95700343888368,0.3463646128355159,9.681341096151572,1.5534087418703333,15.204166835390973,2.256863088856377,11.910709618142484,41.95315950099682,20.993602354277275,2.7274259135673202,4.7686558325642885,0.18541685620447262,False,False
7.200435189657231,0.1011971975843395,0.15089409890953648,44.55095966572813,0.2718593229189006,9.584832274277337,2.072660443350371,14.679892547843885,2.436564706406596,11.910709618142484,43.037863310011396,20.39476232529814,4.787949617462863,2.5724388025810017,0.17981907225363664,False,False
7.277018604882825,0.08573575874146247,0.5024005715013553,39.6179132116857,0.5773250459432311,10.406932191335452,2.053914264270018,17.060143271282318,2.436564706406596,12.624973944279542,41.236777719099955,20.39476232529814,0.2833922341003332,5.693496377058868,0.2698894224742457,False,False
7.215994077289878,0.08797091865967006,0.6734415853772124,37.65924439240405,0.7298801011193186,10.710966641011893,1.976197819130752,18.826651572976857,4.913368477186776,11.910709618142484,37.18804768113531,20.993602354277275,0.2833922341003332,5.693496377058868,0.19073168512210362,False,False
7.384425733311958,0.08648637650052592,0.2557420836105143,49.13047521612008,0.45256782273935453,10.300477194134114,2.048982457935421,16.04742402880974,2.256863088856377,11.910709618142484,41.92730301638177,20.993602354277275,0.2833922341003332,5.693496377058868,0.8872092823731502,False,False
7.4120189636273555,0.09002208432014065,0.47586549461927874,37.39755239257864,0.5177105947440263,10.489019816737525,1.197719983208107,17.13290884255896,2.256863088856377,11.613975186144804,43.66725740517109,20.39476232529814,2.491121467831133,2.1732222616652415,0.2698894224742457,False,False
7.40901008913128,0.10084603685216073,0.32385600811638626,45.354637929203406,0.47065667707935543,10.476199864692564,1.2875740012748416,17.13290884255896,3.557230563767508,11.910709618142484,41.10758652148565,20.39476232529814,4.5248012673056115,0.6965070366246743,0.6754938248169686,False,False
7.270146610923872,0.09062811934217266,0.15366497966132422,44.34568623575979,0.2495989473436166,9.586452916813833,1.9356970372354065,15.204166835390973,1.0791107430954037,9.89281932929523,44.54422396010542,22.323532486205377,2.7274259135673202,3.9017620641098465,0.32695866823043374,False,False
6.837652894711214,0.11177486302899027,0.028419433140535074,53.62417391733671,0.21166733914587438,9.011938950884375,2.2897208500430026,17.060143271282318,2.277558049562589,11.910709618142484,37.43272378094367,20.10506100771495,5.328541835113827,5.6998455810356985,0.18541685620447262,False,False
7.544037351023076,0.09101551924915248,0.1394065524704785,61.07551894139853,0.4238106707911958,10.522004320044445,2.3772847853684893,16.395457905120224,5.814113028986503,9.599486427655155,40.405769899006366,20.10506100771495,0.2833922341003332,5.693496377058868,1.7032231203575936,False,False
6.833373552679519,0.11201648267637662,0.028122311852378876,53.64618536835173,0.22832595515235649,9.033584043255528,2.331596716731353,15.204166835390973,2.277558049562589,14.100396110484535,37.10536292846979,20.10506100771495,5.328541835113827,5.693496377058868,0.18541685620447262,False,False
7.6964200323827345,0.08471933219636517,0.3534310247666965,49.5262914436969,0.561266436525308,11.131332083792298,2.2343694218031156,17.016663787579137,0.5307325730925379,13.660558077232817,43.88978703130805,20.39476232529814,0.49511776818237385,2.5724388025810017,1.4399396347259332,False,False
7.624660373018409,0.09569609787952307,0.2111691124714745,67.1576279948545,0.4995201715922465,11.011727627007295,2.2573295869198855,18.826651572976857,2.256863088856377,13.660558077232817,40.84241808728782,16.41398722889874,0.2833922341003332,5.517796831869328,2.1983328787777254,False,False
7.42238825446255,0.09525122956666164,0.4504356060725261,38.40958200386315,0.5052942787838666,10.518178406252726,1.1039804371898807,17.13290884255896,2.592300273567571,11.910709618142484,43.083416513200646,20.39476232529814,3.8624367223770903,0.6965070366246743,0.32695866823043374,False,False
7.396109613867647,0.08446932058119952,0.5747562510263761,38.08668491683567,0.6318542128183571,10.72513867348128,2.069876523374384,18.826651572976857,3.557230563767508,10.37973387620442,41.63170961328654,20.39476232529814,0.2833922341003332,4.549107542385443,0.3774122719807623,False,False
7.703322450180842,0.07925214003515177,1.0749317017943183,24.177135144831333,0.9614547515301617,11.950319228983815,2.2179735348080913,16.395457905120224,4.090725889160093,16.193748913668628,43.24050792006796,19.173841031943226,0.2833922341003332,0.4315944208174224,0.19073168512210362,False,False
7.370250307060331,0.0908769717443686,0.3075390350797246,40.87461245021138,0.3896426581283155,10.101437089313125,1.845782559530838,17.060143271282318,2.256863088856377,9.599486427655155,44.27574308969526,20.993602354277275,2.7274259135673202,2.759777186435855,0.32695866823043374,False,False
7.550903247636544,0.08108290369305518,0.7197861634935171,31.014142772570864,0.6841413773373768,11.034695625499591,2.26336512089119,16.395457905120224,2.256863088856377,13.660558077232817,45.32484735708602,19.11489792868754,0.49511776818237385,2.5724388025810017,0.17981907225363664,False,False
7.169606806852223,0.09246400667708828,0.13541747324327508,46.64496366983715,0.2902294276837537,9.569410800449832,2.33500385962049,17.060143271282318,1.4827293507649688,9.599486427655155,42.74712256162215,20.993602354277275,2.0964609891088295,5.693496377058868,0.32695866823043374,True,False
7.263812456513559,0.10050586344073892,0.3028418942707308,47.58646796261743,0.4802700640397655,10.311106539204106,1.4219335884136552,17.49146778694104,2.592300273567571,12.78176419873779,38.58030163129685,21.58149715124789,3.8624367223770903,2.4347384110148016,0.6754938248169686,False,False
6.90154552056639,0.11057767950534154,0.0,56.211736453651504,0.09935074176682879,8.809916108557914,2.247701491949392,17.060143271282318,2.3216201692194227,9.599486427655155,39.56469224372503,20.10506100771495,5.328541835113827,5.693496377058868,0.32695866823043374,False,True
7.101782405036594,0.099654497543706,0.14336867943319448,52.72840424726155,0.3852516429692288,9.800616435139498,2.037206882723946,16.395457905120224,2.592300273567571,12.78176419873779,37.614200982141675,21.58149715124789,2.7274259135673202,5.631859750800558,0.6754938248169686,False,False
7.598863819975472,0.08077053352577512,0.8210361482996504,27.721381718164153,0.7440682175064884,11.243403472860537,2.2793025161477583,17.060143271282318,4.49380473745432,10.859903632041158,42.84227445526153,22.830282409033984,1.3757834299050369,0.35798899276802176,0.17981907225363664,False,False
7.394485080349153,0.09429772329199297,0.45428011314584704,37.667392876611856,0.49878078969591033,10.438953033138127,1.46887335700911,16.04742402880974,2.592300273567571,12.407931480229339,42.54201388466945,21.58149715124789,3.8624367223770903,0.6965070366246743,0.2698894224742457,False,False
6.926711214156678,0.10556950147466491,0.17173554058930585,49.278146421387255,0.36604389129767245,9.503448636954712,2.219598465113328,17.619251251676573,2.436564706406596,12.624973944279542,37.06588738803519,20.39476232529814,3.9743323221229807,5.693496377058868,0.19073168512210362,False,False
7.267446120808626,0.08578909227231517,0.49458517006387115,40.396951342145435,0.5801740045911675,10.412720551718811,2.171190569497315,17.060143271282318,2.256863088856377,12.78176419873779,40.60377980745661,20.993602354277275,0.2833922341003332,5.693496377058868,0.32695866823043374,False,False
7.52341441508695,0.08878260531192918,0.0,62.176312764212014,0.26224022817874104,10.147892943277544,1.9133593319842788,17.060143271282318,0.33441324605013495,10.183907524834042,44.149466375333276,20.39476232529814,0.4805877597856303,5.693496377058868,1.7032231203575936,False,True
7.490004327820031,0.09130621682126047,0.11323252680992607,61.57807467032252,0.3961970737193129,10.438486811406436,1.6358669405671586,16.848465609261538,2.436564706406596,11.613975186144804,40.828924915686834,20.39476232529814,0.4805877597856303,5.693496377058868,1.7032231203575936,False,False
7.437046783584919,0.09135257608126617,0.32418881673076627,46.304746148458534,0.4845381900298198,10.439381427147136,1.9392658975733115,16.395457905120224,4.090725889160093,11.910709618142484,43.69775448640231,17.261414285370684,1.1870975351260629,4.781346455861174,0.6754938248169686,False,False
7.517255289964522,0.09014549469209891,0.05118109437734278,62.016630307431114,0.3307328125029375,10.280235661494677,1.74297265484049,15.204166835390973,2.256863088856377,11.910709618142484,42.35619087510994,20.39476232529814,0.4805877597856303,5.693496377058868,1.7032231203575936,False,False
7.589911336799462,0.09185207073360234,0.05992911124855155,69.84753313747848,0.33996197030206277,10.501155626510426,1.8611211731647759,16.04742402880974,2.256863088856377,11.910709618142484,40.57705404751428,20.935553849979552,0.2833922341003332,5.693496377058868,2.295506755538364,False,False
7.533023595588045,0.08088277509815905,0.6366900890367418,31.051140304035457,0.5970018970762763,10.77451865158544,2.3538035242736735,15.204166835390973,2.436564706406596,12.050574529238276,44.534636991045446,22.830282409033984,1.4406061846473677,1.3177514880328864,0.18541685620447262,False,False
7.275837738862341,0.08685440963483465,0.40241456099914563,42.372824956432154,0.5110722383234231,10.253293322907803,2.109393340232668,17.060143271282318,2.256863088856377,11.910709618142484,41.674530289541714,20.39476232529814,0.49511776818237385,5.830461366715838,0.3774122719807623,False,False
7.3254601514881,0.08899381168903218,0.2599829899416446,42.0451011789982,0.35613984803161686,9.950624253108671,2.090626539997684,17.060143271282318,1.0791107430954037,9.89281932929523,44.649142580600675,20.993602354277275,2.0964609891088295,3.9017620641098465,0.32695866823043374,False,False
7.1959513289996355,0.08713456472413411,0.2815920930762251,41.9398631527745,0.3774387672186077,9.780151733585638,2.3194170487818337,16.395457905120224,1.0791107430954037,10.859903632041158,42.92137558318655,21.58149715124789,1.1551822451609932,5.827653667894138,0.17981907225363664,True,False
6.9667435738466015,0.10179756561218639,0.05448136002037356,51.69344444846413,0.21144471768981254,9.13692797731284,1.8145485704249118,17.060143271282318,2.3216201692194227,9.222961994472087,38.68210038832579,22.830282409033984,3.8624367223770903,5.693496377058868,0.32695866823043374,True,False
7.5157043059856665,0.08270575506179817,0.8511548367106304,31.4696539857371,0.8292222190017893,11.438939850830765,2.311655853992337,21.797792845386134,3.3405300434503786,10.37973387620442,41.19409252233235,20.10506100771495,0.2833922341003332,2.5724388025810017,0.32695866823043374,False,False
7.326645095920491,0.08347408998801613,0.35520788334786624,41.109758096335085,0.443281979604433,10.11013736281642,2.2309840422248457,17.016663787579137,2.436564706406596,9.599486427655155,43.6498354446922,20.993602354277275,0.2833922341003332,5.693496377058868,0.32695866823043374,True,False
7.298811656395722,0.08586454322164062,0.5679022044644676,38.66736310510782,0.632892575982115,10.557568025902036,2.2447125820416667,15.204166835390973,3.1055102528524188,14.833350069193743,40.55799221843447,20.39476232529814,0.2833922341003332,5.350936642255683,0.2698894224742457,False,False
7.717334849600374,0.0883135454871654,0.032729676043103124,65.93360080057292,0.31126656616031473,10.57784553794889,1.2616291437403926,17.060143271282318,2.256863088856377,9.302605174602213,43.915550096562306,20.39476232529814,0.2833922341003332,4.588350930520592,2.1983328787777254,False,False
7.198642270577542,0.10910037587971609,0.0,71.78530582592094,0.15853669964079664,9.524982438286354,1.7581578113761938,16.04742402880974,2.592300273567571,11.910709618142484,37.795647534388515,20.39476232529814,3.8624367223770903,5.693496377058868,1.7032231203575936,False,True
7.1799217459540055,0.09854772169937512,0.12888553177470655,47.57712582173036,0.29661306107569696,9.579653666000077,1.5049658469221923,16.605593941476876,4.090725889160093,9.89281932929523,43.441392594420535,17.17443639882512,2.7274259135673202,5.827653667894138,0.23995226536067515,False,False
7.077883042384693,0.10604442949337174,0.0,56.65718603825038,0.24918922777752567,9.450070286182955,1.9755677583145126,16.04742402880974,2.3185182034425407,12.78176419873779,39.84699706024833,18.773869584508674,3.8624367223770903,5.693496377058868,0.6754938248169686,False,True
7.208883895836094,0.11159671555409327,0.0,76.0417835933484,0.030954846599113628,9.252705590735147,2.3217199432780244,17.060143271282318,2.436564706406596,9.302605174602213,38.89635674268849,20.39476232529814,4.5248012673056115,5.517796831869328,1.8669696805473033,False,True
7.306438193173573,0.09529056492207287,0.3834446909861436,40.379916831602586,0.46267821233623085,10.243171356764666,1.8984801384631946,16.43265077025188,2.256863088856377,11.910709618142484,40.931882347236176,22.830282409033984,3.8624367223770903,1.4482163758715838,0.32695866823043374,False,False
7.4532730799268485,0.09052848530765217,0.2137053412325458,56.438421350325584,0.5021958929351767,10.594477997970227,2.1778944391059394,15.204166835390973,3.3405300434503786,14.100396110484535,39.86510822366578,20.10506100771495,0.2833922341003332,5.693496377058868,1.4078491681341792,False,False
7.171248410346986,0.10460819356808806,0.1019153307444231,48.17942318960587,0.22146279166662114,9.479906001496806,1.6601796447920936,17.060143271282318,2.3216201692194227,9.599486427655155,42.396048500619706,20.39476232529814,5.328541835113827,2.5724388025810017,0.32695866823043374,False,False
7.532832310760435,0.083930125330355,0.3611694116633897,45.30140767499891,0.5092642708857771,10.641368708683089,2.191309790964572,16.04742402880974,2.436564706406596,11.910709618142484,43.84852680695353,20.39476232529814,0.2833922341003332,4.191410997916028,0.8872092823731502,False,False
7.199337960220727,0.08628646342571271,0.3666520182081758,40.21323372361254,0.4425882244298035,9.963028810821815,2.19441952965604,17.060143271282318,1.0791107430954037,10.859903632041158,41.562697855431374,22.830282409033984,1.1551822451609932,5.272860771701134,0.17981907225363664,True,False
7.324717702377554,0.08461891762159866,0.32510388919084,41.755089786547344,0.4207123723644453,10.057491065558327,2.24475709504766,17.060143271282318,2.3216201692194227,9.599486427655155,44.122945001470036,20.39476232529814,0.4805877597856303,5.693496377058868,0.32695866823043374,True,False
7.304164435807969,0.0884747310883532,0.21520885670799306,47.6132654247914,0.388198829495148,10.03984226613212,2.102063844431581,17.060143271282318,1.0791107430954037,10.859903632041158,42.31580836065414,21.58149715124789,1.1551822451609932,5.272860771701134,0.6754938248169686,True,False
7.577624355381989,0.08667016100589053,0.4090242034923379,40.47827929675424,0.49106536844564674,10.65698707757819,1.9276571866259054,15.204166835390973,2.436564706406596,11.910709618142484,44.73532870132664,21.58149715124789,2.138487674635566,1.3177514880328864,0.6754938248169686,False,False
7.2221154750497405,0.08744599774042834,0.5999770431393293,39.63217488779546,0.680471322680485,10.650011965322946,2.1672976270864406,21.31093751294592,3.557230563767508,9.599486427655155,37.647001064993894,21.58149715124789,0.2833922341003332,5.693496377058868,0.32695866823043374,False,False
7.474336981877125,0.09181180298230873,0.3488060897095071,38.673018276609724,0.4018267096696312,10.291860663016605,2.075526727451254,17.060143271282318,2.3216201692194227,9.599486427655155,45.806519655454196,20.39476232529814,3.4877881820291496,1.0027213008311917,0.32695866823043374,False,False
7.956485020143118,0.111218072560782,0.0,93.43581576605465,0.09598089698896445,10.748584800711935,2.272390597129803,17.619251251676573,1.0791107430954037,11.910709618142484,43.86658398175793,16.103945451081227,3.9743323221229807,1.5881921346465093,3.857874497476892,False,True
6.886524991936296,0.10915712542442102,0.02282785334091852,54.03841143501711,0.24354006037074455,9.15905324607747,2.253583006368356,16.848465609261538,2.436564706406596,11.910709618142484,37.00225304915994,20.993602354277275,4.787949617462863,5.693496377058868,0.32695866823043374,False,False
7.52053501011603,0.08060789431090919,0.7262072168904159,30.9092390133087,0.6894216643147957,11.01169598753341,2.1279931517530093,17.060143271282318,2.256863088856377,12.78176419873779,44.259091472808365,20.39476232529814,0.49511776818237385,2.5724388025810017,0.17981907225363664,False,False
7.17551540929298,0.09514404356276633,0.17201033536226248,46.28408493747986,0.32369565786566756,9.672844364095148,1.8195539135803804,16.605593941476876,2.256863088856377,10.37973387620442,41.82330356981258,20.993602354277275,2.7274259135673202,4.88651858757472,0.32695866823043374,False,False
7.120326129075235,0.09662543948389857,0.12096526702625839,46.92932597469233,0.2790319263861984,9.415680807304183,1.1285629707498865,14.802922478628401,4.090725889160093,10.37973387620442,41.881060310626204,20.10506100771495,2.7274259135673202,5.827653667894138,0.18541685620447262,False,False
7.274752811703747,0.08598081596656641,0.48076873618521787,41.13897639304701,0.5761647743039666,10.41989958350551,2.178840403171962,17.060143271282318,2.256863088856377,12.78176419873779,40.553326203706284,20.993602354277275,0.2833922341003332,5.693496377058868,0.3774122719807623,False,False
6.945540998172735,0.10377074120372487,0.12861517847734627,49.23652706484078,0.31995921201183986,9.39093011419757,2.06287268456266,17.060143271282318,2.3216201692194227,11.910709618142484,37.96725980252044,20.993602354277275,3.8624367223770903,5.693496377058868,0.19073168512210362,False,False
7.444409584030935,0.08560753187458112,0.6581775835038483,35.0037056616706,0.6759593072275161,10.926915039511103,1.8902324820053065,17.060143271282318,2.256863088856377,13.660558077232817,41.90047139288272,20.993602354277275,1.228964344657057,2.5724388025810017,0.32695866823043374,False,False
7.2654479046653515,0.08703509123363104,0.4692157099679549,41.02700249224394,0.5623817220820728,10.369981223943853,1.9583778106800571,17.060143271282318,2.3185182034425407,12.78176419873779,40.94376919616428,20.39476232529814,0.4805877597856303,5.693496377058868,0.32695866823043374,False,False
7.773025386352783,0.08557498940193103,0.1986369712688134,54.529873783306925,0.46921424543017254,10.978062121187653,1.960727291468381,16.605593941476876,3.3405300434503786,10.37973387620442,44.5310978601428,20.10506100771495,0.4805877597856303,2.854172390867356,1.7032231203575936,False,False
7.0407068987355945,0.10455894301768986,0.0,56.67885763952308,0.22008995593285507,9.324682895500322,1.9619083492224587,17.060143271282318,2.256863088856377,10.588763649985111,38.86920071134599,20.993602354277275,3.8624367223770903,5.693496377058868,0.6754938248169686,True,True
7.422860650989102,0.09116093688562735,0.0,59.929669296682675,0.2697205455645764,9.99470050118187,1.3380317922483087,17.060143271282318,1.4827293507649688,9.599486427655155,42.67017108279403,20.993602354277275,1.060431501441449,5.693496377058868,1.4399396347259332,False,True
7.468081621081682,0.08521128858692348,0.5867839124031228,36.467094993120654,0.621478971080333,10.812570668319326,1.8084953260666465,17.060143271282318,2.436564706406596,12.624973944279542,43.103954511017115,20.39476232529814,1.094732912253084,2.9074560574824395,0.3774122719807623,False,False
7.632176567648665,0.0791731096830366,0.7591515400991158,28.641788040893523,0.6918873738626065,11.16577293037069,2.0578508692440685,17.060143271282318,2.436564706406596,12.050574529238276,46.11271370334987,20.10506100771495,0.7317744377706412,1.3177514880328864,0.18541685620447262,False,False
7.584526303175501,0.08029073291291695,0.7694573894012366,31.81825576536145,0.7479958165397187,11.294889332622622,2.1422681255213654,18.826651572976857,2.436564706406596,11.910709618142484,43.5972850094296,20.39476232529814,0.2833922341003332,2.1732222616652415,0.3774122719807623,False,False
7.289303527665507,0.08607624520011822,0.41199385176950554,41.3419229756152,0.5064974140282683,10.243119678476413,2.050055043995471,16.641864454313975,2.3216201692194227,11.93530153214924,42.205408713944294,20.39476232529814,0.4805877597856303,5.693496377058868,0.32695866823043374,False,False
7.312651940022825,0.08693353152934566,0.31523517711610166,46.49398644493809,0.4777870531159635,10.249395536303961,2.2975208587204827,16.395457905120224,2.256863088856377,11.910709618142484,40.991364266574806,21.58149715124789,0.49511776818237385,5.693496377058868,0.6754938248169686,False,False
7.048967843532207,0.0994767292707273,0.1892136632128729,48.555363755592566,0.3741902321682214,9.648626814203235,2.031196987344717,16.04742402880974,2.592300273567571,12.78176419873779,38.621441759916344,20.993602354277275,2.943012339401978,5.693496377058868,0.32695866823043374,False,False
7.321637183187698,0.10098114347039364,0.06004621511333365,51.28118676055328,0.20095461528756975,9.62921763402499,1.807078610465399,15.204166835390973,2.436564706406596,10.37973387620442,44.101739679579474,20.10506100771495,4.5248012673056115,2.5724388025810017,0.6754938248169686,False,False
7.55522575929375,0.08079399037700263,0.8093621165381932,31.679663529133123,0.7881216249492735,11.370209166773044,1.6802698320942158,17.060143271282318,1.0791107430954037,15.696852756945159,42.935104135632656,20.39476232529814,0.2833922341003332,2.1732222616652415,0.3774122719807623,False,False
7.285217269425146,0.08376060049049044,0.44176439649341154,38.887364894652066,0.50295021291938,10.193737088479894,2.3790647257421136,16.43265077025188,2.256863088856377,11.421323481329951,42.72794000900321,20.993602354277275,0.2833922341003332,5.693496377058868,0.19073168512210362,False,False
8.008733425147629,0.09217950254726708,0.0,84.62433860495804,0.24688229112440552,11.024432919479711,2.129008960187869,17.060143271282318,2.256863088856377,9.599486427655155,43.15487187495142,20.39476232529814,0.2833922341003332,3.605157827242453,3.6453229506138127,False,True
7.456289630232585,0.10526857434679915,0.0,66.02907887157858,0.1555728491070078,9.87005809655913,1.5792215528462223,16.395457905120224,2.256863088856377,10.1245364121725,42.353722957247655,20.10506100771495,4.488696705949691,2.5724388025810017,1.7032231203575936,False,True
7.715057778810003,0.07854729621749254,0.7566918656616318,33.37562926048236,0.756706595303186,11.551016784759689,2.230231592439239,18.826651572976857,1.0791107430954037,12.78176419873779,44.87228017698155,20.39476232529814,0.15218559724893704,1.21775156084436,0.6754938248169686,False,False
6.905615506431067,0.11151955871143868,0.0,56.803290025147255,0.12702776544350508,8.901712629305191,2.0379238274472993,17.060143271282318,2.3216201692194227,10.436582473087583,39.14420209174414,19.638001510513085,5.328541835113827,5.693496377058868,0.3774122719807623,False,True
7.476203529525887,0.08848599260293415,0.08066589344086508,61.56625502155273,0.36183927551495354,10.319540520224983,2.1862796824865103,17.060143271282318,2.256863088856377,9.89281932929523,40.25061084194352,22.830282409033984,0.2833922341003332,5.693496377058868,1.7323924484293687,False,False
6.983733281261367,0.10342527794728319,0.06821415580530882,50.676086306288724,0.1763552070370149,9.058753081055187,2.190637078613218,17.060143271282318,2.277558049562589,9.302605174602213,40.93439344938131,20.39476232529814,4.151624496610087,5.693496377058868,0.18541685620447262,False,False
7.638726041545442,0.08043102717107223,0.8989021488514561,26.496558017157646,0.8087742514458897,11.504705706830869,1.9071021411023998,17.619251251676573,2.436564706406596,13.660558077232817,44.28795970030431,20.39476232529814,0.9894904460104977,0.4315944208174224,0.17981907225363664,False,False
7.196288180536771,0.08712082306185695,0.2807726060526679,41.9440028015522,0.3766331607492531,9.778374775812072,2.323790745931275,16.395457905120224,1.0791107430954037,10.841822497465937,42.93945671776178,21.58149715124789,1.1551822451609932,5.827653667894138,0.17981907225363664,True,False
7.286986799990333,0.08529413957482941,0.7455754198383767,34.76500737331254,0.7647647451705004,10.907606662602735,2.24266593462708,16.395457905120224,2.256863088856377,16.3295125733357,38.816341082405465,21.150263113407675,0.2833922341003332,4.588350930520592,0.17981907225363664,False,False
7.233925656585548,0.10057283468096001,0.03168325423455064,53.87119084930651,0.2836978335833749,9.689479225354127,1.268024827529717,16.605593941476876,4.090725889160093,10.37973387620442,42.51893648805506,17.17443639882512,2.7274259135673202,5.827653667894138,0.6754938248169686,False,False
7.864516480070653,0.08799895484226393,0.47770004853882964,55.75089207913055,0.7807103091433063,12.043770582250481,2.3366864986115052,17.060143271282318,2.256863088856377,17.04191050475262,39.45479645731973,20.39476232529814,0.2833922341003332,1.3097992396127582,2.1983328787777254,False,False
7.130231370509225,0.106762640572261,0.06691204496110092,51.69338765209249,0.28985032171563685,9.517681052418235,2.216137761421297,16.04742402880974,6.444764798621427,10.37973387620442,41.47230080774453,15.772884720953483,3.8624367223770903,5.693496377058868,0.32695866823043374,False,False
7.675922964445013,0.07910055051503904,0.9317722255271996,26.961843287439933,0.8500782651674377,11.637121260767431,2.108147844576833,16.641864454313975,3.557230563767508,14.233215219462947,43.72594321827289,20.39476232529814,0.4805877597856303,0.6965070366246743,0.2698894224742457,False,False
7.195548168759079,0.08724039146454741,0.6548473045684331,37.5181470704214,0.7082537814605878,10.66366962888832,2.057414645377077,18.826651572976857,2.256863088856377,13.660558077232817,38.10561722324383,20.993602354277275,0.2833922341003332,5.693496377058868,0.17981907225363664,False,False
7.257566829387262,0.08926151359937678,0.41632493989638464,46.05484231393075,0.5781829434732502,10.481549813020296,1.9246378312842838,18.826651572976857,2.256863088856377,11.910709618142484,38.47023148215262,21.58149715124789,0.5850568847479314,5.693496377058868,0.6754938248169686,False,False
7.118209403684323,0.09845124504705659,0.03797865635614404,53.64114138659652,0.2870633705267721,9.56478691262534,2.2866794357508216,17.060143271282318,2.256863088856377,10.37973387620442,39.499432760501044,21.573253596877414,2.7274259135673202,5.827653667894138,0.6754938248169686,True,False
7.163542420227279,0.1037167912813639,0.2551722324846649,52.17301067690948,0.49529508496636654,10.200986580444964,2.0523734570527856,18.827257176457632,4.090725889160093,12.78176419873779,38.09103684763452,17.17443639882512,2.7274259135673202,5.631859750800558,0.6754938248169686,False,False
7.525238919748226,0.08326548575546222,0.6009424576320465,36.28805928828608,0.6338666060263731,10.884714114035749,1.9444269090254775,17.13290884255896,3.557230563767508,11.910709618142484,44.570246829202965,18.442525298417834,0.2833922341003332,3.7255743418291485,0.3774122719807623,False,False
7.1835810229616115,0.09890297653876892,0.38130569300692396,41.26377885800588,0.4730085636630989,10.10488400947698,1.045527749795219,17.016663787579137,2.436564706406596,12.624973944279542,39.60811242957838,21.58149715124789,3.9743323221229807,2.5724388025810017,0.18541685620447262,False,False
7.558420277949364,0.07944477345351589,0.8137539786817026,29.10114259512612,0.7560345706384444,11.253599146068074,2.237554536947127,18.826651572976857,2.256863088856377,11.910709618142484,43.96366721383846,20.39476232529814,0.2833922341003332,2.1732222616652415,0.19073168512210362,False,False
7.349428855770554,0.0851594923939142,0.2416011570775011,48.69175614147465,0.4314013890579234,10.194980794666407,2.334364898881118,17.060143271282318,2.256863088856377,9.89281932929523,41.126005633790875,22.830282409033984,0.2833922341003332,5.693496377058868,0.856997656582011,True,False
7.7670458402018925,0.08582526506384856,0.2135531292749159,54.467465454936644,0.4840620411185948,11.009008522097941,1.7999532129766387,16.395457905120224,3.3405300434503786,10.919179994031483,44.20178777867239,20.10506100771495,0.4805877597856303,2.854172390867356,1.7032231203575936,False,False
6.880473687524052,0.11078103799610543,0.0,56.81025066416836,0.11881366883967143,8.841565311322787,2.0996273114823976,17.060143271282318,2.3216201692194227,9.89281932929523,38.354929473032136,20.971037273017437,5.328541835113827,5.693496377058868,0.3774122719807623,False,True
7.021513197976211,0.10223027121291467,0.06319786995398231,51.04770468132672,0.1899039111163104,9.148705289254771,2.136447763675631,17.13290884255896,2.3216201692194227,9.222961994472087,41.10192414654119,20.39476232529814,3.8624367223770903,5.693496377058868,0.2698894224742457,False,False
7.329680160996025,0.0917334913842071,0.5646586739170473,37.58551049871441,0.6140640922332963,10.672032209289625,1.6696449802345643,20.611456834469674,2.436564706406596,10.39715575944733,40.81286878216167,20.39476232529814,2.223129778874995,2.854172390867356,0.2698894224742457,False,False
7.52341441508695,0.08878260531192918,0.0,62.176312764212014,0.26224022817874104,10.147892943277544,1.9133593319842788,17.060143271282318,0.33441324605013495,10.183907524834042,44.149466375333276,20.39476232529814,0.4805877597856303,5.693496377058868,1.7032231203575936,False,True
7.286385608331941,0.08356616277322487,0.43358314201624215,38.96894686013373,0.4954807903778477,10.16721048328614,2.3480387114931704,15.728191395396566,2.256863088856377,11.910709618142484,42.81603760625485,21.120577995068416,0.2833922341003332,5.693496377058868,0.19073168512210362,True,False
7.384425733311958,0.08648637650052592,0.2557420836105143,49.13047521612008,0.45256782273935453,10.300477194134114,2.048982457935421,16.04742402880974,2.256863088856377,11.910709618142484,41.92730301638177,20.993602354277275,0.2833922341003332,5.693496377058868,0.8872092823731502,False,False
7.094199030693177,0.1024601293735101,0.0,57.481791973694115,0.09935131140886272,9.034657330251246,1.8891803989349674,14.298546371045774,2.256863088856377,10.588763649985111,41.63079761158254,20.993602354277275,3.8624367223770903,5.693496377058868,0.6754938248169686,True,True
6.8812038572418235,0.10947670337459224,0.017765483585109945,54.413443815198875,0.21200547400216696,9.091471269057863,2.3582724767236276,18.77775979360102,2.3216201692194227,9.599486427655155,37.36856444959125,20.993602354277275,4.918511760366579,5.693496377058868,0.32695866823043374,False,False
7.324408710972978,0.08467680787817128,0.40367430571101115,40.880266184476056,0.491145882930765,10.244268122550924,2.2161627972404565,17.060143271282318,2.3216201692194227,10.968206483236443,43.241121789157226,20.10506100771495,0.2833922341003332,5.693496377058868,0.32695866823043374,False,False
7.491462883874713,0.08082517354437391,0.7376645628190817,31.45728227024935,0.7093137956346411,11.027476979231075,2.0957194432113497,17.619251251676573,2.436564706406596,12.624973944279542,43.42069406878275,20.39476232529814,0.2833922341003332,3.0296297843339612,0.19073168512210362,False,False
7.264211231353935,0.08612840791412403,0.4783428856273149,39.21508152691566,0.5462075000281063,10.282616805180556,1.9904783062774924,15.204166835390973,2.277558049562589,14.100396110484535,41.953317003797984,20.10506100771495,0.4805877597856303,5.693496377058868,0.18541685620447262,False,False
7.414609128840592,0.08273594235174671,0.5989314508534008,35.826004169411306,0.6251649113220992,10.70785224496795,1.851010104651218,16.848465609261538,2.436564706406596,12.624973944279542,42.95054076026358,20.39476232529814,0.2833922341003332,4.191410997916028,0.2698894224742457,False,False
7.418858379563168,0.09174927852657683,0.02109795791850359,59.80727088152816,0.29899510353886216,10.058144641599927,1.2677181098284418,17.060143271282318,2.256863088856377,9.599486427655155,41.89603734470262,20.993602354277275,1.060431501441449,5.693496377058868,1.4399396347259332,False,False
7.5244005110193335,0.0802894949848751,0.7896014435881604,30.222269704870463,0.7465195095647029,11.164310573162503,2.0085336337962016,17.016663787579137,2.436564706406596,13.660558077232817,43.44216267546623,20.397488031511777,0.2833922341003332,2.5724388025810017,0.19073168512210362,False,False
7.517255289964522,0.09014549469209891,0.05118109437734278,62.016630307431114,0.3307328125029375,10.280235661494677,1.74297265484049,15.204166835390973,2.256863088856377,11.910709618142484,42.35619087510994,20.39476232529814,0.4805877597856303,5.693496377058868,1.7032231203575936,False,False
7.331980034834574,0.08641274010030102,0.4912863915008947,37.06858919082464,0.5292949076053327,10.35807206305029,1.798307736962328,16.395457905120224,2.256863088856377,11.910709618142484,42.49754387281767,21.58149715124789,1.4406061846473677,3.731905322963514,0.18541685620447262,False,False
7.05218112903726,0.10536150230218756,0.0,56.75287914137934,0.2459212368544747,9.385936948063971,2.2589087822977705,14.298546371045774,2.277558049562589,14.100396110484535,38.98701153693922,20.10506100771495,3.8624367223770903,5.693496377058868,0.6754938248169686,False,True
7.062154403968322,0.10038384508951047,0.04248245255033542,52.5823520243886,0.08296987657688831,8.887841247979154,2.0365588941398287,14.298546371045774,2.256863088856377,9.599486427655155,42.968609990499026,20.993602354277275,3.8624367223770903,5.693496377058868,0.32695866823043374,True,False
6.996285738361041,0.1019227687236758,0.11825402715206557,48.55288906049759,0.29929257422899525,9.384739440583791,1.8267246153815526,16.395457905120224,2.256863088856377,11.910709618142484,39.56829857232777,20.39476232529814,3.600593040942502,5.693496377058868,0.17981907225363664,False,False
7.496391067376602,0.07928852994709927,0.7716947209239067,30.17787999875177,0.7269957676141223,11.083990947924654,2.1449655615812375,17.060143271282318,1.4827293507649688,13.660558077232817,43.1738242565862,21.58149715124789,0.2833922341003332,2.5724388025810017,0.18541685620447262,True,False
7.519956383721811,0.08077362260234404,0.6331226059259053,33.95254743217176,0.6345568625336802,10.877470223204018,2.3305805453968698,16.395457905120224,2.256863088856377,12.522539771177986,44.16981806168472,20.993602354277275,0.4805877597856303,2.854172390867356,0.32695866823043374,True,False
7.491916130677706,0.0870115471980258,0.04164402285452135,57.616624622241545,0.32067120204636096,10.19489783950867,1.4890292877147193,17.060143271282318,1.4827293507649688,9.599486427655155,43.447210350135144,20.993602354277275,0.2833922341003332,5.693496377058868,1.4399396347259332,True,False
7.281827637433104,0.08409469389135246,0.4592079991102013,38.83428931944941,0.5205973695132297,10.228866314214079,2.2649497751562926,16.04742402880974,2.592300273567571,11.910709618142484,42.28834342892163,20.993602354277275,0.2833922341003332,5.693496377058868,0.19073168512210362,False,False
7.535040126913601,0.08712135731933242,0.0,61.70694164603377,0.2567655974301487,10.133718321556536,2.12511553865033,16.395457905120224,0.1952368419387342,10.37973387620442,44.35585729094255,20.993602354277275,0.2833922341003332,5.693496377058868,1.7032231203575936,True,True
7.918250026965305,0.08888651524512323,0.26716285940959633,65.64336008617744,0.558593574611965,11.607142116896275,1.9522909540105693,18.826651572976857,2.256863088856377,11.910709618142484,41.478998321310215,20.39476232529814,0.2833922341003332,2.1732222616652415,2.675400577650348,False,False
7.484476165351914,0.0915317349895787,0.12576430646471606,61.51013776494685,0.40941810125511635,10.467648950177635,1.8092454280028387,16.848465609261538,2.436564706406596,11.910709618142484,40.53219048368915,20.39476232529814,0.4805877597856303,5.693496377058868,1.7032231203575936,False,False
7.5926375437531854,0.07810222714422801,0.7336145588350751,29.614754906505528,0.6788017862778052,11.068078743480621,2.3413629878179254,17.060143271282318,2.256863088856377,11.910709618142484,45.730175515533006,20.39476232529814,0.2833922341003332,2.1732222616652415,0.19073168512210362,False,False
7.7770957213770116,0.0854152860143,0.189103939340043,54.59097083857336,0.4600269740390534,10.955993432336532,2.057194628148239,16.395457905120224,3.3405300434503786,10.37973387620442,44.74123389649945,20.10506100771495,0.4805877597856303,2.854172390867356,1.7032231203575936,False,False
7.169606806852223,0.09246400667708828,0.13541747324327508,46.64496366983715,0.2902294276837537,9.569410800449832,2.33500385962049,17.060143271282318,1.4827293507649688,9.599486427655155,42.74712256162215,20.993602354277275,2.0964609891088295,5.693496377058868,0.32695866823043374,True,False
7.185592584451013,0.08714858637871338,0.6595792435275456,37.48497325808525,0.7127735519883723,10.661776300890066,2.1165469797518175,18.826651572976857,2.256863088856377,13.660558077232817,37.72936687146501,21.369852706056097,0.2833922341003332,5.693496377058868,0.17981907225363664,False,False
7.1409879364555175,0.11173744004150629,0.0,74.26393684525378,0.044922472017219994,9.179500450722646,2.155095159352409,17.060143271282318,2.256863088856377,9.599486427655155,38.0770077411816,20.993602354277275,4.6161776193308075,5.693496377058868,1.7032231203575936,False,True
7.581566025341264,0.10699829046744011,0.01035893165272415,73.79174822093094,0.2876654308284649,10.513544363543167,1.5187790196480235,17.619251251676573,2.436564706406596,11.910709618142484,39.030702682530794,20.39476232529814,3.9743323221229807,2.1732222616652415,2.4604548321571866,False,False
7.22804875094668,0.08715111563876933,0.544839934869277,38.71906435546353,0.6092981540979548,10.445460434414384,2.264936616230223,18.826651572976857,2.256863088856377,11.910709618142484,40.24619757275954,20.39476232529814,0.4805877597856303,5.693496377058868,0.19073168512210362,False,False
7.37228988330678,0.10275900618298184,0.0,75.36988215093058,0.11174096124950228,9.664658669859966,2.183730837325981,17.060143271282318,2.436564706406596,8.812328770861525,39.534633012760416,21.58149715124789,2.7274259135673202,5.693496377058868,2.1539107968150626,False,True
7.108523821220728,0.09938999179771003,0.1275797737667223,52.82959510126359,0.37003539672034313,9.764065582372345,1.9669710423660356,16.04742402880974,2.592300273567571,12.78176419873779,37.962234858452156,21.58149715124789,2.7274259135673202,5.631859750800558,0.6754938248169686,False,False
7.679018702777045,0.07744151373432198,1.019109667643796,24.072047487604888,0.9010659622718112,11.798700601507601,2.1806408625373126,18.826651572976857,2.256863088856377,13.660558077232817,43.96635920846441,20.39476232529814,0.2833922341003332,0.4315944208174224,0.17981907225363664,False,False
7.677132230939435,0.0926185717006351,0.24259693650062933,51.406555898830185,0.4711131388509453,10.882971227810996,2.086966404111463,17.060143271282318,3.557230563767508,10.37973387620442,42.573129152189544,21.573253596877414,2.7274259135673202,0.6965070366246743,1.4325765894868028,False,False
7.142663882035096,0.09839760912369158,0.06291881292886337,53.16004277055041,0.30652395654470493,9.625873532463169,2.10655899994367,16.395457905120224,3.3405300434503786,10.37973387620442,39.26800153479224,21.58149715124789,2.7274259135673202,5.631859750800558,0.6754938248169686,False,False
7.268031804175184,0.0853170405167598,0.5170695293059128,38.45470334786657,0.5762356365197018,10.38419123275529,2.2347945128334454,17.619251251676573,2.436564706406596,11.910709618142484,41.4710918021949,20.39476232529814,0.2833922341003332,5.693496377058868,0.19073168512210362,False,False
7.516073299194851,0.08040207703360329,0.6628962407062058,32.00184609693927,0.6381882969387691,10.861099937490042,2.353430026944866,16.395457905120224,2.256863088856377,12.522539771177986,44.90488507377219,20.39476232529814,0.4805877597856303,2.854172390867356,0.19073168512210362,False,False
6.9667435738466015,0.10179756561218639,0.05448136002037356,51.69344444846413,0.21144471768981254,9.13692797731284,1.8145485704249118,17.060143271282318,2.3216201692194227,9.222961994472087,38.68210038832579,22.830282409033984,3.8624367223770903,5.693496377058868,0.32695866823043374,True,False
7.374418442015155,0.08817929877132945,0.31221209749330997,46.540324880594966,0.47525760532382705,10.338767395817062,2.0275689302455215,17.060143271282318,2.3216201692194227,11.910709618142484,43.09549142097052,18.74792755032705,0.49511776818237385,5.693496377058868,0.6754938248169686,False,False
6.9615037117240295,0.1076319098643645,0.028276653905915952,53.63475134229432,0.15045690591617478,9.012713416617961,1.8626277481777747,17.060143271282318,2.2577696618228,9.599486427655155,39.67551269143274,20.993602354277275,5.064100433779432,5.022426491519853,0.32695866823043374,False,False
7.044271844793612,0.10493078256490757,0.093954594515035,49.55056236080375,0.2878644424083301,9.426642498105469,1.1899740002201435,15.204166835390973,2.277558049562589,14.100396110484535,41.61778439589963,17.05874465302184,3.8624367223770903,5.693496377058868,0.18541685620447262,False,False
7.702702211909425,0.0915031082917119,0.0,75.67708301078807,0.19852301570858244,10.310356920056158,1.4919134515239432,15.204166835390973,2.436564706406596,10.183907524834042,43.15668843751431,20.39476232529814,0.2833922341003332,5.693496377058868,2.647021559396731,False,True
7.764331846874111,0.09577324570956304,0.18309331573169957,76.95872785110795,0.469900206031784,11.247636375789309,2.331054743041947,18.826651572976857,2.256863088856377,12.624973944279542,38.16080006010492,20.39476232529814,0.4805877597856303,4.191410997916028,3.0639502507825074,False,False
7.376279421104979,0.08728735591386964,0.3024270362925445,48.44450180421066,0.4920515663694624,10.405548559329027,2.0231043184120274,17.060143271282318,2.256863088856377,11.910709618142484,41.54363542867947,20.39476232529814,0.2833922341003332,5.693496377058868,0.856997656582011,False,False
7.212961680136663,0.08797804278405844,0.34903582892224627,41.4283147025478,0.44130699620698344,9.954348664637182,1.9887576597662673,15.728191395396566,2.256863088856377,11.910709618142484,41.98984284767179,21.120577995068416,1.1095869926833997,5.693496377058868,0.19073168512210362,False,False
7.3974946553349,0.08648160524395573,0.22348382027522007,50.252535757130964,0.4345145112755457,10.276378284644267,2.0608381906678184,15.728191395396566,2.256863088856377,11.910709618142484,42.04881590343094,21.120577995068416,0.2833922341003332,5.693496377058868,0.9579533879460153,True,False
7.275268263505525,0.08642251252037861,0.5351250342838223,39.490416093280885,0.6100336799656848,10.477446116462296,2.178570999198128,17.060143271282318,3.557230563767508,12.407931480229339,40.33315432578925,20.39476232529814,0.2833922341003332,5.693496377058868,0.2698894224742457,False,False
7.015968962905862,0.10267438242794151,0.04330463572641704,52.52144274111914,0.1996992908136797,9.18504584501493,2.1054004950260516,17.060143271282318,2.256863088856377,9.599486427655155,40.15655948651215,20.993602354277275,3.8624367223770903,5.693496377058868,0.3774122719807623,False,False
7.347126402232043,0.09021836208652842,0.2669799317138841,49.74469177004232,0.4731707514177771,10.32750407710856,2.016904357225639,18.023875533049114,3.3405300434503786,10.37973387620442,40.854771472100744,20.10506100771495,0.7455340338395113,5.693496377058868,0.856997656582011,False,False
7.368924393853177,0.0832097773521237,0.5077520314154684,37.83174623570262,0.557534203865804,10.448716633872886,1.7770221262957464,17.060143271282318,3.557230563767508,10.37973387620442,42.56948969031919,20.993602354277275,0.2833922341003332,4.88651858757472,0.2698894224742457,False,False
7.518778961061786,0.08951178015248126,0.09381128728450264,61.2096388104663,0.37570766601999117,10.391490866161876,1.6044475205882684,16.395457905120224,3.3405300434503786,10.37973387620442,41.21056408943091,20.993602354277275,0.2833922341003332,5.693496377058868,1.7032231203575936,False,False
7.00866227201074,0.10248265873369025,0.053320851323363255,51.779417690217564,0.2037085211008806,9.177866813228231,2.1111071681711833,17.060143271282318,2.256863088856377,9.599486427655155,40.20701309026248,20.993602354277275,3.8624367223770903,5.693496377058868,0.32695866823043374,False,False
8.133306736730201,0.08705911659930286,0.3339367363381834,61.795827740766846,0.6290400147716244,12.085471178383862,2.2164751805300424,18.826651572976857,2.436564706406596,12.624973944279542,44.88605914334125,17.79570699130023,0.2833922341003332,0.4315944208174224,2.7150569867777707,False,False
6.909486601300367,0.10811925955369081,0.04108748349850567,52.685694646327136,0.2295662604456863,9.162814470958127,2.3238202680451954,16.848465609261538,1.052275865863814,12.624973944279542,38.57046253829001,20.39476232529814,4.787949617462863,5.451220677069852,0.2698894224742457,False,False
7.54597967535534,0.08917420051177624,0.5934668257511717,32.94854561524222,0.5784221210407559,10.823011711513256,1.9753788943543722,17.13290884255896,2.256863088856377,12.407931480229339,46.13121388078584,18.47631896344359,2.7184376352475814,0.6965070366246743,0.17981907225363664,False,False
7.275966897772028,0.10303553947068372,0.32828757769084327,41.8634345215367,0.42561409069297373,10.159010768213603,1.7835270691627747,17.13290884255896,2.3216201692194227,12.407931480229339,41.4478388884814,20.39476232529814,5.328541835113827,0.6965070366246743,0.2698894224742457,False,False
7.24077825592099,0.0962139636815652,0.2298849718375455,43.673483670115004,0.34757607752984715,9.837886466096494,1.7641666337214643,16.04742402880974,2.592300273567571,10.37973387620442,41.38842521919576,22.830282409033984,3.8624367223770903,2.5724388025810017,0.32695866823043374,False,False
7.157853875221785,0.09593399213840889,0.17226911909517667,51.017742338992825,0.3913802349404601,9.900277054524386,1.9602666439010874,19.19749871582255,2.256863088856377,9.599486427655155,38.884921324693174,21.58149715124789,2.1107430898490107,5.693496377058868,0.6754938248169686,False,False
7.043708357440275,0.0967579793809697,0.16883240212484002,47.98071380678853,0.3445044670128365,9.563323376035145,2.22695795310945,17.619251251676573,2.436564706406596,9.89281932929523,38.47320134473099,22.830282409033984,2.7274259135673202,5.693496377058868,0.32695866823043374,True,False
7.400438809941516,0.10469835606040133,0.0,76.52808659415864,0.23067907419022593,10.054771920699235,1.6178742343235988,17.060143271282318,2.3216201692194227,11.910709618142484,38.10835571725273,20.10506100771495,2.479656285468726,5.693496377058868,2.3209575538605054,False,True
7.495583887647636,0.08157259944787501,0.7332128296533249,32.71199266555635,0.7224854273294871,11.098037122650515,2.194594951404747,18.826651572976857,2.436564706406596,11.910709618142484,42.829494245415034,20.39476232529814,0.2833922341003332,3.0296297843339612,0.2887955133265947,False,False
7.491462883874713,0.08082517354437391,0.7376645628190817,31.45728227024935,0.7093137956346411,11.027476979231075,2.0957194432113497,17.619251251676573,2.436564706406596,12.624973944279542,43.42069406878275,20.39476232529814,0.2833922341003332,3.0296297843339612,0.19073168512210362,False,False
7.261678747421224,0.08693160921294446,0.24143788617672188,43.560972178373696,0.3581621368140982,9.836334692943463,2.2674430356658233,17.060143271282318,1.4827293507649688,9.599486427655155,43.78315204928953,20.993602354277275,1.060431501441449,5.693496377058868,0.32695866823043374,True,False
7.0407068987355945,0.10455894301768986,0.0,56.67885763952308,0.22008995593285507,9.324682895500322,1.9619083492224587,17.060143271282318,2.256863088856377,10.588763649985111,38.86920071134599,20.993602354277275,3.8624367223770903,5.693496377058868,0.6754938248169686,True,True
7.52838379064297,0.08809985162604035,0.02721944776729877,61.503375989546356,0.3054532753293411,10.23923478660372,1.3591779871086098,16.395457905120224,1.4827293507649688,10.37973387620442,43.06836478211631,20.993602354277275,0.2833922341003332,5.693496377058868,1.7032231203575936,False,False
7.754253977707439,0.08494394487592337,0.2514403302993114,53.61865042218088,0.5119451448735431,11.062424860976506,1.624885473123965,16.395457905120224,3.3405300434503786,10.919179994031483,43.0538340470244,21.53474832764929,0.4805877597856303,2.5724388025810017,1.7032231203575936,False,False
7.2656564945925775,0.10053918188364874,0.0,64.55512069733908,0.19752212058517055,9.65515451341194,2.1205445093864244,17.060143271282318,1.4827293507649688,10.37973387620442,40.284565848377206,20.993602354277275,2.7274259135673202,5.631859750800558,1.4399396347259332,False,True
6.915047070008603,0.1079935838605481,0.01809643637174591,54.38892604638962,0.17532730762566212,9.008593703040393,1.9373432241581618,16.848465609261538,2.436564706406596,10.37973387620442,38.533228791098004,20.993602354277275,4.787949617462863,5.693496377058868,0.32695866823043374,False,False
7.62449087638791,0.07828306609739595,0.695236949375974,30.90269057044874,0.6566547763414772,11.043096080272619,2.3422446099603826,17.13290884255896,3.557230563767508,10.37973387620442,45.808860473931155,20.39476232529814,0.2833922341003332,2.1732222616652415,0.2698894224742457,True,False
7.429135453226196,0.08281309110201833,0.35446378517945193,42.23830833215018,0.4585685315118477,10.319526818048496,2.119402247170744,17.060143271282318,2.4382909703850113,9.599486427655155,44.19323044231337,20.993602354277275,0.2833922341003332,4.88651858757472,0.5453357124118098,True,False
7.194572387683126,0.0884765322879277,0.6263893097973507,38.23700147864612,0.6884677335357904,10.61836991858109,2.034437461701332,18.826651572976857,2.277558049562589,13.660558077232817,38.48096898188063,20.39476232529814,0.4805877597856303,5.693496377058868,0.18541685620447262,False,False
7.219339381293163,0.09285487659808986,0.05072664989125591,51.97160229637713,0.2263564883244617,9.515511112969271,1.990132673515556,16.395457905120224,1.1077866332870534,9.599486427655155,42.85032069170501,21.58149715124789,2.0964609891088295,5.693496377058868,0.6754938248169686,False,False
6.989163951176121,0.10972362220158371,0.0,58.55227579842605,0.17647230037740574,9.154960102272804,1.3921867247022257,16.395457905120224,3.3405300434503786,10.37973387620442,37.54076027386084,21.58149715124789,5.064100433779432,5.022426491519853,0.6754938248169686,False,True
7.314032264307269,0.08388863767977796,0.38125114641874475,40.96945955639178,0.46875964411701515,10.166969528778052,2.1758559266485293,17.060143271282318,2.256863088856377,10.281166050662502,43.104377955531895,20.993602354277275,0.2833922341003332,5.693496377058868,0.32695866823043374,False,False
7.154448862258429,0.10401164105485407,0.09657261664200109,48.57522414510956,0.21900980360132288,9.44444650344958,1.6244447802201087,17.060143271282318,2.2577696618228,9.599486427655155,42.267149427597765,20.39476232529814,5.064100433779432,3.0296297843339612,0.32695866823043374,False,False
7.309088447869116,0.08419150810643258,0.6225276521206045,36.06899295406191,0.6535192835944058,10.633050762723798,1.8504960614568637,16.395457905120224,2.277558049562589,14.100396110484535,40.90266573486631,20.993602354277275,0.2833922341003332,4.861510755384266,0.18541685620447262,False,False
7.411419909359418,0.0823265331771217,0.5686314843421987,36.74672530879884,0.6063103479342439,10.654120420008587,1.9433905923938861,16.395457905120224,2.436564706406596,12.522539771177986,42.612288466365364,21.23138725068304,0.2833922341003332,4.191410997916028,0.32695866823043374,False,False
6.926959831056077,0.11060495212579166,0.036670151505647855,53.47402310643663,0.2833029825387688,9.378742331364498,2.2177122320313885,20.434504427354316,2.2577696618228,9.599486427655155,37.13923927817274,20.10506100771495,5.064100433779432,5.022426491519853,0.3774122719807623,False,False
7.329388686523597,0.08758287652243965,0.4291708385254136,45.35544512391364,0.581775318343191,10.518722882544266,2.287648074463566,16.04742402880974,4.090725889160093,12.78176419873779,39.33907696016684,21.150263113407675,0.2833922341003332,5.631859750800558,0.6754938248169686,False,False
7.017427211733771,0.09904232009862105,0.3177331842044231,45.49049757181202,0.4661318619689831,9.844804580127901,2.273713795944833,17.619251251676573,2.592300273567571,12.758551798293741,37.41386551261237,20.993602354277275,2.738200747391505,5.693496377058868,0.19073168512210362,False,False
6.981198551546562,0.10778372830772522,0.013144890173953547,54.75574835406624,0.11305329006108755,8.932196210185683,1.8770202772599025,16.848465609261538,2.3216201692194227,9.599486427655155,41.35665994214919,19.06536318896252,4.787949617462863,5.693496377058868,0.32695866823043374,False,False
7.145205414168364,0.08910617177552177,0.46701287258849555,40.42255996908098,0.5514499207503121,10.203556555945063,2.1894434871729747,20.05812643723212,2.436564706406596,9.599486427655155,38.69232699432888,22.268835870754828,1.060431501441449,5.693496377058868,0.19073168512210362,True,False
7.694720786218584,0.07688146484082375,0.9926327915963272,24.398775477430917,0.877785759952227,11.699987347684411,2.3682212936280016,16.395457905120224,4.090725889160093,13.763538022154801,43.70520934298581,21.150263113407675,0.2833922341003332,0.4315944208174224,0.17981907225363664,False,False
7.195548168759079,0.08724039146454741,0.6548473045684331,37.5181470704214,0.7082537814605878,10.66366962888832,2.057414645377077,18.826651572976857,2.256863088856377,13.660558077232817,38.10561722324383,20.993602354277275,0.2833922341003332,5.693496377058868,0.17981907225363664,False,False
7.741484021241073,0.07653281965725253,0.910219834098599,25.970360482693486,0.8132208808513337,11.617105578747186,2.2056325660450455,17.13290884255896,3.557230563767508,12.407931480229339,45.52229071075405,20.39476232529814,0.2833922341003332,0.4315944208174224,0.2698894224742457,False,False
7.720217668502638,0.0937162399575444,0.0,81.38475701677369,0.2275370428442135,10.5180511707828,1.6920754503576443,17.060143271282318,1.4827293507649688,10.37973387620442,41.08960007462068,20.993602354277275,0.2833922341003332,5.631859750800558,3.07893908794945,False,True
7.012707990459275,0.09654222352967438,0.2262539213182581,45.865890116061884,0.37496716877834557,9.587674145228284,2.3154934422775764,17.619251251676573,2.1489503631506133,10.577679310072694,38.21218269031784,22.830282409033984,2.7274259135673202,5.693496377058868,0.19073168512210362,True,False
7.210951942120698,0.08827347815971309,0.36379931604084403,41.36685241729743,0.45600719661826117,9.9862070988409,2.0141201098605905,15.728191395396566,2.6455938462967192,11.910709618142484,41.601112090231446,21.120577995068416,1.1095869926833997,5.693496377058868,0.19073168512210362,False,False
7.222091556527684,0.08648677704591949,0.544292450347442,40.6839413500235,0.6367021824180066,10.528125796605678,2.2064894538250894,18.826651572976857,2.436564706406596,11.910709618142484,38.202937348579276,22.268835870754828,0.2833922341003332,5.693496377058868,0.3774122719807623,False,False
7.353739149540514,0.08743127510634491,0.48567997144655284,40.4302540374065,0.5712532805333262,10.532468607080522,2.1827427797940513,18.826651572976857,2.256863088856377,11.910709618142484,43.649465455186565,17.05246298544808,0.2833922341003332,5.693496377058868,0.32695866823043374,False,False
7.101040831324265,0.0977063384047744,0.19252143042003994,47.08500743682254,0.3567407235106773,9.651579745789252,1.9170519501853094,17.13290884255896,3.3405300434503786,10.37973387620442,40.12288982564598,20.39476232529814,2.7274259135673202,5.631859750800558,0.2698894224742457,False,False
7.417920397415665,0.09188716371653859,0.02760114010498312,59.77858528875359,0.30585596074559807,10.073013565953788,1.3038357427936702,17.060143271282318,2.4382909703850113,9.599486427655155,41.714609463173986,20.993602354277275,1.060431501441449,5.693496377058868,1.4399396347259332,False,False
7.237009157934295,0.10344872398642607,0.45615413770775076,39.284437245156255,0.5237860590926073,10.39815575911323,2.1701506094686596,18.826651572976857,1.0280622766090635,13.660558077232817,40.15001041969823,20.39476232529814,5.328541835113827,0.4315944208174224,0.17981907225363664,False,False
7.525331895061982,0.08100478497262271,0.6687347856302632,33.959558928745025,0.6722275621708003,10.991395482174985,2.121226127019202,17.060143271282318,2.436564706406596,12.624973944279542,43.82071428776951,20.39476232529814,0.2833922341003332,3.0296297843339612,0.349819446529595,False,False
7.367221872656827,0.1059622214073525,0.0,78.12507185243369,0.21536598775245003,9.9823080619258,1.9252458647278534,16.848465609261538,2.436564706406596,11.910709618142484,37.00796292102031,20.993602354277275,2.7274259135673202,5.693496377058868,2.3817725002656065,False,True
7.549350203885224,0.08758722478396008,0.043049258353078164,60.28652724230885,0.32215372549733834,10.325485753133721,1.7341769207453048,16.395457905120224,0.7611893851263493,10.919179994031483,43.14463460062759,21.58149715124789,0.4805877597856303,5.014230083703239,1.7032231203575936,False,False
6.8474038254933305,0.1100888066271457,0.022519631208496337,54.06124526295201,0.1421807595336111,8.811582217590464,2.3272197524725047,15.204166835390973,2.256863088856377,11.910709618142484,38.30022739416459,21.120577995068416,5.328541835113827,5.693496377058868,0.18541685620447262,False,False
6.875411849575411,0.10974608829315484,0.002801781796146007,55.521990398902325,0.15457978269953992,8.916087130852905,2.1251851004087694,17.060143271282318,2.256863088856377,10.37973387620442,38.09094463947561,20.993602354277275,5.064100433779432,5.827653667894138,0.32695866823043374,True,False
7.307790932484234,0.1012515695510267,0.0,68.75714186414135,0.15785055342282067,9.658403203117532,2.1708868575297666,17.13290884255896,0.9406885682873661,10.37973387620442,40.4725155785543,20.993602354277275,2.7274259135673202,5.631859750800558,1.721265115749796,False,True
7.609434292743614,0.08937113892934556,0.0,66.5950347759322,0.2540835202377505,10.261821018657807,1.5452724121649177,17.619251251676573,2.436564706406596,7.983772098102587,43.545773814914774,20.39476232529814,0.2833922341003332,5.693496377058868,2.0429871924421255,False,True
7.4007024398661,0.08361625386178395,0.7496380593945718,33.146025168346156,0.745995059876103,10.990505662124184,1.6743313645439084,17.13290884255896,3.557230563767508,13.660558077232817,40.93449355304679,20.39476232529814,0.2833922341003332,3.856835331741812,0.17981907225363664,False,False
6.827929119253624,0.11224146865939989,0.029872545127115166,53.51652392863873,0.23759711642279768,9.076390300571008,2.334642035513304,17.619251251676573,2.3216201692194227,11.910709618142484,36.83058805595177,20.10506100771495,5.328541835113827,5.693496377058868,0.19073168512210362,True,False
7.422860650989102,0.09116093688562735,0.0,59.929669296682675,0.2697205455645764,9.99470050118187,1.3380317922483087,17.060143271282318,1.4827293507649688,9.599486427655155,42.67017108279403,20.993602354277275,1.060431501441449,5.693496377058868,1.4399396347259332,False,True
7.109195888484188,0.09647091639572199,0.10270867059044478,48.39054568537861,0.2805803066496615,9.475599540580722,2.2176381356910335,17.060143271282318,2.3216201692194227,9.599486427655155,41.27726681870921,20.993602354277275,2.7274259135673202,5.693496377058868,0.32695866823043374,False,False
7.607913647399085,0.07937310866872874,0.7146824635326072,32.169307424268716,0.6952075626931337,11.16808698842929,2.149271108930686,17.619251251676573,2.436564706406596,11.910709618142484,44.80468533072987,20.39476232529814,0.2833922341003332,2.1732222616652415,0.3774122719807623,False,False
7.594606903003153,0.07991594955659291,0.7470548981397414,32.00577767272853,0.7270316697242111,11.238282668984112,2.1218714079673413,17.619251251676573,2.436564706406596,12.624973944279542,44.09042100459281,20.39476232529814,0.2833922341003332,2.1732222616652415,0.3774122719807623,False,False
7.319635102095041,0.0842483744933405,0.39102615163044085,40.90114237831686,0.47809937624642773,10.204175437055678,2.1834566148031875,17.619251251676573,2.436564706406596,9.89281932929523,43.136640600937746,20.61087683229422,0.2833922341003332,5.693496377058868,0.32695866823043374,False,False
7.666194782465449,0.078146753163414,0.8503639842124993,28.640356597376005,0.7880961173526289,11.483544798984461,2.2041696111221993,17.13290884255896,2.256863088856377,13.687301420258017,44.73858487353183,20.39476232529814,0.2833922341003332,1.179228547165914,0.32695866823043374,False,False
7.500680191040144,0.0893756959303337,0.03475126202193517,62.00333071410353,0.3133993393679825,10.21602513252419,1.33385920972956,16.395457905120224,2.436564706406596,9.89281932929523,41.86310247432657,21.53474832764929,0.4805877597856303,5.693496377058868,1.7032231203575936,False,False
7.2033062696119305,0.10546892597258463,0.03945223461309058,52.806837769265385,0.18850286765171803,9.516641456904772,2.3052719309481464,17.619251251676573,1.1077866332870534,9.599486427655155,41.712853050578644,21.58149715124789,5.530409399072475,2.1732222616652415,0.6754938248169686,False,False
7.35746077032984,0.08290897795018556,0.5294289298491617,36.66756727281547,0.563824370959298,10.437453297453425,1.7836636669320556,17.060143271282318,3.557230563767508,10.37973387620442,42.64864742767133,20.993602354277275,0.2833922341003332,4.88651858757472,0.19073168512210362,False,False
7.49158747954278,0.08694465593178399,0.051054721946236996,57.45930992294703,0.3305994895881209,10.214244082751197,1.507150136500716,16.395457905120224,1.4827293507649688,10.37973387620442,43.23662413487589,21.150263113407675,0.2833922341003332,5.631859750800558,1.4399396347259332,True,False
7.530531083250395,0.08392171966054472,0.6884508043328361,35.060965431203115,0.7087129860783885,11.058304451624052,1.5930381052388922,16.395457905120224,5.208672500692854,12.624973944279542,43.056387152400454,18.588884281317448,0.2833922341003332,3.492412535559542,0.349819446529595,False,False
7.3932198584475985,0.08211349991202563,0.5927174162391506,35.85720414832517,0.619053420706027,10.654540420406292,1.9738490186794302,16.395457905120224,2.436564706406596,12.624973944279542,42.26356246205374,21.53474832764929,0.2833922341003332,4.191410997916028,0.2698894224742457,False,False
7.157057779593561,0.09880948403881222,0.026443021062947866,53.77059122018723,0.26942646052194374,9.5721749991022,1.982278896181234,17.060143271282318,2.256863088856377,10.37973387620442,40.9676253496635,20.10506100771495,2.7274259135673202,5.827653667894138,0.6754938248169686,False,False
6.967304127702593,0.10385093385533983,0.041108844419710064,52.684112178528736,0.2500562376291786,9.236920966969855,2.2413421345053584,14.899324693474314,2.436564706406596,12.624973944279542,38.120405223500725,21.87349046117621,3.9743323221229807,5.693496377058868,0.3774122719807623,True,False
7.020902463331908,0.10200290851847939,0.05084176945114196,51.96307396584576,0.17610453354029504,9.111551389773147,2.250160676527822,16.4279864151437,2.2577696618228,9.599486427655155,40.83826337343468,20.993602354277275,3.8624367223770903,5.693496377058868,0.32695866823043374,False,False
7.239557974791711,0.09891618339657096,0.42046989713351013,40.247224674666604,0.49985014856408005,10.26078165444157,1.0498818888959525,17.619251251676573,2.436564706406596,12.624973944279542,40.586161503428826,20.39476232529814,3.9743323221229807,2.1732222616652415,0.19073168512210362,False,False
7.547269471345293,0.08268999873538913,0.8140397596153445,28.915405892835203,0.7536910109920304,11.24287342792433,1.8549336816577833,17.016663787579137,2.436564706406596,13.660558077232817,42.88198458986916,21.58149715124789,1.4076223655452935,0.8296924659146293,0.18541685620447262,False,False
7.2656564945925775,0.10053918188364874,0.0,64.55512069733908,0.19752212058517055,9.65515451341194,2.1205445093864244,17.060143271282318,1.4827293507649688,10.37973387620442,40.284565848377206,20.993602354277275,2.7274259135673202,5.631859750800558,1.4399396347259332,False,True
7.617135594794994,0.10420692474215201,0.0,92.09338572842269,0.044667380955845215,10.009120573344187,2.2024045655545885,17.060143271282318,1.4827293507649688,9.599486427655155,39.65688096555274,20.993602354277275,2.0964609891088295,5.693496377058868,3.4172002642998445,False,True
7.5566860677044065,0.07969970571389638,0.8264934454226189,29.04810656559745,0.7687194270493911,11.281089904836351,2.182807905275239,18.826651572976857,2.592300273567571,11.910709618142484,43.62823002912728,20.39476232529814,0.2833922341003332,2.1732222616652415,0.19073168512210362,False,False
6.853009350704892,0.11200174032876926,0.0,57.132434396182,0.08406553013677459,8.70992006309997,2.1888726665251603,16.848465609261538,2.436564706406596,9.599486427655155,38.451838687377865,20.993602354277275,5.6495871697322695,5.693496377058868,0.32695866823043374,False,True
7.3032312005694235,0.09897628631906484,0.0,64.74002355553522,0.10724751827185558,9.408987878764172,1.6741746180465533,14.298546371045774,2.256863088856377,10.37973387620442,42.25484416978555,20.993602354277275,2.7274259135673202,5.693496377058868,1.395487849204404,False,True
7.273215153770235,0.09289356323427475,0.4462335151914004,40.75722547302833,0.534293637982823,10.390010306239665,2.034640085570646,18.826651572976857,2.436564706406596,10.577679310072694,39.43750207939249,22.830282409033984,2.7274259135673202,2.7864817365693013,0.3774122719807623,False,False
7.618414039729093,0.08558039575421837,0.44375597053274385,39.0721391799965,0.5076826763750176,10.785752586244131,2.336534158272887,16.395457905120224,1.1077866332870534,11.910709618142484,45.83783398160331,21.120577995068416,2.0964609891088295,0.8556790528527113,0.6754938248169686,False,False
7.405824800367921,0.08773026445720333,0.4775934693294923,43.29329573235013,0.6034943224912872,10.700524444566838,1.7328119747107449,17.060143271282318,4.060534959145859,11.910709618142484,40.2340829132783,20.993602354277275,0.7560300437134533,4.309403015343352,0.6754938248169686,False,False
6.88465654377134,0.1113128924239499,0.0,55.96384377105151,0.14121147457116684,8.906882294896706,2.0608502808047007,17.619251251676573,2.436564706406596,9.89281932929523,38.59730682450352,20.10506100771495,5.328541835113827,5.693496377058868,0.32695866823043374,False,True
7.585729880071143,0.1017683846124224,0.02602157038583943,60.786972116090624,0.3041895146919015,10.43971101810353,1.624451846177561,17.619251251676573,2.1489503631506133,10.577679310072694,42.596663772437864,20.10506100771495,4.121150324071741,1.1280208505179719,1.7032231203575936,False,False
7.475346492854432,0.08374984073638547,0.8581072598471275,32.45231299869962,0.850550977998735,11.433442777095065,1.4815855933005297,20.20442824662624,3.3405300434503786,12.624973944279542,39.94792136884842,20.39476232529814,0.2833922341003332,2.854172390867356,0.349819446529595,False,False
6.972781483395113,0.10728903168424704,0.02618588923765367,53.78964015677467,0.12967639085384003,8.961208554079569,1.8745303407569565,16.43019272654397,2.436564706406596,9.599486427655155,40.126668191587285,20.993602354277275,5.064100433779432,5.022426491519853,0.32695866823043374,False,False
7.778092240959413,0.08258313993688146,0.3823566735248271,48.05791006110307,0.5708719177803603,11.20656883780554,1.9108104808218505,17.13290884255896,3.557230563767508,10.37973387620442,44.03997023270033,20.993602354277275,0.2833922341003332,2.1732222616652415,1.4399396347259332,False,False
7.534700117961936,0.09317210116932763,0.14312292762269202,61.266416244506246,0.42773144657678097,10.626447698619733,2.314846989641555,20.301550007196983,2.54760272110687,9.599486427655155,42.09963048660697,17.574423100231936,0.4805877597856303,5.693496377058868,1.7032231203575936,False,False
7.066993526272164,0.10815780486875197,0.021948287414583826,54.103571768772184,0.08690473611399785,8.979125563572154,2.2042587917239502,16.43019272654397,2.436564706406596,9.599486427655155,43.68721402972221,17.433056516142354,5.064100433779432,5.022426491519853,0.32695866823043374,False,False
7.23929622596105,0.08747863075867535,0.3113236085725255,41.61428868801375,0.40416904139633114,9.87658144959781,1.9721841194985772,16.395457905120224,3.3405300434503786,9.502655067794441,42.64696393370217,21.120577995068416,1.1095869926833997,5.693496377058868,0.19073168512210362,False,False
7.455505595372168,0.09538697794871995,0.5788800757971101,35.08151508835523,0.5934085131662524,10.72511176208406,2.178940328574642,17.619251251676573,6.359427609549349,9.599486427655155,41.71268607589544,20.39476232529814,3.8624367223770903,0.2612179024261468,0.19073168512210362,False,False
6.975228228746265,0.10887514627277355,0.11962416201898982,49.01763053775871,0.30735640523807295,9.45006763432243,1.7309704779049058,17.619251251676573,2.3216201692194227,11.910709618142484,38.28460910087442,20.39476232529814,5.328541835113827,3.9497740145530367,0.19073168512210362,False,False
7.313376663684853,0.09687292177069902,0.2855214739166611,42.52173803318047,0.3898706882695365,10.049413374124704,1.0587927457677098,17.13290884255896,3.557230563767508,9.599486427655155,42.35415415946834,20.993602354277275,3.8624367223770903,2.1732222616652415,0.32695866823043374,False,False
7.142663882035096,0.09839760912369158,0.06291881292886337,53.16004277055041,0.30652395654470493,9.625873532463169,2.10655899994367,16.395457905120224,3.3405300434503786,10.37973387620442,39.26800153479224,21.58149715124789,2.7274259135673202,5.631859750800558,0.6754938248169686,False,False
7.741484021241073,0.07653281965725253,0.910219834098599,25.970360482693486,0.8132208808513337,11.617105578747186,2.2056325660450455,17.13290884255896,3.557230563767508,12.407931480229339,45.52229071075405,20.39476232529814,0.2833922341003332,0.4315944208174224,0.2698894224742457,False,False
7.263417631381814,0.08540027479881046,0.5247946092031839,38.41738762612465,0.5838541862033583,10.39623015332423,2.2748397080639737,17.619251251676573,2.592300273567571,11.910709618142484,41.17140234572371,20.538716214608353,0.2833922341003332,5.693496377058868,0.19073168512210362,False,False
7.0956019394724725,0.09861719396092394,0.14650044624623143,48.60216324863647,0.3297942553522728,9.587484234445878,1.7954323834912056,16.04742402880974,2.592300273567571,11.910709618142484,40.45862905731969,20.10506100771495,2.86542096915626,5.693496377058868,0.32695866823043374,False,False
7.0002333413207305,0.10350993984613278,0.059986482080343996,51.28561192556852,0.26806921063498645,9.34958796310319,1.777784836704135,17.619251251676573,2.256863088856377,10.577679310072694,39.32233212728475,20.39476232529814,3.8086568515221577,5.693496377058868,0.32695866823043374,False,False
6.977950272316288,0.10493012989319737,0.1054998814024771,51.15580944724663,0.32290488959756664,9.47350310460322,1.8473595947351793,17.619251251676573,2.3216201692194227,11.910709618142484,38.16046618558018,20.10506100771495,3.8624367223770903,5.693496377058868,0.32695866823043374,False,False
7.4672906259651155,0.09255895756903199,0.24500921645631502,60.337529679096946,0.5352214812962532,10.772216217334229,1.9679517125693633,17.619251251676573,3.6886814307660085,12.624973944279542,37.992219316462936,20.39476232529814,0.2833922341003332,5.693496377058868,1.7032231203575936,False,False
8.19258024859244,0.08948778045589277,0.25211103145346503,74.85154686326321,0.5427138961182465,12.02646002925224,2.1504825551197992,17.13290884255896,3.557230563767508,12.407931480229339,41.979937054219285,20.39476232529814,0.2833922341003332,0.6965070366246743,3.54733046320176,False,False
7.379831038083157,0.0958336741304607,0.3480649062004445,42.46381170598171,0.455029086068957,10.268598801718655,1.4745150661832087,16.04742402880974,4.427267656228498,11.910709618142484,44.14363376627477,16.951014543961175,2.7274259135673202,3.4655658047855855,0.32695866823043374,False,False
7.065837691213487,0.10155114776791711,0.08367899021090122,49.53041462760673,0.26918016662128036,9.428230310535312,1.5057539682964538,17.060143271282318,2.2577696618228,10.37973387620442,40.23283685823095,20.993602354277275,3.8624367223770903,4.88651858757472,0.32695866823043374,False,False
6.853009350704892,0.11200174032876926,0.0,57.132434396182,0.08406553013677459,8.70992006309997,2.1888726665251603,16.848465609261538,2.436564706406596,9.599486427655155,38.451838687377865,20.993602354277275,5.6495871697322695,5.693496377058868,0.32695866823043374,False,True
7.635430498700357,0.09674964695395069,0.13284929771882736,61.36015417631612,0.41689276702820377,10.781004323321282,1.7807087627193483,18.826651572976857,3.557230563767508,9.370903286475125,40.663169351382535,20.993602354277275,2.502091309265883,2.1732222616652415,1.9131293001895777,False,False
7.277622685978392,0.08889146314786703,0.22996059781504044,43.63807706158415,0.34715164082594746,9.827634518183896,2.0846354999018892,16.43019272654397,2.2577696618228,9.599486427655155,43.72525430405429,20.993602354277275,1.6443093658962253,5.022426491519853,0.32695866823043374,True,False
7.227975629921249,0.09181022094794102,0.15944881242915776,43.98401125801746,0.27768812289726374,9.62730388575885,1.9597644907761453,16.395457905120224,0.28045802876246106,10.37973387620442,44.182370259077885,21.573253596877414,2.7274259135673202,4.191410997916028,0.2698894224742457,False,False
7.173190327093883,0.10679024010337194,0.0,68.21089042279162,0.11843909454356283,9.334046927355763,1.9803078423451694,16.04742402880974,2.592300273567571,10.37973387620442,38.99106673297911,20.993602354277275,3.8624367223770903,5.693496377058868,1.4399396347259332,False,True
7.195640400066676,0.09247074552871971,0.18922060314424632,45.85629060171183,0.33576031234324266,9.687396814747682,1.8419815708116143,14.298546371045774,2.256863088856377,12.398768326854487,42.258183924319134,20.993602354277275,2.0964609891088295,5.370616277307692,0.32695866823043374,False,False
7.5566860677044065,0.07969970571389638,0.8264934454226189,29.04810656559745,0.7687194270493911,11.281089904836351,2.182807905275239,18.826651572976857,2.592300273567571,11.910709618142484,43.62823002912728,20.39476232529814,0.2833922341003332,2.1732222616652415,0.19073168512210362,False,False
7.271744842876595,0.11574367400721342,0.0,86.0448489699684,0.0,9.300491178976326,2.342883491235655,16.43019272654397,2.436564706406596,9.89281932929523,37.09120275467449,21.53474832764929,5.064100433779432,5.022426491519853,2.527945230131137,False,True
6.984706308533753,0.10277637081788273,0.07542494822027052,50.14189367066056,0.21632698331408873,9.138504991891367,2.0244358001513483,16.395457905120224,3.3405300434503786,9.502655067794441,39.78221860426258,21.120577995068416,3.9743323221229807,5.693496377058868,0.19073168512210362,False,False
7.349156684480549,0.08640806992716796,0.48324857175759883,38.55653097229089,0.5420046437218747,10.39273670243907,1.521817177444282,15.204166835390973,3.3405300434503786,12.624973944279542,42.13886376873702,21.120577995068416,1.1095869926833997,4.191410997916028,0.2698894224742457,False,False
6.942363850591708,0.10454822123231831,0.18186484062968067,48.81338610211584,0.3701116957885371,9.531406017571328,2.157881968278655,17.619251251676573,2.256863088856377,12.624973944279542,37.41126447618623,20.39476232529814,3.8086568515221577,5.693496377058868,0.19073168512210362,False,False
6.9372485699545585,0.10868680000821472,0.0016445482272065028,55.60772101138626,0.08914842050805372,8.811889098897803,2.3730804175422473,16.43019272654397,2.3216201692194227,9.599486427655155,40.45908418979777,20.10506100771495,5.064100433779432,5.693496377058868,0.32695866823043374,False,False
6.88465654377134,0.1113128924239499,0.0,55.96384377105151,0.14121147457116684,8.906882294896706,2.0608502808047007,17.619251251676573,2.436564706406596,9.89281932929523,38.59730682450352,20.10506100771495,5.328541835113827,5.693496377058868,0.32695866823043374,False,True
6.979608617031065,0.10365100738942722,0.05853823868961925,51.392901237117286,0.27173651763437634,9.332718631328008,1.964709472937754,17.619251251676573,2.256863088856377,10.577679310072694,38.66971222745069,20.993602354277275,3.8624367223770903,5.693496377058868,0.32695866823043374,False,False
7.042993553854497,0.10068831959980337,0.14073966924166922,48.885605129064956,0.3277531041980324,9.511737109315279,1.9000456131919898,17.13290884255896,3.557230563767508,10.37973387620442,39.26562515792562,20.39476232529814,3.193113612406697,5.806736199364416,0.2698894224742457,False,False
7.673562878391588,0.07785917389255691,1.0372495067256038,24.11245743987192,0.9207789667506917,11.848092668966707,2.117706680698116,19.141939730867076,2.436564706406596,13.660558077232817,43.460456820155514,20.39476232529814,0.2833922341003332,0.4315944208174224,0.19073168512210362,False,False
7.247135429116143,0.08796948619081915,0.3197390753959519,41.4909345116024,0.41129068392086465,9.936131093575252,2.2825302220172365,17.619251251676573,2.436564706406596,9.502655067794441,43.34265291154307,20.10506100771495,1.1095869926833997,5.693496377058868,0.19073168512210362,False,False
7.550284466071062,0.08506570527468586,0.29455265679629655,48.82563640660464,0.48917179725351034,10.667022489759736,1.698892781640993,17.619251251676573,2.256863088856377,10.577679310072694,43.4417136842191,20.39476232529814,0.2833922341003332,4.312175510182845,1.1141625955939307,False,False
7.249625918855153,0.08658101939387271,0.264404293455813,41.86189501990317,0.3581953019301718,9.770764119912803,2.3441441532360527,15.728191395396566,2.436564706406596,9.89281932929523,43.82803151896882,21.120577995068416,1.1095869926833997,5.693496377058868,0.19073168512210362,False,False
7.592619989988338,0.0841734596617265,0.6563380245379656,30.370447294272296,0.6080367852802477,10.94719730484191,2.2053574483762524,18.826651572976857,2.436564706406596,9.599486427655155,46.034660485483364,20.39476232529814,2.0964609891088295,0.4315944208174224,0.17981907225363664,False,False
7.11872704450923,0.09837515084455573,0.03417607930885574,53.65697200122635,0.2832770940037922,9.556581252966994,2.2979578270100443,17.060143271282318,2.1567391381973513,10.37973387620442,39.59955671116007,21.573253596877414,2.7274259135673202,5.827653667894138,0.6754938248169686,True,False
7.731043041632656,0.09180671669041303,0.3441916393375589,52.68595823225974,0.5965153960469826,11.347081561950086,2.300909100623903,16.395457905120224,1.4827293507649688,15.222389657976223,41.52128600275362,20.993602354277275,2.0964609891088295,0.584850619641276,1.7032231203575936,False,False
7.720762038209133,0.07617224238673664,0.8797234241196182,25.700203006419365,0.777199881661109,11.471402546146757,2.3396068272338004,16.395457905120224,3.557230563767508,12.407931480229339,46.07398676973768,20.39476232529814,0.2833922341003332,0.6965070366246743,0.19073168512210362,False,False
6.95501855673777,0.10187147323176267,0.046667833978667,52.27228902331391,0.1841612565079666,9.041459349746539,2.011686219518743,14.211673796195216,1.0791107430954037,12.624973944279542,39.25917173998357,22.830282409033984,3.9743323221229807,5.693496377058868,0.32695866823043374,True,False
7.521431165865619,0.08236954224157428,0.7338622944647204,31.377192088386952,0.7041618459360972,11.032704050187617,1.629207529778347,16.395457905120224,3.907267579057649,12.624973944279542,43.32982076098125,20.39476232529814,0.7621243819097817,2.394861418231315,0.19073168512210362,False,False
7.295066886764054,0.08602642674682269,0.46594810698840305,41.20022917098936,0.5614013054267261,10.41075397094243,2.238020512136552,17.619251251676573,2.436564706406596,11.910709618142484,41.28441121533624,20.39476232529814,0.2833922341003332,5.693496377058868,0.3774122719807623,False,False
7.539809286767405,0.08238606559144557,0.631884155932178,32.20097100819288,0.6083062662310503,10.817854232491868,1.6999594786495498,17.122275796709204,3.557230563767508,10.37973387620442,45.07245649855,20.39476232529814,1.1095869926833997,2.1732222616652415,0.19073168512210362,False,False
7.151209167223171,0.105130253536968,0.25548665548399946,45.363143371013074,0.3986481352317806,9.919810564492229,1.7638246184099442,18.840575380338255,3.3405300434503786,10.37973387620442,39.57141092816586,20.082239350491285,4.94318219629456,2.5724388025810017,0.2698894224742457,False,False
7.365664498461806,0.08582423029830638,0.2800883707220532,46.441380392194944,0.4399580146276121,10.215128441002959,1.8674666978560146,17.060143271282318,2.436564706406596,10.37973387620442,42.94225609399709,20.39476232529814,0.2833922341003332,5.827653667894138,0.6754938248169686,False,False
7.549692170327359,0.08126064174356586,0.6636491667846747,34.381676725774255,0.6728735732783551,10.997506735339435,1.6300247090279834,16.395457905120224,4.090725889160093,11.910709618142484,43.54868071181989,20.39476232529814,0.2833922341003332,2.9988590443780825,0.3774122719807623,False,False
7.163014073749512,0.09658920430500782,0.07008554276435541,52.581502525632985,0.3058459204804747,9.662232542347382,2.231231943488332,17.060143271282318,2.256863088856377,10.37973387620442,40.32148918419958,21.120577995068416,2.35804509167778,5.827653667894138,0.6754938248169686,True,False
7.542919800609443,0.08750686356514291,0.0,61.68201247849321,0.27068928473828335,10.162554489621382,1.48246960426561,16.395457905120224,1.4827293507649688,9.599486427655155,43.84861223066558,20.993602354277275,0.2833922341003332,5.693496377058868,1.7032231203575936,False,True
8.030375777933504,0.09282293630522631,0.17475581473576052,79.2780011875469,0.46110414248106824,11.604743824000318,1.4635987024100212,17.619251251676573,3.3405300434503786,11.910709618142484,40.649729087057935,20.10506100771495,0.2833922341003332,2.5724388025810017,3.5188879552763406,False,False
7.2253009287284495,0.08814848403239955,0.3497077295900435,41.38676885366642,0.44142420096939006,9.964147040609584,1.8757595872530617,17.060143271282318,3.557230563767508,9.502655067794441,41.765578047222945,21.120577995068416,1.1095869926833997,5.693496377058868,0.19073168512210362,False,False
7.518282732720963,0.09317863538807394,0.25572673097169973,58.36514930969591,0.5465284591099842,10.891855825447273,1.5702161088561015,17.41781106269325,3.3405300434503786,12.816950175449627,38.09913429479516,21.53474832764929,1.1095869926833997,3.978015982921312,1.7032231203575936,False,False
7.383024178689547,0.08501518274075073,0.23316353077387159,46.6678775941495,0.39367783337305384,10.113932926837183,2.004528561867446,17.13290884255896,2.256863088856377,9.422133662536362,44.00679235393872,20.39476232529814,0.2833922341003332,5.827653667894138,0.6754938248169686,True,False
7.249794352459403,0.09805185999522309,0.13464020694241488,47.376136056239176,0.29982196743873,9.689908933835508,1.7286951794196743,16.395457905120224,4.359624060437838,9.599486427655155,43.960138845112944,17.433056516142354,2.9028510857812027,5.022426491519853,0.32695866823043374,False,False
7.104654849551756,0.09589161712309827,0.10981059333274318,47.59452337716916,0.2587197835517116,9.439119348633684,2.118726624551821,17.619251251676573,0.28045802876246106,10.37973387620442,42.73670409565107,20.29304103460504,2.7274259135673202,5.693496377058868,0.2698894224742457,False,False
7.067021107968386,0.0950784592985071,0.09859960726917691,48.42505986312608,0.25565713171479715,9.364527313768038,2.06635874529226,17.060143271282318,1.0791107430954037,9.599486427655155,40.68309619007651,22.830282409033984,2.7274259135673202,5.693496377058868,0.32695866823043374,True,False
7.626340463960222,0.07955054848847569,0.7531277624791677,30.736819299348028,0.7153674273308135,11.16276572594053,2.327554036544434,16.395457905120224,5.962421489469075,10.37973387620442,44.14112048566833,20.39476232529814,0.2833922341003332,2.1732222616652415,0.2698894224742457,False,False
7.16391168851957,0.09580444413654138,0.11260311040749663,47.387647076985566,0.27069647309064715,9.515310249011186,1.8781783743322384,16.43019272654397,2.436564706406596,9.599486427655155,42.27734001700033,20.993602354277275,2.91342860836639,5.022426491519853,0.32695866823043374,False,False
7.295066886764054,0.08602642674682269,0.46594810698840305,41.20022917098936,0.5614013054267261,10.41075397094243,2.238020512136552,17.619251251676573,2.436564706406596,11.910709618142484,41.28441121533624,20.39476232529814,0.2833922341003332,5.693496377058868,0.3774122719807623,False,False
6.999253599806073,0.10974401434328605,0.0003513580202582413,55.70352361465977,0.07968438513301085,8.878682584640465,1.9029900387603058,16.848465609261538,2.436564706406596,9.599486427655155,42.59787126146562,17.433056516142354,5.064100433779432,5.693496377058868,0.32695866823043374,False,False
7.2224826925512975,0.08800961232963682,0.4373990046604208,40.33146486471982,0.5189100134575686,10.170557791561,1.9718734728727618,17.619251251676573,3.557230563767508,10.37973387620442,40.69257583527858,20.993602354277275,0.8733780566146712,5.693496377058868,0.19073168512210362,False,False
7.287326180713791,0.1019967549114571,0.02169454736022682,67.19815672021873,0.29962450539988017,10.003966968426798,1.8509372223605844,18.901488709612376,2.256863088856377,10.37973387620442,37.873548672722634,20.699443772674684,2.35804509167778,5.827653667894138,1.7032231203575936,False,False
7.516777854983614,0.07935218886099579,0.68244929481091,31.17960403401618,0.6471072988036514,10.892231982829335,2.287440189022502,17.619251251676573,2.3216201692194227,10.919179994031483,44.3614420099345,21.53474832764929,0.4805877597856303,2.5724388025810017,0.19073168512210362,True,False
6.95501855673777,0.10187147323176267,0.046667833978667,52.27228902331391,0.1841612565079666,9.041459349746539,2.011686219518743,14.211673796195216,1.0791107430954037,12.624973944279542,39.25917173998357,22.830282409033984,3.9743323221229807,5.693496377058868,0.32695866823043374,True,False
7.636274411699608,0.0887343073314209,0.5932321587798909,47.84698250282372,0.7903417556332982,11.569081036680744,2.0882148368343985,17.619251251676573,7.02465058856104,12.624973944279542,37.66887436646787,20.39476232529814,0.2833922341003332,3.0296297843339612,1.3544655052825376,False,False
7.22016527372808,0.0953535899938812,0.3064768347052875,44.165780012364216,0.4353912377645616,9.986192465479512,2.0163689937119345,16.395457905120224,5.144354038917282,9.89281932929523,39.74831955007606,21.573253596877414,2.7274259135673202,4.191410997916028,0.32695866823043374,False,False
7.037376143705751,0.09939477273718252,0.1152717105764936,47.845589802225575,0.2860736494633091,9.394841949811733,1.982095374907253,17.13290884255896,2.277558049562589,10.37973387620442,40.62977023840031,20.39476232529814,3.193113612406697,5.806736199364416,0.18541685620447262,False,False
7.74979255147582,0.08706021686692307,0.4606099641247577,52.19176849040416,0.7122990200663575,11.653768768252371,2.054675947610835,18.826651572976857,2.436564706406596,13.660558077232817,40.38647331939876,20.39476232529814,0.2833922341003332,2.231893022124104,1.7797047424623902,False,False
7.414417251427653,0.09149416557369963,0.4090575921137666,39.80038070491621,0.4814467047286133,10.409879234482865,1.2795808090817893,16.395457905120224,2.436564706406596,11.910709618142484,43.58444499781923,20.39476232529814,2.7274259135673202,2.1732222616652415,0.3774122719807623,False,False
7.201266046782211,0.09100151984033676,0.2694483181394197,44.075501287557046,0.39504050214173564,9.84644677936657,1.796539858264945,15.728191395396566,2.256863088856377,11.910709618142484,42.159800661940814,20.39476232529814,1.5862871108325067,5.693496377058868,0.2698894224742457,False,False
7.762754669080213,0.082441705033687,0.38964669806457825,48.00680249016918,0.5778350756626361,11.203651976939764,1.8368663901723332,17.13290884255896,3.557230563767508,10.37973387620442,43.46031899010019,21.573253596877414,0.2833922341003332,2.1732222616652415,1.4399396347259332,False,False
7.103714395117351,0.10238980455917443,0.20054876140469186,47.31112428374753,0.3684296659908276,9.725181357296155,1.0892366754247753,17.619251251676573,2.436564706406596,12.624973944279542,41.91272492723697,16.329143495812644,3.193113612406697,5.693496377058868,0.19073168512210362,False,False
7.771778744075093,0.0838909207687639,0.2716200175675328,53.03165040856412,0.5248753041476251,11.113230555143335,1.7162885466561928,16.395457905120224,3.3405300434503786,10.919179994031483,43.2510295727097,21.53474832764929,0.2833922341003332,2.5724388025810017,1.7032231203575936,True,False
7.458911290225254,0.08199889064804593,0.8131898768094903,30.831901387289086,0.7800870128280133,11.193845149802458,1.785414684464839,19.218178926113705,2.436564706406596,12.624973944279542,41.83267900721409,20.39476232529814,0.2833922341003332,3.0296297843339612,0.17981907225363664,False,False
7.351337684738685,0.08235820426458229,0.6635245612130934,35.14327428512767,0.6835879520674156,10.782716471458762,2.0532919692823546,17.13290884255896,2.256863088856377,13.07803767590546,40.199148945670146,22.71320120731049,0.2833922341003332,4.066558583123987,0.2698894224742457,True,False
7.3903157028744335,0.08288895425927004,0.46006205229549213,38.8285479432014,0.5214166332362054,10.387798617223606,1.9685352021306532,17.13290884255896,3.557230563767508,9.599486427655155,43.21990232183561,20.993602354277275,0.2833922341003332,4.88651858757472,0.32695866823043374,True,False
7.197026625660526,0.11150164720488785,0.0,74.33689416121092,0.0,9.02550241460598,2.2319299681983256,16.43019272654397,2.436564706406596,8.261079325757272,40.08881084135801,20.993602354277275,5.064100433779432,5.022426491519853,1.7032231203575936,False,True
7.118209403684323,0.09845124504705659,0.03797865635614404,53.64114138659652,0.2870633705267721,9.56478691262534,2.2866794357508216,17.060143271282318,2.256863088856377,10.37973387620442,39.499432760501044,21.573253596877414,2.7274259135673202,5.827653667894138,0.6754938248169686,True,False
7.170769188769826,0.09741747488296557,0.0,56.66739220736489,0.19775100836466697,9.454143038383592,1.842238813441721,17.060143271282318,0.1952368419387342,10.37973387620442,41.48821022897894,21.573253596877414,2.7274259135673202,5.693496377058868,0.8824998940919777,True,True
7.308917451715795,0.08492519597754832,0.4267707743919653,40.82645744335461,0.5147463722769026,10.277222211728049,2.0805568975320763,15.887968707533002,2.256863088856377,12.624973944279542,42.531584654643304,20.39476232529814,0.2833922341003332,5.693496377058868,0.32695866823043374,False,False
6.976452821669187,0.11012013927030997,0.014092255004657876,54.68556531637883,0.11898330943634927,8.947242511641821,1.725962426091811,16.848465609261538,2.436564706406596,10.37973387620442,41.87469305867255,17.433056516142354,5.064100433779432,5.693496377058868,0.2698894224742457,False,False
7.314226570821546,0.08314442941999092,0.3988829919386363,39.18810907792432,0.46199320013202644,10.091450979063952,2.162057196702646,15.728191395396566,3.557230563767508,10.05542983634459,43.37094991314161,21.120577995068416,0.2833922341003332,5.693496377058868,0.19073168512210362,True,False
7.1424387760359975,0.09741933333902174,0.02377249271756921,53.96843030544193,0.22755977552494755,9.430416233190687,2.1810811297518,16.679567467147596,2.1567391381973513,9.502655067794441,40.85721132370477,21.573253596877414,2.7274259135673202,5.827653667894138,0.6754938248169686,True,False
7.501819089711311,0.10787432486173464,0.0,89.15025072868636,0.10525975971423107,9.961212066083242,2.3721033456632776,16.395457905120224,3.3405300434503786,10.37973387620442,37.233663475158906,21.120577995068416,2.7274259135673202,5.693496377058868,3.1091144143714637,False,True
6.977308446855075,0.10313343432778374,0.06675054949575655,51.17047606306862,0.2822332103027023,9.292552978707326,2.261668022977512,14.211673796195216,4.090725889160093,12.015570102658028,37.1552247187974,22.830282409033984,3.9743323221229807,5.395232093801865,0.32695866823043374,False,False
7.610485153729053,0.08857379833456099,0.11513123489224956,61.06569654939223,0.3982002107461642,10.595094615851645,1.4687985954680425,17.060143271282318,3.557230563767508,9.599486427655155,41.78210318009616,20.993602354277275,0.2833922341003332,4.88651858757472,1.837523381246532,False,False
7.120685821203329,0.09305985059432034,0.24703013453672562,44.463952534503186,0.3769212153255538,9.692536158744185,1.9970221289195444,15.728191395396566,2.256863088856377,11.910709618142484,40.95151879080969,21.120577995068416,2.013753758710223,5.827653667894138,0.19073168512210362,False,False
7.387002765410914,0.09316253460800807,0.5921487141652206,35.21690517465815,0.6093350038551243,10.715436761126375,1.2115847069916807,17.13290884255896,2.277558049562589,13.687301420258017,41.94971034654521,20.39476232529814,3.193113612406697,1.179228547165914,0.18541685620447262,False,False
7.8145015740496,0.08430837197863517,0.34498935802157576,51.838864782955696,0.5852936128373545,11.313980481980124,1.3030567879271675,16.395457905120224,4.708860115423118,10.919179994031483,42.82306201502473,20.993602354277275,0.2833922341003332,2.1732222616652415,1.7032231203575936,False,False
6.827929119253624,0.11224146865939989,0.029872545127115166,53.51652392863873,0.23759711642279768,9.076390300571008,2.334642035513304,17.619251251676573,2.3216201692194227,11.910709618142484,36.83058805595177,20.10506100771495,5.328541835113827,5.693496377058868,0.19073168512210362,True,False
6.9533079863690554,0.10673389913925845,0.05312489454717125,51.79393463380978,0.13863706820290078,8.937784248887152,1.9692480976962579,16.43019272654397,2.3872620627527077,9.599486427655155,40.3121978183495,20.993602354277275,5.064100433779432,5.022426491519853,0.19073168512210362,False,False
7.241715323970685,0.0852001477009905,0.535109824339089,38.34507160216863,0.593706892622835,10.392102863054093,2.3638155266041343,17.619251251676573,2.592300273567571,11.910709618142484,40.351209321871515,21.35890923846056,0.2833922341003332,5.693496377058868,0.19073168512210362,False,False
7.220390022280539,0.08823476720888715,0.6459298132868833,38.0536429847761,0.7064717740234604,10.660119774038245,1.912197754295952,17.619251251676573,3.9587657997440795,13.660558077232817,38.11833643847828,20.39476232529814,0.3640980453891385,5.693496377058868,0.19073168512210362,False,False
7.380579603640131,0.09414993629592708,0.5106196465655622,36.80109559465708,0.545882141096804,10.51553388313751,0.6708827168664017,16.395457905120224,3.557230563767508,12.407931480229339,42.24612095935169,20.39476232529814,3.3973132565817625,1.4104518245292348,0.19073168512210362,False,False
7.231918581370955,0.08735260582392854,0.30832207029952485,41.59601694876262,0.4007422124352219,9.874605046526922,2.263285837150142,16.395457905120224,2.256863088856377,10.37973387620442,42.98052772067733,20.993602354277275,1.1095869926833997,5.693496377058868,0.19073168512210362,False,False
7.352242478009265,0.08305594562627659,0.5156810293579072,37.77615906688471,0.5651076851648569,10.445544109051193,1.9357774982208116,17.060143271282318,3.557230563767508,10.37973387620442,41.93903179750316,21.6240602470933,0.2833922341003332,4.88651858757472,0.2698894224742457,True,False
7.716718537103878,0.0763371946594148,0.8895603888360785,25.650511458177334,0.7868702268729137,11.492732805710045,2.298549716139546,16.395457905120224,3.557230563767508,12.624973944279542,45.85694430568748,20.39476232529814,0.2833922341003332,0.6965070366246743,0.19073168512210362,False,False
7.315610618089693,0.09097277538973415,0.40647873845126886,39.01381492978356,0.4675246064856787,10.279067925211116,2.031031484197064,18.78023795963042,0.28045802876246106,10.919179994031483,42.877116282075654,21.573253596877414,2.7274259135673202,2.5724388025810017,0.2698894224742457,False,False
7.37195574854302,0.09713123402415119,0.4780745978252406,37.38362819384733,0.5198429054500456,10.46018531765612,1.0024940087120924,16.395457905120224,3.557230563767508,12.407931480229339,42.14908196872371,20.39476232529814,4.208297035114297,0.6965070366246743,0.19073168512210362,False,False
7.307585670109571,0.10172639150612994,0.3352394338323431,39.94989967901206,0.4056978330857567,10.144765731422726,1.9718796711804236,18.826651572976857,2.436564706406596,9.89281932929523,42.79894805542148,20.10506100771495,5.328541835113827,0.4315944208174224,0.17981907225363664,False,False
7.689708831171482,0.09579803240857229,0.3894318712728163,53.15278105258115,0.650891819669694,11.475101591341156,1.891905423334412,19.141939730867076,2.436564706406596,13.660558077232817,39.664933350815055,20.39476232529814,2.5664242682053056,0.4315944208174224,1.7032231203575936,False,False
7.1154719643742705,0.1005636952119091,0.3328124187054413,44.7832449967678,0.47196853840046105,10.025525724680778,1.415155921463082,17.13290884255896,2.256863088856377,13.687301420258017,38.69170396827229,20.39476232529814,3.500012349157986,4.066558583123987,0.2698894224742457,False,False
7.0972909185931385,0.11136954728674058,0.0,67.66571374590896,0.08185941636159494,9.158864685141369,1.672991157353586,16.43019272654397,2.256863088856377,10.37973387620442,38.57241163139502,20.993602354277275,5.064100433779432,5.022426491519853,1.280669397423656,False,True
7.136771826305888,0.10816272843597881,0.33345600089793426,45.176744970486375,0.4782513129310771,10.09018078896363,1.7375879264374203,17.619251251676573,5.313433922817761,11.910709618142484,37.27989068039492,20.10506100771495,5.328541835113827,2.1732222616652415,0.2698894224742457,False,False
7.64904458242155,0.08751990407279661,0.17955160897257524,57.2542499768504,0.46616370540090785,10.807333156313003,2.3238749896312894,15.204166835390973,2.436564706406596,13.30428133341707,42.77189976469645,20.10506100771495,0.2833922341003332,4.191410997916028,1.7032231203575936,False,False
7.240795726287117,0.08812943780022159,0.33059756571594145,41.43001963907898,0.42187890836165887,9.959747777571756,2.25267385637951,17.619251251676573,2.256863088856377,9.89281932929523,43.1321902675925,20.10506100771495,1.1095869926833997,5.693496377058868,0.19073168512210362,False,False
7.533708358094008,0.07838652260209858,0.7069944256712208,30.57443012034816,0.6643841883029389,10.952457958013204,2.3811467717237473,17.619251251676573,2.436564706406596,10.919179994031483,44.44369299843262,21.53474832764929,0.2833922341003332,2.5724388025810017,0.19073168512210362,True,False
7.1855515036718725,0.09747843417740458,0.2944859066649047,48.70604106823525,0.4873982301421103,10.218675851361073,1.952758290606664,16.395457905120224,0.28045802876246106,15.809887166416498,38.346612566523085,21.573253596877414,2.7274259135673202,4.191410997916028,0.6754938248169686,False,False
7.75654676292504,0.08331460141225597,0.43350480490020005,47.823871836630545,0.621500280513482,11.297985490053204,1.4002792821746366,17.13290884255896,4.708860115423118,10.37973387620442,42.29909074709491,21.582852288227095,0.2833922341003332,2.1732222616652415,1.4399396347259332,False,False
7.027281035417834,0.09849773394512265,0.26513527595105935,46.07324545546027,0.4189399253812466,9.714822381562767,2.2297520946348888,17.060143271282318,3.065534954898796,11.910709618142484,38.09722289402442,21.120577995068416,2.7274259135673202,5.827653667894138,0.19073168512210362,False,False
7.271812139782632,0.1015167469977152,0.25853664987385344,41.466764382434064,0.3463779205078743,9.902394501225597,1.6937816641494192,16.395457905120224,3.11294733045497,10.37973387620442,42.21607709998643,21.573253596877414,5.435291469609764,0.6965070366246743,0.19073168512210362,False,False
7.225873758571437,0.08708415389083385,0.5506608067496217,40.40683905568378,0.6394746112731046,10.521904757255042,2.1882267887103177,17.060143271282318,2.256863088856377,14.192930508202341,38.93148056636564,21.120577995068416,0.2833922341003332,5.827653667894138,0.32695866823043374,False,False
7.525112105540134,0.08137843299868042,0.7283479715441906,31.296813853005645,0.6971995765277597,11.016989860176054,1.7388440283056834,16.395457905120224,3.557230563767508,12.624973944279542,43.70091379411164,20.39476232529814,0.5634909797198394,2.5724388025810017,0.19073168512210362,False,False
6.930030924762998,0.10930397479922306,0.046213644798149184,52.30593643700331,0.1644745913098914,9.003041141344443,2.0734960280890835,17.619251251676573,2.436564706406596,9.599486427655155,39.697936594790946,20.10506100771495,5.328541835113827,5.022426491519853,0.19073168512210362,False,False
7.064648339197865,0.0957263623386508,0.373189206603374,43.68959477255505,0.4989914818696609,9.988669865256288,2.0111928805292547,18.60884981745891,2.256863088856377,11.910709618142484,38.06816960279578,21.120577995068416,2.1506018154970645,5.693496377058868,0.19073168512210362,False,False
7.268904110431241,0.08690217824005933,0.46154644210834594,41.126728294766,0.5557108300620662,10.346632718328815,1.8841031019267265,16.04742402880974,2.277558049562589,13.660558077232817,41.11865471402179,20.39476232529814,0.4805877597856303,5.693496377058868,0.32695866823043374,False,False
7.2243925200361625,0.08626834105512858,0.6001893786069143,37.843187861225246,0.6552185442425151,10.52366566916763,1.8325429745559576,18.826651572976857,4.175725626203513,10.668642322763649,38.53715419279996,21.635118601843182,0.2833922341003332,5.693496377058868,0.17981907225363664,False,False
7.396195907138341,0.08359535694538014,0.6845080759876516,33.84212306532509,0.6871959906503322,10.851036355267995,1.6228204876764323,17.13290884255896,2.256863088856377,13.687301420258017,42.072646207224174,20.39476232529814,0.4805877597856303,3.7895134998142312,0.18541685620447262,False,False
7.705960298238579,0.0825651845468418,0.43819707000188673,47.69802154374608,0.624658398266718,11.26870515566899,2.377391952565374,17.13290884255896,2.592300273567571,11.910709618142484,41.637244726205495,22.830282409033984,0.2833922341003332,2.1732222616652415,1.4399396347259332,False,False
7.200274097764948,0.09865097582848673,0.20729923560274405,43.700988967403134,0.32413982609805303,9.731901701033369,1.6455740046146952,17.619251251676573,2.436564706406596,9.599486427655155,42.53537232981496,20.39476232529814,3.9743323221229807,3.2494989519034925,0.19073168512210362,False,False
7.449055833026568,0.08118427929671929,0.6220189954224473,33.77677947223586,0.6203394588231887,10.721934133983952,2.1165201200641506,16.395457905120224,2.256863088856377,12.624973944279542,44.069817643965315,20.39476232529814,0.2833922341003332,3.7840011732579675,0.19073168512210362,True,False
6.864911206260672,0.11138990196625766,0.0,55.879038727069684,0.15534088260926748,8.935226072649012,2.3552476441300465,17.060143271282318,1.0791107430954037,11.910709618142484,38.49597847936172,20.10506100771495,5.328541835113827,5.693496377058868,0.32695866823043374,False,True
7.292649116679902,0.08668677601568475,0.5169553989172926,40.40804050993525,0.6039325158045545,10.47534633076533,1.9817678367791207,16.395457905120224,4.284284826551515,12.407931480229339,40.21371618341115,20.39476232529814,0.2833922341003332,5.693496377058868,0.32695866823043374,False,False
7.265403035956572,0.08667412259134925,0.5309702360375668,40.22412355762647,0.6160990253196884,10.511437072709212,2.1203261649813445,17.13290884255896,2.277558049562589,13.660558077232817,40.23036542595786,20.39476232529814,0.2833922341003332,5.693496377058868,0.32695866823043374,False,False
7.104274444202238,0.09504790757610547,0.1811580130994879,46.616247223284006,0.33807674907582314,9.604519184315468,2.327656087780043,17.060143271282318,2.256863088856377,10.37973387620442,40.7270935865423,21.120577995068416,2.35804509167778,5.827653667894138,0.2698894224742457,False,False
7.633151669260792,0.08652735927806209,0.0893077440740369,58.14648139783512,0.3709564279329498,10.538982015796968,1.4916979195458695,16.395457905120224,2.436564706406596,9.89281932929523,43.32668258424128,21.573253596877414,0.4805877597856303,4.191410997916028,1.7032231203575936,True,False
7.501690657607963,0.09463373607578024,0.17055098295034885,69.07245269203423,0.456668044947459,10.705389544906607,2.0683132615624356,16.395457905120224,2.436564706406596,14.081923224002537,37.12812458344321,21.53474832764929,0.4805877597856303,5.693496377058868,2.249097116533641,False,False
7.098590924148822,0.1143537482826144,0.0,75.58349520532796,0.02805119408030149,9.085698922343939,2.1940530067132737,16.395457905120224,2.436564706406596,10.37973387620442,37.33382122679559,20.993602354277275,5.064100433779432,5.693496377058868,1.7032231203575936,False,True
7.083495177513957,0.09400875646842473,0.3148826254818957,44.06989783791737,0.44289389820011876,9.83072466558237,2.313606635267929,16.395457905120224,2.256863088856377,12.624973944279542,39.155817622368104,21.53474832764929,2.013753758710223,5.827653667894138,0.19073168512210362,False,False
7.407538580903021,0.0822455395295284,0.5859116559206297,35.904916728213095,0.6125528138358602,10.657263519049746,1.9057278402148095,16.395457905120224,2.436564706406596,12.624973944279542,42.80470843542575,20.993602354277275,0.2833922341003332,4.191410997916028,0.2698894224742457,False,False
7.266805708614002,0.08601974519283635,0.6328634109176428,36.88688874718191,0.6760710845301936,10.670331704385086,2.08476013691516,19.141939730867076,2.436564706406596,12.313808740730074,39.94789356617066,20.39476232529814,0.2833922341003332,5.290907011305013,0.19073168512210362,False,False
7.669699930544077,0.07790217607606931,1.0535031284748977,24.09128822209405,0.9376250688997991,11.83197725745323,2.154421750473391,16.395457905120224,4.090725889160093,15.106579121162127,42.36216824397848,21.150263113407675,0.2833922341003332,0.4315944208174224,0.17981907225363664,False,False
7.387693637141172,0.08351506297906033,0.7670384870302811,32.99511794523051,0.7622034557668257,11.003739944517774,1.5853171546108449,16.802026783788463,4.090725889160093,13.660558077232817,40.01385821421869,21.150263113407675,0.2833922341003332,3.819356615838287,0.17981907225363664,False,False
7.569238234219736,0.08511743193624483,0.8822429545664892,29.155017049202005,0.8290576611210339,11.523676590710075,1.4805087519874864,19.141939730867076,2.436564706406596,13.660558077232817,42.0784042060712,20.39476232529814,1.5862871108325067,0.4315944208174224,0.2698894224742457,False,False
7.3364135169773785,0.08733645375841957,0.4159522368223858,45.21025886449756,0.565762109975911,10.525267750171386,2.0633885093170923,17.13290884255896,2.256863088856377,13.07803767590546,40.59280158527421,20.39476232529814,0.2833922341003332,5.585740423189546,0.6754938248169686,False,False
7.203473572219545,0.08686155005979769,0.6302288312916248,37.798188884541084,0.6862693407215086,10.612769984863341,2.035204827227759,18.60884981745891,2.256863088856377,13.366087099465423,38.480001702869565,21.120577995068416,0.2833922341003332,5.693496377058868,0.19073168512210362,False,False
7.42338388806981,0.08239165649659932,0.5783803022620737,35.957716165201816,0.6053591474351745,10.660276939736214,1.9136650669071562,16.395457905120224,2.436564706406596,12.624973944279542,43.40354846440489,20.39476232529814,0.2833922341003332,4.191410997916028,0.2698894224742457,False,False
7.120685821203329,0.09305985059432034,0.24703013453672562,44.463952534503186,0.3769212153255538,9.692536158744185,1.9970221289195444,15.728191395396566,2.256863088856377,11.910709618142484,40.95151879080969,21.120577995068416,2.013753758710223,5.827653667894138,0.19073168512210362,False,False
7.180539179968197,0.09107860905358466,0.31366068646378675,42.79748412137174,0.4234844310545023,9.884048863938645,1.6766900576601074,15.728191395396566,2.256863088856377,12.407931480229339,41.7417365372061,20.39476232529814,1.5862871108325067,5.693496377058868,0.19073168512210362,False,False
7.191419544571765,0.0966640041869529,0.07939923489134645,52.33808024210691,0.3122053123232094,9.705323476123471,1.8192844908896997,15.728191395396566,2.256863088856377,11.910709618142484,40.98243827875282,20.39476232529814,2.35804509167778,5.693496377058868,0.6754938248169686,False,False
7.679722380901954,0.07747851348347189,1.0183627137994908,24.15110244522412,0.9014037400217814,11.801193164680734,2.1832451046549273,18.826651572976857,2.277558049562589,13.660558077232817,43.94006646380737,20.39476232529814,0.2833922341003332,0.4315944208174224,0.18541685620447262,False,False
7.67000604119972,0.10254684030692736,0.13249534432101973,61.9791425893391,0.4165193461935167,10.891835172770229,1.837811806494104,17.619251251676573,2.436564706406596,12.624973944279542,41.2413403673575,19.703904902630956,3.9743323221229807,0.4315944208174224,1.9680380847084187,False,False
7.667562685244417,0.07825956857430424,1.0043203252060862,24.901663380350108,0.8972776862176142,11.759840711720567,1.9077328852361242,19.141939730867076,3.557230563767508,12.407931480229339,43.32750494399083,20.39476232529814,0.2833922341003332,0.6965070366246743,0.19073168512210362,False,False
7.284033586903759,0.08429908293402796,0.364643391047171,40.811702850077076,0.44899186410292713,10.059928857152462,2.2819284179933543,16.395457905120224,2.436564706406596,10.37973387620442,42.809521625300725,21.53474832764929,0.4805877597856303,5.693496377058868,0.2698894224742457,False,False
7.304163128703061,0.0899825530294613,0.20502029882285658,48.55658071936144,0.3908835634008586,10.031128507126509,1.7830301794195471,17.060143271282318,2.436564706406596,10.37973387620442,42.25021862624929,20.39476232529814,1.1095869926833997,5.693496377058868,0.6754938248169686,False,False
7.64437621318982,0.08755155459798175,0.4427442641795203,39.46969438496998,0.5122768716485699,10.806538200618412,1.662127040216641,16.395457905120224,3.557230563767508,10.37973387620442,45.54276937649029,20.39476232529814,2.35804509167778,0.6965070366246743,0.6754938248169686,False,False
7.778092240959413,0.08258313993688146,0.3823566735248271,48.05791006110307,0.5708719177803603,11.20656883780554,1.9108104808218505,17.13290884255896,3.557230563767508,10.37973387620442,44.03997023270033,20.993602354277275,0.2833922341003332,2.1732222616652415,1.4399396347259332,False,False
7.5009115939679285,0.08168817612439541,0.8663845963243678,29.743578049183334,0.8207087338263228,11.343643036540634,1.6404185856371176,18.987777408757307,3.3405300434503786,12.624973944279542,41.605393556411194,20.39476232529814,0.2833922341003332,2.5724388025810017,0.19073168512210362,False,False
7.768671788494803,0.08295276016781085,0.40442008442196775,47.91650599941306,0.5921350946206746,11.257644985847584,1.8049912864777924,17.619251251676573,3.557230563767508,10.37973387620442,43.553627823582715,20.993602354277275,0.2833922341003332,2.1732222616652415,1.4399396347259332,False,False
7.281641181389342,0.08362822847643886,0.36425197561962364,39.759002246060234,0.4335875126704418,10.000813070678294,2.3722445013514895,16.395457905120224,2.436564706406596,9.89281932929523,43.375593909562056,21.53474832764929,0.4805877597856303,5.693496377058868,0.19073168512210362,True,False
7.645659716798572,0.08996623850043463,0.24085980329014234,63.395218497544064,0.5308438504059411,11.075753707448092,1.719650270480673,17.13290884255896,2.4598802407172897,13.07803767590546,38.73571930911839,22.054404531095656,0.2833922341003332,4.066558583123987,2.189098583379931,False,False
7.195602905382207,0.11273564069089145,0.0,74.10881011525353,0.009639566234602992,9.161508135136108,2.2420871162739244,16.43019272654397,2.436564706406596,9.599486427655155,39.63894508602245,20.10506100771495,5.064100433779432,5.022426491519853,1.7032231203575936,False,True
7.056407183228577,0.10722343152592179,0.1890048503133548,46.63891587684237,0.34667798445373205,9.657442842584393,1.6391908364147838,17.619251251676573,2.436564706406596,11.910709618142484,39.089808793906315,20.39476232529814,5.328541835113827,3.0296297843339612,0.19073168512210362,False,False
7.201846262534623,0.09594766281696342,0.13478164038329238,46.94137421638604,0.29377977813021244,9.623075147458644,2.237767343963254,17.060143271282318,2.256863088856377,10.37973387620442,44.41461506546837,17.433056516142354,2.35804509167778,5.827653667894138,0.2698894224742457,False,False
6.905969877217217,0.11580163484541572,0.0,55.98011106103887,0.20097734706981513,9.054942836478029,1.797058309120967,16.848465609261538,5.65531363302254,10.37973387620442,38.05009274799712,17.433056516142354,5.669951817838912,5.693496377058868,0.2698894224742457,False,True
7.097551544356947,0.0960361868570379,0.23054427363545849,46.410645903749725,0.38725130530433166,9.711090817373004,2.1701069283730505,17.060143271282318,3.557230563767508,10.37973387620442,39.426726111631176,21.120577995068416,2.35804509167778,5.827653667894138,0.2698894224742457,False,False
6.8741602700166915,0.11057693431199271,0.0,56.06598367113844,0.12177502101702703,8.832649779569628,2.1236548755301454,17.229486754111434,2.436564706406596,9.599486427655155,38.391862877146416,20.993602354277275,5.328541835113827,5.693496377058868,0.32695866823043374,True,True
7.237200293411597,0.08691290551178345,0.5292622766448255,38.87817360994314,0.5951295842766973,10.403581219143282,2.1133814130727773,17.619251251676573,2.436564706406596,12.624973944279542,40.55963195037255,20.39476232529814,0.4805877597856303,5.693496377058868,0.19073168512210362,False,False
6.970995684486727,0.10879588458588202,0.08670569432603066,49.55315453463277,0.28025376760736875,9.365940592015574,1.695976696810638,17.13290884255896,2.3216201692194227,11.910709618142484,38.617322650712765,20.39476232529814,5.328541835113827,4.1034028738323,0.19073168512210362,False,False
7.3467581876572865,0.08231597458628065,0.6657012190547684,35.12801457037148,0.6856670139587209,10.781845554215352,2.075948710537344,17.13290884255896,2.256863088856377,13.07803767590546,40.02607649361427,22.886273659366367,0.2833922341003332,4.066558583123987,0.2698894224742457,True,False
7.2527919628883515,0.09051019283592587,0.39501565901304636,40.10280094249299,0.4709392028536002,10.114744369566615,1.4177269884975445,15.728191395396566,2.256863088856377,12.624973944279542,41.87349713465074,21.120577995068416,2.013753758710223,4.191410997916028,0.19073168512210362,False,False
7.561777977931725,0.08005826937812428,0.8407377479561782,29.083063182958885,0.7842449800514452,11.303564115487102,1.9982771669050738,17.619251251676573,3.557230563767508,12.624973944279542,43.156435734090564,20.39476232529814,0.2833922341003332,2.1732222616652415,0.19073168512210362,False,False
7.245944337381179,0.09976992695778743,0.36720761443297784,43.913674075507586,0.4958719939532948,10.324132540055833,1.6364156592045231,20.424091594749004,2.277558049562589,10.37973387620442,39.755301568320945,20.39476232529814,3.7644518027344644,2.5724388025810017,0.4316619805494366,False,False
7.140625089561042,0.0940320879498136,0.29232494404541076,44.706029600482964,0.4281546355946316,9.901789886426743,2.0943943524540645,18.60884981745891,2.256863088856377,10.37973387620442,40.43468553376739,20.39476232529814,1.9617195588816465,5.693496377058868,0.2698894224742457,False,False
7.225020162119392,0.09620239787973621,0.05253098167646755,55.59468875298918,0.3302363540841414,9.834649237280871,1.9751193471227473,16.04742402880974,2.256863088856377,11.910709618142484,39.86914655633814,21.120577995068416,2.013753758710223,5.827653667894138,0.9538712861804874,False,False
7.104274444202238,0.09504790757610547,0.1811580130994879,46.616247223284006,0.33807674907582314,9.604519184315468,2.327656087780043,17.060143271282318,2.256863088856377,10.37973387620442,40.7270935865423,21.120577995068416,2.35804509167778,5.827653667894138,0.2698894224742457,False,False
7.332907111753945,0.09862842471455471,0.0,66.01591308457066,0.26047397020774565,9.901049617510308,1.714806900988411,15.728191395396566,2.256863088856377,11.910709618142484,39.48610454864275,21.120577995068416,2.013753758710223,5.827653667894138,1.656145927289046,False,True
7.282798852680213,0.09116848164348663,0.6061970861752849,36.921902673643686,0.6484367418895467,10.616558016579932,1.8995376589947048,16.395457905120224,3.88465437698492,13.660558077232817,39.06084898526916,21.53474832764929,2.013753758710223,3.264561712828903,0.18541685620447262,False,False
7.304964468234994,0.10516686925822047,0.366439537418915,43.014598031629006,0.48225801714743854,10.355665908256643,1.6731015073980549,20.142073816644142,3.7944080907414506,10.919179994031483,42.651734738667635,15.494392767809593,4.555098907966217,2.1732222616652415,0.2698894224742457,False,False
7.272888836963109,0.08540376574445956,0.4008018400895801,41.41611179163792,0.49574635750673074,10.177965641387944,2.3051106381970574,16.04742402880974,2.592300273567571,11.74021597029874,41.58426859459973,21.53474832764929,0.4805877597856303,5.693496377058868,0.32695866823043374,True,False
7.217869017284496,0.09553323051414898,0.13465791225574925,46.65875198408652,0.28962444890033306,9.629706440368553,2.3702170715321764,16.848465609261538,2.256863088856377,10.37973387620442,44.76045001832442,17.433056516142354,2.35804509167778,5.693496377058868,0.2698894224742457,False,False
7.040316029049976,0.09911449675722236,0.1055042173067436,47.91354994553375,0.27169808784091454,9.362939830250443,2.092247974620355,17.060143271282318,1.9815394366811732,10.37973387620442,40.99855442255837,20.39476232529814,3.193113612406697,5.806736199364416,0.18541685620447262,False,False
7.137587185973932,0.09327908272203468,0.21405179696121368,45.624154385492766,0.35865139226903575,9.691994174129562,2.238091273065849,17.060143271282318,2.256863088856377,10.37973387620442,41.191111719922176,20.993602354277275,2.021002599089052,5.827653667894138,0.2698894224742457,False,False
7.246283553424676,0.09260293369648956,0.17478155214452018,43.894660987201505,0.292591734675217,9.703040064405432,2.3621022564134067,17.060143271282318,0.28045802876246106,10.37973387620442,44.696176164495064,20.39476232529814,2.7274259135673202,4.191410997916028,0.2698894224742457,False,False
7.651758944414289,0.07794533436217285,0.8545942547901976,28.60871375116944,0.7921084300795749,11.472889467945915,2.2627008857301534,17.060143271282318,2.256863088856377,13.687301420258017,44.212510415829335,20.993602354277275,0.2833922341003332,1.179228547165914,0.32695866823043374,False,False
7.772356227467699,0.08415451548503214,0.20540709072442806,53.85023917364194,0.46667811028013145,10.961363558938068,2.0308850388172712,16.395457905120224,3.3405300434503786,9.89281932929523,44.04168944253253,21.573253596877414,0.4805877597856303,2.5724388025810017,1.7032231203575936,True,False
7.304025225938882,0.09659092190896724,0.15313552967444508,44.38490914881127,0.265495509877921,9.735308510117564,2.19047456499925,16.395457905120224,1.0791107430954037,10.37973387620442,45.16690667493058,20.10506100771495,3.9743323221229807,2.5724388025810017,0.32695866823043374,False,False
7.5392400851922305,0.08818071959687418,0.025620219639786,61.546582785306605,0.3037660896548151,10.234123572956483,1.227798508260495,16.395457905120224,2.436564706406596,9.532303745344143,42.96195955733497,20.993602354277275,0.2833922341003332,5.693496377058868,1.7032231203575936,False,False
7.720762038209133,0.07617224238673664,0.8797234241196182,25.700203006419365,0.777199881661109,11.471402546146757,2.3396068272338004,16.395457905120224,3.557230563767508,12.407931480229339,46.07398676973768,20.39476232529814,0.2833922341003332,0.6965070366246743,0.19073168512210362,False,False
7.493788310463109,0.08194841418919088,0.37988445665464754,42.336503813586845,0.48678573233451883,10.491598554846307,2.225934273607154,16.395457905120224,2.436564706406596,10.37973387620442,44.103198127786136,21.53474832764929,0.2833922341003332,4.191410997916028,0.6754938248169686,True,False
7.500680191040144,0.0893756959303337,0.03475126202193517,62.00333071410353,0.3133993393679825,10.21602513252419,1.33385920972956,16.395457905120224,2.436564706406596,9.89281932929523,41.86310247432657,21.53474832764929,0.4805877597856303,5.693496377058868,1.7032231203575936,False,False
7.269903458555879,0.08623943368984438,0.5559875078493849,38.30305750688781,0.6151345300320934,10.477493222370036,2.0849946807192223,17.619251251676573,3.557230563767508,11.910709618142484,40.640127262417174,20.10506100771495,0.2833922341003332,5.693496377058868,0.19073168512210362,False,False
7.097836485868235,0.10323683767661446,0.035129954827243966,53.12704252594829,0.10992717289564219,9.0058556921617,1.6406244382290118,14.211673796195216,3.349398499939156,10.37973387620442,43.761478233951024,18.189688403992356,3.9743323221229807,5.806736199364416,0.32695866823043374,False,False
7.237225332358434,0.0918955167678455,0.15813099856149704,44.01483294394981,0.2734888181480205,9.629062970917284,2.1473514834060756,16.395457905120224,0.28045802876246106,10.37973387620442,44.53194329147335,21.223680564481956,2.7274259135673202,4.191410997916028,0.2698894224742457,False,False
7.257114926475108,0.08543111287589342,0.46508041038359194,39.16008011982838,0.5314323188922834,10.210757636184267,1.8916408355864005,16.395457905120224,4.090725889160093,10.66543752595586,40.959727143016394,21.53474832764929,0.4805877597856303,5.693496377058868,0.17981907225363664,False,False
7.8145015740496,0.08430837197863517,0.34498935802157576,51.838864782955696,0.5852936128373545,11.313980481980124,1.3030567879271675,16.395457905120224,4.708860115423118,10.919179994031483,42.82306201502473,20.993602354277275,0.2833922341003332,2.1732222616652415,1.7032231203575936,False,False
7.275219152472098,0.08967151290516322,0.424363969223648,39.083072047328095,0.48737980890714105,10.192437755056194,1.6940760792598946,16.395457905120224,2.256863088856377,11.910709618142484,41.877702411678385,21.53474832764929,2.013753758710223,3.8200332047209145,0.19073168512210362,False,False
7.139890903825452,0.0932369496177443,0.23790186281901762,44.527947352596414,0.36820223271909946,9.696188533081248,1.8419681588197079,15.728191395396566,2.256863088856377,11.910709618142484,41.67733446057997,20.39476232529814,2.013753758710223,5.827653667894138,0.19073168512210362,False,False
7.079999288731305,0.09391702620068487,0.3214931030436211,43.71487569600262,0.44481211581590163,9.827289855344238,2.3079164910294034,16.395457905120224,2.256863088856377,12.624973944279542,39.17995716651017,21.53474832764929,2.013753758710223,5.827653667894138,0.16659214098003436,False,False
7.384363419507528,0.08271284571211714,0.5463795979560101,36.49709911005842,0.57927970508509,10.555198266880389,2.1293341697230637,17.619251251676573,2.3216201692194227,10.919179994031483,42.66331207724733,21.53474832764929,0.4805877597856303,4.191410997916028,0.2698894224742457,False,False
7.3833301039738695,0.10160231954550239,0.3091340195798493,40.380347116952876,0.38428658165492124,10.163376192227368,2.046376776711454,16.395457905120224,2.436564706406596,12.407931480229339,45.49919616542632,17.309510587291317,5.064100433779432,0.6965070366246743,0.19073168512210362,False,False
6.869280024368092,0.1126227846400473,0.028012605935186764,53.654312643369,0.21882407443448082,9.084254311761484,1.8880866391938158,17.619251251676573,2.3216201692194227,11.910709618142484,38.393358468441086,18.542290595225637,5.328541835113827,5.693496377058868,0.19073168512210362,False,False
7.444950392586251,0.08183214488196316,0.5379989751073952,36.16496264246134,0.5657082244570247,10.58211878308897,2.20010272565987,16.395457905120224,2.3216201692194227,11.910709618142484,44.52245864531231,20.10506100771495,0.2833922341003332,4.191410997916028,0.2698894224742457,False,False
7.616564757110589,0.07859405477322268,0.7138005191293676,30.783716936914324,0.674545050347346,11.086070198886167,2.250741482318638,17.542104468646784,3.557230563767508,10.37973387620442,45.39966484784333,20.39476232529814,0.2833922341003332,2.1732222616652415,0.2698894224742457,False,False
7.210315532410717,0.10471806189846253,0.24225387256905184,45.05969488435225,0.3803661685138543,9.886043646853448,1.9875978144893984,16.685912883493614,5.976597675040271,9.599486427655155,39.8360285705939,20.39476232529814,5.064100433779432,2.1732222616652415,0.2698894224742457,False,False
7.511335249790806,0.08805144026271525,0.03178559817087836,61.351123714823025,0.31027056400511754,10.262242277044994,1.9533758365918947,17.619251251676573,0.1952368419387342,10.37973387620442,43.1320639443862,20.993602354277275,0.2833922341003332,5.693496377058868,1.7032231203575936,False,False
7.041521200031354,0.10914629860879473,0.053098488397852014,51.79589086409487,0.2278937682820773,9.333172367441863,1.688392760490208,16.43019272654397,2.436564706406596,11.910709618142484,40.43667272923413,19.052395760393836,5.328541835113827,4.0779639559347185,0.32695866823043374,False,False
7.400523798865054,0.1102892419162462,0.0,82.94767263364402,0.05687550808108183,9.656730642131857,1.7850193337293203,17.060143271282318,3.121058402585489,9.038045899785287,38.36140495077705,20.993602354277275,3.9743323221229807,4.88651858757472,2.564894211594885,False,True
7.454350317376184,0.0911923735772947,0.7840513827387567,32.65392030828368,0.7752930979743948,11.212981019773002,1.4049084107947225,16.395457905120224,4.090725889160093,15.106579121162127,39.405073730821144,21.573253596877414,2.7274259135673202,0.4315944208174224,0.2698894224742457,False,False
7.122623693174493,0.10531238139248522,0.21611331303651482,45.70955898772064,0.3620425304629768,9.786846673187176,1.8490758044202378,17.13290884255896,2.436564706406596,11.861367294576784,39.24552179197412,21.53474832764929,5.345777352694761,2.1732222616652415,0.2698894224742457,False,False
7.261268092340906,0.08548470616876108,0.4266684494408947,39.63116248983039,0.497616338866489,10.174287671466463,2.3299071856631337,17.619251251676573,1.9815394366811732,10.919179994031483,42.60721134804049,20.39476232529814,0.4805877597856303,5.806736199364416,0.19073168512210362,True,False
7.112539212372651,0.09526477070997898,0.16552992309432446,47.45556903261808,0.3335418153635423,9.61263955429645,2.308758999086972,17.060143271282318,2.256863088856377,10.37973387620442,40.670024340786114,21.120577995068416,2.35804509167778,5.827653667894138,0.32695866823043374,False,False
7.212231332674978,0.09920222277937507,0.04302844518635916,59.12114190023368,0.3221317676064498,9.829573925921713,1.9672321225978064,17.060143271282318,3.5241818985202484,10.37973387620442,38.179233268225246,21.53474832764929,2.35804509167778,5.827653667894138,1.136260598546555,False,False
7.253729768787905,0.0905766538781971,0.48191929639662395,45.79204094261634,0.6436424605025459,10.657544918286504,2.132430900728492,18.826651572976857,2.256863088856377,13.660558077232817,37.87742968313907,20.39476232529814,0.4805877597856303,5.827653667894138,0.6754938248169686,False,False
7.6981570368855206,0.07730047367867644,0.9764939443910724,25.61696135197817,0.878107344144605,11.736408079238059,2.236217586868242,17.13290884255896,3.557230563767508,13.660558077232817,43.514163325641036,21.150263113407675,0.2833922341003332,0.4315944208174224,0.2698894224742457,False,False
7.2987675313999985,0.0865576815526919,0.4228360027109468,44.08181885437021,0.5569544772266797,10.434603884797237,2.328471636651019,17.619251251676573,2.436564706406596,11.910709618142484,40.11855202515255,21.35890923846056,0.2833922341003332,5.693496377058868,0.5791245490020339,False,False
6.926711214156678,0.10556950147466491,0.17173554058930585,49.278146421387255,0.36604389129767245,9.503448636954712,2.219598465113328,17.619251251676573,2.436564706406596,12.624973944279542,37.06588738803519,20.39476232529814,3.9743323221229807,5.693496377058868,0.19073168512210362,False,False
7.19661616680501,0.09383930501147957,0.1445367771332385,46.29219571426057,0.2948265587268833,9.610123137628221,1.830682056201418,16.43019272654397,2.436564706406596,9.599486427655155,42.64534359847258,20.993602354277275,2.5454250268941347,5.022426491519853,0.32695866823043374,False,False
7.228990799534882,0.08639141976274307,0.5208052415127016,39.005982405872416,0.5880275249950346,10.339834669451745,2.308733545276829,16.395457905120224,3.557230563767508,12.407931480229339,39.739815901267036,21.53474832764929,0.4805877597856303,5.693496377058868,0.19073168512210362,False,False
8.006699430316345,0.09557617233317381,0.1164341036467772,85.75706832378887,0.3995747372821909,11.469723632384685,1.4236468187083575,16.395457905120224,2.436564706406596,13.660558077232817,39.77202557189325,20.39476232529814,0.4805877597856303,3.024278275584675,3.835765378678666,False,False
7.662797468022663,0.08318886516597007,0.5542387796523773,44.85653830519969,0.7066171121627034,11.393548785886079,2.281175291005981,17.13290884255896,3.557230563767508,12.624973944279542,40.12976255441792,22.830282409033984,0.2833922341003332,2.1732222616652415,1.268227190176504,False,False
7.709920068556261,0.08852438258137862,0.049471879671283504,65.84256031462854,0.328929590988045,10.613601866951006,1.3498104674849942,16.395457905120224,2.436564706406596,9.89281932929523,42.842127848831275,21.53474832764929,0.4805877597856303,4.191410997916028,2.226283124995722,False,False
6.926711214156678,0.10556950147466491,0.17173554058930585,49.278146421387255,0.36604389129767245,9.503448636954712,2.219598465113328,17.619251251676573,2.436564706406596,12.624973944279542,37.06588738803519,20.39476232529814,3.9743323221229807,5.693496377058868,0.19073168512210362,False,False
7.083495177513957,0.09400875646842473,0.3148826254818957,44.06989783791737,0.44289389820011876,9.83072466558237,2.313606635267929,16.395457905120224,2.256863088856377,12.624973944279542,39.155817622368104,21.53474832764929,2.013753758710223,5.827653667894138,0.19073168512210362,False,False
7.248931217296696,0.08671158745621826,0.5920033914119739,38.11398492967954,0.6504387227850376,10.546231098000243,2.0218173174177343,17.619251251676573,3.557230563767508,12.624973944279542,39.63616161869693,20.39476232529814,0.2833922341003332,5.693496377058868,0.19073168512210362,False,False
7.11037823744192,0.09296497341340469,0.2417018390693328,45.994774553064616,0.39310015288963507,9.7324815581584,2.2968053997023183,15.469314000105049,2.592300273567571,11.910709618142484,39.16318489515138,22.830282409033984,2.013753758710223,5.693496377058868,0.32695866823043374,False,False
7.516777854983614,0.07935218886099579,0.68244929481091,31.17960403401618,0.6471072988036514,10.892231982829335,2.287440189022502,17.619251251676573,2.3216201692194227,10.919179994031483,44.3614420099345,21.53474832764929,0.4805877597856303,2.5724388025810017,0.19073168512210362,True,False
7.163587899106636,0.09628256665248955,0.4180596904700614,40.657436124877194,0.5031491623827314,10.144071610487899,1.7307178451569978,17.619251251676573,2.436564706406596,11.910709618142484,38.57243299643251,22.848854666262028,3.3918252916237446,3.0296297843339612,0.19073168512210362,False,False
7.246063332210291,0.08654673691983303,0.4360489157157424,39.79891971324487,0.509901745286681,10.186966207428503,2.329946625375081,17.619251251676573,2.436564706406596,10.919179994031483,41.83650116535791,20.638355318862736,0.6659195014837315,5.693496377058868,0.19073168512210362,False,False
7.69663930259248,0.07680320008268304,0.987965455694417,24.422352582139183,0.8731974798585311,11.689866798396459,2.3571934286975464,16.395457905120224,4.090725889160093,13.660558077232817,43.808189287907794,21.150263113407675,0.2833922341003332,0.4315944208174224,0.17981907225363664,False,False
7.132608803335071,0.1013750376929722,0.10702220996452773,55.06377493025012,0.3801639071895798,9.845887318070107,1.7628465632355532,17.060143271282318,3.557230563767508,11.910709618142484,37.71910188606141,20.39476232529814,2.7274259135673202,5.827653667894138,0.8029727539866767,False,False
7.704366890632945,0.0771829190500857,0.8915377900285996,27.396760133566747,0.813824544734508,11.578270034867762,2.0643637057749524,17.060143271282318,3.557230563767508,12.624973944279542,44.33021628664678,21.120577995068416,0.2833922341003332,0.6965070366246743,0.32695866823043374,False,False
7.7585028923334365,0.08416017808581616,0.2132277265333733,53.77635544222426,0.47387670993833225,10.978726326964454,2.2238917571575643,16.395457905120224,2.3216201692194227,10.919179994031483,44.034238652027234,21.573253596877414,0.4805877597856303,2.5724388025810017,1.7032231203575936,True,False
7.333796003881183,0.09961935969412801,0.0,68.00113236604902,0.17342378827996363,9.69080956259286,1.9623652138245025,16.395457905120224,2.256863088856377,9.89281932929523,40.44535980173024,21.120577995068416,2.35804509167778,5.827653667894138,1.7032231203575936,False,True
7.686487062697568,0.07654836290689135,0.9226802338063209,25.419176996216052,0.818517251470763,11.545048600882327,2.0543912144870484,17.13290884255896,3.557230563767508,12.407931480229339,44.581035044189406,21.150263113407675,0.2833922341003332,0.6965070366246743,0.19073168512210362,False,False
6.919179997629987,0.114052491853153,0.026830017926154425,53.741921573019575,0.21177174263711313,9.137106033521096,2.061800951821887,17.619251251676573,2.3216201692194227,12.624973944279542,40.54054899111398,15.570817999722488,5.328541835113827,5.827653667894138,0.16659214098003436,False,False
7.19661616680501,0.09383930501147957,0.1445367771332385,46.29219571426057,0.2948265587268833,9.610123137628221,1.830682056201418,16.43019272654397,2.436564706406596,9.599486427655155,42.64534359847258,20.993602354277275,2.5454250268941347,5.022426491519853,0.32695866823043374,False,False
7.547950469611788,0.08900605498937958,0.38978706890132686,41.639859336525745,0.4873121411918017,10.614403329020188,1.3917695239201522,16.395457905120224,3.5408412466410857,10.37973387620442,43.96347249694809,21.120577995068416,2.35804509167778,1.5663775635230128,0.6754938248169686,False,False
7.402451691703045,0.10265798240957823,0.27622991755454657,57.20584880318661,0.5681593209548875,10.852018822684682,1.5374931208412523,17.13290884255896,2.277558049562589,16.256146165341264,36.69556102694889,20.39476232529814,3.193113612406697,2.5724388025810017,1.4775111753024635,False,False
7.227471135296051,0.09490416910938895,0.20079481875366872,44.18827610274313,0.3242170755972248,9.729615498582225,1.9041112511012177,17.619251251676573,2.436564706406596,9.599486427655155,44.374652034400285,18.211462376325304,2.5454250268941347,5.022426491519853,0.19073168512210362,False,False
7.267888364749241,0.08603466376548556,0.5269522870133847,38.710678652494394,0.5903072656197186,10.397951768354318,1.901767185776788,17.619251251676573,4.090725889160093,10.919179994031483,40.69522042124686,20.39476232529814,0.2833922341003332,5.806736199364416,0.19073168512210362,False,False
7.264639761907831,0.089751918966143,0.22286563169467716,44.01371448296037,0.34501586799485895,9.807328960314758,1.9477730259789667,16.43019272654397,2.436564706406596,9.599486427655155,43.41077169685022,20.993602354277275,1.7799969285164992,5.022426491519853,0.32695866823043374,False,False
7.257237529275836,0.08568607435488863,0.43862417214726435,39.646132990007175,0.5104428197763338,10.192073590245208,2.02454791408307,16.395457905120224,1.9815394366811732,12.407931480229339,42.34225320839898,20.39476232529814,0.4805877597856303,5.806736199364416,0.19073168512210362,True,False
7.323444830564758,0.099260877162678,0.4907318298585648,38.577452062229284,0.5501974162500702,10.530303440758471,1.8269008326333367,17.13290884255896,2.3216201692194227,13.660558077232817,40.46148394793105,21.150263113407675,4.57168200635841,0.4315944208174224,0.2698894224742457,False,False
7.614030570076757,0.08730739338326163,0.13265332284704234,57.9114976553281,0.41668601353847057,10.639849555613086,1.5341270876561273,16.395457905120224,2.436564706406596,10.919179994031483,42.30032191950503,21.573253596877414,0.4805877597856303,4.191410997916028,1.7032231203575936,False,False
7.135573635598731,0.0945967593048344,0.259732930345988,45.450345811815,0.4043697967920702,9.788058353527134,2.019814523759578,16.848465609261538,4.090725889160093,10.069213649570486,39.74222540835763,21.150263113407675,2.135720530709453,5.693496377058868,0.2698894224742457,False,False
6.979667639092867,0.10342605323938152,0.07790170412665011,49.95840970810863,0.2408505741717284,9.222505030035755,1.8309600568526887,17.060143271282318,2.436564706406596,10.363755299300905,39.886214013408086,20.39476232529814,3.9743323221229807,5.693496377058868,0.19073168512210362,False,False
7.351432102869093,0.09996474996608944,0.23501298060650197,42.51472477931841,0.3364843527529152,9.983708002192147,1.3713126142280367,16.43019272654397,3.557230563767508,9.599486427655155,43.33192178912156,20.993602354277275,5.064100433779432,0.6965070366246743,0.32695866823043374,False,False
7.2611743436728355,0.10344907326215684,0.0,68.57136394178146,0.255213439071922,9.828851933942552,1.6308304441075903,16.395457905120224,2.6826832988758165,11.910709618142484,37.632268480974005,21.120577995068416,2.7274259135673202,5.827653667894138,1.7032231203575936,False,True
6.959856729331229,0.10333022912960517,0.0795233324188021,49.838275631083135,0.24565421369855867,9.240254322894526,2.204196709971693,17.619251251676573,0.8209539048303262,11.294173765514053,40.01229836837695,20.39476232529814,3.9743323221229807,5.693496377058868,0.19073168512210362,False,False
6.965775616880502,0.11071417843536586,0.008353170043953655,55.110730366878876,0.1287523349266555,8.978916737779201,1.979617846653592,17.060143271282318,2.256863088856377,10.37973387620442,40.8292155316496,18.542290595225637,5.328541835113827,5.276253133437384,0.32695866823043374,False,False
7.288035608814323,0.09128817441652902,0.2922344396940595,47.95391140476548,0.4743119262163761,10.225283078571017,1.9369152474841376,17.060143271282318,3.3405300434503786,11.410573886551061,40.40262527724458,20.39476232529814,1.1095869926833997,5.606284378673158,0.6754938248169686,False,False
7.0068827771731215,0.09878893828116826,0.2885790310715882,45.72986986563237,0.4387831082508141,9.787324164351089,2.0908863097869155,20.269869026231994,2.256863088856377,9.89281932929523,37.71405929396442,21.120577995068416,2.7274259135673202,5.827653667894138,0.19073168512210362,False,False
7.5179298692704375,0.09300674653764145,0.4699039609838412,42.916387906465445,0.5900143830521881,10.921592936375335,1.55727498840398,17.13290884255896,2.256863088856377,13.687301420258017,41.81853710830859,20.39476232529814,2.7274259135673202,1.179228547165914,0.8029727539866767,False,False
7.206374628247488,0.09902523617017653,0.23374555950587272,47.20004656818212,0.4018704409127545,9.952100104458918,1.5110050041185876,17.915718441083136,2.256863088856377,12.624973944279542,43.32267582181107,15.367111276167526,2.35804509167778,5.827653667894138,0.32695866823043374,False,False
7.278861725755422,0.08489211845166017,0.4917050353279145,38.617264000338736,0.5517911060056477,10.325473174361168,2.1688977376335474,17.060143271282318,2.436564706406596,11.910709618142484,42.03019978258916,20.39476232529814,0.2833922341003332,5.693496377058868,0.19073168512210362,False,False
7.286073164549168,0.10433713296650181,0.08139670718321938,50.19581250666171,0.2838048166036249,9.850842417842955,1.6054101828158163,17.060143271282318,2.436564706406596,10.37973387620442,41.53695070564331,21.120577995068416,5.328541835113827,1.4619937854641516,0.6754938248169686,False,False
7.313753476757344,0.11281051582075767,0.0,68.57624506470404,0.19622863956060094,9.838937037768233,1.9188561676941482,17.542104468646784,2.8294844194716617,10.919179994031483,38.48230943825387,20.39476232529814,5.5564974313594675,2.5724388025810017,1.7032231203575936,False,True
7.194572387683126,0.0884765322879277,0.6263893097973507,38.23700147864612,0.6884677335357904,10.61836991858109,2.034437461701332,18.826651572976857,2.277558049562589,13.660558077232817,38.48096898188063,20.39476232529814,0.4805877597856303,5.693496377058868,0.18541685620447262,False,False
7.724006299159725,0.07564983568283284,0.9192372313877495,24.69416907199513,0.8045601157304147,11.548976626415994,2.3109595121277255,17.619251251676573,4.090725889160093,10.919179994031483,45.32577402455278,21.150263113407675,0.2833922341003332,0.4315944208174224,0.17981907225363664,True,False
7.339187871860759,0.10386757016518766,0.4081602640318593,40.6452230406223,0.49253134213100946,10.463320393659393,1.8246004118320367,21.04812448860146,2.436564706406596,10.37973387620442,42.672023519766825,17.433056516142354,5.064100433779432,0.6965070366246743,0.2698894224742457,False,False
7.030532811602538,0.09801971655626858,0.24124780632365045,46.17269204692983,0.39515485427843966,9.66327511679363,2.1337851384322932,17.060143271282318,2.436564706406596,11.910709618142484,38.72619314251662,21.120577995068416,2.7274259135673202,5.827653667894138,0.19073168512210362,False,False
7.25543452072772,0.0988153497288725,0.4907424824983512,38.943381545771864,0.5554198214010071,10.43377878265886,1.3057361704040837,17.619251251676573,2.277558049562589,13.660558077232817,40.11005028462581,20.39476232529814,3.9743323221229807,1.7780708332766253,0.18541685620447262,False,False
7.229751655500393,0.09720462267035984,0.03949210264502365,52.80388425072955,0.2755474924064135,9.674924527885825,1.9025357764226867,17.060143271282318,2.256863088856377,10.37973387620442,42.84369559957679,18.59837157969121,2.35804509167778,5.827653667894138,0.6754938248169686,False,False
7.509340022749102,0.08469245985212463,0.6105059126585546,32.32472411221124,0.5875145756412807,10.75919275288205,1.4879533516076522,16.395457905120224,2.256863088856377,11.910709618142484,44.5121220164607,21.53474832764929,2.013753758710223,1.1856135999385966,0.19073168512210362,False,False
7.194572387683126,0.0884765322879277,0.6263893097973507,38.23700147864612,0.6884677335357904,10.61836991858109,2.034437461701332,18.826651572976857,2.277558049562589,13.660558077232817,38.48096898188063,20.39476232529814,0.4805877597856303,5.693496377058868,0.18541685620447262,False,False
7.215877966037222,0.09063358567726632,0.37947251824173295,43.186313219794016,0.49845319141146305,10.163274448049922,1.9385739519664058,17.619251251676573,2.3216201692194227,11.910709618142484,40.83772165672831,20.10506100771495,1.1851812512289528,5.693496377058868,0.32695866823043374,False,False
7.281462284084471,0.09465709450063414,0.1093448427746204,49.86433590475088,0.3085695732136132,9.826372104229272,1.335957031881435,17.060143271282318,2.256863088856377,9.599486427655155,42.27099735479775,21.120577995068416,2.610445387676671,4.405992649846346,0.6754938248169686,False,False
7.41230868322192,0.09794962903187987,0.0,65.73471329937139,0.20700408730309255,9.880871445399007,1.533029927195725,16.395457905120224,2.256863088856377,9.89281932929523,41.32881517858112,21.120577995068416,2.35804509167778,4.944198291043267,1.7032231203575936,False,True
7.14343326283746,0.09286091041683518,0.17829073035938264,46.52358556345459,0.33373217999048144,9.640363364108671,2.3817682476618685,17.229486754111434,2.256863088856377,9.599486427655155,41.211049306892946,21.53474832764929,2.013753758710223,5.827653667894138,0.32695866823043374,True,False
6.972781483395113,0.10728903168424704,0.02618588923765367,53.78964015677467,0.12967639085384003,8.961208554079569,1.8745303407569565,16.43019272654397,2.436564706406596,9.599486427655155,40.126668191587285,20.993602354277275,5.064100433779432,5.022426491519853,0.32695866823043374,False,False
7.289518976764973,0.08333470077079051,0.4248084684415879,38.75674966639761,0.48320162990888216,10.151696886825352,2.353800879793844,17.619251251676573,2.436564706406596,9.599486427655155,43.03772681744116,21.150263113407675,0.2833922341003332,5.693496377058868,0.17981907225363664,True,False
7.693407943632856,0.07708186148893595,0.8967466322879687,27.360242934783322,0.8187998353989062,11.576185889874901,2.1242009866369473,17.060143271282318,3.557230563767508,12.624973944279542,43.91604595406591,21.53474832764929,0.2833922341003332,0.6965070366246743,0.32695866823043374,False,False
7.703057238624336,0.08533934187011011,0.1691446777892789,55.37690057437224,0.45016230295695636,10.844504626395107,2.0040623968701055,16.395457905120224,2.3216201692194227,10.919179994031483,43.410342469861135,21.573253596877414,0.4805877597856303,3.1963349847471068,1.7032231203575936,True,False
7.24280250134272,0.08611343868430264,0.5399627227182476,38.63534111157395,0.6029604006066683,10.425525028537603,2.243326308603767,17.619251251676573,2.436564706406596,12.624973944279542,40.622670185222574,20.39476232529814,0.2833922341003332,5.827653667894138,0.19073168512210362,False,False
7.704366890632945,0.0771829190500857,0.8915377900285996,27.396760133566747,0.813824544734508,11.578270034867762,2.0643637057749524,17.060143271282318,3.557230563767508,12.624973944279542,44.33021628664678,21.120577995068416,0.2833922341003332,0.6965070366246743,0.32695866823043374,False,False
7.06746797941201,0.10599382613757273,0.23128056888790227,45.38369864771645,0.3734034395934426,9.740643674179974,1.972770424594153,17.619251251676573,2.3216201692194227,11.910709618142484,38.5219583104953,21.53474832764929,5.328541835113827,2.5724388025810017,0.19073168512210362,False,False
7.167424382728354,0.09082059104125761,0.4462811776546498,41.00842806936543,0.5379212739199873,10.18178972719366,1.9944616865430493,17.619251251676573,2.3216201692194227,12.624973944279542,40.149666567006385,20.10506100771495,1.1851812512289528,5.827653667894138,0.16659214098003436,False,False
7.2694415023534065,0.10099492662293214,0.42657458502770784,41.3003306074328,0.5212877746966563,10.39266786213806,1.6513198898001324,17.13290884255896,2.436564706406596,13.687301420258017,39.69418708790445,20.979625739938548,4.563224987537082,1.179228547165914,0.32695866823043374,False,False
7.394568472816681,0.08374059604177,0.6455099680625647,36.3360119618537,0.6815682189474666,10.828696008662135,1.7667695698614294,17.060143271282318,3.557230563767508,12.624973944279542,40.84424331695774,21.120577995068416,0.27446124249802306,4.191410997916028,0.32695866823043374,False,False
7.571036501944287,0.07975855308510206,0.7100419996156309,31.684362861620713,0.6834058243384055,11.053199969024222,2.142555367812481,17.542104468646784,3.557230563767508,10.919179994031483,44.461002189100505,20.39476232529814,0.2833922341003332,2.5724388025810017,0.2698894224742457,False,False
7.20120564512139,0.09365120554004351,0.37161393932612363,42.28880748456954,0.47738109771414033,10.097875915255305,1.6725841509190813,16.395457905120224,2.436564706406596,12.624973944279542,40.10294343058972,21.53474832764929,2.444011265564355,4.191410997916028,0.2698894224742457,False,False
7.2756438541176545,0.1025909345522449,0.40294995348915663,39.71227292704796,0.473748411580583,10.249138170324136,1.6637402829018975,17.619251251676573,4.090725889160093,10.919179994031483,40.28062442353929,21.150263113407675,5.328541835113827,0.4315944208174224,0.17981907225363664,False,False
7.340834335795973,0.09222517206381964,0.10979811143125823,48.870325960212554,0.29489217153247194,9.838537595857686,1.6948150708049976,15.387072751638174,2.256863088856377,10.37973387620442,43.63080237382184,21.120577995068416,2.35804509167778,4.191410997916028,0.6754938248169686,False,False
7.265017119531475,0.087040501304591,0.46350896290948734,41.356042550294035,0.5610469317873161,10.313286171378396,2.3434571761382754,17.229486754111434,5.562317594130108,9.599486427655155,39.465998272827505,21.53474832764929,0.4533502875019424,5.827653667894138,0.32695866823043374,False,False
7.1394612765406595,0.09860925900950704,0.16954259333306154,52.10304032792608,0.4039593746444303,9.90126758864375,1.8524456901908382,17.060143271282318,2.436564706406596,12.624973944279542,38.62236316834451,20.39476232529814,2.35804509167778,5.827653667894138,0.6754938248169686,False,False
6.931715685180602,0.10466206134864652,0.10887714424102193,50.69763129860849,0.31994303090006215,9.380451498555793,2.285422168105624,16.395457905120224,2.436564706406596,12.624973944279542,37.07053699488825,21.53474832764929,3.9743323221229807,5.693496377058868,0.2698894224742457,False,False
7.265554981359488,0.08543495933952433,0.5240774699350486,38.453734248798554,0.5836152130367251,10.395668854915991,2.053448939861847,17.060143271282318,2.436564706406596,12.624973944279542,41.315935456452095,20.39476232529814,0.2833922341003332,5.693496377058868,0.19073168512210362,False,False
6.932066504100619,0.11138391755108858,0.0,56.1869645159096,0.10502223029256602,8.876498178142514,2.0712611502468667,17.619251251676573,2.3216201692194227,9.599486427655155,40.56835467582008,18.542290595225637,5.328541835113827,5.693496377058868,0.32695866823043374,False,True
6.8479189891247385,0.11069845197416858,0.0,56.36243860649808,0.12317628494308297,8.801064796153666,2.108339135638213,17.229486754111434,2.436564706406596,9.599486427655155,37.71655961293913,21.53474832764929,5.328541835113827,5.827653667894138,0.32695866823043374,True,True
7.23898586981142,0.08978143549559023,0.3382193543702675,43.279503877818456,0.4562582227340658,10.077052018841961,2.146637313995446,17.619251251676573,2.3216201692194227,10.919179994031483,41.881414067797905,20.10506100771495,1.1851812512289528,5.64133359010028,0.32695866823043374,False,False
7.319283629213055,0.08336090206339378,0.4315747860189834,38.51091046523565,0.48683912250996275,10.200959991878433,2.3319459433192535,17.13290884255896,2.277558049562589,10.37973387620442,43.80190352868167,20.39476232529814,0.2833922341003332,5.544324287389423,0.18541685620447262,False,False
7.516777854983614,0.07935218886099579,0.68244929481091,31.17960403401618,0.6471072988036514,10.892231982829335,2.287440189022502,17.619251251676573,2.3216201692194227,10.919179994031483,44.3614420099345,21.53474832764929,0.4805877597856303,2.5724388025810017,0.19073168512210362,True,False
7.677393573128458,0.07733274274706181,0.8559601879105307,27.224314477728043,0.7738343924840374,11.455317925469831,2.1471691044837025,17.619251251676573,2.3216201692194227,12.407931480229339,45.05394976658245,21.150263113407675,0.4805877597856303,0.6965070366246743,0.2698894224742457,False,False
7.254244711491147,0.10332996832346458,0.12253438785569026,50.52698599343271,0.33192127951843897,9.92601104080871,1.4176164169454324,17.619251251676573,2.436564706406596,10.919179994031483,40.82491068019904,20.39476232529814,4.557398414990193,2.5724388025810017,0.6754938248169686,False,False
7.503121125706532,0.09256292620990104,0.0,61.96316424394329,0.18161931620674182,9.927427970129479,2.233736806684213,16.395457905120224,0.28045802876246106,9.599486427655155,44.360240567474825,21.53474832764929,2.013753758710223,4.191410997916028,1.6244439867117948,False,True
6.91969388130737,0.1124123188102825,0.0240561673039388,53.9474150180459,0.2527193719005533,9.248846385490442,1.659253437375085,17.619251251676573,2.436564706406596,12.624973944279542,38.858667348182394,17.433056516142354,5.064100433779432,5.693496377058868,0.2698894224742457,False,False
7.370109244582061,0.0829562250071462,0.6438705845387291,35.519560117165675,0.6682116570557902,10.77364409487771,2.0418659642950425,17.619251251676573,2.3216201692194227,12.624973944279542,41.15471365268457,21.53474832764929,0.2833922341003332,4.191410997916028,0.2698894224742457,False,False
7.324818079767512,0.08548975121412554,0.4674753443138066,39.670848012900734,0.5412327706783988,10.39054981771988,1.8764942865174048,17.060143271282318,2.256863088856377,11.769234997453715,42.04962216209912,20.993602354277275,0.6570568702260446,4.88651858757472,0.32695866823043374,False,False
6.996880254633225,0.10790364630779357,0.08945598210201787,49.10244134163126,0.26493533290505455,9.325890868053316,1.6672522474472495,17.229486754111434,4.090725889160093,9.599486427655155,38.491722760420345,21.150263113407675,5.328541835113827,3.9299541478778397,0.17981907225363664,False,False
6.977274886085071,0.1099992942111085,0.013752895355240984,54.7107058855584,0.11297033084488062,8.934211119044091,1.8087805472137328,16.848465609261538,2.277558049562589,10.37973387620442,42.033699715516555,17.433056516142354,5.064100433779432,5.693496377058868,0.2698894224742457,False,False
7.301277677736358,0.08949801788948442,0.47958809590022755,40.79806832232923,0.5700643597232748,10.422537949330712,1.3283195247386448,17.619251251676573,4.986188113006121,10.37973387620442,40.2957035593676,20.39476232529814,1.1095869926833997,4.887815213533316,0.32695866823043374,False,False
7.630963349145896,0.07753388608231779,0.9455191132951172,25.77313557959269,0.847652959508328,11.564958705613716,2.3848506450530444,16.395457905120224,2.256863088856377,15.106579121162127,43.653467163605335,21.150263113407675,0.2833922341003332,0.9741583014942903,0.17981907225363664,True,False
7.156853721098755,0.10065010671871562,0.18409103634161897,48.553179412976,0.36875475380572154,9.78215187187333,1.9595524641953561,14.211673796195216,4.1020484600246965,12.624973944279542,38.26049304104074,22.830282409033984,3.9743323221229807,3.5084780051032474,0.4877180221995935,False,False
7.378424253960845,0.08646668377713781,0.2942405733316933,46.357424821683075,0.4536929851677262,10.278332724886404,1.9972993548525668,17.619251251676573,2.436564706406596,10.37973387620442,43.27467030102823,19.50324013787274,0.2833922341003332,5.827653667894138,0.6754938248169686,False,False
7.204975587849004,0.10436995237533307,0.17440163292139688,54.89170162572479,0.44879871901244645,10.100086162793156,2.104052399463858,17.175559609278896,6.304938248795459,11.910709618142484,38.212291079685436,17.038449108649587,2.7274259135673202,5.827653667894138,0.8029727539866767,False,False
8.27835411984973,0.09109840378216215,0.21168075148258475,79.01924270305241,0.5000599507489678,12.096746678337825,2.0644099426726537,17.13290884255896,2.256863088856377,13.687301420258017,44.108963768677164,18.011702895237143,0.2833922341003332,0.6965070366246743,3.8223607136873303,False,False
7.438893461117073,0.0949333076519667,0.05578046863030218,63.78295884682683,0.3355851523398097,10.23057884800692,1.7722778802040886,16.395457905120224,2.3216201692194227,11.910709618142484,40.6852505511575,20.10506100771495,1.1851812512289528,5.693496377058868,1.7032231203575936,False,False
7.372899795984191,0.08241204631017902,0.5680564963897032,35.33292014717127,0.585569872178584,10.543934930460928,2.181052259989391,17.619251251676573,2.3216201692194227,10.919179994031483,42.742469814599474,21.53474832764929,0.4805877597856303,4.191410997916028,0.19073168512210362,False,False
7.190607617667736,0.09420028546899567,0.3898537215870225,42.39924242024685,0.49819676130758056,10.12342993313091,2.161972781734849,14.474995856320696,2.436564706406596,15.027094921438142,39.58701125440307,21.53474832764929,2.478284513391932,4.191410997916028,0.2698894224742457,False,False
7.177044637463997,0.09503960190253607,0.336027396426424,43.12090587061479,0.45168712812110734,10.0150465574708,1.480860541536755,17.060143271282318,2.3216201692194227,11.910709618142484,39.98405227974889,21.53474832764929,2.7274259135673202,4.191410997916028,0.2698894224742457,False,False
7.265623456198195,0.1037362227058358,0.39277583926656445,40.5018699592277,0.47425929654510673,10.252680429476436,1.7416965101910111,17.619251251676573,3.557230563767508,11.910709618142484,40.59196700183788,20.10506100771495,5.328541835113827,0.6965070366246743,0.19073168512210362,False,False
7.022938145458321,0.09909470065251105,0.2948921637307397,45.64014925429385,0.4441657606006661,9.793224675434635,2.1372936192827128,17.619251251676573,2.436564706406596,12.624973944279542,38.197025421583284,20.39476232529814,2.7274259135673202,5.827653667894138,0.17234276929440145,False,False
7.304163128703061,0.0899825530294613,0.20502029882285658,48.55658071936144,0.3908835634008586,10.031128507126509,1.7830301794195471,17.060143271282318,2.436564706406596,10.37973387620442,42.25021862624929,20.39476232529814,1.1095869926833997,5.693496377058868,0.6754938248169686,False,False
7.330970988424815,0.10003464243046058,0.0,67.91473707251498,0.19408732404613532,9.735591802032104,1.9758519064289037,16.395457905120224,2.8032877419255335,9.89281932929523,39.89893514866108,21.120577995068416,2.35804509167778,5.827653667894138,1.7032231203575936,False,True
6.853934651003795,0.11091221393847872,0.01885239051868774,54.3329231669653,0.1401416554385806,8.843909255356348,2.15852104167145,17.619251251676573,2.256863088856377,9.89281932929523,38.7790781343268,20.10506100771495,5.328541835113827,5.827653667894138,0.19073168512210362,False,False
7.153822637669299,0.09584110272835032,0.4346867153484384,41.1148325159606,0.5272044116873641,10.212845031383527,1.8794549727303784,20.269869026231994,2.256863088856377,10.37973387620442,38.9826424234938,21.120577995068416,2.7274259135673202,4.072155991455568,0.19073168512210362,False,False
7.636030752843237,0.07786859657884032,0.8647010981895762,28.53984458049935,0.8017903906234813,11.477808279654539,2.3487449230127213,17.13290884255896,2.256863088856377,13.687301420258017,43.59859887118068,21.53474832764929,0.2833922341003332,1.179228547165914,0.32695866823043374,True,False
7.616564757110589,0.07859405477322268,0.7138005191293676,30.783716936914324,0.674545050347346,11.086070198886167,2.250741482318638,17.542104468646784,3.557230563767508,10.37973387620442,45.39966484784333,20.39476232529814,0.2833922341003332,2.1732222616652415,0.2698894224742457,False,False
7.413533194630687,0.09954255416889703,0.0,68.40848567841778,0.1015605820488159,9.622581222958582,2.2970101419721507,16.395457905120224,1.2513851841135737,9.89281932929523,44.26787738833181,18.30353831320965,2.35804509167778,5.827653667894138,1.7032231203575936,False,True
7.007070488588324,0.1001783953235185,0.1894921996409607,47.37412972964536,0.3576622478314449,9.566912505867332,1.8810055297120813,18.54213162397043,2.277558049562589,10.37973387620442,38.715801591449015,20.993602354277275,3.193113612406697,5.693496377058868,0.20456251507069473,False,False
7.428875569779447,0.10664847191896092,0.0,68.93531029887754,0.10990155961210102,9.705867736726136,1.865908417935663,14.211673796195216,1.0791107430954037,13.789812009049388,44.37121282546683,16.679224185796556,3.9743323221229807,4.191410997916028,1.7032231203575936,False,True
7.094059900063786,0.10202907494769092,0.07554948514360522,50.316343040300026,0.27935246110058326,9.493947885559823,1.2890343554417873,17.619251251676573,2.256863088856377,10.919179994031483,41.92425455763582,17.808745730465446,3.3170930412097306,5.827653667894138,0.32695866823043374,False,False
7.446260312091061,0.08092660644269689,0.631220996814492,33.17989970474975,0.6215474628723155,10.732383423564043,2.187839535824722,17.619251251676573,2.436564706406596,10.919179994031483,43.45969338098075,21.53474832764929,0.4805877597856303,3.359242894347574,0.19073168512210362,True,False
7.244811404713334,0.08759812940304915,0.23718344244469006,43.94522740877939,0.3591458404930734,9.800416328287511,2.2170520283222928,16.395457905120224,2.3216201692194227,9.599486427655155,42.943050873837656,21.53474832764929,1.1851812512289528,5.693496377058868,0.32695866823043374,True,False
7.3664937664342744,0.08533971927801137,0.6776496395558925,35.95060513632258,0.7099870308011248,10.838468604682962,2.1881414958924315,17.619251251676573,5.778032755922332,10.919179994031483,39.20689949054442,21.53474832764929,0.4805877597856303,4.191410997916028,0.2698894224742457,False,False
7.752884758562182,0.08562760739997291,0.3545617983539584,52.625682814875674,0.6065975373816888,11.319572323623603,1.7630033951531077,16.395457905120224,3.1292282898637205,13.153124124830908,42.045921722248245,20.717213800897973,0.2833922341003332,2.5724388025810017,1.7032231203575936,False,False
7.521784749643527,0.10940560630624807,0.0,86.71037566349328,0.1360544593476688,10.10811244485226,2.035930907033764,17.162288452707315,2.3216201692194227,10.919179994031483,37.254636005052745,21.53474832764929,3.5654089357109244,4.191410997916028,3.05070711771279,False,True
7.491091000000585,0.08904908159821256,0.6938083799851685,31.82676622906291,0.6683073083016384,10.973014665009742,1.2537548550516975,17.619251251676573,3.557230563767508,11.910709618142484,42.42370604636737,21.150263113407675,2.7274259135673202,0.4315944208174224,0.17981907225363664,False,False
7.545159112160899,0.08057296000561429,0.6807699082186411,33.19332535789961,0.674012757840239,11.021864851707194,2.268321500383844,17.13905468230653,2.256863088856377,12.624973944279542,44.4173164754901,20.10163940076184,0.2833922341003332,2.849801505974853,0.32695866823043374,False,False
7.137447684768116,0.10088023226175429,0.4953177915455983,40.72270142340939,0.5855858958630118,10.36153505234504,1.7347578591571422,17.619251251676573,2.436564706406596,14.58245576984039,37.08947713460106,21.53474832764929,3.9743323221229807,2.5724388025810017,0.19073168512210362,False,False
7.39555248432489,0.0829175787233471,0.5473992653968296,35.44114585373963,0.5653177253698204,10.519417441993562,2.2045681275243614,17.619251251676573,2.3216201692194227,10.919179994031483,44.064858067647314,20.10506100771495,0.4805877597856303,4.3228496089445905,0.16659214098003436,False,False
7.547975444866505,0.11002065668350056,0.0,86.52477463675959,0.1423099237928444,10.131869199745156,1.787717306570273,17.060143271282318,2.256863088856377,12.624973944279542,40.593919384198024,15.99610458267343,2.7274259135673202,5.827653667894138,2.912916147248842,False,True
7.781227668211546,0.09108689413297863,0.028999782834424885,73.99445930958873,0.30733152882515913,10.752929849203428,1.5345354523819925,17.229486754111434,2.436564706406596,9.599486427655155,41.73522594579248,21.53474832764929,0.4805877597856303,4.191410997916028,2.79248908068339,False,False
7.23444819238506,0.08794512274933429,0.35356329685881355,42.20407891118198,0.45713105843839075,10.027301449738344,1.9573868090151445,15.204166835390973,2.436564706406596,12.624973944279542,41.788666360802395,20.993602354277275,0.9886399993101005,5.693496377058868,0.2698894224742457,False,False
7.278861725755422,0.08489211845166017,0.4917050353279145,38.617264000338736,0.5517911060056477,10.325473174361168,2.1688977376335474,17.060143271282318,2.436564706406596,11.910709618142484,42.03019978258916,20.39476232529814,0.2833922341003332,5.693496377058868,0.19073168512210362,False,False
7.565827201987538,0.08493207740670707,0.6404943029775418,32.509891067941815,0.6217892722531948,10.936477178461153,1.4127083859134428,16.395457905120224,2.436564706406596,12.624973944279542,45.006376346904375,20.39476232529814,1.8978170480225915,0.9741583014942903,0.2698894224742457,False,False
7.538379090929706,0.08860630926201732,0.36852614617031854,41.74587140153307,0.466391575342526,10.570908472195736,1.58400943852871,17.060143271282318,2.256863088856377,10.37973387620442,44.54524317519985,21.120577995068416,2.35804509167778,1.603899676893866,0.6754938248169686,False,False
7.362582460693456,0.09039752941941363,0.3587792215922601,46.08656246781631,0.5179239343261531,10.413412878987524,1.219206767288025,17.060143271282318,4.986188113006121,10.37973387620442,40.50627638317532,20.39476232529814,1.1095869926833997,4.887815213533316,0.6754938248169686,False,False
7.327796781115301,0.08812062206467697,0.5336068915284182,38.3300073336973,0.5919067697076794,10.548500404118862,1.3977399694822767,17.619251251676573,2.3216201692194227,12.624973944279542,41.68261195549029,20.10506100771495,1.1851812512289528,4.191410997916028,0.2698894224742457,False,False
7.269082603899868,0.08434288950849927,0.4589581372910236,39.85087433793315,0.534810854866894,10.261128331910838,2.3227881928746053,15.70231808008417,2.436564706406596,12.624973944279542,41.26133245459249,21.74471698740507,0.2833922341003332,5.6768121706575485,0.2698894224742457,True,False
7.531988152518238,0.08033805900038372,0.5992617400818643,33.88120705435354,0.5978176976022204,10.802124748055029,2.253702355035611,17.060143271282318,2.256863088856377,10.919179994031483,44.67261097714305,21.53474832764929,0.6570568702260446,2.5724388025810017,0.32695866823043374,True,False
7.128730366448036,0.0955166797281601,0.3338425215555756,43.800130521805265,0.45905485812883096,9.98230636594365,1.8005517239500175,20.269869026231994,2.256863088856377,9.89281932929523,40.63572634197209,18.912583101917843,2.013753758710223,5.827653667894138,0.19073168512210362,False,False
6.909268567094992,0.11596976527846944,0.03907965848520643,55.26120270619008,0.31129606536683857,9.383357744825137,1.8149100523473496,17.619251251676573,4.7443137694613675,12.646644150597396,36.8557194254265,16.785074522435032,5.328541835113827,5.693496377058868,0.32695866823043374,False,False
7.433555609520029,0.08869168971465531,0.17163551269821886,55.17177691039365,0.44986898739582215,10.443784215184492,1.804313553530665,17.619251251676573,2.436564706406596,10.919179994031483,40.738958060671294,20.993602354277275,0.2833922341003332,5.693496377058868,1.3155550217775749,False,False
7.536135184571887,0.08045459508138415,0.7094075965857418,31.078649648825113,0.674110625476473,10.996870760359542,2.1332050194847625,17.619251251676573,2.3216201692194227,11.910709618142484,44.799599705757835,20.10506100771495,0.4805877597856303,2.5724388025810017,0.19073168512210362,False,False
7.1116508478727605,0.1011427795890288,0.13978463239601402,47.72261045218197,0.3101834448750108,9.586801335711328,1.5636267883092956,18.54213162397043,2.277558049562589,10.37973387620442,42.66819612222894,17.04120782349735,3.193113612406697,5.693496377058868,0.20456251507069473,False,False
7.606345072745346,0.08136391625835818,0.8303971037285421,28.10356937020294,0.7593867231153716,11.312710585868938,1.4263039228222674,17.13290884255896,3.557230563767508,12.407931480229339,43.679246027060785,21.150263113407675,1.1851812512289528,0.6965070366246743,0.19073168512210362,False,False
7.455103142786935,0.0902832745251587,0.24706395130425127,51.48629022633413,0.47696132836573146,10.521030757093452,1.8883166457020155,17.619251251676573,2.3216201692194227,12.271737868660834,43.18441826915839,17.502915365528583,0.4805877597856303,5.574826818669584,1.0446424973009774,False,False
7.516777854983614,0.07935218886099579,0.68244929481091,31.17960403401618,0.6471072988036514,10.892231982829335,2.287440189022502,17.619251251676573,2.3216201692194227,10.919179994031483,44.3614420099345,21.53474832764929,0.4805877597856303,2.5724388025810017,0.19073168512210362,True,False
7.438071556696055,0.08271927449825704,0.5859515859552669,36.047571279262314,0.6146264697773868,10.66812754468575,1.550237988306042,15.204166835390973,4.058932094106565,12.624973944279542,42.97247214643417,20.39476232529814,0.2833922341003332,4.191410997916028,0.2698894224742457,False,False
7.562729692238859,0.08051715289228595,0.6746657568603937,32.43990726751437,0.6568435235218866,10.95105807353597,2.0393395763636595,16.395457905120224,4.420000627387213,10.919179994031483,44.22523168772223,20.717213800897973,0.4805877597856303,2.5724388025810017,0.2698894224742457,False,False
7.037376143705751,0.09939477273718252,0.1152717105764936,47.845589802225575,0.2860736494633091,9.394841949811733,1.982095374907253,17.13290884255896,2.277558049562589,10.37973387620442,40.62977023840031,20.39476232529814,3.193113612406697,5.806736199364416,0.18541685620447262,False,False
6.9963452857857265,0.10257955396988552,0.04724361280434994,52.22963395980213,0.1806072468205639,9.091236347962537,1.9790135071802122,16.395457905120224,2.436564706406596,9.599486427655155,40.03895526575645,21.53474832764929,3.9743323221229807,5.693496377058868,0.32695866823043374,False,False
7.419398872639116,0.09125035069437305,0.2552673610924393,48.65974089234901,0.44536330820696807,10.342384610016866,1.733923243810594,17.060143271282318,3.557230563767508,10.919179994031483,43.17136081018462,18.34209223260102,1.1851812512289528,4.961839122917418,0.8029727539866767,False,False
7.103404665848364,0.10242043718471047,0.0707809567587783,50.48593159269279,0.2060316651491474,9.299871401272556,1.6618593240712676,16.848465609261538,2.277558049562589,10.37973387620442,43.4529613309469,17.433056516142354,3.644838818349089,5.693496377058868,0.2698894224742457,False,False
7.359738536169188,0.08339397365796045,0.6699547927918634,35.417745888589664,0.6942805701161915,10.826970193202492,1.83953261187567,17.13290884255896,2.3216201692194227,13.687301420258017,40.578728585823704,21.53474832764929,0.2833922341003332,4.191410997916028,0.2698894224742457,False,False
7.640312265267114,0.08119932834876463,0.8957433718315437,27.22426208914778,0.8158049054599682,11.523483535118658,1.9632547875602648,17.060143271282318,2.256863088856377,15.106579121162127,44.960372913677595,18.698870214257415,0.7631940170162476,0.9741583014942903,0.17981907225363664,False,False
7.447582170725308,0.09296368728421314,0.0,64.30589552884794,0.2553680847093973,9.994843647047283,2.0868494537085502,14.211673796195216,2.3216201692194227,11.910709618142484,41.59877054135075,21.375325126446704,1.1851812512289528,5.693496377058868,1.7032231203575936,False,True
7.229146502179308,0.0897960415282334,0.3654144141421668,42.39202729383159,0.47231054203122047,10.093892252158131,2.1248858965764623,17.619251251676573,2.626184862004541,10.919179994031483,41.63391862076897,20.10506100771495,1.1851812512289528,5.64133359010028,0.2698894224742457,False,False
7.499699176291067,0.09182794264550166,0.6020037611082755,36.116654585814786,0.6325453232947754,10.85080700904276,2.1888914011563596,16.395457905120224,7.130894246314431,10.37973387620442,41.465538518099116,20.39476232529814,2.7274259135673202,1.179228547165914,0.32695866823043374,False,False
7.1654370292616365,0.09732355181104257,0.19661013387752452,52.868573250256986,0.4434175107119633,10.024411940889191,1.9730367284614805,16.395457905120224,3.557230563767508,12.624973944279542,37.24320907859239,21.53474832764929,2.013753758710223,5.827653667894138,0.8029727539866767,False,False
7.0821440630655035,0.10505757114818895,0.13520133545881927,46.551852757777354,0.28867541876877434,9.526417552506391,1.798062575542128,17.619251251676573,2.277558049562589,10.37973387620442,40.318658427302424,20.993602354277275,5.1908345715206545,3.0296297843339612,0.19073168512210362,False,False
7.347692718643471,0.0976308029076125,0.2274731579115273,61.23750553416063,0.5167209395315022,10.644420074972754,2.082157320405365,21.38562150280605,2.3216201692194227,10.919179994031483,36.77647619975927,20.10506100771495,1.1851812512289528,5.693496377058868,1.613363498180997,False,False
7.098468503977135,0.09560745748037083,0.1084762650904456,47.69337358384923,0.26301796218330326,9.394756412639628,2.1362869152833266,16.395457905120224,2.3216201692194227,9.599486427655155,41.41937018802735,21.573253596877414,2.7274259135673202,5.693496377058868,0.2698894224742457,False,False
7.110962839272557,0.0942093139265066,0.25824433906516364,46.09788090536764,0.4120208180417389,9.816299360991149,2.2068306570612757,17.619251251676573,2.3216201692194227,10.919179994031483,39.43683416258844,21.53474832764929,2.013753758710223,5.827653667894138,0.32695866823043374,False,False
7.756463885510024,0.0881060208810141,0.29062464999539694,58.80267867438583,0.5833457636799847,11.357804597020186,2.053713573523065,17.619251251676573,2.3216201692194227,12.892687474732782,40.47899602010548,21.53474832764929,0.4805877597856303,2.5724388025810017,2.099670194249824,False,False
7.377359057508813,0.09551454688928553,0.12277509002147581,63.30108607307135,0.40626447790749787,10.351908479240837,2.055372994168743,17.619251251676573,2.3216201692194227,11.910709618142484,38.031769884666815,21.53474832764929,1.1851812512289528,5.693496377058868,1.7032231203575936,False,False
6.940612221809869,0.10493930273853848,0.13499766239008243,49.459850072978696,0.32987305404138945,9.423832675382851,1.9694765657678994,17.619251251676573,2.3216201692194227,11.910709618142484,37.895096251359426,20.39476232529814,3.9743323221229807,5.693496377058868,0.19073168512210362,False,False
7.172158576821683,0.09841426482314956,0.09543594231736774,54.169825198991475,0.35520974259128124,9.834483407519429,1.9406018815519401,17.060143271282318,2.256863088856377,11.910709618142484,39.388850182862086,20.39476232529814,2.35804509167778,5.827653667894138,0.8029727539866767,False,False
7.083855940200369,0.10026921639445052,0.0978194385351706,48.482856616696296,0.27465134353850157,9.441287128875025,1.6215405510637018,16.395457905120224,2.3216201692194227,10.919179994031483,41.06487162405534,20.35864772443955,3.5654089357109244,5.104924224948809,0.2698894224742457,False,False
7.408572181736175,0.09361023434367947,0.05850532287610468,60.00652293783257,0.3384598735691313,10.149194826146179,1.7539505982784611,15.979565557036006,2.3216201692194227,11.910709618142484,41.36614161601624,20.10506100771495,1.1851812512289528,5.693496377058868,1.4382244035830622,False,False
7.269867893520874,0.08692066346315336,0.4017169068650112,43.5157777690036,0.5266128943987646,10.29437702309554,2.2168794125182223,16.395457905120224,2.3216201692194227,12.646499404731102,40.41219487135132,21.53474832764929,0.5151817064023371,5.693496377058868,0.4808012384674347,False,False
7.316418754318019,0.09522976264852527,0.33246094890306366,39.453931116215685,0.39570349083614165,10.066594891087268,1.8031053488968463,17.52872908004057,2.436564706406596,9.599486427655155,43.11250095674236,21.53474832764929,3.9743323221229807,1.6229064942609484,0.19073168512210362,False,False
7.164126854704334,0.09599507459418112,0.19656621319218925,45.508849633179025,0.3385620574937045,9.668173138536623,1.508251543433619,17.060143271282318,3.0039787877143604,10.37973387620442,42.93475717021934,18.25027127880317,2.35804509167778,5.827653667894138,0.18541685620447262,False,False
7.527489510550174,0.09205374232795922,0.19797433353091742,58.31259427749785,0.48559967980995883,10.722471426490815,1.9361865390462998,17.619251251676573,3.730608879421377,10.919179994031483,39.30636969119674,21.53474832764929,1.0441210246322485,4.191410997916028,1.654309833476256,False,False
7.2681049212323225,0.08853996117001056,0.2545658517078285,43.89264576237727,0.37673547209141184,9.884290949524388,2.122232961944198,16.395457905120224,2.3216201692194227,10.37973387620442,43.592490745222726,20.10506100771495,1.1851812512289528,5.693496377058868,0.32695866823043374,False,False
7.167424382728354,0.09082059104125761,0.4462811776546498,41.00842806936543,0.5379212739199873,10.18178972719366,1.9944616865430493,17.619251251676573,2.3216201692194227,12.624973944279542,40.149666567006385,20.10506100771495,1.1851812512289528,5.827653667894138,0.16659214098003436,False,False
7.037296209287057,0.10112919392452371,0.15052457610115133,48.862664270975955,0.33774948237893976,9.572013202865648,1.7497669140593906,17.619251251676573,2.3216201692194227,10.919179994031483,38.607908428533065,21.53474832764929,3.5654089357109244,5.104924224948809,0.32695866823043374,False,False
6.94212026869643,0.10858302763834457,0.039283638443469625,52.81932777411142,0.1945212877522367,9.099126629094576,1.828823640588718,16.848465609261538,2.277558049562589,10.919179994031483,39.157234541502355,20.35864772443955,5.064100433779432,5.104924224948809,0.2698894224742457,False,False
7.078980439307528,0.09390763091499321,0.3219773672648511,43.711480704956664,0.4452746668280107,9.827096093121916,2.3291614760332053,16.395457905120224,2.256863088856377,12.624973944279542,39.141451897282046,21.573253596877414,2.013753758710223,5.827653667894138,0.16659214098003436,False,False
7.444799893046735,0.08583275115615592,0.6952472043500477,35.187402606927336,0.7176837677677225,11.042929336459629,2.258037206416487,20.927961897525122,3.1292282898637205,10.939908220835699,42.93974682394908,17.31846211333577,0.2833922341003332,4.191410997916028,0.2698894224742457,False,False
7.443100285912443,0.09476169268446909,0.04624402651487436,63.83465751880027,0.3255242059080333,10.20838702401907,1.6422584525202184,16.395457905120224,2.3216201692194227,11.684900450382452,40.911059718917535,20.10506100771495,1.1851812512289528,5.693496377058868,1.7032231203575936,False,False
7.118512577590394,0.09391309290835709,0.2405622819348805,46.21120493803481,0.394980084430125,9.775365918202786,2.381898738592507,17.229486754111434,2.3216201692194227,10.919179994031483,39.82659866015358,21.53474832764929,2.013753758710223,5.827653667894138,0.32695866823043374,False,False
7.464736703471379,0.09336885261310696,0.0,66.27956224623868,0.23847135441469752,10.016499194409164,1.3598270323537385,16.395457905120224,2.3216201692194227,9.599486427655155,41.42443950276981,21.53474832764929,1.1851812512289528,5.693496377058868,1.8455700392982823,False,True
7.087869636405116,0.09333900758067708,0.29268880566815925,43.897893273401806,0.41702991781987075,9.75343906107063,2.231977211849642,15.70231808008417,2.256863088856377,12.624973944279542,39.66312833179044,21.74471698740507,2.013753758710223,5.827653667894138,0.16659214098003436,False,False
7.481503024907839,0.08055686199544447,0.7663710716871331,30.434042912825447,0.7250273091160526,11.056437306421692,2.3124044577485163,17.619251251676573,2.3216201692194227,12.624973944279542,42.67978760382851,21.53474832764929,0.4805877597856303,2.5724388025810017,0.16659214098003436,False,False
6.95501855673777,0.10187147323176267,0.046667833978667,52.27228902331391,0.1841612565079666,9.041459349746539,2.011686219518743,14.211673796195216,1.0791107430954037,12.624973944279542,39.25917173998357,22.830282409033984,3.9743323221229807,5.693496377058868,0.32695866823043374,True,False
7.304716267946332,0.10463915491650656,0.35729091557126114,42.44935069511794,0.46455658808889766,10.31719754083929,1.9636554133238537,17.13290884255896,2.436564706406596,13.687301420258017,41.618050156444355,18.805311602649393,5.328541835113827,0.6643627683384191,0.32695866823043374,False,False
7.559493966723909,0.09240837073998266,0.33761335291888456,61.122745118513805,0.6329188452642641,11.217241185599448,1.6981572615422649,16.395457905120224,2.3216201692194227,16.381716503869736,36.670012935677065,21.573253596877414,0.4562259513661684,4.191410997916028,2.0103019399539437,False,False
7.659176519569387,0.08651102432037,0.6814851140814993,39.00403673975673,0.7575170825109059,11.45175733737253,2.210185904400139,16.395457905120224,4.420000627387213,15.106579121162127,43.47222949883285,16.794821007430723,0.4805877597856303,2.5724388025810017,0.7578852777002272,False,False
7.24864832092117,0.08846267429182733,0.445018193288347,39.48779510685906,0.5149336374996543,10.207473860648285,1.4121947311792258,16.395457905120224,2.3216201692194227,12.624973944279542,41.842602639783465,20.35864772443955,1.1851812512289528,5.104924224948809,0.16659214098003436,False,False
7.172848448831506,0.10282965772169263,0.12445498519426779,51.72623694321284,0.3510259272602534,9.876196473480322,1.4332750339836169,17.619251251676573,1.1438193105781818,12.624973944279542,39.77834333357783,20.39476232529814,3.9743323221229807,3.7890236876497885,0.6754938248169686,False,False
7.1269917067575355,0.09787118031845739,0.11111168744814937,47.49813523357665,0.27502777266603856,9.484190657296272,1.7714169790957763,16.395457905120224,2.3216201692194227,10.37973387620442,41.97661306518663,20.35864772443955,3.193113612406697,5.104924224948809,0.2698894224742457,False,False
7.520264745643583,0.09377244630427536,0.0,62.6716487450313,0.22536240456713014,10.077750585284925,1.74713148095511,16.395457905120224,0.759983682488362,10.37973387620442,43.65770615080503,20.993602354277275,2.013753758710223,4.0965391520368755,1.7032231203575936,False,True
7.195980858296265,0.09142459753814818,0.42667430064801637,42.90568765902938,0.5442547102022551,10.270181309152772,2.0768356728554758,18.304263547014546,2.3216201692194227,12.26650240291223,39.796916576620596,20.10506100771495,1.1851812512289528,5.693496377058868,0.32695866823043374,False,False
7.535040126913601,0.08712135731933242,0.0,61.70694164603377,0.2567655974301487,10.133718321556536,2.12511553865033,16.395457905120224,0.1952368419387342,10.37973387620442,44.35585729094255,20.993602354277275,0.2833922341003332,5.693496377058868,1.7032231203575936,True,True
7.398448071835352,0.08184537314416734,0.40737470867866366,39.055305853517844,0.46906072333395704,10.273585073813992,2.3785104067044545,17.060143271282318,2.256863088856377,9.599486427655155,44.593035368023386,20.993602354277275,0.2833922341003332,4.88651858757472,0.32695866823043374,True,False
7.278880110245738,0.0975348171330709,0.4981603124598917,39.50783843727078,0.5712840083682277,10.51875923979108,1.2440187802183442,18.75643916898469,2.3216201692194227,12.624973944279542,40.039408508288275,20.39476232529814,3.5654089357109244,2.0274975257447596,0.2698894224742457,False,False
7.657930014295038,0.07792989002954051,0.8659920742176628,27.80103478804193,0.7926310510649096,11.475424429003478,2.211153947312256,17.13290884255896,2.256863088856377,13.687301420258017,44.79565411928802,20.39476232529814,0.2833922341003332,1.179228547165914,0.2698894224742457,False,False
7.473889023092796,0.08363238064111479,0.573040863562496,35.280497166607525,0.590081828916567,10.730083368383221,1.836348927300393,17.619251251676573,2.3216201692194227,10.919179994031483,43.520621535382844,21.53474832764929,1.1851812512289528,2.5724388025810017,0.32695866823043374,False,False
7.6105868270219155,0.07782388518751189,0.9339046891051634,25.949374272957648,0.8379095402868041,11.52329790477613,2.092743913987229,17.771125032445347,2.256863088856377,13.687301420258017,43.54055650250459,21.120577995068416,0.2833922341003332,1.179228547165914,0.16095517960100733,True,False
6.946439605850427,0.10608716401047658,0.13443055215044936,51.28164719360847,0.3552187904918977,9.522832343355155,2.1914325268635095,17.619251251676573,2.436564706406596,12.624973944279542,36.929660404926864,20.39476232529814,3.9743323221229807,5.693496377058868,0.32695866823043374,False,False
7.319648261509222,0.08553492310668047,0.445794623624545,40.67950331863713,0.5327237736467909,10.338315356304905,1.8920907519413337,17.542104468646784,3.557230563767508,10.37973387620442,42.1120228042767,20.10506100771495,0.2833922341003332,5.693496377058868,0.32695866823043374,False,False
7.003898191114018,0.10687824366459749,0.16170725160284136,46.97957698108911,0.3227303398683822,9.58622102370518,2.3619416123767825,20.593291090763902,0.1952368419387342,10.37973387620442,39.07356609366972,20.993602354277275,5.328541835113827,3.245296222910024,0.19073168512210362,False,False
7.819658151735672,0.0838297854252793,0.22919026470012788,53.28121063474557,0.4836658780753644,11.067409789636466,2.3211518527330366,16.395457905120224,3.3405300434503786,10.37973387620442,45.2201630104711,20.10506100771495,0.2833922341003332,2.5724388025810017,1.7032231203575936,True,False
7.194292419447513,0.09501659459193197,0.32045095930006545,43.210738749069904,0.43653328834357263,9.998777231013237,1.371670837391048,17.060143271282318,2.256863088856377,11.771457582575355,40.729207369051075,20.993602354277275,2.7274259135673202,4.191410997916028,0.2698894224742457,False,False
7.05729013683675,0.09891601060452725,0.09173100216990845,48.93390244933812,0.26463026780327165,9.363793508531652,2.081650970461687,16.395457905120224,2.436564706406596,10.37973387620442,40.63814174605167,20.993602354277275,3.193113612406697,5.693496377058868,0.2698894224742457,False,False
6.942580617510926,0.1112411789880008,0.0,60.7006354521651,0.12003898711167049,8.970571327508878,2.1746506196967665,17.060143271282318,2.277558049562589,10.37973387620442,38.35666915202059,20.35864772443955,5.064100433779432,5.827653667894138,0.6754938248169686,False,True
7.269082603899868,0.08434288950849927,0.4589581372910236,39.85087433793315,0.534810854866894,10.261128331910838,2.3227881928746053,15.70231808008417,2.436564706406596,12.624973944279542,41.26133245459249,21.74471698740507,0.2833922341003332,5.6768121706575485,0.2698894224742457,True,False
6.934887791204837,0.10327630406120132,0.0787463793841875,51.32973949712003,0.2971568660970039,9.316898311270064,2.061709108710077,16.04742402880974,2.592300273567571,11.910709618142484,36.73639190277983,22.830282409033984,3.8624367223770903,5.693496377058868,0.32695866823043374,True,False
7.14343326283746,0.09286091041683518,0.17829073035938264,46.52358556345459,0.33373217999048144,9.640363364108671,2.3817682476618685,17.229486754111434,2.256863088856377,9.599486427655155,41.211049306892946,21.53474832764929,2.013753758710223,5.827653667894138,0.32695866823043374,True,False
7.224602131015425,0.08689123378231772,0.6247548139683282,37.80252911252438,0.6805560612151239,10.584599208313673,2.0071243788286184,17.619251251676573,4.090725889160093,12.624973944279542,38.358078118063275,21.150263113407675,0.2833922341003332,5.693496377058868,0.17981907225363664,False,False
7.688430648003914,0.07579061062965615,0.8865659208295553,25.55991979262515,0.7824209559211143,11.467229850166303,2.372414886941932,17.13290884255896,2.3216201692194227,12.646499404731102,45.57807751423573,21.150263113407675,0.2833922341003332,0.6965070366246743,0.19073168512210362,True,False
7.322432680699458,0.09995031975047379,0.2945196553818293,40.34578216827981,0.3683761913130199,10.03626667892708,1.9393034538647023,16.848465609261538,2.277558049562589,10.919179994031483,43.64480946717863,20.35864772443955,5.064100433779432,0.6965070366246743,0.19073168512210362,False,False
7.273317008479213,0.08611129710637017,0.47998887060848466,40.81455305304208,0.5707219345066851,10.368100206522433,2.1036450581904007,17.229486754111434,4.090725889160093,10.919179994031483,40.17233967906441,21.150263113407675,0.2833922341003332,5.827653667894138,0.32695866823043374,False,False
8.009941826379267,0.0923726485386618,0.17896857128787147,78.73090425771892,0.4655486006435453,11.572138209787765,1.2602819911209315,16.395457905120224,3.1292282898637205,13.153124124830908,40.27091089627749,20.717213800897973,0.2833922341003332,2.5724388025810017,3.4782339463283467,False,False
7.110962839272557,0.0942093139265066,0.25824433906516364,46.09788090536764,0.4120208180417389,9.816299360991149,2.2068306570612757,17.619251251676573,2.3216201692194227,10.919179994031483,39.43683416258844,21.53474832764929,2.013753758710223,5.827653667894138,0.32695866823043374,False,False
7.0167498699256114,0.10446947547325525,0.06358664071607004,51.53036908395999,0.28402048847147365,9.371388866704201,1.8179386849972667,16.04742402880974,4.278852779431295,10.919179994031483,38.76659042234614,20.10506100771495,3.8624367223770903,5.693496377058868,0.32695866823043374,False,False
7.394346650809452,0.10452492094700067,0.0283114078114673,60.35107327461384,0.3066052931759389,10.133414170489564,1.6080700254107556,16.48577422922992,2.436564706406596,12.624973944279542,41.077689010470905,18.993548107382935,3.9743323221229807,3.0296297843339612,1.3774878957731518,False,False
7.449906961849907,0.09331745904213291,0.0,64.14522657433874,0.26449835154136747,10.043104990777705,1.291550321313044,16.085585592752256,2.3216201692194227,10.37973387620442,41.63755725890121,20.993602354277275,1.1851812512289528,5.693496377058868,1.7032231203575936,False,True
7.596307447208695,0.07997445947096915,0.7675604837664407,31.27252413487588,0.7382228693801476,11.244650111904226,1.9484002838755854,17.542104468646784,3.557230563767508,11.910709618142484,43.81161986014908,20.39476232529814,0.2833922341003332,2.1732222616652415,0.32695866823043374,False,False
7.142911981899472,0.09386062832765818,0.23508612515837712,45.48257649654694,0.3788264114036257,9.76090042057868,2.241070243094834,17.619251251676573,2.3216201692194227,10.37973387620442,41.17333552852284,20.39476232529814,2.013753758710223,5.827653667894138,0.2698894224742457,False,False
7.183970385835004,0.10766606823679593,0.0,72.16030758888242,0.08699556805652575,9.349086487217445,2.3590634349393693,16.395457905120224,0.1952368419387342,11.910709618142484,39.19544908578528,20.993602354277275,3.9128246973195417,5.693496377058868,1.7032231203575936,False,True
7.668320221455059,0.07671332904669322,0.9075808401776236,25.396759639236752,0.8022681477656455,11.504759588621576,2.222581783413425,17.619251251676573,2.3216201692194227,12.624973944279542,44.73242683918827,21.53474832764929,0.4805877597856303,0.5009748519968091,0.18541685620447262,True,False
7.3147318411447095,0.08709328562092516,0.4332881398627697,39.286386869518324,0.4996901957793692,10.274943982181497,1.6941820920013748,17.13290884255896,2.3216201692194227,10.919179994031483,42.260130115627604,21.53474832764929,1.3701121305229709,4.191410997916028,0.2698894224742457,False,False
7.534016043711182,0.08833830929165616,0.03502320818091669,61.491946314614324,0.313686242565708,10.256152167362663,1.1944180240133018,16.395457905120224,2.335448776965734,9.840774536340241,42.754604695779726,20.993602354277275,0.2833922341003332,5.693496377058868,1.7032231203575936,False,False
7.3256908408728405,0.08877523384936477,0.5440630097763892,39.06751491445536,0.6134407490557999,10.609946872424626,1.2402057359505578,17.13290884255896,2.3216201692194227,13.687301420258017,41.04955764287323,20.10506100771495,1.1851812512289528,4.191410997916028,0.32695866823043374,False,False
7.4242218929799755,0.08475520185303861,0.6876908824430821,35.624017574661636,0.7159296399606208,10.887672876832008,2.2068783436447275,15.204166835390973,6.737783876713896,12.624973944279542,40.29362036382684,20.39476232529814,0.2833922341003332,4.191410997916028,0.2698894224742457,False,False
7.326731955683896,0.08337056116629238,0.35035554067266317,41.12552908877805,0.4383873512701685,10.099976171688322,2.2478555616221554,17.060143271282318,2.256863088856377,9.599486427655155,43.786057578539236,20.993602354277275,0.2833922341003332,5.693496377058868,0.32695866823043374,True,False
7.901760458512193,0.09041306721381707,0.24897238296606347,69.57287114287466,0.5394026219640379,11.549314816818747,1.3631634486689876,17.13290884255896,2.3216201692194227,13.687301420258017,40.41537410251202,20.717213800897973,0.2833922341003332,2.5724388025810017,2.869750627872273,False,False
7.48050955912084,0.08394582676370903,0.49558644204788294,36.09852030466797,0.520016803130624,10.524571869464488,2.2944436580061573,15.70231808008417,2.3216201692194227,11.910709618142484,45.46464818480365,20.10506100771495,1.1851812512289528,3.040572266332126,0.2698894224742457,False,False
7.483365213924628,0.11605394089129778,0.0,81.18616882672973,0.22254754857803927,10.314711694118348,1.5054913382132027,18.74680291608822,2.3734266038837877,11.910709618142484,36.65322034734989,20.10506100771495,5.328541835113827,2.1732222616652415,2.7090154100415984,False,True
7.195980858296265,0.09142459753814818,0.42667430064801637,42.90568765902938,0.5442547102022551,10.270181309152772,2.0768356728554758,18.304263547014546,2.3216201692194227,12.26650240291223,39.796916576620596,20.10506100771495,1.1851812512289528,5.693496377058868,0.32695866823043374,False,False
6.913144623140873,0.11372383400109928,0.026129955795452922,53.79378383907607,0.20497550045774943,9.103122304637644,1.8500095633531404,17.229486754111434,2.436564706406596,12.624973944279542,40.32440713933424,16.061779811880186,5.328541835113827,5.827653667894138,0.16659214098003436,False,False
7.223348659954154,0.10775856046554157,0.0,70.53426181195022,0.18693198139030714,9.643252692610119,1.7609022712957094,17.619251251676573,2.277558049562589,10.919179994031483,38.252328713534766,19.984701940211654,3.5654089357109244,5.693496377058868,1.688074738213133,False,True
7.832602414148645,0.1028985598170555,0.0,86.01914341397706,0.17620842341623522,10.645257457717719,1.2077597794746202,16.395457905120224,2.256863088856377,10.919179994031483,40.976458516455914,20.717213800897973,2.7274259135673202,2.5724388025810017,3.4349619784897025,False,True
7.238011938369715,0.09040910801324993,0.3570113346905129,43.34146526446843,0.47696614812584476,10.114079370720015,1.7188947383396467,17.619251251676573,3.557230563767508,10.37973387620442,41.13308700411829,20.10506100771495,1.1851812512289528,5.693496377058868,0.32695866823043374,False,False
6.921497795049087,0.11225569175060773,0.0234532501843169,53.992080550855846,0.24472676125286402,9.230233589335452,1.7116491424079616,17.47773841594249,2.277558049562589,12.719405200443486,39.06475558459654,17.433056516142354,5.064100433779432,5.693496377058868,0.2698894224742457,False,False
7.347059548725358,0.08374144705053864,0.6152941888144146,35.781572856143256,0.6417948578077595,10.634198708189356,1.7160899936532796,17.619251251676573,4.090725889160093,10.919179994031483,41.055526258877116,21.150263113407675,0.2833922341003332,4.690929573624625,0.19073168512210362,False,False
7.2287473747020154,0.08692945900754553,0.6227845589347086,37.816341816218255,0.6786741475408101,10.585387540338047,1.995653011326355,17.619251251676573,4.090725889160093,12.624973944279542,38.51473887719367,20.993602354277275,0.2833922341003332,5.693496377058868,0.17981907225363664,False,False
7.25929285494313,0.10541952061353242,0.0,69.45591490696282,0.1753439943193954,9.639123840600321,1.7759571086868948,16.395457905120224,2.3216201692194227,10.919179994031483,38.41693205373413,21.573253596877414,3.5654089357109244,5.104924224948809,1.7032231203575936,False,True
7.464446671335486,0.08389600557154475,0.40318970598168147,42.63261574766373,0.5155896719767574,10.556673512793388,1.9894492365553456,17.619251251676573,2.256863088856377,10.37973387620442,43.27608120567559,21.120577995068416,0.4805877597856303,4.191410997916028,0.6754938248169686,False,False
7.624212757868215,0.09299632514027717,0.19080821166056,57.203155717786565,0.4780394212367317,10.868249780538806,1.3917434212827973,16.395457905120224,2.3216201692194227,13.153124124830908,41.35867967210716,20.717213800897973,1.778242404885714,2.5724388025810017,1.7032231203575936,False,False
7.175587726040273,0.09418559092119905,0.20027533050586557,46.4213099393834,0.3554694358094504,9.764958221686701,1.9571601931780567,17.619251251676573,1.5544065753457632,10.919179994031483,42.496504010709714,19.242292073401668,2.013753758710223,5.827653667894138,0.32695866823043374,False,False
7.163936164160052,0.09989612626377174,0.26883896950995,46.688303927014736,0.4316063106833513,9.910678649084756,1.5307663440295136,16.848465609261538,5.43370222625694,11.229149348296088,40.49019873347475,17.433056516142354,2.602041767035207,5.693496377058868,0.2698894224742457,False,False
6.973067243692505,0.10249515257169035,0.09945819971856774,50.716756545992,0.3102784052392731,9.416529041146843,2.150284032355302,17.619251251676573,2.3216201692194227,10.919179994031483,37.885178985587736,21.53474832764929,3.5654089357109244,5.827653667894138,0.32695866823043374,False,False
6.966769282096355,0.10117048545929277,0.15222826618251917,48.263397414191004,0.3310127736859535,9.436081221807765,2.2091870173299193,17.619251251676573,2.3216201692194227,10.919179994031483,38.172530421240246,21.53474832764929,3.414284483166744,5.827653667894138,0.19073168512210362,False,False
7.597144354892262,0.07939285775639589,0.9751378070842864,26.139049514040032,0.8841116266386922,11.60924456441617,2.163258796774639,16.395457905120224,3.440760403584802,15.106579121162127,41.88788910895,21.53474832764929,0.4805877597856303,0.9741583014942903,0.17981907225363664,False,False
7.703185348035769,0.08635633809871347,0.3435290769265886,52.86986689284963,0.5984354182685921,11.288452543857694,2.0846844874314514,20.489891161805843,2.436564706406596,9.599486427655155,41.14455442453077,21.573253596877414,0.4805877597856303,2.5724388025810017,1.7032231203575936,False,False
7.4308242687490305,0.0827758903327482,0.6273533716130005,34.839817714765346,0.6411058511774448,10.7986728153335,2.1008054388573765,18.826651572976857,2.277558049562589,10.919179994031483,42.857492972273334,20.717213800897973,0.4805877597856303,3.6514264279978907,0.2698894224742457,False,False
7.236529123046794,0.10613448010256268,0.0,72.69821180666794,0.0,9.136370108690977,2.3100932811106083,16.395457905120224,0.6445902000653442,9.357373442571447,41.57582045660901,20.717213800897973,3.9128246973195417,5.693496377058868,1.7032231203575936,False,True
7.045721290945889,0.10119855456278917,0.20288208668569163,45.990674703135284,0.352086928555971,9.60752131616068,1.434878569924647,17.619251251676573,2.3216201692194227,10.919179994031483,39.08962479899161,21.53474832764929,3.930870155058112,4.404886231119881,0.17981907225363664,False,False
7.293650463571473,0.0861252049426304,0.5118312933555038,39.71699466609776,0.5886854669717142,10.417608806048566,1.9659772404273674,15.70231808008417,4.30681910966783,12.624973944279542,40.72434850703687,20.39476232529814,0.2833922341003332,5.693496377058868,0.2698894224742457,False,False
7.233154144330261,0.08563407128342507,0.5619319298866291,38.06406881453805,0.6180024802760996,10.449032407399589,2.1980944252250594,17.619251251676573,2.436564706406596,12.624973944279542,40.01223930081677,21.150263113407675,0.2833922341003332,5.693496377058868,0.17981907225363664,False,False
7.325809355867525,0.08458211204548598,0.3980808909129637,40.83190461246927,0.48455611781854385,10.240413273810466,2.3104112549564393,18.304263547014546,2.3216201692194227,9.599486427655155,43.36572156900629,20.10506100771495,0.2833922341003332,5.693496377058868,0.32695866823043374,False,False
7.265294351235894,0.11507397796109205,0.0,70.36325263039534,0.17601149662898324,9.712090572450197,1.9183355546341947,16.395457905120224,3.3405300434503786,11.910709618142484,37.77221053366778,20.10506100771495,5.760947290055257,3.0118604814913303,1.7032231203575936,False,True
7.0945392866447365,0.1078088236360511,0.06679629942220203,51.8886791239461,0.2925093372588074,9.5332096212292,1.437949913121243,17.619251251676573,4.420000627387213,10.919179994031483,41.4982600027041,15.521979358132489,4.0530365077374215,5.64133359010028,0.32695866823043374,False,False
7.13724901707403,0.09749825799438838,0.37193322376352117,45.558847526275834,0.5242862688381632,10.152915187324622,1.594452820117673,19.143115733499794,4.322694389416443,10.919179994031483,38.411857158709125,19.034786629508357,2.013753758710223,5.827653667894138,0.32695866823043374,False,False
7.218637824840983,0.0868493084650698,0.5257701932520484,38.97591858045237,0.5928374130308256,10.375269671334957,2.241114236859299,17.619251251676573,2.256863088856377,12.624973944279542,40.099464859225385,20.993602354277275,0.5216164395038754,5.693496377058868,0.19073168512210362,False,False
7.261805160240406,0.10206088767663862,0.22139972886061418,43.56558520123753,0.3370875744609808,9.897793664541547,1.740458338858788,17.619251251676573,2.277558049562589,10.37973387620442,42.75611303484193,20.10506100771495,5.064100433779432,1.5282929237458613,0.2698894224742457,False,False
7.332598261856247,0.10131891699730458,0.0,67.72230088840371,0.18009616603311301,9.722776708634795,2.0067621859576454,16.395457905120224,2.3216201692194227,10.072978023588009,39.91060408385753,21.573253596877414,2.9179388760310006,5.104924224948809,1.7032231203575936,False,True
7.631420201251049,0.09491154874667068,0.13300089417316863,64.36450499680758,0.4170527012875338,10.771117824045591,1.2465672890809878,17.619251251676573,2.3216201692194227,12.26650240291223,41.90357488067829,18.48764451118886,1.1851812512289528,4.191410997916028,2.024814535179636,False,False
7.11125654063976,0.09670968492762087,0.35094382358771237,45.45567788050498,0.5006732226399886,10.11375135679155,2.2534041778520257,20.940427575915823,1.5544065753457632,10.919179994031483,39.17532768647047,19.242292073401668,2.013753758710223,5.827653667894138,0.32695866823043374,False,False
7.0932934085050725,0.10832301851386203,0.2682069784959936,47.12370676740858,0.43714009017938243,9.93944069898932,2.1107831945334663,17.229486754111434,4.420000627387213,12.368253470806067,36.89681898295399,20.857500858816035,5.328541835113827,2.5724388025810017,0.32695866823043374,False,False
7.108294899841773,0.09990584616572672,0.01268779344343387,54.789611165968395,0.22155261423118106,9.404229128036103,1.9890544005557393,17.060143271282318,1.290673054667916,10.37973387620442,40.61574969903965,21.120577995068416,3.1641319018614484,5.693496377058868,0.6754938248169686,True,False
7.6120033583166515,0.09791841955157722,0.046884770380085476,59.274249772418834,0.3262001906858311,10.49295818837163,1.9062464151245473,16.395457905120224,2.3216201692194227,10.919179994031483,42.38576859445116,21.573253596877414,3.5654089357109244,1.1360876842317822,1.7032231203575936,False,False
7.400551923238053,0.08588343497239577,0.4658370655433983,39.1462945393624,0.5320342709590067,10.418191813696119,1.7628263869389798,16.395457905120224,4.420000627387213,10.919179994031483,44.069322625332546,18.34063744091985,0.4805877597856303,5.104924224948809,0.2698894224742457,False,False
7.099927396210375,0.09583154540179831,0.3393104383289436,45.76039236508849,0.4927394108894218,9.991233573267717,1.9102336467049492,17.619251251676573,4.456135268287446,10.919179994031483,37.302319063520414,21.53474832764929,2.013753758710223,5.827653667894138,0.32695866823043374,False,False
7.004186865653434,0.10278212111887353,0.08466688792881721,50.820452769835676,0.29615029926152303,9.422447292625662,1.828457272130325,17.619251251676573,2.3216201692194227,10.919179994031483,39.061279588797476,20.35864772443955,3.5654089357109244,5.827653667894138,0.32695866823043374,False,False
7.1184801297734595,0.09940265392543174,0.21507128958775468,46.51913470552198,0.37247228573624214,9.76854157141445,1.2943915502752403,17.619251251676573,2.3216201692194227,10.919179994031483,39.521421655565845,21.53474832764929,3.5654089357109244,4.191410997916028,0.32695866823043374,False,False
7.413292705957662,0.09295655485831894,0.5372346007448525,36.66669693771636,0.5720469593957289,10.653619647476336,1.3457260153505843,16.395457905120224,2.3216201692194227,13.687301420258017,42.558626598057344,20.39476232529814,3.193113612406697,1.179228547165914,0.2698894224742457,False,False
7.22776166618412,0.10664101359031,0.0,68.95527487930514,0.24516276775765405,9.811554491548408,2.0054689813736335,18.54213162397043,2.3216201692194227,10.37973387620442,36.80970445271099,21.573253596877414,3.5654089357109244,5.104924224948809,1.7032231203575936,False,True
7.72526189683893,0.07747284860815842,0.9623816662949716,25.69491383739463,0.8643290046082186,11.73323460257647,2.094412049358482,17.619251251676573,4.090725889160093,12.624973944279542,44.28541051219365,20.39476232529814,0.2833922341003332,0.4315944208174224,0.2698894224742457,False,False
7.411309766685407,0.0844023641918376,0.6536889615483032,36.31200463050198,0.689855170975809,10.882121225391904,1.518126646227511,17.542104468646784,3.557230563767508,12.624973944279542,41.36886811534442,20.10506100771495,0.2833922341003332,4.191410997916028,0.32695866823043374,False,False
7.23349632696271,0.09298484277939874,0.3153788060396547,42.465257691244446,0.4205658425365174,9.9779347610482,1.5200690927537466,15.204166835390973,2.3216201692194227,12.624973944279542,41.50618714556743,21.53474832764929,2.591756664070901,3.9466574913481995,0.2698894224742457,False,False
6.949679899468919,0.10341277681587856,0.15423312558719682,50.36570488708476,0.36306665908585817,9.543331385340174,2.162243887556894,18.826651572976857,2.3216201692194227,10.919179994031483,36.67777866428745,21.53474832764929,3.5654089357109244,5.827653667894138,0.32695866823043374,False,False
7.09897794410989,0.10296030458969997,0.19523624063801637,47.47963247486334,0.3652246655410929,9.742306462108148,2.1623578224769227,20.269869026231994,2.256863088856377,10.37973387620442,42.14891172476694,15.733123318517325,3.193113612406697,5.827653667894138,0.19073168512210362,False,False
7.646807995838238,0.09482468703368645,0.2649487881741164,56.86854584218756,0.5562577294585337,11.052610869304356,1.8978483591062507,16.848465609261538,6.568876907388836,10.919179994031483,39.27593136701593,20.35864772443955,1.7532364749240703,2.5724388025810017,1.7032231203575936,False,False
7.539460594418345,0.0936523073597909,0.013714980756140915,68.15611289335786,0.29120606263256954,10.289141605065861,1.1520051375345917,16.5303002956067,2.277558049562589,10.919179994031483,41.59435438305295,20.10506100771495,0.8185034817819349,5.693496377058868,2.0615464111905193,False,False
7.217193158168945,0.09563322470738972,0.1456011090818118,50.60390486698023,0.3573520646996828,9.870731793827593,1.829076855702151,17.060143271282318,2.256863088856377,10.919179994031483,40.504772509317846,21.120577995068416,2.35804509167778,5.104924224948809,0.6754938248169686,False,False
7.086790549878288,0.11249069674350183,0.0,57.250519784328986,0.22759895381278317,9.453469582830737,1.1434406631633112,17.619251251676573,3.557230563767508,10.919179994031483,39.526064304773975,18.07837801017238,5.438382260782707,4.191410997916028,0.6701026168793426,False,True
6.875558415400864,0.10725980349819618,0.02788109234113495,53.664055482905155,0.10122671447330012,8.71645029775931,2.1086147691472967,14.601462723158493,2.277558049562589,10.919179994031483,39.14439714292971,22.10907359435732,5.064100433779432,5.693496377058868,0.19073168512210362,True,False
7.817749671894361,0.08706208515134704,0.06986423129502461,65.98254851715419,0.35044352195109185,10.833234061115785,1.7720758279002877,16.395457905120224,2.3216201692194227,10.072978023588009,43.987095825338734,20.993602354277275,0.2833922341003332,3.5620294735512643,2.383824014804735,False,False
7.365627248901319,0.08937421316036295,0.6002752885306418,35.549650074183354,0.6226471279540493,10.65677259412234,1.870461437481354,17.619251251676573,4.412928773177405,10.919179994031483,40.690989256096536,21.53474832764929,2.0597319096656066,2.5724388025810017,0.19073168512210362,False,False
7.264344923360477,0.08441360726200228,0.4890748925054213,38.538075874598775,0.5478885948377932,10.279607300078483,2.1462121204986806,15.898505618927091,2.436564706406596,12.73984586463067,41.61811301321513,21.150263113407675,0.2833922341003332,5.693496377058868,0.17981907225363664,True,False
7.2883265487541475,0.087128036951345,0.7061655909929466,37.55623361927983,0.7629369605213179,10.941304858233876,2.136309149181252,17.13290884255896,2.256863088856377,16.285335119676873,38.433261133704164,20.39476232529814,0.2833922341003332,4.88651858757472,0.32695866823043374,False,False
7.219094150569982,0.08684819048088563,0.5175570485961201,39.960014456004885,0.5981869602288501,10.399687755215782,2.1596093596696764,17.619251251676573,2.3216201692194227,12.624973944279542,39.455432747856435,21.53474832764929,0.4805877597856303,5.693496377058868,0.2698894224742457,False,False
7.209860331471462,0.09369088934630486,0.3563365384732166,42.759834027381864,0.4679712835534302,10.07406081235749,1.2627160387135583,17.619251251676573,2.436564706406596,12.26650240291223,42.45238802552355,17.664908883971954,1.6761566673281318,5.693496377058868,0.19073168512210362,False,False
7.517617383094864,0.08654763853580016,0.48828387333540435,35.17927515669676,0.49922171130944015,10.557694346208383,1.6564252487955347,16.395457905120224,2.256863088856377,10.919179994031483,45.75490765071353,20.717213800897973,2.35804509167778,1.328443046228397,0.2698894224742457,False,False
7.225819301862719,0.08648270813328575,0.5236271256956099,38.891071631775375,0.5893681795149223,10.360030198212833,2.0703061115842547,16.395457905120224,2.277558049562589,13.660558077232817,40.31332262075813,20.993602354277275,0.4805877597856303,5.693496377058868,0.18541685620447262,False,False
7.232169545994861,0.10337755733708924,0.48043958051792507,40.44326539701987,0.5659099616257229,10.472089497859725,1.953173376329641,16.848465609261538,2.3216201692194227,15.243002531724045,38.40615168350897,21.150263113407675,5.064100433779432,0.6965070366246743,0.2698894224742457,False,False
7.40565365010448,0.09196700245153318,0.5775578619201225,34.88571607300572,0.5892252225611622,10.658133991488791,2.042043894333701,14.891482883846017,2.256863088856377,15.106579121162127,42.404381565703574,20.993602354277275,3.193113612406697,0.9741583014942903,0.17981907225363664,False,False
7.353640019321712,0.08461563765486751,0.5274590387523658,38.206751365897865,0.583665508634169,10.509832353031626,1.7010872822049423,17.542104468646784,3.557230563767508,10.919179994031483,42.218218084315886,20.10506100771495,0.2833922341003332,5.104924224948809,0.2698894224742457,False,False
7.667517056609892,0.08785167155091644,0.4333997048124894,52.6229038369197,0.6897319535373772,11.460597012189071,1.7086874088648512,17.065287021542588,2.3216201692194227,15.106579121162127,39.177010408474224,21.573253596877414,0.4805877597856303,2.5724388025810017,1.7032231203575936,False,False
7.456686735339743,0.08218964813841508,0.8191129282165668,30.935280946931332,0.7878080504384488,11.216027552314207,1.7196862314311552,19.41461255962548,2.436564706406596,12.624973944279542,41.62533276083385,20.39476232529814,0.2833922341003332,3.0296297843339612,0.19073168512210362,False,False
7.481243583728734,0.10412184701157266,0.0,73.45307468267137,0.2723933849805121,10.268399460488373,1.425171876614386,16.395457905120224,2.436564706406596,12.624973944279542,38.7527619679838,20.39476232529814,2.9179388760310006,4.191410997916028,2.2861292769646657,False,True
7.082201199719595,0.09797894567568603,0.3521312517850308,43.83147825680627,0.4787958886031083,9.994494882610558,1.6338071872391093,20.269869026231994,2.256863088856377,10.37973387620442,38.71180446062942,20.35864772443955,2.7274259135673202,5.104924224948809,0.19073168512210362,False,False
7.192153415726215,0.08794722206871512,0.5830980367633328,39.62893334824291,0.6626178085004939,10.541805403284771,2.0673849077000144,17.619251251676573,2.3216201692194227,14.071068138792018,38.00933855334395,21.53474832764929,0.4805877597856303,5.693496377058868,0.2698894224742457,False,False
7.18737996995036,0.09366006795549313,0.1320938085867313,45.94372984411737,0.27489044991624695,9.523303142403178,1.7728622230312094,15.204166835390973,2.436564706406596,10.37973387620442,43.03360210905151,20.993602354277275,2.591756664070901,5.0906840321240905,0.2698894224742457,False,False
7.193279781151559,0.08793647568498532,0.492081451425857,40.76949449322612,0.5828379326479818,10.330552403433057,2.208789009717831,17.619251251676573,2.3216201692194227,12.624973944279542,39.16495936630561,21.53474832764929,0.6369038505011818,5.827653667894138,0.2698894224742457,False,False
7.2821745669269635,0.08688440845615687,0.4775488153594105,40.34922010720096,0.5615209144472209,10.330126663553722,1.6216343484916802,16.395457905120224,5.036391085423731,10.919179994031483,40.48778365520785,20.717213800897973,0.4805877597856303,5.693496377058868,0.2698894224742457,False,False
7.424456545496379,0.08256719122723843,0.8534105964563863,30.579670078377678,0.8189278702201221,11.304921804924392,2.063086478799744,21.50347898954954,0.844465498618556,12.624973944279542,41.12856553869782,20.39476232529814,0.2833922341003332,3.0296297843339612,0.19073168512210362,False,False
7.156562959700764,0.09326104636892475,0.3986928699958032,43.25281752130716,0.5196777438800021,10.188692217753177,2.0263097540231514,20.269869026231994,2.3216201692194227,9.89281932929523,38.68825486909995,21.53474832764929,1.86080538532487,5.104924224948809,0.32695866823043374,False,False
7.006540125224248,0.10123413820565048,0.1654418626339687,49.41052218380178,0.36128921156843397,9.598378293421913,1.8007977880620003,18.826651572976857,2.436564706406596,10.37973387620442,38.01572154160358,20.993602354277275,3.193113612406697,5.827653667894138,0.32695866823043374,False,False
7.538234921094598,0.10950032864881715,0.029357736584767476,64.77421808350566,0.30770917003177056,10.428233753787596,2.3001160883724547,19.965774357546486,3.3405300434503786,10.37973387620442,43.168175691221705,14.5418482049108,4.328275903727615,2.5724388025810017,1.7032231203575936,False,False
7.089545673671006,0.09666502201040514,0.1446077814852884,47.9794775883653,0.3189298873703224,9.556460722778835,2.2897961319514564,17.619251251676573,2.436564706406596,9.599486427655155,40.13062568659155,21.53474832764929,2.711031341690124,5.64133359010028,0.32695866823043374,False,False
7.042971414381327,0.09878397098702447,0.09237504981528549,48.8861898694502,0.27113087467343844,9.361070409888198,2.174874592298511,16.395457905120224,2.436564706406596,10.37973387620442,40.096995772679655,21.53474832764929,3.193113612406697,5.693496377058868,0.2698894224742457,True,False
7.507900689086062,0.08457314968856246,0.6909054436938251,33.1175946995287,0.6836272747370369,11.004191726909855,1.3909845562573717,17.542104468646784,3.557230563767508,11.910709618142484,42.96690008877665,20.39476232529814,1.1851812512289528,2.1732222616652415,0.2698894224742457,False,False
7.127688429003809,0.09252295648589857,0.5363650432269567,40.63326626333636,0.627617108865337,10.42078860084705,2.1562542124930224,21.509059093999625,2.256863088856377,10.919179994031483,38.00627021115237,20.10506100771495,1.1851812512289528,5.827653667894138,0.19073168512210362,False,False
7.0532939355952795,0.09809818422392508,0.11068166025382414,49.14182878929004,0.2996907612426878,9.454626294110271,2.1784755371000086,16.395457905120224,2.3216201692194227,10.919179994031483,39.717937122595885,21.573253596877414,2.9179388760310006,5.827653667894138,0.32695866823043374,False,False
7.302298551837485,0.08436530795692476,0.4092556935269747,40.75356234981246,0.49522986994109636,10.235942048199382,2.3004349224262457,18.304263547014546,2.3216201692194227,9.599486427655155,42.47718022244397,20.993602354277275,0.2833922341003332,5.693496377058868,0.32695866823043374,False,False
7.395028580000997,0.09776646513756958,0.0,65.74242096559716,0.2625991134223089,10.00836095303011,1.6152059216823178,17.542104468646784,2.3216201692194227,10.072978023588009,40.74742507484758,20.10506100771495,1.8140917585667975,5.693496377058868,1.7032231203575936,False,True
7.3092201579252905,0.09005915249641887,0.5767726568484551,39.91314083398808,0.6599919041876248,10.658208868331643,1.4390127470002727,16.395457905120224,4.420000627387213,14.592932064240898,40.91873849799638,17.22889734593655,0.4805877597856303,5.693496377058868,0.2698894224742457,False,False
7.5202067320855415,0.08055040736211289,0.620971014759868,33.79211197177265,0.6194521878768967,10.812264047530814,2.1450473699495056,17.275208069697214,3.557230563767508,10.37973387620442,44.52413063722049,20.39476232529814,0.2833922341003332,3.3156528712376563,0.2698894224742457,True,False
7.311997288278124,0.09235378929275365,0.38323091627017014,42.480493340040084,0.49236678824034125,10.285696425029471,2.2534146593045445,18.304263547014546,2.3216201692194227,12.26650240291223,44.550932086634944,15.40811474345679,1.1851812512289528,5.693496377058868,0.2698894224742457,False,False
7.225884927277856,0.09609252333361297,0.16012195298841608,45.08419931222383,0.29406595855917295,9.649897658388529,2.0696820410931562,16.848465609261538,2.256863088856377,10.37973387620442,45.05879908589708,17.433056516142354,2.7274259135673202,5.104924224948809,0.19073168512210362,False,False
7.29451250068803,0.08714378455116607,0.6302515565924156,37.21643810119541,0.6780086589038863,10.65296355408842,1.9511708681498805,16.694736817892675,5.116958672113051,12.624973944279542,39.428439171418646,20.35864772443955,0.4805877597856303,5.104924224948809,0.19073168512210362,False,False
7.293244554607399,0.09048289455110109,0.3265284929035231,42.8066866952209,0.43719101981841,10.087651211693718,2.1151288743224743,16.848465609261538,2.3216201692194227,11.910709618142484,44.33758103647213,17.433056516142354,1.1851812512289528,5.693496377058868,0.2698894224742457,False,False
7.218448049116461,0.08567844201213472,0.5700715070037661,38.07293480212416,0.6267159938120328,10.4525950543398,2.1552638068015417,17.619251251676573,2.436564706406596,12.73984586463067,39.48596022891305,21.53474832764929,0.2833922341003332,5.720418314369853,0.17981907225363664,False,False
7.248994784845694,0.0854207414497997,0.4615414043637035,39.30374242937255,0.5297445486881847,10.220934078094293,2.0507759762888447,15.898505618927091,2.3216201692194227,12.73984586463067,41.52494941184854,21.150263113407675,0.4805877597856303,5.693496377058868,0.19073168512210362,True,False
7.101155540590079,0.09756039896451399,0.3202646062899545,44.03762985561387,0.44811236271700283,9.929383629952943,1.647378449902137,19.6377349866888,2.256863088856377,10.37973387620442,39.59752521689722,20.10506100771495,2.7274259135673202,5.104924224948809,0.19073168512210362,False,False
6.832954147686821,0.10948053833691905,0.01653477192340394,54.50461785938588,0.09915846449562427,8.706169131878156,2.3449610149583875,17.229486754111434,1.5151816781988638,9.599486427655155,38.774169624255194,21.53474832764929,5.328541835113827,5.827653667894138,0.19073168512210362,True,False
7.110175909590412,0.09535898363307162,0.1711514774399551,47.42269055270433,0.33900433592475493,9.625313123886253,2.3067961660644136,17.13290884255896,2.256863088856377,10.430932677418097,40.54605996829579,21.120577995068416,2.35804509167778,5.827653667894138,0.32695866823043374,False,False
7.511910190568931,0.08256346116019224,0.5569120608047919,35.143108308541656,0.5711094004800434,10.691756878102245,1.991362402088447,16.464077253872333,3.557230563767508,10.37973387620442,44.11447621768317,21.53474832764929,1.0503362900118518,2.5724388025810017,0.32695866823043374,False,False
7.104181451079259,0.09606148329988866,0.3371914860877831,45.83727301610896,0.4915987662393476,10.013473565808328,2.18667295833863,15.810284850264011,2.256863088856377,14.852378247121411,38.55345999448386,20.35864772443955,2.013753758710223,5.827653667894138,0.32695866823043374,False,False
7.599952846054699,0.07974283649877442,0.7868838614952287,29.9017239055228,0.739087598526771,11.265237585555994,1.924340904275978,17.619251251676573,2.436564706406596,12.624973944279542,44.43331464420938,20.39476232529814,0.4805877597856303,1.740655945869896,0.2698894224742457,False,False
7.115231738004954,0.09399244891450148,0.24634429789038997,46.17385673746269,0.40054823912732274,9.787436295606541,2.3264948365404843,17.34626476968519,2.3216201692194227,10.919179994031483,39.671315375351696,21.573253596877414,2.013753758710223,5.827653667894138,0.32695866823043374,False,False
7.398448071835352,0.08184537314416734,0.40737470867866366,39.055305853517844,0.46906072333395704,10.273585073813992,2.3785104067044545,17.060143271282318,2.256863088856377,9.599486427655155,44.593035368023386,20.993602354277275,0.2833922341003332,4.88651858757472,0.32695866823043374,True,False
7.2397239712713315,0.09140390741551861,0.3798279435247084,41.341863160144996,0.47256152900364334,10.135876980799715,1.5104472547374315,17.619251251676573,2.3216201692194227,10.919179994031483,41.0357724324156,21.53474832764929,2.1081274046173664,4.191410997916028,0.2698894224742457,False,False
7.293887862659752,0.09490499557558324,0.21837794257467896,43.40836841175974,0.3316606807360398,9.848258990248317,2.070577502906258,14.734127006526592,2.3216201692194227,11.570456412355222,43.23671604401142,21.53474832764929,3.5654089357109244,2.7099644362966973,0.32695866823043374,False,False
7.458082014757798,0.0829879285375948,0.7664717930314271,32.859599717771054,0.7596756915416214,11.149094074668366,2.3099375919886844,20.4824727742787,3.557230563767508,10.37973387620442,41.316865932639,20.39476232529814,0.2833922341003332,3.3156528712376563,0.2698894224742457,False,False
7.492639685535678,0.08044290178814154,0.8334776300463709,29.651680332510594,0.7846831778495986,11.208507466295693,2.086343490522639,17.619251251676573,3.557230563767508,12.624973944279542,41.641372734965714,21.53474832764929,0.2833922341003332,2.5724388025810017,0.16659214098003436,False,False
7.517718988738298,0.08082989518194136,0.697732788247901,32.84738146904495,0.6869820425888443,11.039292866269417,2.1833474954974483,18.826651572976857,2.3216201692194227,10.919179994031483,43.19166528317221,21.360897750002962,0.4805877597856303,2.5724388025810017,0.32695866823043374,False,False
7.24861207873867,0.08595659859670839,0.555734393026689,38.17344681900081,0.6130217205411802,10.458331573669723,2.189494826461103,17.619251251676573,2.436564706406596,12.73984586463067,40.6259462312642,20.39476232529814,0.2833922341003332,5.720418314369853,0.17981907225363664,False,False
7.175378624795617,0.09782644881938565,0.1170116289298537,52.468310192152245,0.35374098023970063,9.771736377386185,2.161943048529293,16.395457905120224,4.420000627387213,10.37973387620442,39.226401206001285,20.717213800897973,2.35804509167778,5.827653667894138,0.6754938248169686,False,False
6.890121335728894,0.11108995941870344,0.0,56.03100190112807,0.12814200250608848,8.878054447969074,2.104186645076032,17.619251251676573,2.436564706406596,9.599486427655155,38.8906397261436,20.10506100771495,5.328541835113827,5.693496377058868,0.32695866823043374,False,True
7.1575244610925735,0.10424904533638096,0.12841741207944574,46.216086032844444,0.23451136128067207,9.46885449990898,1.7356774597533682,16.395457905120224,2.3216201692194227,10.37973387620442,42.70641471892405,20.10506100771495,5.328541835113827,2.5724388025810017,0.19073168512210362,False,False
7.045341120989548,0.09883238252747975,0.2877459410381787,45.46500124130992,0.43413222963564835,9.826603395735642,1.8018003664479907,20.269869026231994,2.3216201692194227,9.89281932929523,38.79897649179011,20.10506100771495,2.7274259135673202,5.693496377058868,0.19073168512210362,False,False
7.508384042962936,0.08747338557670749,0.013626979421558251,61.47404124926344,0.29111322122458483,10.197886373263515,2.000889777068956,17.03238931943319,0.1952368419387342,10.37973387620442,43.17777990325757,21.53474832764929,0.2833922341003332,5.693496377058868,1.7032231203575936,True,False
7.1314052915276385,0.09598755224705953,0.2853919960919765,44.09530353739379,0.41214308431897206,9.854826601725335,1.6970247030395929,18.54213162397043,2.277558049562589,10.37973387620442,40.574554325625066,20.33901891337181,2.591756664070901,5.0906840321240905,0.20456251507069473,False,False
7.516777854983614,0.07935218886099579,0.68244929481091,31.17960403401618,0.6471072988036514,10.892231982829335,2.287440189022502,17.619251251676573,2.3216201692194227,10.919179994031483,44.3614420099345,21.53474832764929,0.4805877597856303,2.5724388025810017,0.19073168512210362,True,False
7.564152074287006,0.08325823281541381,0.7434597190614721,29.722687097686176,0.6907254822809372,11.106936361780306,1.453179350769093,17.13290884255896,2.3216201692194227,12.646499404731102,44.17964639330733,21.150263113407675,1.681823355028732,0.6965070366246743,0.19073168512210362,False,False
7.1397851279680005,0.09955130522439416,0.2207277092079304,45.76215101301331,0.367659676402876,9.77557800178043,0.9147641884573433,17.619251251676573,2.436564706406596,10.919179994031483,40.60353236648601,20.39476232529814,3.5654089357109244,4.191410997916028,0.2698894224742457,False,False
7.175889029292072,0.09608404342672464,0.03993142485068588,52.774759804371556,0.27678548441955986,9.592426645253045,1.9638572922072854,16.395457905120224,2.256863088856377,10.37973387620442,40.986174550361675,21.120577995068416,2.35804509167778,5.827653667894138,0.6754938248169686,True,False
7.255313220834174,0.08470393315124684,0.5072541875192982,38.411760891064205,0.5652689115334899,10.322377426608845,2.126575837281814,16.395457905120224,2.3216201692194227,12.73984586463067,41.236105264209165,21.150263113407675,0.2833922341003332,5.693496377058868,0.17981907225363664,True,False
7.255612520116323,0.08775405039762577,0.27583521338813666,42.02510617512533,0.3725791968386686,9.824201171613947,2.2374288518678314,15.503053581275843,2.3216201692194227,10.919179994031483,44.081675934348375,20.10506100771495,1.1851812512289528,5.693496377058868,0.19073168512210362,False,False
7.240026836796843,0.10607480459667239,0.18239244381221134,44.89772200418152,0.3149057209515239,9.799194155004814,1.761993429390596,17.619251251676573,3.557230563767508,10.37973387620442,43.56070161456668,17.19058691188365,5.328541835113827,2.1732222616652415,0.19073168512210362,False,False
7.1885051003047815,0.09381477732554686,0.3373801117094315,44.1196248292261,0.46733690347553714,10.070798876598248,1.7472603553907613,17.619251251676573,2.256863088856377,11.910709618142484,40.4126170646631,20.35864772443955,2.0100283590426726,5.104924224948809,0.32695866823043374,False,False
7.553697057165348,0.08308846661859094,0.58843605639028,34.19476187811941,0.5908619054259331,10.838898402265674,1.8176138620041853,17.619251251676573,2.3216201692194227,10.919179994031483,45.42266744187159,20.10506100771495,1.1851812512289528,2.100080216026596,0.32695866823043374,False,False
7.302733884906879,0.10069952257225427,0.5566084633642279,37.10867460554326,0.5987805459606779,10.663418606723047,2.054069551409278,20.269869026231994,2.256863088856377,11.910709618142484,39.983290328453826,20.35864772443955,4.714002080276416,0.3158864484772478,0.19073168512210362,False,False
6.94322438403995,0.11090584006364208,0.028458288949260092,53.62129538670127,0.2056617543494128,9.096918236228271,2.067363265593999,15.204166835390973,4.237085472461329,11.65227511356224,38.43609990257226,19.78125738630104,5.328541835113827,5.0906840321240905,0.2698894224742457,False,False
7.376218570149961,0.10148992477521403,0.0,67.92337898229398,0.15168838886003422,9.704292160455118,1.3027829237604927,16.149101044796275,2.3216201692194227,10.072978023588009,41.62515353334394,20.10506100771495,2.9179388760310006,5.104924224948809,1.7032231203575936,False,True
7.162440773760425,0.11128524329800518,0.0,74.5852292003593,0.0,8.978733645492458,1.9024429672966754,14.601462723158493,2.3216201692194227,10.072978023588009,39.02261771059092,22.10907359435732,5.064100433779432,5.104924224948809,1.7032231203575936,False,True
7.71383282039089,0.0755560212905579,0.9240727366726511,24.66026919580106,0.8091788089262677,11.547041859796915,2.3154813308192903,17.619251251676573,4.090725889160093,10.919179994031483,44.941288810311164,21.53474832764929,0.2833922341003332,0.4315944208174224,0.17981907225363664,True,False
7.504727305384243,0.08116625479899599,0.7224556056865512,32.79256582696141,0.7122839906944949,11.079255823060269,2.3136905797215475,17.619251251676573,2.3216201692194227,12.624973944279542,42.51942107657811,21.53474832764929,0.4805877597856303,2.5724388025810017,0.32695866823043374,False,False
6.84096351406416,0.11090731514405584,0.0,56.26728847388216,0.13587028832949133,8.83257795792499,2.224208018110159,17.619251251676573,2.3216201692194227,9.599486427655155,37.44173965256117,21.53474832764929,5.328541835113827,5.827653667894138,0.32695866823043374,True,True
7.495327273353448,0.08353986731511352,1.0087451275236572,29.293800620326692,0.964493857092656,11.725621649478958,2.0558031958281795,17.542104468646784,3.557230563767508,16.88738195763974,38.89201676640801,20.39476232529814,0.2833922341003332,2.1732222616652415,0.2698894224742457,False,False
7.376471283523814,0.08654829804288167,0.7178791977768724,35.53471779788758,0.7465066030968146,11.038867865632152,1.511572434817665,18.826651572976857,2.3216201692194227,13.687301420258017,39.90579606874935,20.661244535664267,0.8119000200518018,3.4585275448498476,0.32695866823043374,False,False
7.176768378833012,0.09682497508384913,0.43669793609511176,41.32166727450826,0.5322717634985235,10.261606202184423,1.5909103107147404,20.269869026231994,2.3216201692194227,10.919179994031483,39.82727345983543,19.591536463606694,2.7274259135673202,4.152363288385554,0.19073168512210362,False,False
7.325218542061832,0.09206150446537978,0.3762022077796839,39.77205424009705,0.4463808797923245,10.198474475260157,1.4686918455212623,17.67921181078746,2.3216201692194227,10.072978023588009,42.59266929844144,21.573253596877414,2.9179388760310006,2.5724388025810017,0.2698894224742457,False,False
7.433625697067299,0.09570767915638224,0.0923027301917429,63.6218588357375,0.37411613828712964,10.31408361979665,1.5626843207559318,16.395457905120224,3.3405300434503786,11.910709618142484,39.666340676926545,20.10506100771495,1.1851812512289528,5.693496377058868,1.7032231203575936,False,False
7.474272272522788,0.08195164468143906,0.829937279080603,30.34885881156953,0.7908765593148206,11.203306445391268,2.0226720940077656,17.619251251676573,4.090725889160093,12.624973944279542,40.89745495261423,21.53474832764929,0.4805877597856303,2.5724388025810017,0.17981907225363664,False,False
7.3088759908953875,0.0910191951611662,0.4499770628480751,39.4366131220278,0.5194363671568433,10.33676234581767,1.6540509288079677,17.619251251676573,3.557230563767508,10.37973387620442,41.076529998709695,21.53474832764929,2.2469636882806148,3.3156528712376563,0.2698894224742457,False,False
7.245327406046267,0.0877263455363253,0.28213341646767004,41.85583082669974,0.3768131671149295,9.842573255425622,2.378522653713435,17.619251251676573,2.3216201692194227,8.859537929143722,43.73541901125222,20.39476232529814,1.1851812512289528,5.693496377058868,0.19073168512210362,False,False
7.524253707909121,0.08016234789695503,0.6929535844359737,32.311698310198906,0.6743113701715429,10.943740807553615,1.970817711896938,16.395457905120224,4.420000627387213,10.919179994031483,42.77111285439878,22.17133263422142,0.4805877597856303,2.5724388025810017,0.2698894224742457,False,False
7.5050620994897175,0.08111703941792009,0.7199962162415968,32.80280457979761,0.7098351439254504,11.073948655709902,2.311619101197027,17.619251251676573,2.256863088856377,12.624973944279542,42.58417815694115,21.53474832764929,0.4805877597856303,2.5724388025810017,0.32695866823043374,False,False
7.741356010918289,0.08605894084530766,0.37750015506258766,52.445091297467364,0.628225717261441,11.384952490327258,2.130736003255342,17.13290884255896,2.3216201692194227,13.687301420258017,41.90435308562653,20.39476232529814,0.2833922341003332,2.5724388025810017,1.7032231203575936,False,False
7.057035107251803,0.09950479806662335,0.3956424407434016,43.76310575411554,0.5237265067127248,10.10248246597122,1.9268134867239006,21.509059093999625,2.256863088856377,10.37973387620442,37.63761232394822,20.10506100771495,2.8302548920302155,5.0906840321240905,0.19073168512210362,False,False
7.633533745398221,0.08907781062961698,0.15809012455892538,60.80212940581005,0.4435218393445072,10.791954238753103,1.5294198261227394,17.619251251676573,2.3216201692194227,10.919179994031483,41.39749452169292,21.150263113407675,0.4805877597856303,4.191410997916028,1.920192192270268,False,False
7.178686799538166,0.09534177745088122,0.11683346462370678,47.07425238492522,0.2321001303133184,9.409068010693824,1.7272014793104864,15.204166835390973,2.436564706406596,10.072978023588009,43.59877558586223,20.39476232529814,2.9179388760310006,5.104924224948809,0.2698894224742457,False,False
7.553721118103763,0.09048755503441926,0.01782693260086429,60.8703485201479,0.2955441718287527,10.288199030456163,1.5716262886260692,17.060143271282318,0.9328667143731412,10.218845974961813,43.47869406490923,20.993602354277275,1.1851812512289528,4.427443248609687,1.7032231203575936,False,False
7.030638432805526,0.09718649974792909,0.34844733782163917,44.51884045596914,0.4846980184070034,9.930344336912656,2.0776509883941894,20.269869026231994,2.256863088856377,10.37973387620442,37.59652556894477,21.120577995068416,2.35804509167778,5.827653667894138,0.19073168512210362,False,False
7.6780034539617885,0.09539905328073477,0.13164935619558235,57.077344666152946,0.4156268287211803,10.766146196675896,2.0095454790151317,16.395457905120224,4.5151071682952875,10.072978023588009,41.73135720957927,21.573253596877414,2.9179388760310006,1.090684100151198,1.7032231203575936,False,False
7.562504435899916,0.07967987492505571,0.7140973332321989,31.655932470290864,0.6872793268325998,11.051577362151045,2.1411270164778826,17.542104468646784,3.557230563767508,10.919179994031483,44.13855071350067,20.717213800897973,0.2833922341003332,2.5724388025810017,0.2698894224742457,False,False
7.378434533182881,0.10123982883105286,0.13978143374142238,47.152427533280864,0.30206015013055376,10.01586908289904,2.0025588425757617,17.060143271282318,2.256863088856377,9.599486427655155,42.48564162383166,22.368724332343966,5.408113875398072,0.14553355581548302,0.6754938248169686,False,False
6.9975093411488265,0.09928423002860744,0.2741878515420819,46.20453807705455,0.4303601182390667,9.717201826248653,2.1106646010027035,16.395457905120224,2.3216201692194227,13.494529494258675,37.412971896312285,21.573253596877414,2.9179388760310006,5.693496377058868,0.19073168512210362,False,False
7.493160090548726,0.09206372642978157,0.4603360797848902,38.202410666625624,0.5127889714422085,10.558102587364122,1.7262139847562772,17.060143271282318,4.420000627387213,10.919179994031483,45.846164837653006,16.554137952912953,2.35804509167778,2.5724388025810017,0.2698894224742457,False,False
7.756459356946695,0.08905867197728602,0.23987472753587233,57.799701461422174,0.5298045954851862,11.223076317048225,1.6667644553464147,18.80921779885825,2.256863088856377,10.893090775941324,41.77369945641388,21.120577995068416,0.9851192863702487,2.1732222616652415,1.988209336826257,False,False
7.018453962768845,0.10129739593256708,0.28039716136018134,48.022893215202394,0.4628059609086695,9.87596524167217,1.991955578663983,17.619251251676573,2.256863088856377,13.687301420258017,37.06961202408568,20.39476232529814,2.951754844535911,5.693496377058868,0.32695866823043374,False,False
7.539072356874605,0.0805142750515526,0.8493689078160793,30.04943189062037,0.807112817618992,11.365206655424553,1.9528995661625461,17.542104468646784,2.436564706406596,14.178792818173868,42.248491164986554,20.86754292354638,0.2833922341003332,2.1732222616652415,0.2698894224742457,False,False
7.278162417032248,0.09332739617135274,0.43224798995228486,42.982083078519445,0.551222892247006,10.410439969954226,1.459088405284197,18.16935493172375,2.256863088856377,13.687301420258017,42.57060829066091,16.110235971982693,1.1851812512289528,5.693496377058868,0.32695866823043374,False,False
6.961672620346341,0.11103268309792379,0.0431104777240405,52.53582642727305,0.21117542206852546,9.099124301285837,2.255730767157986,15.204166835390973,5.893147612707653,10.37973387620442,38.68979636828408,19.223197755052862,5.328541835113827,5.0906840321240905,0.19073168512210362,False,False
6.94846830971124,0.11335301674978758,0.02445076381725449,53.91818237074067,0.18287310790510147,9.099314140811643,2.1321365127782097,17.619251251676573,2.3216201692194227,11.910709618142484,41.38611301655708,15.549536047109639,5.328541835113827,5.693496377058868,0.19073168512210362,False,False
7.152397306182426,0.09331376552017616,0.5488706249140911,42.21539639403767,0.6633414607226522,10.533823635651503,2.376328137580806,17.619251251676573,2.3216201692194227,15.566982657960315,37.23361140386907,20.10506100771495,1.1851812512289528,5.64133359010028,0.32695866823043374,False,False
7.446588949692987,0.08861253234178135,0.7332128466567551,31.948839878236516,0.7116174597489864,11.030442629662607,1.9124520885999752,16.395457905120224,2.256863088856377,15.106579121162127,41.57881430602789,21.150263113407675,2.35804509167778,0.9741583014942903,0.17981907225363664,False,False
7.180230857289684,0.08820077934839377,0.5736187955685338,39.97310086349047,0.657518465556383,10.512943518512262,2.155039366307655,17.619251251676573,2.3216201692194227,14.071068138792018,37.87518126250868,21.53474832764929,0.4805877597856303,5.827653667894138,0.2698894224742457,False,False
7.572101651899893,0.10335006564273666,0.0,83.21781047006395,0.16304263989375029,10.184466140777673,1.7201545390554736,17.060143271282318,2.256863088856377,10.37973387620442,39.01535935937885,21.120577995068416,2.35804509167778,4.88651858757472,2.922758729957118,False,True
7.126133504142184,0.10696474832241865,0.1748483552759786,46.62738943019267,0.33157873517004366,9.707194303777275,2.060913785753857,17.542104468646784,3.557230563767508,10.37973387620442,39.46059813042471,20.993602354277275,5.623618922539822,2.1732222616652415,0.2698894224742457,False,False
7.254480474221554,0.08694596490392739,0.4453655027428575,39.84019540296011,0.5203185477316792,10.216258826417679,1.8480965722989575,16.395457905120224,2.436564706406596,12.497532460665429,42.015303914309115,20.10506100771495,0.6658519436027077,5.693496377058868,0.19073168512210362,False,False
7.511451588336843,0.07959869923832372,0.7756337439451801,30.085711029047943,0.7298388674597751,11.105752656895689,2.2442686007650985,17.619251251676573,2.256863088856377,12.624973944279542,43.312998492844855,21.150263113407675,0.2833922341003332,2.5724388025810017,0.17981907225363664,False,False
6.833583065579251,0.10987208704058143,0.012737700997836264,54.785913895753175,0.13568260352523914,8.8023289584218,2.024723063683388,17.229486754111434,2.277558049562589,9.599486427655155,37.51745809118151,22.10907359435732,5.328541835113827,5.693496377058868,0.2448988709592976,True,False
7.024212063842325,0.10260328205913351,0.09029490396902931,50.50328471963753,0.29757109645515584,9.452850117058585,1.6705348344831232,17.619251251676573,2.3216201692194227,10.919179994031483,39.5016590924959,20.052425511576395,3.5654089357109244,5.693496377058868,0.32695866823043374,False,False
7.519982392786843,0.08057777752740326,0.8376387045046962,29.234341816218055,0.7831298336912503,11.278532407212357,2.0670066237034055,18.54213162397043,2.3216201692194227,12.73984586463067,42.50678355824932,21.150263113407675,0.4805877597856303,2.0680362256147533,0.19073168512210362,False,False
7.421901036215701,0.09193314035617581,0.22886438433688744,60.69551723421583,0.5181886834102571,10.678906388361321,2.2041321287572404,17.13290884255896,2.3216201692194227,13.687301420258017,37.509152217962246,21.53474832764929,0.2833922341003332,5.827653667894138,1.7032231203575936,False,False
7.257511885385554,0.0889144751233408,0.27698260360402677,43.66185710758355,0.3970985062835756,9.945593100853678,2.2703501965132613,18.304263547014546,2.3216201692194227,8.963709751849906,43.099709227682915,20.10506100771495,1.1851812512289528,5.693496377058868,0.32695866823043374,False,False
7.363083772052468,0.08325635146779563,0.4650980490780614,38.4453707572405,0.5212728203529049,10.366578832869335,2.2426775719975747,17.542104468646784,2.436564706406596,10.37973387620442,43.602868934745395,20.39476232529814,0.2833922341003332,5.0906840321240905,0.2698894224742457,False,False
7.363177515600268,0.09066766501237317,0.3686858556578771,51.42485849708903,0.6043975941050992,10.753691752540993,2.087315102291173,18.304263547014546,2.3216201692194227,13.687301420258017,38.49400826784842,20.10506100771495,0.2833922341003332,5.693496377058868,1.110856976785439,False,False
7.5105295038598925,0.08373433161580988,0.7440902423216951,33.187687878107475,0.7407354275109003,11.09818777549861,1.9229485211749473,17.619251251676573,6.54829131083685,10.37973387620442,41.53257269109073,20.10506100771495,0.4805877597856303,3.0646126802166074,0.2698894224742457,False,False
7.56632440081948,0.08244464397906917,0.7953858425735769,29.321248199141678,0.7397906898030121,11.231823077570631,1.7123371336631612,17.13290884255896,2.256863088856377,13.687301420258017,43.973022839511536,20.39476232529814,1.1851812512289528,1.179228547165914,0.19073168512210362,False,False
7.018952156228024,0.10622373996398758,0.23552040094251037,49.75837240636633,0.4401757710814076,9.860414105954092,2.1479169260561877,18.826651572976857,2.277558049562589,13.678646884451432,38.19822299586653,17.433056516142354,3.5654089357109244,5.693496377058868,0.32695866823043374,False,False
7.112259280673021,0.10064128152089141,0.07174720781670933,50.414349418416954,0.15771863236143413,9.188611967450205,2.329704862538037,17.060143271282318,2.256863088856377,8.204975032408075,42.895446704226956,20.39476232529814,3.9743323221229807,4.88651858757472,0.32695866823043374,False,False
7.72001757048791,0.0863240570113153,0.1907191151861543,54.69637377268126,0.46323201761402655,10.926497521858924,1.6677250648608368,17.619251251676573,2.256863088856377,10.072978023588009,43.40097150283932,21.53474832764929,0.8395258824518402,2.5724388025810017,1.7032231203575936,False,False
7.332598261856247,0.10131891699730458,0.0,67.72230088840371,0.18009616603311301,9.722776708634795,2.0067621859576454,16.395457905120224,2.3216201692194227,10.072978023588009,39.91060408385753,21.573253596877414,2.9179388760310006,5.104924224948809,1.7032231203575936,False,True
7.2475528074898,0.10330201530328093,0.36829968988028894,42.66295980108284,0.4792128317390183,10.26986835390098,1.691164568518063,17.13290884255896,2.256863088856377,13.687301420258017,40.027861626365734,20.39476232529814,4.994115481266427,1.179228547165914,0.32695866823043374,False,False
7.397320685298462,0.08513896959422171,0.3824164368552873,44.03620544541084,0.5136622590745875,10.458834732366196,2.0281959119450006,17.060143271282318,2.3216201692194227,11.20993311397555,41.94999012945833,21.53474832764929,0.4805877597856303,4.767483403812498,0.6754938248169686,False,False
6.898908150374809,0.1092766379936745,0.017277784657845782,54.449573710549586,0.148548319184037,8.919307530237978,2.1763379562814418,16.848465609261538,2.277558049562589,10.37973387620442,39.071993906360774,20.39476232529814,5.064100433779432,5.693496377058868,0.2698894224742457,False,False
7.207213007702308,0.08935719335971103,0.35512224256132896,42.60629317896262,0.4645036408965332,10.031579177986435,1.9199221085512586,16.395457905120224,2.436564706406596,11.910709618142484,41.11509836529135,20.993602354277275,1.1851812512289528,5.693496377058868,0.2698894224742457,False,False
7.2851148972441395,0.09794732345018756,0.4566907349946346,38.93213673559319,0.5193350915232533,10.371064917334499,1.008529278200436,17.619251251676573,2.436564706406596,12.624973944279542,41.09878581368459,20.39476232529814,3.9743323221229807,1.66059795140947,0.19073168512210362,False,False
7.4829775159359135,0.08199849696503746,0.8291658445991927,30.621991044613214,0.7939523458246681,11.182238198735046,2.313393300406619,16.395457905120224,5.946822929709882,12.1841435657795,40.12074375754434,22.10907359435732,0.4805877597856303,2.5724388025810017,0.19073168512210362,False,False
7.273983705728641,0.08470906198357653,0.3890925809820439,40.68819746644036,0.4730269311824686,10.112943946913871,2.329117496428877,16.395457905120224,2.436564706406596,10.919179994031483,42.27007550747366,21.53474832764929,0.4805877597856303,5.693496377058868,0.2698894224742457,True,False
7.102520699886468,0.10434239341003095,0.12162214609276051,46.71949548333562,0.2766493924104089,9.515881530328956,1.7526742498088317,16.395457905120224,2.277558049562589,10.919179994031483,40.152850948274256,22.10907359435732,5.328541835113827,2.5724388025810017,0.2448988709592976,False,False
7.289521288104736,0.08421132460742363,0.43200634377841174,39.92521520959923,0.5074353939216795,10.233091243998334,2.269249377067557,17.542104468646784,2.436564706406596,10.37973387620442,42.24455580170108,21.150263113407675,0.2833922341003332,5.693496377058868,0.2698894224742457,False,False
7.538231121438448,0.08968728077979987,0.0629069249852961,63.565179057774856,0.34310356379432827,10.382774998992483,1.2857646082133458,17.619251251676573,2.3216201692194227,9.599486427655155,41.62467089479985,20.993602354277275,0.2833922341003332,5.693496377058868,1.8644802912125256,False,False
7.36475858870788,0.08337322659891903,0.5175086615755807,37.769216142804524,0.5669369636397653,10.471302946060634,1.7868420314543478,17.275208069697214,3.557230563767508,10.37973387620442,42.35442489190429,20.993602354277275,0.2833922341003332,4.88651858757472,0.2698894224742457,False,False
7.275118230840036,0.08447047737082455,0.4858275691769396,38.584979269836715,0.5451306154712653,10.2722068545816,2.15102071504752,15.898505618927091,3.3405300434503786,11.910709618142484,41.54328392265953,21.150263113407675,0.2833922341003332,5.693496377058868,0.17981907225363664,False,False
7.644918086224173,0.08769728145487184,0.19921414656814607,56.8379615989109,0.48690768256423506,10.879678212166873,1.6623567699384834,17.13290884255896,2.3216201692194227,11.910709618142484,42.42680321184288,20.10506100771495,0.2833922341003332,4.116281796063375,1.7032231203575936,False,False
7.290842142054815,0.08320531851411436,0.4183791442998742,38.83063176575841,0.47747084081764546,10.132701085183564,2.331676476740485,16.848465609261538,2.256863088856377,10.37973387620442,43.20796662885715,21.150263113407675,0.2833922341003332,5.693496377058868,0.17981907225363664,True,False
7.513115267354147,0.09388455627674926,0.13853469004585178,60.409126987857434,0.4228908559332145,10.564727834656082,1.815588021832979,16.395457905120224,2.436564706406596,12.624973944279542,40.22364547371501,20.993602354277275,1.449519882398991,4.173012613444765,1.7032231203575936,False,False
6.985165777954074,0.10327598219299117,0.07524035905307618,50.15556847476771,0.23410439775242808,9.18651758024956,2.033541329702248,14.601462723158493,2.436564706406596,12.624973944279542,40.083675916553275,20.39476232529814,3.9743323221229807,5.693496377058868,0.19073168512210362,False,False
7.470205556170281,0.0804758793980492,0.7428403557377181,31.27635685227095,0.7121977156700141,11.005905108732952,2.2465857356281314,17.619251251676573,2.256863088856377,12.624973944279542,42.84888200621762,21.150263113407675,0.2833922341003332,3.03655528920824,0.17981907225363664,True,False
7.276883809195877,0.09763925024034091,0.03737212632006625,52.96093713414754,0.25414980116178854,9.683888002399055,2.275909886777843,17.060143271282318,2.256863088856377,10.37973387620442,44.624956132285995,16.817111046982003,2.35804509167778,5.827653667894138,0.6754938248169686,False,False
7.1019611012785,0.10510683803760353,0.10129509818387679,48.22537149142263,0.25758801383359425,9.475681017197708,1.656530927843052,17.275208069697214,2.277558049562589,10.37973387620442,41.02309495174631,20.39476232529814,5.064100433779432,3.3156528712376563,0.2698894224742457,False,False
7.215928975146065,0.09071864210866279,0.2931099688128759,42.52922528070317,0.3979831755576257,9.894275445864258,1.8040069870896214,17.619251251676573,2.256863088856377,9.599486427655155,41.93776961466972,21.53474832764929,1.964014966989115,4.842967451544475,0.2448988709592976,False,False
6.9745672054401755,0.10117198344358104,0.264170267963392,46.72555584752793,0.427211331572529,9.699368265968493,2.310661068440908,17.619251251676573,2.436564706406596,12.624973944279542,37.10251792251041,21.150263113407675,3.193113612406697,5.693496377058868,0.17981907225363664,False,False
7.261404455304149,0.08580174274895183,0.5444214286469095,38.17439768093996,0.6011000842540277,10.44487168401801,2.1116716907700894,17.619251251676573,2.3216201692194227,12.624973944279542,41.172385943696675,20.10506100771495,0.2833922341003332,5.693496377058868,0.17981907225363664,False,False
7.653905576278976,0.08829565068614732,0.28706655109186524,55.67218177043325,0.5787749504331375,11.089313771954853,1.4311382365433503,16.395457905120224,5.087807506071957,11.814039958680443,39.951802216612734,20.993602354277275,0.2833922341003332,3.770674704779438,1.7032231203575936,False,False
7.396356615183217,0.08363455651973682,0.6629506401594747,35.68181831753817,0.6906518191771197,10.793683596317875,2.228470912929354,15.204166835390973,5.668434656330268,12.624973944279542,40.10092070793912,21.65681120156949,0.2833922341003332,4.191410997916028,0.2698894224742457,False,False
7.417931191739282,0.11165063683568953,0.0,85.43377356945729,0.0717766549505599,9.769159087682262,1.8647798220566039,17.275208069697214,2.256863088856377,10.37973387620442,38.08638902340583,20.39476232529814,3.9743323221229807,4.88651858757472,2.746192706840322,False,True
7.333477640826127,0.08801434203201766,0.4631522466093196,39.56015295063008,0.5350955048541508,10.35013230702208,2.2461567710980104,17.60327140616462,4.090725889160093,10.919179994031483,43.81909577454232,17.056054445051863,0.5041997509018499,5.827653667894138,0.17981907225363664,False,False
7.155017507450481,0.09112983176793191,0.491134695485235,40.910913838734544,0.5838530444421841,10.266083851998623,2.095574847313864,17.13290884255896,3.681426600897865,12.646499404731102,38.29520434123115,21.150263113407675,1.1851812512289528,5.717784760822194,0.19073168512210362,False,False
7.027601052345584,0.09618745133585511,0.3317949159693108,45.01837435616809,0.4742435276294082,9.889762134742895,2.363062231886462,19.229719248936494,2.277558049562589,10.720305967524403,36.9381177874318,22.55389712728171,2.34200657124483,5.693496377058868,0.2448988709592976,True,False
7.269301462833782,0.085433304269144,0.5031645742887593,39.60734520323591,0.5779805708910021,10.374825307721835,2.230114331449134,17.619251251676573,4.090725889160093,10.37973387620442,40.12876262167618,21.53474832764929,0.2833922341003332,5.693496377058868,0.2698894224742457,False,False
7.652268344105241,0.08001751025846915,1.0359815774779353,25.445178091522656,0.9384204481443452,11.803873568610367,1.947068158145112,16.395457905120224,5.088646832629968,15.106579121162127,42.18016100541961,19.791785527819805,0.2833922341003332,0.9741583014942903,0.17981907225363664,False,False
7.630963349145896,0.07753388608231779,0.9455191132951172,25.77313557959269,0.847652959508328,11.564958705613716,2.3848506450530444,16.395457905120224,2.256863088856377,15.106579121162127,43.653467163605335,21.150263113407675,0.2833922341003332,0.9741583014942903,0.17981907225363664,True,False
7.257394986433616,0.08893843113298404,0.4551608884773358,41.02827644990434,0.5475720277181073,10.339909702778328,1.6583397977618002,17.060143271282318,2.256863088856377,12.646499404731102,40.487572614688425,21.150263113407675,1.1851812512289528,4.88651858757472,0.32695866823043374,False,False
7.336660936743171,0.08666067839551418,0.36084779345193985,39.61255146379037,0.4279105089644867,10.072915036115521,2.0184653358692883,17.13290884255896,3.681426600897865,8.662584397402455,44.22189144400753,20.10506100771495,1.1851812512289528,4.820214771067176,0.19073168512210362,False,False
7.031220184015979,0.09628241543161191,0.32495139485422886,45.38591232930676,0.47225768581475025,9.893318034626297,2.357720462578045,19.229719248936494,2.277558049562589,10.720305967524403,36.91312723591685,22.55389712728171,2.34200657124483,5.693496377058868,0.2698894224742457,True,False
7.4077990978261505,0.09647029455541146,0.13982690561248884,63.30626608282398,0.42425414335601663,10.422777718071556,1.7200048758157584,17.275208069697214,3.557230563767508,11.910709618142484,38.280188674449235,20.39476232529814,1.1851812512289528,5.693496377058868,1.7032231203575936,False,False
6.857950583921009,0.11298975137894882,0.0,56.54916186249639,0.2195828851158948,9.10205231145323,2.3831908416388106,17.619251251676573,2.277558049562589,11.910709618142484,36.66892124653278,20.10506100771495,5.328541835113827,5.693496377058868,0.39646061419792056,False,True
7.433625697067299,0.09570767915638224,0.0923027301917429,63.6218588357375,0.37411613828712964,10.31408361979665,1.5626843207559318,16.395457905120224,3.3405300434503786,11.910709618142484,39.666340676926545,20.10506100771495,1.1851812512289528,5.693496377058868,1.7032231203575936,False,False
7.527405049139987,0.0882437285200958,0.0340052211685377,61.473443884483515,0.31261226626764815,10.254749829623004,1.2938238783833025,16.395457905120224,1.672041053469487,10.37973387620442,42.8790530794118,20.993602354277275,0.2833922341003332,5.693496377058868,1.7032231203575936,False,False
7.424289870410109,0.08770462592137188,0.6405597751351674,33.65409302715795,0.6381528155436897,10.833707228644442,2.1016871432912128,19.134953565849855,2.256863088856377,10.720305967524403,41.49541722762712,22.55389712728171,2.34200657124483,1.2516575806564048,0.2448988709592976,False,False
7.205685283388189,0.09284424133876636,0.12819447691444377,46.23260159958292,0.22899269187060795,9.414608404015867,2.0826093774826697,14.305888981029138,2.261386486127949,10.37973387620442,44.10705818369198,20.993602354277275,2.591756664070901,5.0906840321240905,0.2698894224742457,False,False
7.591070325021153,0.08923718216038447,0.0070837447797195575,60.046848172263395,0.284210108677445,10.308366780544077,2.3092481350051033,16.395457905120224,0.1952368419387342,10.919179994031483,44.5599700713114,20.993602354277275,1.1851812512289528,4.048148461734344,1.7032231203575936,False,False
7.277976446052172,0.09781061502576188,0.05080642379328817,52.4542089664278,0.28369367461995343,9.771467945565686,2.0598831689830344,17.619251251676573,2.256863088856377,10.37973387620442,44.20000544272701,16.817111046982003,2.35804509167778,5.693496377058868,0.6754938248169686,False,False
7.060836896179524,0.10049934369261253,0.24787421041128407,45.764810635479606,0.3963371106004153,9.738071753204148,1.1867809129649711,17.619251251676573,2.3216201692194227,11.910709618142484,39.247911311218274,20.39476232529814,3.4284950517482824,4.88651858757472,0.19073168512210362,False,False
7.131673356703755,0.09346033435182056,0.57593108373247,41.197855830352694,0.6773995473757448,10.573085723682095,2.2169596870037793,21.509059093999625,2.436564706406596,11.910709618142484,36.89003852297428,20.10506100771495,1.1851812512289528,5.693496377058868,0.2698894224742457,False,False
6.9162311506363,0.10957703131009613,0.005540776111636363,55.3190791919001,0.13990100701438074,8.929150572028272,2.111543613261329,16.848465609261538,2.277558049562589,10.37973387620442,39.35726147432633,20.052425511576395,5.064100433779432,5.693496377058868,0.32695866823043374,False,False
7.1579131041433035,0.0949288295277188,0.10991616199447693,47.586702599866754,0.23695696106226394,9.388668250837064,1.761707489999161,15.204166835390973,2.3216201692194227,10.37973387620442,43.434275647866215,20.10506100771495,2.591756664070901,5.693496377058868,0.2698894224742457,False,False
6.866079099816142,0.10819072301063795,0.032186676016242984,53.34508761377731,0.14156278500970942,8.838009806211584,1.9391893572541523,16.395457905120224,2.0758766605024648,10.37973387620442,38.62734946533507,21.573253596877414,5.064100433779432,5.693496377058868,0.19073168512210362,True,False
7.5013773323004,0.08461780269751452,0.8361985960378522,29.826116154279585,0.7900379207483139,11.331524658655237,1.6916406041368939,21.509059093999625,2.3216201692194227,10.919179994031483,42.150174067011534,20.10506100771495,1.1851812512289528,1.6189927316719297,0.19073168512210362,False,False
7.129503473762782,0.09764461261640951,0.10229010845284268,48.15165876645871,0.2234718595445871,9.335703713088265,1.5754365705317879,15.204166835390973,2.436564706406596,10.37973387620442,42.57645024035368,20.717213800897973,3.3252970861480287,5.0906840321240905,0.2698894224742457,False,False
7.229291961282108,0.08787040457672797,0.576069026870144,38.784295162317605,0.6431737918117845,10.489133788007367,2.1582111094180565,17.13290884255896,4.420000627387213,12.430870142519446,38.90990238090648,20.717213800897973,0.4805877597856303,5.717784760822194,0.19073168512210362,False,False
7.260439412817111,0.09299076764520467,0.2979869952717821,49.43690910631532,0.501500100129539,10.306016747387696,2.091044732102533,17.75052210521582,2.3216201692194227,12.646499404731102,39.51155399175069,20.10506100771495,1.1851812512289528,5.717784760822194,0.7617773093168774,False,False
7.4199905132899415,0.11204485521761785,0.0,85.35368792906348,0.08515489400232168,9.812320673048312,1.8256820353283605,17.619251251676573,2.3216201692194227,10.37973387620442,38.01992557478516,20.052425511576395,3.9743323221229807,4.88651858757472,2.746192706840322,False,True
7.561405506669023,0.07995106087815503,0.7548251041017948,30.27845261977349,0.7106305668995649,11.093666329982147,2.083402417491907,17.619251251676573,4.090725889160093,10.919179994031483,44.230131748481924,20.10506100771495,0.2833922341003332,2.5724388025810017,0.17981907225363664,False,False
7.18267355516711,0.09138486108172093,0.4779896378376046,41.003068805085206,0.5712973786453178,10.271343409634081,2.138712268083596,17.13290884255896,3.681426600897865,12.646499404731102,39.34040644692387,20.10506100771495,1.1851812512289528,5.717784760822194,0.19073168512210362,False,False
7.301495006275361,0.09342760275361994,0.37128230754870395,39.89466832242515,0.442936520414092,10.139347035205944,1.6769354125807607,16.395457905120224,2.3216201692194227,11.910709618142484,43.11639344142947,20.10506100771495,2.9179388760310006,3.042087297220338,0.19073168512210362,False,False
7.491313578359781,0.11093492120205449,0.0,92.17256885229337,0.0563994098785226,9.865638190351874,1.8826582280967032,16.082707761014237,2.3216201692194227,11.604926873142547,37.78286693773853,20.10506100771495,3.193113612406697,5.693496377058868,3.216207261704736,False,True
7.510625111125856,0.08401617809032855,0.9401103235847872,30.656794374743157,0.9114944020348837,11.548065741480796,1.8239937347032036,17.13290884255896,6.8004429284005115,13.687301420258017,38.858864024328795,20.39476232529814,0.2833922341003332,2.5724388025810017,0.2698894224742457,False,False
7.311417555914583,0.08429695630579505,0.6893937670350505,34.88300466542077,0.707173489562511,10.769808654191165,1.5564129217011802,17.619251251676573,3.557230563767508,12.624973944279542,39.602190450492955,21.53474832764929,0.2833922341003332,4.61162108705376,0.16659214098003436,False,False
7.50518068786106,0.10554278031931258,0.01682781704837791,80.21341224618065,0.29449010492087957,10.436895052994513,1.8201878374306122,17.619251251676573,2.436564706406596,12.624973944279542,36.855285244894105,20.39476232529814,2.436451233029999,4.88651858757472,2.746192706840322,False,False
7.8925052811826815,0.0945709306724623,0.0,87.9996219288927,0.20497150766832112,10.766775329538778,1.8548648505936267,17.13290884255896,2.256863088856377,9.599486427655155,41.55448856727532,20.667908894258584,0.2833922341003332,4.842967451544475,3.661984493750791,False,True
7.562729692238859,0.08051715289228595,0.6746657568603937,32.43990726751437,0.6568435235218866,10.95105807353597,2.0393395763636595,16.395457905120224,4.420000627387213,10.919179994031483,44.22523168772223,20.717213800897973,0.4805877597856303,2.5724388025810017,0.2698894224742457,False,False
7.677429830943693,0.07611876293168536,0.9116176890081027,25.258023089829386,0.8045512894117496,11.516753245008669,2.2842543713755443,17.619251251676573,2.3216201692194227,12.646499404731102,45.102647717986585,21.150263113407675,0.2833922341003332,0.6965070366246743,0.17981907225363664,True,False
7.136324375286396,0.09649869890899491,0.17056583968492756,45.006447916389895,0.30397700886641643,9.556902008673847,1.871899117547847,16.395457905120224,2.256863088856377,10.37973387620442,41.93355981718538,20.993602354277275,3.193113612406697,4.667850273695981,0.17981907225363664,False,False
7.672159773506037,0.07655209633067224,0.9300159962071242,25.346690831078902,0.8252242122904945,11.563293842722858,2.372358326904034,17.060143271282318,2.3216201692194227,13.698045360035081,44.67147995461544,21.078080289000624,0.2833922341003332,0.6965070366246743,0.19073168512210362,False,False
7.256548179983613,0.0898137680142832,0.5367249663779371,38.87053607745857,0.6028939565788451,10.450177585236304,1.5853996233345753,17.13290884255896,3.681426600897865,12.646499404731102,40.17167262017134,20.10506100771495,1.1851812512289528,4.88651858757472,0.19073168512210362,False,False
6.906961270444571,0.10892750959471476,0.014563424086402375,54.650659991260696,0.13404447011647003,8.860414318988392,2.141033156797765,15.204166835390973,3.0418849642864,10.919179994031483,39.04231950195592,20.764962471022677,5.064100433779432,5.693496377058868,0.2698894224742457,False,False
7.538104393127327,0.08695090296611202,0.5710128448461131,34.27588144147872,0.5736356331545224,10.808950516334777,1.412679332400466,17.619251251676573,2.3216201692194227,10.919179994031483,44.513207247719414,21.150263113407675,2.453012519090326,0.6965070366246743,0.32695866823043374,False,False
7.349433337069286,0.09389703744600211,0.6966963444243094,36.03147549804899,0.7312329714884795,11.015945722797097,1.5906644331911968,17.619251251676573,2.3216201692194227,15.512158797808418,38.46301344431354,21.573253596877414,2.9179388760310006,1.2658051958431986,0.32695866823043374,False,False
7.179550880801669,0.09082280958398972,0.42867571133239546,42.796809932191806,0.5448156812275504,10.239432595036993,2.1299386292574147,17.619251251676573,2.3216201692194227,12.624973944279542,39.130418011857124,21.150263113407675,1.1851812512289528,5.64133359010028,0.32695866823043374,False,False
7.63029635462375,0.07950616224874936,0.8027514223605481,29.449361301007634,0.7493858228526009,11.300530298668388,1.9293961761224057,17.619251251676573,4.420000627387213,10.919179994031483,44.02846140302802,20.717213800897973,0.4805877597856303,1.5454157407188682,0.2698894224742457,False,False
7.39262818767794,0.08292970884599066,0.5307515079508467,37.336420919392495,0.5747447713728092,10.563318636861371,2.093660663384332,17.619251251676573,2.3216201692194227,10.919179994031483,42.606242831491144,21.53474832764929,0.4805877597856303,4.191410997916028,0.32695866823043374,False,False
7.058112201252634,0.09879516554532582,0.09139164252049156,48.95904301851769,0.258617289211803,9.350762115933922,2.1130847910671924,16.395457905120224,2.277558049562589,10.37973387620442,40.79714840289568,20.993602354277275,3.193113612406697,5.693496377058868,0.2698894224742457,False,False
7.2856716159462,0.09126044384016184,0.25199307290380757,48.358872031058446,0.43762428962234795,10.14663333124966,2.0170243100617937,17.619251251676573,2.3216201692194227,11.122567822377214,41.32949108286564,20.10506100771495,1.1851812512289528,5.64133359010028,0.6754938248169686,False,False
7.214013324938727,0.08820659752202158,0.5689546836963554,38.81244013581712,0.6360689696268239,10.503366747301989,2.201797118845455,18.826651572976857,2.3216201692194227,12.646499404731102,39.649177104503025,20.10506100771495,0.54247429491035,5.717784760822194,0.19073168512210362,False,False
7.099427237619441,0.09781669739999482,0.11237547055038946,47.40451117849399,0.23332232939427833,9.332981540551275,2.0519186478754374,17.619251251676573,2.436564706406596,8.371420606089893,42.51310235933931,20.192737256197127,3.193113612406697,5.483078522761703,0.19073168512210362,False,False
7.324336515548275,0.11209013729753158,0.0,67.75408195830448,0.23604090729826394,9.96305006028041,1.9023866467596107,17.619251251676573,2.3216201692194227,11.910709618142484,38.43915419519415,20.10506100771495,5.328541835113827,2.5724388025810017,1.7032231203575936,False,True
7.519368233700635,0.08553218865618213,0.6486791110806964,32.19506756877421,0.6259408735991892,10.914064207480285,2.03207259239557,18.17020335665567,2.277558049562589,10.720305967524403,43.23454508443913,22.55389712728171,2.34200657124483,0.4315944208174224,0.2698894224742457,False,False
7.283639132729469,0.08603234422341244,0.7085240424720215,35.731450591481014,0.7394385670613178,10.846118124889504,1.9440986048984177,17.13290884255896,2.3216201692194227,15.460011997049474,39.33005415907685,20.39476232529814,0.2833922341003332,4.88651858757472,0.19073168512210362,False,False
6.995945803517629,0.10293833040411769,0.08033538779375944,49.77811663938558,0.2252690244713974,9.199082788850557,1.8971695202861132,16.848465609261538,2.256863088856377,10.37973387620442,40.66064701811231,20.052425511576395,3.928549446676457,5.693496377058868,0.17981907225363664,False,False
7.561945826544838,0.07913425635170472,0.6973437311734858,31.83070991750715,0.672093265493531,10.979731296885918,2.073561595234532,16.223886840785426,4.420000627387213,10.919179994031483,43.776463750991006,21.53474832764929,0.2833922341003332,2.5724388025810017,0.2698894224742457,False,False
7.288819309198673,0.09035701703717441,0.6481680389125681,38.3941998777314,0.7136829400498114,10.842214135568906,1.722356197915836,17.619251251676573,2.3216201692194227,15.414536763722637,38.889173490371874,20.10506100771495,1.1851812512289528,4.138217397835158,0.32695866823043374,False,False
7.4331652275536655,0.08887262423405176,0.4085128033081522,37.9873924454441,0.455053360930744,10.3407536746347,1.6667308694413745,17.060143271282318,2.256863088856377,10.37973387620442,45.141060037899976,20.10506100771495,2.35804509167778,2.42920420388993,0.2698894224742457,False,False
7.423815405315038,0.08385722356287152,0.587584542373571,37.923724769264,0.6430673603855858,10.802945335404106,1.8318050807497666,17.542104468646784,2.436564706406596,12.624973944279542,42.10055566982779,20.39476232529814,0.2833922341003332,4.191410997916028,0.42623565352478465,False,False
7.096016387739715,0.09687993144478618,0.29415343550648154,45.60182503075258,0.44284063073888325,9.905640813771598,1.794946664903499,19.229719248936494,2.277558049562589,10.720305967524403,39.36196335548362,20.10506100771495,2.34200657124483,5.693496377058868,0.2698894224742457,False,False
7.144116351037798,0.09312061294175093,0.4694867968372214,40.17458259412473,0.5505284888620813,10.232729982526838,2.330017820324364,19.229719248936494,2.277558049562589,10.919179994031483,37.98322567457804,22.911627920391254,2.34200657124483,4.145950856133215,0.19073168512210362,False,False
7.5055999374887445,0.08112351855950915,0.6551812304888929,33.57285922441061,0.6524216081620362,10.891459691906562,2.0833409846124886,18.029301750481782,3.557230563767508,10.37973387620442,43.77003695643592,20.39476232529814,0.2833922341003332,3.3156528712376563,0.2698894224742457,False,False
7.418792689269082,0.10391097672068587,0.33491059697889264,40.189270805475275,0.4087597714181176,10.276361855958546,2.137193256450114,17.619251251676573,4.090725889160093,10.919179994031483,45.69063331059242,15.740254226354542,5.328541835113827,0.4315944208174224,0.17981907225363664,False,False
7.003137007504737,0.10335691898211852,0.1367182829685087,50.193124125962036,0.34213079408586555,9.559842872442157,1.5391126634057586,18.826651572976857,2.3216201692194227,10.720305967524403,38.440497301564136,20.10506100771495,3.5654089357109244,5.693496377058868,0.32695866823043374,False,False
7.198996019581124,0.09045130999339328,0.3812063703605645,43.248358924673795,0.5011659923185595,10.142063298539924,1.911401142618681,17.060143271282318,2.256863088856377,12.430870142519446,40.30498501616231,20.717213800897973,1.1851812512289528,5.717784760822194,0.32695866823043374,False,False
7.696639598319732,0.08169325414089884,0.6165295043213213,35.571133805179315,0.6401012733621337,11.209517346390278,1.9141737708303113,17.619251251676573,2.3216201692194227,11.166728086317939,45.184955266707796,21.150263113407675,1.1851812512289528,0.6965070366246743,0.6754938248169686,False,False
7.035912868967736,0.09640554899615188,0.31607786068124333,45.86247413275154,0.46968277811618625,9.897928731166932,2.351288392048672,19.229719248936494,2.277558049562589,10.720305967524403,36.880723666301066,22.55389712728171,2.34200657124483,5.693496377058868,0.3022929920900289,False,False
7.47422916471639,0.08286666333893569,0.7532080842482334,33.151189707111016,0.749834983797048,11.098685313961957,1.4594078889838178,17.275208069697214,4.3596957283539775,12.624973944279542,41.4764254045589,20.39476232529814,0.2833922341003332,3.3156528712376563,0.2698894224742457,False,False
7.463486729882165,0.11536285149731679,0.0,79.70071956468242,0.16179485840624375,10.082145673453796,1.4767788691185664,17.619251251676573,2.3216201692194227,11.910709618142484,38.47247599628563,19.26447321247933,5.328541835113827,2.5724388025810017,2.5104891145017287,False,True
7.222814062235923,0.09452062685107947,0.10703429584885428,47.80019809152222,0.2644622742121479,9.571946216871805,1.6885063516095187,15.57736333233388,2.277558049562589,10.37973387620442,43.581382423791254,20.10506100771495,2.591756664070901,5.0906840321240905,0.39646061419792056,False,False
7.544209193863678,0.08662112708090117,0.5571921711890541,32.47516078021636,0.5334109325257911,10.676884540003519,1.8196701986842068,16.395457905120224,2.436564706406596,11.051626035190926,45.82294980189473,20.993602354277275,2.739686427042471,0.38029369781414946,0.17981907225363664,False,False
7.759392216194411,0.0856918793159837,0.3477724978539984,52.57244835171146,0.598676718479173,11.333084196927093,2.1570386601177076,17.619251251676573,2.3216201692194227,12.624973944279542,42.770039470070586,20.10506100771495,0.2833922341003332,2.5724388025810017,1.7032231203575936,False,False
7.6994002998018285,0.11060398956521489,0.0,92.9612991474774,0.13742237830497533,10.435097102893883,1.9426506962248666,17.275208069697214,2.812294115872108,10.919179994031483,37.71779314653643,20.76308492306903,3.5654089357109244,3.3156528712376563,3.631377943845156,False,True
7.112259280673021,0.10064128152089141,0.07174720781670933,50.414349418416954,0.15771863236143413,9.188611967450205,2.329704862538037,17.060143271282318,2.256863088856377,8.204975032408075,42.895446704226956,20.39476232529814,3.9743323221229807,4.88651858757472,0.32695866823043374,False,False
7.426468645237087,0.08130193309130634,0.5338377974309836,36.23747191832554,0.5623507796391699,10.531364651941555,2.2784333306091957,15.204166835390973,2.436564706406596,12.624973944279542,43.83933874602461,21.150263113407675,0.2833922341003332,4.191410997916028,0.2698894224742457,False,False
7.247778551929587,0.08587992016026881,0.5152219173390149,40.32154090162096,0.6008718601285069,10.43429834801964,2.3360006291427577,16.395457905120224,2.3216201692194227,13.687301420258017,39.71851962913529,21.573253596877414,0.2833922341003332,5.693496377058868,0.32695866823043374,False,False
7.71383282039089,0.0755560212905579,0.9240727366726511,24.66026919580106,0.8091788089262677,11.547041859796915,2.3154813308192903,17.619251251676573,4.090725889160093,10.919179994031483,44.941288810311164,21.53474832764929,0.2833922341003332,0.4315944208174224,0.17981907225363664,True,False
7.072859847388888,0.10894437619523238,0.1863961627401297,48.94746262219029,0.3768016114551261,9.746240519717261,1.4989758011855672,17.619251251676573,4.896917622392187,10.919179994031483,37.586619207292784,20.10506100771495,5.230359377423939,3.3156528712376563,0.32695866823043374,False,False
7.096016387739715,0.09687993144478618,0.29415343550648154,45.60182503075258,0.44284063073888325,9.905640813771598,1.794946664903499,19.229719248936494,2.277558049562589,10.720305967524403,39.36196335548362,20.10506100771495,2.34200657124483,5.693496377058868,0.2698894224742457,False,False
7.458116553214406,0.08033180266693457,0.7512979813029383,31.047927475267887,0.717867469831329,11.002088285075418,2.3103808599200377,17.619251251676573,2.256863088856377,12.624973944279542,42.47762372324961,21.53474832764929,0.2833922341003332,3.03655528920824,0.16659214098003436,True,False
7.772698960590344,0.08514903842811954,0.3154000632468643,52.73597810325165,0.5668526114480956,11.26288851637227,2.1490257172785103,17.619251251676573,2.3216201692194227,11.910709618142484,43.48430379620764,20.10506100771495,0.2833922341003332,2.5724388025810017,1.7032231203575936,False,False
6.85645119732593,0.11107792709552697,0.025141128157942456,53.86703854001125,0.16938436367771526,8.925930757533932,2.074973172781097,17.619251251676573,2.3216201692194227,10.37973387620442,38.361563797889836,20.10506100771495,5.328541835113827,5.693496377058868,0.19073168512210362,False,False
6.8257544914007555,0.11228735857876197,0.032284273132813845,53.33785738748172,0.24281100329832428,9.084257828388367,2.3177073201166376,17.619251251676573,2.436564706406596,11.910709618142484,36.72655613163307,20.10506100771495,5.328541835113827,5.693496377058868,0.17981907225363664,True,False
7.2783301602169255,0.08795613113149704,0.21739874624083924,43.911123597849524,0.3377873169033146,9.776366212452361,2.2781385306018755,15.204166835390973,2.277558049562589,10.720305967524403,44.47636951093667,20.10506100771495,1.220749259721512,5.693496377058868,0.3022929920900289,True,False
7.0739655207715115,0.1058523573222621,0.15108150580433943,47.92411270190614,0.3249712204984149,9.580184021745945,1.4848764922996327,16.61308196703685,4.420000627387213,10.37973387620442,38.378349639116315,21.576275797456674,5.04701579908663,3.3156528712376563,0.2698894224742457,False,False
6.973770606559786,0.10252712341922296,0.24966665166004187,47.404053692936856,0.42157243899766106,9.690712255903776,1.8880672787618626,17.060143271282318,2.277558049562589,13.65174861281955,37.37089021801271,20.39476232529814,3.3606694608437153,5.693496377058868,0.19073168512210362,False,False
7.636918574078529,0.08018488323464426,0.7591731081210378,28.467548594532197,0.6894288009113443,11.158220702600602,1.7030237764696103,17.13290884255896,3.681426600897865,10.73237620137014,45.230605268789624,21.150263113407675,1.1851812512289528,0.6965070366246743,0.19073168512210362,False,False
7.220541739976978,0.10843623448399395,0.0,70.55107594704496,0.21225941744452953,9.724435304109443,1.4884181507792813,18.826651572976857,2.3216201692194227,10.37973387620442,37.84884335549219,19.661022592979723,3.5654089357109244,5.693496377058868,1.7032231203575936,False,True
7.209969422389198,0.09097007485942434,0.4090970603314152,42.93152204062689,0.5260786266143568,10.229655558440507,1.838370086643065,17.45593100391656,2.3216201692194227,12.646499404731102,40.317414904858296,20.10506100771495,1.1851812512289528,5.64133359010028,0.32695866823043374,False,False
6.953504328656164,0.10270052227979116,0.0495094762877167,52.061773409047426,0.16153045533896815,8.967325975782128,1.857290934415124,15.204166835390973,2.277558049562589,10.37973387620442,39.455963075636845,22.55389712728171,4.165295236390347,5.693496377058868,0.2698894224742457,True,False
7.235227644517329,0.09762638120485877,0.35848668769319514,42.53191056439371,0.46699385484339256,10.172002767708495,0.9655277885273081,17.060143271282318,2.256863088856377,12.430870142519446,40.138554219736704,21.53474832764929,3.6794234791444347,2.5724388025810017,0.32695866823043374,False,False
7.310340533943636,0.09027096797597087,0.19296129012742727,48.691503406942246,0.3800827302574027,10.014911858737364,1.7750032699399056,17.060143271282318,2.3216201692194227,10.37973387620442,42.63143300943269,20.10506100771495,1.1851812512289528,5.64133359010028,0.6754938248169686,False,False
7.370555987248906,0.08639241524403893,0.312207649026176,47.318038082728904,0.4863282511784968,10.343048400099201,2.300880238322297,17.619251251676573,4.090725889160093,9.196614878040837,40.849078859205974,21.53474832764929,0.2833922341003332,5.64133359010028,0.7848549700666168,False,False
7.396538733028243,0.09129738708020547,0.2762317626887188,49.80724860068633,0.4838222989108554,10.40360081223453,2.016329532105816,14.60225195663434,3.681426600897865,13.687301420258017,41.00645683849138,20.10506100771495,1.1851812512289528,4.820214771067176,0.9121061537073112,False,False
7.280446202608448,0.08741114721069106,0.30926755028831815,42.05789684987689,0.4083172811169096,9.936409165040466,1.8096948148395593,16.223886840785426,4.420000627387213,8.662584397402455,42.392460721519136,21.53474832764929,1.1851812512289528,5.311248411553276,0.2698894224742457,False,False
6.949679899468919,0.10341277681587856,0.15423312558719682,50.36570488708476,0.36306665908585817,9.543331385340174,2.162243887556894,18.826651572976857,2.3216201692194227,10.919179994031483,36.67777866428745,21.53474832764929,3.5654089357109244,5.827653667894138,0.32695866823043374,False,False
7.150247607280051,0.0948581424062285,0.11026095149792557,47.561159774198664,0.2404370467841307,9.387210445912448,1.7587110466563465,15.204166835390973,2.3216201692194227,10.37973387620442,43.144574330283035,20.39476232529814,2.591756664070901,5.693496377058868,0.2698894224742457,False,False
7.193001901896182,0.09254054381001336,0.4801706605545306,42.73746810569037,0.5982977714073662,10.38092178868762,1.8336274546431224,17.619251251676573,4.094985820455881,12.646499404731102,38.328566218903234,20.10506100771495,1.1851812512289528,5.693496377058868,0.32695866823043374,False,False
7.242879324480872,0.1035570810569634,0.0,68.83617694050984,0.22279770441180902,9.761062976144716,2.38105094859836,16.395457905120224,0.1952368419387342,13.494529494258675,38.60651503095763,20.993602354277275,2.9179388760310006,5.693496377058868,1.7032231203575936,False,True
7.568329127590759,0.07919311974759304,0.6943097162957795,31.85198023418871,0.6691952883337223,10.980945257033062,2.1007552995488203,16.223886840785426,4.420000627387213,10.919179994031483,44.01770717676277,21.293504901877526,0.2833922341003332,2.5724388025810017,0.2698894224742457,False,False
7.470205556170281,0.0804758793980492,0.7428403557377181,31.27635685227095,0.7121977156700141,11.005905108732952,2.2465857356281314,17.619251251676573,2.256863088856377,12.624973944279542,42.84888200621762,21.150263113407675,0.2833922341003332,3.03655528920824,0.17981907225363664,True,False
7.470943352890686,0.0875011400700534,0.35339293003988476,45.43769309623278,0.5030009103622207,10.581559436682111,1.2294797306615368,17.619251251676573,2.3216201692194227,10.835877003473623,42.47555440816019,21.150263113407675,1.1851812512289528,3.5727502958775923,0.8395025069559718,False,False
7.695605453286911,0.08641673681643353,0.3672197377269511,53.223111120566216,0.6284595825195413,11.300347817854824,1.998098173164572,16.395457905120224,3.3405300434503786,13.494529494258675,40.331383420614884,21.573253596877414,0.2833922341003332,2.878230185220492,1.7032231203575936,False,False
7.427096868050366,0.09682626026682602,0.12581130646444738,68.29562889465572,0.4094676862548329,10.471924520663523,1.842006379786699,16.395457905120224,2.3216201692194227,13.687301420258017,37.167587005781705,21.573253596877414,1.0968962196935779,5.693496377058868,2.0643873059907705,False,False
7.368858279441411,0.08901380797476764,0.699173093925457,33.24791236320997,0.6942054870587362,10.892963201343271,2.268402390882775,19.229719248936494,3.1987100176755283,11.122567822377214,39.48379445605158,22.911627920391254,2.34200657124483,1.520842278201,0.19073168512210362,False,False
7.531205093538382,0.10177864850320176,0.012140073191512122,61.83752243710293,0.28954453515188616,10.335600388669436,1.636348861815561,17.060143271282318,1.072981984691076,11.910709618142484,42.17671849633247,20.39476232529814,3.9743323221229807,1.7071288617729332,1.7032231203575936,False,False
6.827334855996367,0.11232882650766214,0.030117865282990753,53.498350028587474,0.24194384664800328,9.085810581588046,2.3195029028626,17.619251251676573,2.436564706406596,11.910709618142484,36.7156435187646,20.10506100771495,5.328541835113827,5.693496377058868,0.19073168512210362,True,False
7.376617899477015,0.08515620936902285,0.24446432984417926,46.65355156805147,0.40539616083103697,10.130052973337571,1.962403332790717,16.395457905120224,2.256863088856377,10.37973387620442,43.67891020204482,20.50249520096272,0.2833922341003332,5.827653667894138,0.6754938248169686,True,False
7.265389291390479,0.08731064064781502,0.46469849967164445,39.583673677598085,0.5370617582477408,10.291656045035824,2.0921690661983385,17.619251251676573,2.3216201692194227,11.910709618142484,42.27199758381224,19.366110637516165,0.6260826774521451,5.693496377058868,0.19073168512210362,False,False
7.26313198463745,0.08576537042893373,0.5413000651901496,38.189277280124514,0.5980189447494745,10.439829383552338,2.1003167728987497,17.619251251676573,2.256863088856377,12.624973944279542,41.28977852019827,20.052425511576395,0.2833922341003332,5.693496377058868,0.17981907225363664,False,False
7.348388098095463,0.08491809583794283,0.40166829645696694,41.03057465489367,0.49117007165305554,10.233215590361645,1.6466957887359643,15.917901222969046,4.35292021760912,10.37973387620442,42.99317189225138,20.052425511576395,0.2833922341003332,5.693496377058868,0.32695866823043374,False,False
7.234927752854919,0.08560454071400618,0.5555537224109233,38.23780713364808,0.6137476620985836,10.443280335010089,2.2361048429774852,17.619251251676573,2.3216201692194227,12.646499404731102,40.09474576468392,21.150263113407675,0.2833922341003332,5.693496377058868,0.19073168512210362,False,False
7.288976029107298,0.11246220272638408,0.0,68.01907738626987,0.24222121542443587,9.918500771506368,2.0256588275174257,18.029301750481782,3.557230563767508,10.37973387620442,36.735837558449305,21.573253596877414,5.448980731280975,2.5724388025810017,1.7032231203575936,False,True
7.44240410010332,0.081915640308504,0.5240602736618158,36.467326887939294,0.5553088346000856,10.538622167974564,2.032152576016932,16.848465609261538,3.3405300434503786,10.37973387620442,44.1864891673049,20.39476232529814,0.2833922341003332,4.29673732190605,0.2698894224742457,False,False
7.328328872250376,0.09561865070184736,0.27874088825660764,41.51395415502603,0.3683654170190833,10.014597750597156,1.7468661134444619,16.848465609261538,2.277558049562589,10.37973387620442,43.9040038295696,20.39476232529814,3.7523646259642303,2.1732222616652415,0.2698894224742457,False,False
7.405160184951274,0.08213613731894938,0.7369021413455639,32.570341330461844,0.7243604081118351,10.957588611844574,1.967425363305009,17.619251251676573,2.256863088856377,13.386217037534326,41.515303902366796,21.150263113407675,0.2833922341003332,3.6088902998042904,0.17981907225363664,False,False
7.4188722856219,0.08176784175605394,0.7522295530457911,32.95549447350097,0.7460157563593833,11.040134086937446,2.3479908766541486,19.229719248936494,3.557230563767508,10.720305967524403,40.069912564677644,22.55389712728171,0.2833922341003332,3.3156528712376563,0.2698894224742457,False,False
7.160300914565259,0.09291769740280927,0.5156618445390385,42.53278276232643,0.6328260662027148,10.454866167035268,2.3728863771020623,17.060143271282318,2.3216201692194227,15.475227763724838,37.83231149154022,20.10506100771495,1.1851812512289528,5.693496377058868,0.32695866823043374,False,False
7.2075442030027705,0.10046791909201891,0.1846509718234633,52.108806196987715,0.4199808251391157,10.04966799345502,1.0068912892808037,17.060143271282318,2.256863088856377,14.101666575780751,40.90302343270966,16.817111046982003,2.35804509167778,5.827653667894138,0.6754938248169686,False,False
6.95306268476441,0.10891877641166542,0.0,60.68825863428952,0.0594355867369874,8.784998403453883,1.948022252186728,14.601462723158493,2.3216201692194227,10.76388688750685,38.82302877706123,22.10907359435732,5.064100433779432,5.64133359010028,0.6754938248169686,False,True
7.228709381683801,0.08671141543629993,0.574426230066581,39.83190440069886,0.6563595436916195,10.574044327575805,2.014872592978205,17.619251251676573,2.3216201692194227,13.687301420258017,38.54688906953753,21.573253596877414,0.2833922341003332,5.64133359010028,0.32695866823043374,False,False
7.23515717278152,0.08851587389761037,0.5022790672346429,38.83587038368993,0.5660598621684532,10.333700691545612,1.6834156308034398,17.060143271282318,2.436564706406596,12.646499404731102,40.455010593115,21.150263113407675,1.1851812512289528,4.88651858757472,0.17981907225363664,False,False
7.888216398816326,0.08521980395746409,0.3378956299768943,53.787207360103864,0.6055558891910984,11.584710520845901,1.5755194096712608,20.01659976923623,2.256863088856377,10.37973387620442,44.09260324645395,19.325003786684878,0.2833922341003332,1.7008870999522678,1.94491689851155,False,False
7.789661055373282,0.08505349950125442,0.302166720210323,52.91256917225773,0.5554062509910703,11.225650342785595,1.7099508352150374,16.395457905120224,3.3405300434503786,11.98988397617168,43.61001291050384,20.10506100771495,0.2833922341003332,2.5724388025810017,1.7032231203575936,False,False
6.969665817057243,0.10542438797748475,0.08836660943790911,51.515414590053375,0.30995038996214463,9.432377846213061,1.8602945973691716,17.619251251676573,2.256863088856377,11.839592463827003,38.18444482051281,20.10506100771495,3.9743323221229807,5.693496377058868,0.32695866823043374,False,False
7.203831823476419,0.09211562174491374,0.45480616657653217,42.90002875816254,0.5738532408933121,10.3222037302935,2.0561409190672375,17.060143271282318,4.094985820455881,12.646499404731102,38.887674199297486,20.10506100771495,1.1851812512289528,5.693496377058868,0.32695866823043374,False,False
7.2026080744355605,0.0968910908686138,0.18632823638535836,45.65425897343279,0.329831752405859,9.768745221916427,1.452699373461903,19.229719248936494,2.256863088856377,8.204975032408075,42.215388904244676,20.39476232529814,3.225381875892586,4.145950856133215,0.32695866823043374,False,False
7.202781015141253,0.0867977209002822,0.6326128432135634,37.74842760100987,0.6880758276415402,10.597240761470665,2.2651455900179847,16.848465609261538,2.256863088856377,15.106579121162127,38.48112138389944,21.150263113407675,0.2833922341003332,5.693496377058868,0.17981907225363664,False,False
6.993757030980871,0.10338867194157658,0.19777657736308124,48.05957770424565,0.3761636650754816,9.576900739389584,1.5786375702370263,17.619251251676573,4.090725889160093,10.919179994031483,37.87969296853202,20.052425511576395,3.5654089357109244,5.693496377058868,0.17981907225363664,False,False
7.782268097790879,0.08626366988868421,0.28346266317461954,53.48312150378443,0.5437986517519734,11.182519928445204,1.226443096191317,17.13290884255896,4.420000627387213,10.37973387620442,43.206045963410226,20.10506100771495,0.4805877597856303,2.5724388025810017,1.7032231203575936,False,False
6.976251997317049,0.10433840500492461,0.08803199719988086,49.79554932211269,0.28510493801805203,9.316267232327199,1.6847442115142188,16.848465609261538,3.832726640922677,10.37973387620442,38.685751164009275,20.39476232529814,3.9743323221229807,5.693496377058868,0.19073168512210362,False,False
7.10476379473109,0.0965863843089355,0.27655702867992593,45.819841568192885,0.4273811740991306,9.853540702854517,1.955937510534671,17.13290884255896,2.277558049562589,12.430870142519446,39.7482095868661,20.10506100771495,2.34200657124483,5.693496377058868,0.2698894224742457,False,False
7.292160195054822,0.10709875781483648,0.0,70.34511601413394,0.062494545023280446,9.399421876396039,2.1754060758010794,17.13290884255896,2.277558049562589,8.662584397402455,41.17427473713529,20.10506100771495,4.165295236390347,4.820214771067176,1.6621029581682252,False,True
7.068714842533426,0.09801092290105393,0.3096108428571198,46.741144606750424,0.47537313610770315,9.948991308944315,2.2057062024905907,17.13290884255896,2.256863088856377,13.687301420258017,38.01550689522615,20.39476232529814,2.35804509167778,5.827653667894138,0.32695866823043374,False,False
7.112019019075863,0.10667200156016272,0.3062712600741964,43.97634125298872,0.43247657735811323,9.993820786287255,1.896081188961587,20.576346702636727,2.3216201692194227,10.37973387620442,38.92474246232331,20.10506100771495,5.328541835113827,2.1732222616652415,0.19073168512210362,False,False
6.879212648716524,0.10851939237085037,0.003711696577056637,55.454581749888504,0.13218316691194382,8.830046597795887,2.193314600026487,14.601462723158493,2.277558049562589,11.874489660144404,38.117987504350715,22.043946583715073,5.064100433779432,5.693496377058868,0.32695866823043374,True,False
7.100473147430999,0.09925040677035082,0.06790888719327694,50.69870133041527,0.10729310707830941,9.046477746260866,2.0029021704347203,15.309171485627765,0.1952368419387342,10.37973387620442,43.93444586402367,20.993602354277275,3.9743323221229807,4.88651858757472,0.32695866823043374,False,False
7.429505223212313,0.0889114394966007,0.618880889157259,33.90085249851202,0.6187956687594529,10.787497552448654,1.3277886762523894,19.229719248936494,2.277558049562589,10.919179994031483,42.81385144952199,20.605766032156094,2.34200657124483,1.6211869694244185,0.19073168512210362,False,False
7.763700975644812,0.08854290990654694,0.33042029892684993,53.502278379462496,0.5936117686964805,11.3628908125079,1.8074882080689096,17.619251251676573,2.436564706406596,12.646499404731102,41.73292711577069,21.150263113407675,1.1851812512289528,1.440022747037162,1.789290409741242,False,False
7.246184606943118,0.10423102725455363,0.07505353789747324,55.44250413120052,0.3518304043205843,9.967597112092381,1.6356226451076443,17.619251251676573,2.3216201692194227,13.494529494258675,42.53038849479741,14.62139601188213,2.9179388760310006,5.693496377058868,0.8013793250759172,False,False
7.356024142413117,0.08605140200144722,0.8229791363753722,34.50078594901578,0.8426629142004938,11.245028034323322,2.2305224434714406,17.060143271282318,2.3216201692194227,17.042572375810316,38.06188141253373,21.150263113407675,0.4805877597856303,3.5559732297304856,0.32695866823043374,False,False
7.304939003118237,0.08791339168825603,0.10662438745371162,49.229671983101646,0.29666130492150705,9.746614476129533,2.253310288531232,14.601462723158493,2.3216201692194227,10.37973387620442,43.08610097091414,22.10907359435732,1.1851812512289528,5.64133359010028,0.6754938248169686,True,False
7.061991942688135,0.09899920218198638,0.3589971033930904,46.53554328721614,0.5245476923362117,10.05556294200185,2.2349592755195307,17.13290884255896,3.557230563767508,13.687301420258017,36.71513942031502,20.39476232529814,2.35804509167778,5.827653667894138,0.32695866823043374,False,False
7.298920542866425,0.1006040396763726,0.3206241068599543,39.84391482330569,0.38876934298298893,10.071667546785282,1.9579085948937485,17.619251251676573,2.3216201692194227,10.37973387620442,42.50833303080747,21.33076413721882,5.328541835113827,0.3319366275058333,0.17981907225363664,False,False
7.365600735203424,0.0870647348158342,0.7126711091241893,35.793972193925796,0.7447040865125821,10.991830723503405,1.2516056575275465,17.619251251676573,3.557230563767508,13.687301420258017,38.92351519191796,21.573253596877414,0.9968364360344324,3.3156528712376563,0.32695866823043374,False,False
7.003520653672627,0.09945591452794374,0.2784658121229757,45.972587994716214,0.43157018781551354,9.740247830968425,2.2451663554007166,17.619251251676573,2.3216201692194227,12.415397661215298,37.70221347913752,21.150263113407675,2.9179388760310006,5.693496377058868,0.17981907225363664,False,False
7.057182930836856,0.09800794702475116,0.10844926255407969,47.69537399590381,0.2281281999687642,9.2981643965691,2.113877391084924,17.619251251676573,0.16613530911758995,10.37973387620442,42.716024989705815,20.052425511576395,3.193113612406697,5.693496377058868,0.17981907225363664,False,False
7.512102861639205,0.08094626373452384,0.8464925890907324,28.903165464614915,0.7877544313263621,11.272543048763177,2.0920655148470573,20.484975859743933,3.3405300434503786,10.37973387620442,42.70737014433936,20.10506100771495,0.2833922341003332,2.5724388025810017,0.12649803186562567,False,False
7.218861925109768,0.08541254843580028,0.5267428511017139,39.73451235605295,0.6046666281334864,10.428312623280839,2.3371976670036596,19.229719248936494,2.277558049562589,10.720305967524403,38.93933800344556,22.55389712728171,0.2833922341003332,5.693496377058868,0.3022929920900289,True,False
6.876179589019679,0.11159558963133863,0.0,55.87053931223247,0.1585592628719405,8.945314463934375,2.076285448018702,17.619251251676573,2.3216201692194227,10.37973387620442,38.22533681478151,20.10506100771495,5.328541835113827,5.693496377058868,0.32695866823043374,False,True
7.408296834156151,0.08541535469882688,0.8860121691518755,33.210844911334654,0.8907928374019594,11.42773991616866,2.1756248921890715,17.060143271282318,3.082149428673236,17.185780076608957,38.35116112456893,20.39476232529814,0.2833922341003332,3.3156528712376563,0.32695866823043374,False,False
7.347802100341216,0.0925410232759387,0.3689832744626681,41.457670275952836,0.4627696011524528,10.255657045363671,1.7256155608303907,17.060143271282318,2.256863088856377,12.430870142519446,44.832866013429076,16.867667391248236,1.9218417116873245,4.35985895850298,0.2698894224742457,False,False
7.679292229948616,0.08190613624300319,0.5813960352182509,40.44646176569664,0.6724645405137797,11.298787353584865,2.2319092184779312,17.542104468646784,2.256863088856377,12.646499404731102,43.75494601816655,20.39476232529814,0.2833922341003332,2.1732222616652415,0.9482101985354767,False,False
7.398419126245102,0.08241962458595666,0.398291769923781,39.06792731408583,0.45965796395481173,10.202828210619927,2.3309352398667245,15.204166835390973,3.557230563767508,10.37973387620442,44.77336839961323,20.39476232529814,0.2833922341003332,5.137456343151153,0.2698894224742457,True,False
7.707638588552329,0.0920974581963219,0.08999307691257373,72.22959078260928,0.37167945407760616,10.78151297153844,1.8975226752008432,17.060143271282318,3.557230563767508,10.37973387620442,40.23062631026703,20.993602354277275,0.2833922341003332,4.88651858757472,2.6087528025264017,False,False
7.008108494293017,0.10494255038538836,0.02619906856400923,53.788663800962915,0.1902683371610377,9.148118084007958,1.9793097828056792,15.204166835390973,2.277558049562589,11.910709618142484,40.24725226154187,20.10506100771495,4.165295236390347,5.693496377058868,0.39646061419792056,False,False
7.212272908999142,0.09205750199567765,0.03717963996123209,52.97519698097585,0.1330291358526685,9.245384829164284,1.819517419412679,14.187169836988698,0.29928135492845176,10.37973387620442,43.959686922709466,22.55389712728171,2.34200657124483,5.602730485825457,0.6754938248169686,True,False
7.240850368948342,0.09248893408268459,0.5268027423014052,39.15670562680495,0.5965013232346572,10.476010208828946,2.050673525286782,19.229719248936494,3.557230563767508,10.37973387620442,38.29829062902626,22.607476817108594,2.34200657124483,3.3156528712376563,0.2698894224742457,False,False
6.974642632367428,0.1091177751726305,0.0,60.76016693317523,0.049638430874603456,8.78910242364329,2.1650539471502785,14.601462723158493,2.3216201692194227,10.76388688750685,39.63859746954103,21.293504901877526,5.064100433779432,5.64133359010028,0.6754938248169686,False,True
7.497220688243938,0.08019616158499224,0.6606281107798302,33.61486400490812,0.6587662529121447,10.9363839086673,2.2312211036247707,17.619251251676573,1.1531153549500703,12.624973944279542,43.805490144147136,21.150263113407675,0.2833922341003332,3.03655528920824,0.32695866823043374,True,False
7.247541338678169,0.08649766117717354,0.5547039722143292,40.03869753138518,0.6384974827625391,10.522766064838425,2.0987258765429373,16.395457905120224,3.2641579116621147,13.687301420258017,38.82814467365118,21.573253596877414,0.2833922341003332,5.64133359010028,0.32695866823043374,False,False
7.654537407710644,0.09058322797719495,0.28676129074397705,55.19789346075494,0.5716986065184667,11.112285800031264,1.6657244164287606,16.395457905120224,4.094985820455881,12.646499404731102,39.828960098647826,21.573253596877414,1.1851812512289528,2.5724388025810017,1.7032231203575936,False,False
7.255057163876879,0.08610584389987462,0.5172731405742763,40.24623612791626,0.6019634925947982,10.460548585982673,2.20262732162171,17.619251251676573,2.3216201692194227,12.624973944279542,39.980044242027155,21.150263113407675,0.2833922341003332,5.693496377058868,0.32695866823043374,False,False
6.873957605728434,0.11061560657046732,0.038924022788764126,52.845968956292964,0.23692550007637248,9.103885343734635,1.7505848067166023,17.619251251676573,3.633749760171481,10.37973387620442,37.32275611970616,20.10506100771495,5.055219922345434,5.693496377058868,0.19073168512210362,False,False
7.031525313651758,0.10187905476663658,0.10249777249735165,49.13445209754044,0.29095170890116917,9.413474349717566,2.058653019758758,15.204166835390973,2.3216201692194227,12.624973944279542,39.50353955819112,21.150263113407675,3.8348629249129313,5.0906840321240905,0.2698894224742457,False,False
7.579656658055893,0.08005650565503789,0.7223032362065531,31.757345512541868,0.6973807678612912,11.061032167272858,1.980101398939051,16.223886840785426,5.359647742904941,10.919179994031483,43.68975719096388,20.68180777215869,0.2833922341003332,2.5724388025810017,0.2698894224742457,False,False
7.467470926438015,0.08221599248769157,0.7291303762700667,33.11743395794884,0.7239522894995772,11.049376454284955,2.218796897271017,19.229719248936494,3.557230563767508,10.720305967524403,41.90659589106139,20.717213800897973,0.2833922341003332,3.3156528712376563,0.2698894224742457,False,False
7.279023315266502,0.09013461265720395,0.2590373982495274,46.31157471437194,0.4159006884831847,10.052397029450153,1.9583760133190584,17.619251251676573,2.3216201692194227,10.37973387620442,42.27604485278866,20.052425511576395,1.1851812512289528,5.64133359010028,0.5244094972052975,False,False
7.392787592621415,0.09788713973447451,0.0,66.58983079950745,0.1953539786173044,9.875780893465091,2.0042125509593713,17.619251251676573,0.16613530911758995,10.37973387620442,41.68969251865213,20.993602354277275,2.3060206856380505,5.0906840321240905,1.754879972309873,False,True
7.096016387739715,0.09687993144478618,0.29415343550648154,45.60182503075258,0.44284063073888325,9.905640813771598,1.794946664903499,19.229719248936494,2.277558049562589,10.720305967524403,39.36196335548362,20.10506100771495,2.34200657124483,5.693496377058868,0.2698894224742457,False,False
7.598981445438392,0.08043526420777403,0.623680093870874,33.47195461867108,0.6177509362347869,10.904011056595705,2.257474695528299,16.395457905120224,4.35292021760912,10.37973387620442,45.43947725889277,20.052425511576395,0.4805877597856303,2.5724388025810017,0.32695866823043374,False,False
7.304939003118237,0.08791339168825603,0.10662438745371162,49.229671983101646,0.29666130492150705,9.746614476129533,2.253310288531232,14.601462723158493,2.3216201692194227,10.37973387620442,43.08610097091414,22.10907359435732,1.1851812512289528,5.64133359010028,0.6754938248169686,True,False
7.280574394535442,0.09614913648054961,0.1865489639407989,43.00358679150574,0.2923166521154105,9.73576040589443,1.8875406024060921,15.204166835390973,2.3216201692194227,10.37973387620442,43.421901889026124,22.088091713375242,4.165295236390347,2.1493008579192288,0.2698894224742457,False,False
7.234083201692995,0.08549749805408689,0.5551070968495855,38.09248146742549,0.6112069032818496,10.434304959032183,2.2753102424078833,17.619251251676573,2.256863088856377,12.624973944279542,40.19194091836699,21.150263113407675,0.2833922341003332,5.693496377058868,0.17981907225363664,False,False
7.300125815106711,0.09060545404785642,0.21380651955250896,48.54775703085627,0.40002736897043567,10.063877702681626,1.831553971595289,17.619251251676573,2.202625441306154,10.37973387620442,42.1913197569517,20.10506100771495,1.1851812512289528,5.64133359010028,0.6754938248169686,False,False
6.965931179389788,0.10554377798582504,0.14213907351613836,50.962361352381365,0.3588043615453464,9.554802103407422,2.0521533725539034,17.619251251676573,2.436564706406596,12.624973944279542,37.389397257450035,20.052425511576395,3.8569322833215525,5.693496377058868,0.32695866823043374,False,False
7.540862591654831,0.07941342119969307,0.7440687243558641,30.293727231420537,0.6995001105444614,11.058478261564488,2.2781461444438995,17.13290884255896,2.256863088856377,12.624973944279542,44.554841690072,20.39476232529814,0.2833922341003332,2.5724388025810017,0.17981907225363664,False,False
7.105033932835625,0.0965606825413384,0.2750453260729734,45.79752748229995,0.4254685550955722,9.853497089387728,1.9490262473780635,17.619251251676573,2.277558049562589,11.910709618142484,39.782027702125454,20.10506100771495,2.34200657124483,5.693496377058868,0.2698894224742457,False,False
7.18737996995036,0.09366006795549313,0.1320938085867313,45.94372984411737,0.27489044991624695,9.523303142403178,1.7728622230312094,15.204166835390973,2.436564706406596,10.37973387620442,43.03360210905151,20.993602354277275,2.591756664070901,5.0906840321240905,0.2698894224742457,False,False
7.407359021633686,0.09307869590995296,0.35058425233713053,42.0103274971367,0.4512289711965831,10.366968593385103,1.638517920979483,17.619251251676573,2.3216201692194227,10.37973387620442,42.701370865235745,21.53474832764929,3.193113612406697,1.7342028403447847,0.5159590572630699,False,False
7.196059723768971,0.09104245792671357,0.4583454874135824,42.27212679388143,0.5686453328330309,10.33170154139673,1.9710605504357346,18.243529137443026,2.436564706406596,12.430870142519446,39.177240682874654,20.717213800897973,1.1851812512289528,5.482441610398917,0.32695866823043374,False,False
6.995278777976709,0.10283197462507801,0.021487313442394164,54.137721815949945,0.11977854301197849,8.924277590541205,2.03659573228351,14.601462723158493,2.277558049562589,10.37973387620442,40.376919529070044,22.10907359435732,4.165295236390347,5.693496377058868,0.39646061419792056,True,False
7.036386578761794,0.09964994318414269,0.15290817002184615,47.30621235112321,0.31809889172136974,9.482514795087438,1.8278026816606339,17.619251251676573,2.436564706406596,10.37973387620442,40.103258778695064,20.39476232529814,3.193113612406697,5.693496377058868,0.17981907225363664,False,False
7.100709072691473,0.09700306500932616,0.2852799013334961,46.078386834197346,0.4402657230403192,9.910251510312232,1.7753439076146975,19.229719248936494,2.277558049562589,10.720305967524403,39.32955978586783,20.10506100771495,2.34200657124483,5.693496377058868,0.3022929920900289,False,False
7.095610531877505,0.09984547977694343,0.09933868647030279,48.65222024795574,0.2807514557064066,9.492027539944731,1.7207291798393558,17.619251251676573,2.3216201692194227,9.599486427655155,40.687153605655496,20.993602354277275,3.5654089357109244,4.88651858757472,0.32695866823043374,False,False
7.001576580537484,0.10992180179623653,0.04808359149602014,52.4094826537671,0.28018414342511977,9.44778411427859,1.6971275626559972,17.619251251676573,2.256863088856377,11.910709618142484,38.30454817156468,20.10506100771495,5.328541835113827,4.078564412733184,0.39646061419792056,False,False
7.843576339011339,0.08433571883052089,0.29433971894465755,52.23432034706908,0.5374898883036575,11.20141172792475,1.9754648194026634,15.204166835390973,5.595318902586268,10.37973387620442,43.67333307543364,20.993602354277275,0.4805877597856303,1.97003407596421,1.7032231203575936,False,False
7.2683080879531055,0.08606067870702609,0.4988539944163417,40.40140589821474,0.5847410511880051,10.433119371947432,2.2429427272695004,17.619251251676573,2.256863088856377,12.430870142519446,40.647666052896675,20.717213800897973,0.2833922341003332,5.717784760822194,0.32695866823043374,False,False
7.49383616349712,0.09283995914091209,0.0,68.36557320428217,0.21638973719278676,10.05844233491634,1.8022751295514057,17.13290884255896,0.1952368419387342,10.37973387620442,42.38059639738622,21.150263113407675,1.023634117391612,5.720708478873456,2.0169183322389284,False,True
7.564278397010639,0.08361858830163318,0.6293558721362946,39.9606817710384,0.7161442222330098,11.226358118169033,1.6954706012382426,17.619251251676573,3.557230563767508,12.624973944279542,41.039942796968184,21.150263113407675,0.2833922341003332,2.9203997749852273,0.8045463208149586,False,False
7.234784552440011,0.08943342448729494,0.5545548970197789,38.608285101888,0.6179698424604365,10.4591822774236,1.6846008391625131,17.13290884255896,3.681426600897865,12.646499404731102,39.19277433098616,21.150263113407675,1.1851812512289528,4.820214771067176,0.19073168512210362,False,False
7.513632847160055,0.08133498725879539,0.7049690762539063,33.6036098641274,0.705385702349755,11.019946539134157,1.677590975630333,15.917901222969046,4.35292021760912,12.624973944279542,42.307035310195616,21.150263113407675,0.2833922341003332,3.03655528920824,0.32695866823043374,False,False
7.129143741705776,0.11392388611690779,0.0,79.26361241074298,0.0,8.968074604466405,2.353247698446064,14.601462723158493,2.3216201692194227,10.919179994031483,37.42475034518468,22.043946583715073,5.064100433779432,5.693496377058868,1.9314433738525536,False,True
7.176488996733594,0.09466539574382322,0.2686011048425813,43.42598285904115,0.38489696257998346,9.780054348735241,1.8988472252823645,17.13290884255896,4.646363791275781,8.662584397402455,40.80546207797558,21.150263113407675,2.602383934058734,4.820214771067176,0.17981907225363664,False,False
7.182205570650078,0.09032882293719238,0.40263818287000175,43.07974786590114,0.5213753806284904,10.148066725371061,1.9346741467757216,17.619251251676573,4.094985820455881,10.37973387620442,38.59131916078755,22.10907359435732,1.1851812512289528,5.693496377058868,0.32695866823043374,False,False
7.370287395248482,0.08478204850454928,0.6497817335470683,36.06662279357967,0.6822385862716267,10.778331873919733,1.885830145730024,17.619251251676573,5.044255422419603,10.919179994031483,39.94067682404715,21.53474832764929,0.4805877597856303,4.191410997916028,0.2698894224742457,False,False
7.078512546085201,0.0997311085369648,0.08150643416311597,49.691362741826225,0.2710541482995943,9.431728419735343,1.8894655700886924,17.060143271282318,2.256863088856377,10.37973387620442,41.03726559438449,20.052425511576395,3.193113612406697,5.693496377058868,0.32695866823043374,False,False
7.4831642482076335,0.0887454698492816,0.5348606443464414,33.90876074366401,0.5302669310434113,10.609098341062786,1.4661271301226315,17.13290884255896,2.3216201692194227,10.919179994031483,44.63355760438157,21.150263113407675,2.9552315546541097,0.6965070366246743,0.19073168512210362,False,False
7.216690546013541,0.09310460152250871,0.5719747055091781,41.5554623817967,0.6783182088898007,10.590140447401259,2.1833534530874545,17.275208069697214,6.402111347975567,12.430870142519446,36.65824753722109,20.39476232529814,1.1851812512289528,5.326660657829162,0.32695866823043374,False,False
7.701730459911269,0.0985803927409645,0.11941088330538827,69.99545681682227,0.40271523982202556,10.886596799652771,1.8159098463212702,17.060143271282318,4.420000627387213,10.919179994031483,39.02997781008863,21.293504901877526,2.215938304697937,2.5724388025810017,2.4888162880538927,False,False
7.004037980004239,0.09773985528135734,0.09354533918662647,48.799492052102536,0.25102022403632507,9.298392840158241,2.262735910815421,17.619251251676573,0.16613530911758995,10.37973387620442,40.124483023779895,22.55389712728171,3.193113612406697,5.693496377058868,0.2698894224742457,True,False
7.234573365469157,0.09433533136706447,0.31235595741907196,42.90755706599053,0.4236754801406365,10.018468476665845,1.479717654567271,17.619251251676573,2.3216201692194227,10.919179994031483,41.9818304928964,20.10506100771495,2.591756664070901,4.191410997916028,0.2698894224742457,False,False
7.269095178399733,0.08851300564537745,0.4533341000287594,38.5964753157514,0.5110137196052453,10.246025922071993,1.6209952921935218,17.619251251676573,2.3216201692194227,10.919179994031483,41.60311514954685,21.53474832764929,1.6308550377067195,4.191410997916028,0.17981907225363664,False,False
6.940460340537215,0.10235825494895284,0.06739053888071718,50.73710180505453,0.1686877790827832,8.954509886162988,1.8991199183710572,15.204166835390973,2.277558049562589,10.37973387620442,39.54603342585745,22.55389712728171,4.165295236390347,5.693496377058868,0.17981907225363664,True,False
7.339240838918305,0.08454700128676756,0.3860189796657474,40.97726427032653,0.4739008543738566,10.218193218889244,2.2959160990792955,17.060143271282318,2.277558049562589,10.720305967524403,43.9104820125452,19.72766341969585,0.2833922341003332,5.693496377058868,0.32695866823043374,False,False
7.482347850543678,0.08203583585833472,0.7096393735995813,33.223837821335295,0.7049045688772256,11.01752869332179,2.277779053148635,19.229719248936494,3.557230563767508,10.37973387620442,42.56961945798121,20.39476232529814,0.2833922341003332,3.3156528712376563,0.2698894224742457,False,False
7.233154144330261,0.08563407128342507,0.5619319298866291,38.06406881453805,0.6180024802760996,10.449032407399589,2.1980944252250594,17.619251251676573,2.436564706406596,12.624973944279542,40.01223930081677,21.150263113407675,0.2833922341003332,5.693496377058868,0.17981907225363664,False,False
7.349303274872897,0.09021434926758178,0.5457449250893823,37.51221413299432,0.5930662807183376,10.628130188437455,1.613836066278323,19.229719248936494,2.277558049562589,10.919179994031483,40.99417816969326,21.494111717360873,2.210521025744274,2.5724388025810017,0.3022929920900289,False,False
6.825441028939334,0.1134023195183941,0.0,56.77417070154889,0.14629182430838034,8.882126402794258,2.3073886871180638,17.619251251676573,0.7821602774574582,11.910709618142484,37.89427455244779,20.10506100771495,5.668088247271442,5.693496377058868,0.32695866823043374,True,True
7.198996019581124,0.09045130999339328,0.3812063703605645,43.248358924673795,0.5011659923185595,10.142063298539924,1.911401142618681,17.060143271282318,2.256863088856377,12.430870142519446,40.30498501616231,20.717213800897973,1.1851812512289528,5.717784760822194,0.32695866823043374,False,False
7.183520361617112,0.09050952420042176,0.39642555993700324,43.160809177530986,0.51597544978458,10.161075527176106,2.1135059511212995,17.060143271282318,2.256863088856377,12.646499404731102,39.656306441440954,21.150263113407675,1.1851812512289528,5.717784760822194,0.32695866823043374,False,False
7.205267162410804,0.0893673605806577,0.5378281407185869,39.85959558594084,0.6181429069378974,10.43129774434504,1.9999556967737298,17.060143271282318,3.557230563767508,12.646499404731102,37.84064037165945,22.55389712728171,1.1851812512289528,4.88651858757472,0.2698894224742457,False,False
7.620317377890667,0.09060613632699045,0.15666024576397083,53.87000743541986,0.41553170676345796,10.635663451770984,1.4977419140208799,16.223886840785426,2.886310337103055,10.919179994031483,43.17091497694206,20.993602354277275,1.7898739452168555,2.5724388025810017,1.443792749062851,False,False
7.279053223438299,0.09490182453074571,0.36656542999370517,41.54641016808301,0.4614825115152332,10.168592360346242,1.4803264933651963,17.619251251676573,3.557230563767508,10.37973387620442,41.54152109750171,20.39476232529814,2.9219585918397577,3.3156528712376563,0.2698894224742457,False,False
7.319462653869116,0.08491666676304749,0.42804309500309223,40.60535025666775,0.5129399043204128,10.30408286650498,2.216684357160323,17.619251251676573,2.256863088856377,10.919179994031483,42.84796016528957,20.10506100771495,0.2833922341003332,5.64133359010028,0.32695866823043374,False,False
7.3627579569832395,0.08410306350658062,0.6188553919856061,36.140460006976504,0.6506628045858553,10.724773167329959,1.8595812552083688,17.619251251676573,2.3216201692194227,12.624973944279542,41.34200334124089,21.150263113407675,0.4805877597856303,4.191410997916028,0.2698894224742457,False,False
7.131975734487591,0.09013514509790307,0.44083112704886557,42.00792450266939,0.5464052032041388,10.184442582480589,2.146110768205198,19.229719248936494,2.256863088856377,10.720305967524403,38.06635913287562,22.55389712728171,1.1851812512289528,5.717784760822194,0.2698894224742457,False,False
7.142064217217576,0.09035531856753984,0.4293785870229886,42.77469806680082,0.5452423221306412,10.203095393288491,2.10173184197693,19.229719248936494,2.3216201692194227,10.720305967524403,37.96882119051971,22.55389712728171,1.1851812512289528,5.693496377058868,0.32695866823043374,False,False
7.475996767567347,0.08047216444501709,0.6818871019679762,32.250346362778814,0.6617625239794023,10.855307117588648,1.9586750411318097,17.524592038957806,3.557230563767508,10.720305967524403,43.268744138750975,21.150263113407675,0.2833922341003332,3.3156528712376563,0.17981907225363664,False,False
7.161215205290166,0.09293249915811175,0.33613551694884414,44.53045403335646,0.47187443522592387,10.03591112195549,2.084412665732733,17.619251251676573,2.256863088856377,11.910709618142484,39.917333601950006,20.626648787036846,1.6487386070484078,5.693496377058868,0.32695866823043374,False,False
6.94918375164191,0.10459917992952102,0.11498963267082551,49.6282676473896,0.3111630011828934,9.373031930665858,2.0244066843929738,16.501519033331263,2.277558049562589,12.624973944279542,38.34262626322451,20.39476232529814,3.9743323221229807,5.693496377058868,0.19073168512210362,False,False
7.133161111778334,0.09012893838025937,0.44491470600212535,41.93365596704477,0.5496557279198531,10.194801314379141,2.14480694028899,19.229719248936494,2.256863088856377,10.772540609194113,38.03841287496924,22.55389712728171,1.1851812512289528,5.693496377058868,0.2698894224742457,False,False
6.99443943378008,0.10402346917092288,0.0788272625144586,49.88984214352512,0.24820107864500585,9.282969976621683,1.8751284421745165,17.619251251676573,1.717050079738493,10.919179994031483,40.70923782853436,19.176720461715135,3.9743323221229807,5.693496377058868,0.19073168512210362,False,False
7.574735934642349,0.08030043722495978,0.8155610083787382,30.269672574001625,0.7745819101235059,11.306725422478067,2.0046228793257104,17.542104468646784,3.557230563767508,12.624973944279542,43.15442477976821,20.39476232529814,0.2833922341003332,2.1732222616652415,0.2698894224742457,False,False
7.793659365832257,0.08421392534331877,0.26558220475016303,53.04422237326902,0.5186844477667254,11.13471982966228,1.8606713147498797,17.060143271282318,3.3405300434503786,10.37973387620442,44.059490102326535,20.601048549697417,0.2833922341003332,2.5724388025810017,1.7032231203575936,False,False
7.073075838126751,0.09378610947947322,0.22103754365583383,44.885302247387884,0.35549943272336026,9.582845089934096,2.1485447594224003,16.395457905120224,2.277558049562589,10.720305967524403,39.83745892995373,22.55389712728171,2.34200657124483,5.693496377058868,0.17981907225363664,False,False
7.398448071835352,0.08184537314416734,0.40737470867866366,39.055305853517844,0.46906072333395704,10.273585073813992,2.3785104067044545,17.060143271282318,2.256863088856377,9.599486427655155,44.593035368023386,20.993602354277275,0.2833922341003332,4.88651858757472,0.32695866823043374,True,False
7.254462900619622,0.08619320174813687,0.5216385841663657,40.22806222786501,0.6063102228200038,10.469968866999713,2.1554218126963574,17.619251251676573,2.436564706406596,12.624973944279542,39.86509970483998,21.150263113407675,0.2833922341003332,5.693496377058868,0.32695866823043374,False,False
7.147683827711068,0.10327407934696092,0.09439729602804844,48.736377064959605,0.19806120121152526,9.319542791229162,1.9149744214869113,17.13290884255896,3.681426600897865,8.662584397402455,44.10895889607935,17.237879570481734,4.165295236390347,4.820214771067176,0.19073168512210362,False,False
7.109121765313005,0.09992874799497105,0.3909103988600876,45.41891851973955,0.54231447302759,10.241919452693232,1.858350077216081,22.281882025587016,2.256863088856377,10.720305967524403,38.846319205690754,17.556833771947716,2.34200657124483,5.693496377058868,0.3022929920900289,False,False
6.952134719191159,0.10190019982365615,0.06502511490810195,50.91233803341794,0.1423371999835118,8.891213320030111,2.1364894708243685,14.601462723158493,2.277558049562589,10.37973387620442,40.14873753808993,22.55389712728171,4.165295236390347,5.693496377058868,0.17981907225363664,True,False
7.537796109174084,0.07955550866659021,0.7528715633527268,30.296098865847892,0.7088208799041603,11.071639600827332,2.279334561082316,16.395457905120224,2.3216201692194227,13.494529494258675,44.32712991639205,20.42561240607465,0.2833922341003332,2.5724388025810017,0.17981907225363664,False,False
7.343036998971851,0.0848633717512266,0.4576148229011006,38.94926631299718,0.5205539449305444,10.233893232620238,2.1252789306230424,14.44824983128807,6.503162976465622,10.37973387620442,42.4070846249141,20.10506100771495,0.2833922341003332,5.693496377058868,0.17981907225363664,False,False
7.619941745775513,0.09157446418229961,0.0,59.5947392750836,0.2669067160054586,10.276458773408526,2.1094566816959697,14.630706240373488,2.277558049562589,10.37973387620442,43.63439422917241,22.55389712728171,2.2480485544667856,2.5724388025810017,1.7032231203575936,False,True
7.634273604096754,0.07818425121264365,0.9188254802288971,27.755824801019124,0.8477264633254276,11.623961461036522,1.9438027520685124,17.619251251676573,1.1531153549500703,15.106579121162127,43.38628195497849,21.150263113407675,0.2833922341003332,0.9741583014942903,0.32695866823043374,False,False
7.800268857254379,0.09473801341094175,0.0405673387267148,73.86865864854208,0.31953530029152505,10.907461530536281,2.135118204405434,18.611694624174007,0.16613530911758995,10.919179994031483,41.960743050911596,21.293504901877526,1.618207220513261,2.5724388025810017,2.8580960967935307,False,False
7.152515444399028,0.09680479298195654,0.10138730909048801,48.218540288358994,0.23036626862885629,9.391518086613804,1.6630014965570226,15.204166835390973,2.256863088856377,10.37973387620442,42.550455825936005,21.150263113407675,3.245040004399399,4.88651858757472,0.32695866823043374,False,False
7.1579131041433035,0.0949288295277188,0.10991616199447693,47.586702599866754,0.23695696106226394,9.388668250837064,1.761707489999161,15.204166835390973,2.3216201692194227,10.37973387620442,43.434275647866215,20.10506100771495,2.591756664070901,5.693496377058868,0.2698894224742457,False,False
7.4601163701613284,0.09037645858814954,0.6285852498345345,34.68774198787797,0.6402397868862713,10.88745959264255,1.4479547695777755,17.13290884255896,2.3216201692194227,13.687301420258017,42.71223392653759,20.10506100771495,2.591756664070901,1.179228547165914,0.2698894224742457,False,False
6.856917498473649,0.10999767779792968,0.010192365441710812,54.97447840171004,0.20496341534271573,9.02082227144407,2.2122171616824162,16.395457905120224,2.277558049562589,11.874489660144404,36.79468530922664,21.573253596877414,5.064100433779432,5.693496377058868,0.32695866823043374,True,False
7.1579131041433035,0.0949288295277188,0.10991616199447693,47.586702599866754,0.23695696106226394,9.388668250837064,1.761707489999161,15.204166835390973,2.3216201692194227,10.37973387620442,43.434275647866215,20.10506100771495,2.591756664070901,5.693496377058868,0.2698894224742457,False,False
7.481409872542351,0.08106522944705702,0.7075040252967614,31.87983418470462,0.6835119497627973,10.959879982329849,2.3201652096154923,19.229719248936494,2.436564706406596,10.720305967524403,43.785651526608255,20.10506100771495,0.2833922341003332,3.25948623645533,0.17981907225363664,False,False
7.758872600961555,0.08723988445861877,0.23709427103567382,54.682345106860005,0.5119580261532087,11.055541487085112,1.0949536427784903,16.395457905120224,4.91516339273919,10.37973387620442,43.05315094667464,20.10506100771495,0.6004304710454126,2.847779280143571,1.7032231203575936,False,False
7.3347143789643585,0.08428191618908575,0.401173939777939,40.20783156796697,0.47893192010640406,10.192013366346524,2.060184447834821,16.395457905120224,3.3405300434503786,10.37973387620442,43.53243913387658,20.10506100771495,0.2833922341003332,5.693496377058868,0.2698894224742457,False,False
6.970582047734597,0.1042985977771179,0.005581199872420714,55.3160845036505,0.18216535870673844,9.096587200957064,1.6136169440403965,16.110894588464497,2.277558049562589,10.37973387620442,38.310034689670985,22.55389712728171,4.165295236390347,5.693496377058868,0.509090055366574,True,False
7.432283414305115,0.09161383862184884,0.7686885078414574,32.070107523973654,0.7507712431901746,11.122730415601044,1.428858136947474,17.619251251676573,4.090725889160093,13.494529494258675,39.68197478605671,21.573253596877414,2.9179388760310006,0.4315944208174224,0.19073168512210362,False,False
7.517668707017309,0.08157231106686177,0.8189202892253683,31.474587232719404,0.7952850253011174,11.294925548362695,2.1754047187244123,19.229719248936494,4.581539291438997,10.720305967524403,41.01680656145121,21.293504901877526,0.2833922341003332,2.5724388025810017,0.3022929920900289,False,False
7.246540740834507,0.0861484262180476,0.48827960222530886,42.26395316233479,0.600109424057884,10.483558990916,2.261501620097195,19.229719248936494,2.256863088856377,10.919179994031483,38.62936136681635,22.55389712728171,0.2833922341003332,5.64133359010028,0.4862533498769759,False,False
7.282988657656668,0.08493568522033465,0.4434450220613848,40.76651095650337,0.5314840114086585,10.288629480645623,2.1395076944926044,16.06239902309774,2.256863088856377,12.646499404731102,41.55583970675415,21.150263113407675,0.2833922341003332,5.717784760822194,0.32695866823043374,False,False
7.103425725665885,0.09564492507682106,0.2314033293826201,46.42933488953039,0.388423757168418,9.7488904456899,2.139094157613392,17.619251251676573,2.436564706406596,10.720305967524403,39.73581902059102,21.150263113407675,2.34200657124483,5.693496377058868,0.3022929920900289,False,False
7.212550611678392,0.09089394768842297,0.4036119691249645,42.94828427347013,0.5205305647389262,10.22057393316079,1.8629461466612907,17.619251251676573,2.256863088856377,12.430870142519446,40.48711649581154,20.052425511576395,1.1851812512289528,5.64133359010028,0.32695866823043374,False,False
7.0213549006282205,0.10247713165191183,0.17296800281720853,51.59822608075358,0.4003841704596891,9.743618732087509,2.261567801469623,17.619251251676573,2.436564706406596,12.624973944279542,36.763149847168705,21.150263113407675,3.2032107046354623,5.693496377058868,0.509090055366574,False,False
7.212459652429978,0.08917550686585711,0.325265891337022,43.430396653775766,0.44474116875834857,10.006740561612117,2.322540603009175,17.619251251676573,2.3216201692194227,10.37973387620442,41.1615775317144,21.31218087466693,1.1851812512289528,5.693496377058868,0.32695866823043374,False,False
7.665584503498459,0.07931755428725959,1.0005249239429403,26.599103300279225,0.9174466166916035,11.872775136407801,1.9141896367902005,20.802063524175377,2.3216201692194227,12.601360259960403,42.863037099974406,20.10506100771495,0.2833922341003332,0.6965070366246743,0.32695866823043374,False,False
7.1701349789222295,0.09140108538871267,0.45302572596556023,42.39315467201458,0.564756530889284,10.226329281180192,2.3852707098157717,16.223886840785426,4.420000627387213,12.646499404731102,38.17185296188633,21.293504901877526,1.1851812512289528,5.789184589629206,0.2698894224742457,False,False
7.204813768079691,0.09593444616164794,0.45236752547166004,39.960105691593114,0.5294133126097906,10.268578226629636,1.1216081045563746,17.619251251676573,2.3216201692194227,12.624973944279542,39.47585443457865,21.573253596877414,3.193113612406697,3.001201305839601,0.19073168512210362,False,False
7.269907505644445,0.10007819704065447,0.49925960621636256,39.96043285489779,0.5788891168966392,10.56763510698601,2.0413462313551163,17.619251251676573,1.1531153549500703,15.106579121162127,39.28629209954575,21.150263113407675,4.383382089533076,0.9741583014942903,0.32695866823043374,False,False
7.525311496220208,0.07958346980064133,0.7773563529029044,30.057950335038782,0.7312608825340876,11.09860014494538,1.9874722846380501,17.671431893942987,4.090725889160093,10.919179994031483,42.779165722562766,21.53474832764929,0.2833922341003332,2.5415368662994084,0.17981907225363664,False,False
7.568329127590759,0.07919311974759304,0.6943097162957795,31.85198023418871,0.6691952883337223,10.980945257033062,2.1007552995488203,16.223886840785426,4.420000627387213,10.919179994031483,44.01770717676277,21.293504901877526,0.2833922341003332,2.5724388025810017,0.2698894224742457,False,False
7.495886007411522,0.11283784002165119,0.0,77.97366912795637,0.18482650393052702,10.157651427919951,2.1892944027947485,16.395457905120224,2.8508724440716176,11.910709618142484,37.632806024625346,21.573253596877414,5.328541835113827,1.7821007666906648,2.5262578093584196,False,True
7.15958380231668,0.09291745523046509,0.3369109309325317,44.52501790279773,0.4726150815657406,10.035600865838866,2.1071302406859824,17.619251251676573,2.256863088856377,11.910709618142484,39.855678160775135,20.68830422821172,1.6487386070484078,5.693496377058868,0.32695866823043374,False,False
7.212920809160637,0.10118676452057887,0.2415390447928487,45.213961304038364,0.3818089184705129,9.959447885203401,1.5475064484214074,17.619251251676573,1.1531153549500703,12.624973944279542,42.10279142187415,19.019498113649632,4.11685595613136,3.03655528920824,0.32695866823043374,False,False
7.238748098366495,0.08503801030413849,0.5111561831751201,39.52386490764505,0.5852228833975415,10.359444604443462,2.338914775141175,17.619251251676573,3.557230563767508,10.720305967524403,39.30253705611636,22.55389712728171,0.2833922341003332,5.693496377058868,0.2698894224742457,True,False
7.571698942144833,0.08008902082309632,0.8184919045942567,30.136476118789904,0.7757771677099643,11.313946399806474,2.0613604703947144,17.13290884255896,2.7572140892807373,13.687301420258017,43.35410521768202,20.39476232529814,0.2833922341003332,2.1204264483475512,0.2698894224742457,False,False
7.445369763213467,0.08312434412805571,0.7664499253057656,33.73132206197892,0.7720667352382509,11.152627373576886,1.5322082289354388,18.373936191580036,3.557230563767508,12.624973944279542,40.36759241339682,21.150263113407675,0.2833922341003332,3.3156528712376563,0.32695866823043374,False,False
7.261037348509942,0.09541999373796554,0.5963855919014736,37.77449787282169,0.6502273417432785,10.608047679110674,1.7596539046957718,16.395457905120224,4.998676123326382,13.494529494258675,37.85697351668319,21.573253596877414,2.9179388760310006,2.5724388025810017,0.19073168512210362,False,False
7.026467741948534,0.10430999214712668,0.23161876763382772,47.40465358669388,0.40254046437936014,9.749841036543456,1.723637959067947,17.619251251676573,2.3216201692194227,12.624973944279542,37.55793430743076,21.150263113407675,4.264656793595753,4.191410997916028,0.2698894224742457,False,False
7.520111625069007,0.08090097178321322,0.8353035079767643,29.937135410687784,0.790674617407444,11.216860707388081,2.148895904941523,17.164789553980526,6.266437451084848,10.919179994031483,41.04068929509076,21.573253596877414,0.2833922341003332,2.5724388025810017,0.17981907225363664,False,False
7.070757311972046,0.09566319913355711,0.0703718942567143,50.51623591481706,0.11454579677879989,8.989582153434075,1.6044460797949947,14.601462723158493,0.16613530911758995,10.37973387620442,43.08520230654179,22.55389712728171,3.193113612406697,5.693496377058868,0.32695866823043374,True,False
7.135144950752678,0.09192078825510755,0.2552022695382423,43.76938881691011,0.3756516025848511,9.71985647090813,2.370723160316109,17.619251251676573,2.3216201692194227,9.596565698406014,41.08547047894844,21.573253596877414,1.9196107426911695,5.693496377058868,0.19073168512210362,True,False
7.044223908465869,0.09979905698897858,0.12433441763245795,48.63885129033502,0.30693156604151733,9.479436561335998,1.8685969180030442,17.619251251676573,2.256863088856377,10.37973387620442,39.96100358428597,20.626648787036846,3.193113612406697,5.693496377058868,0.2698894224742457,False,False
7.167350921067773,0.092989079454776,0.33321918058608857,44.550899351024995,0.4690888601677112,10.037077996958663,2.007172211814311,17.619251251676573,2.256863088856377,11.910709618142484,40.149220063688716,20.39476232529814,1.6487386070484078,5.693496377058868,0.32695866823043374,False,False
7.265470375348822,0.10249712015996995,0.40778545877405825,39.67837305085389,0.478367104776436,10.247203403705058,1.6639925802798152,17.619251251676573,4.090725889160093,10.919179994031483,39.89613920929767,21.53474832764929,5.328541835113827,0.4315944208174224,0.17981907225363664,False,False
7.073550048153113,0.09892731326186995,0.30176028492265483,46.220910617288325,0.459682195227937,9.91270010670111,1.590362667249987,19.229719248936494,3.557230563767508,10.37973387620442,38.173112839772614,20.10506100771495,2.591756664070901,5.693496377058868,0.2698894224742457,False,False
7.2057828242652215,0.08694170025403974,0.6046181214876891,39.40230017327961,0.6820940366153634,10.596455538717716,2.1222815311376197,19.229719248936494,4.090725889160093,10.919179994031483,36.92729613734098,22.55389712728171,0.2833922341003332,5.693496377058868,0.3022929920900289,False,False
7.457731921251544,0.09368484983234542,0.06717253788794846,62.615878277823896,0.3476037854066265,10.29502888319504,1.5470383145601592,17.619251251676573,2.3216201692194227,10.37973387620442,40.526217055304926,20.993602354277275,1.1851812512289528,5.27117092173084,1.7032231203575936,False,False
7.420912020269847,0.08935924628465902,0.5341300175900483,34.82154217134136,0.5424949524252766,10.560561338728906,1.3104007818659094,17.671431893942987,2.3216201692194227,10.919179994031483,43.42691082832741,21.31218087466693,2.7546868212642615,1.4141703462938724,0.17981907225363664,False,False
7.207477001057684,0.08972500841539675,0.08410502100849866,49.498853253831065,0.18148677290899567,9.335391959002195,2.0360036067485154,14.601462723158493,0.16613530911758995,10.37973387620442,44.144698258221695,22.55389712728171,1.9514862735906535,5.693496377058868,0.509090055366574,True,False
7.147045108907672,0.09308821864119567,0.11557778534190506,47.16727608973435,0.2463806460398506,9.438262014070261,2.13199675797916,16.395457905120224,0.1952368419387342,10.720305967524403,43.51563566093087,20.835567684092034,2.34200657124483,5.693496377058868,0.3022929920900289,True,False
7.21236789030797,0.08551000842166183,0.5865799842090872,37.810362890100194,0.6403931758928982,10.4917311694608,2.3040321176647756,17.619251251676573,1.7140451397993994,13.580041986596825,39.43396690506506,21.53474832764929,0.2446309399003444,5.693496377058868,0.17981907225363664,False,False
7.581358718280303,0.08070945903248812,0.7244895569774416,32.4009904438585,0.7088534218988878,11.136090929127706,1.9539017563968724,17.619251251676573,4.35292021760912,10.919179994031483,43.8207978240561,20.10506100771495,0.2833922341003332,2.5724388025810017,0.32695866823043374,False,False
7.1966593497097024,0.0940463541540894,0.42889132682184256,41.67730208811701,0.5291003519257895,10.246342710248754,1.5876455897595467,17.619251251676573,2.277558049562589,12.67339684593195,39.47622374778611,21.150263113407675,2.34200657124483,4.191410997916028,0.2698894224742457,False,False
7.514178640964227,0.07930132564640396,0.685921916313547,31.015716401864466,0.6484370064660814,10.890485467407334,2.292668621411156,17.619251251676573,2.3216201692194227,10.919179994031483,44.33384935357484,21.573253596877414,0.4805877597856303,2.5724388025810017,0.17981907225363664,True,False
7.342902078835843,0.08848472133436451,0.5778174920589723,39.644363149074536,0.6572665681485135,10.740050447796486,1.0710533119989503,17.404897441515082,2.277558049562589,15.106579121162127,42.21736723346797,16.876775888714306,0.2833922341003332,5.506471363247158,0.32695866823043374,False,False
7.040848656493015,0.10818968070478423,0.0788383486033539,49.88902085971816,0.25668698799760786,9.449787077799515,2.386348279196145,17.619251251676573,0.7821602774574582,11.910709618142484,39.7683461420518,20.887930505961574,5.668088247271442,3.03655528920824,0.32695866823043374,False,False
7.275105927850885,0.10229799801201406,0.2789762497937012,43.28632742833677,0.3938539209331006,10.07367983398958,1.542978829241584,17.13290884255896,2.256863088856377,11.874489660144404,41.77068843396634,20.39476232529814,5.064100433779432,1.179228547165914,0.32695866823043374,False,False
7.211745097663778,0.09974138978039203,0.3886187387294455,41.296918808677795,0.48119576975373135,10.176354139742834,0.9788107004007407,17.619251251676573,2.436564706406596,12.624973944279542,40.47664628009625,20.10506100771495,3.9743323221229807,2.5724388025810017,0.19073168512210362,False,False
7.334980612066865,0.09995575678688136,0.0,67.42769379532594,0.21570079981726542,9.80746145851389,1.9765017139825947,16.395457905120224,2.277558049562589,10.720305967524403,39.874349654854214,20.993602354277275,2.34200657124483,5.693496377058868,1.7032231203575936,False,True
7.778785664104138,0.08421625311999574,0.28063453269703065,53.020241764624465,0.5342231482070638,11.139221890240805,1.466871185098731,16.223886840785426,3.862718154289827,10.919179994031483,43.14165595197681,21.293504901877526,0.2833922341003332,2.5724388025810017,1.7032231203575936,False,False
6.858991721468304,0.10872977865639256,0.04964412562378831,52.05179826629163,0.2424881928422189,9.104535911306979,2.2015305597997776,17.619251251676573,2.436564706406596,10.919179994031483,37.150222244481306,21.150263113407675,4.851203240683862,5.693496377058868,0.17981907225363664,True,False
7.383560496827163,0.10552140182572917,0.0,73.07019471682324,0.2610697896498452,10.107462787213558,1.8551826098011774,19.229719248936494,2.277558049562589,10.720305967524403,39.12609588096565,18.284942601477923,2.591756664070901,5.693496377058868,2.0761252104031684,False,True
6.980944110710173,0.0978075670000676,0.11828392332141846,47.35131506447293,0.2822126148596815,9.33859184030051,2.324135290310895,17.619251251676573,0.16613530911758995,10.919179994031483,39.67510725617343,22.55389712728171,3.193113612406697,5.693496377058868,0.17981907225363664,True,False
6.988174647242151,0.10592527764232232,0.00823800467090279,55.11926209135835,0.23848922215408358,9.25031384935964,1.8641654410074322,16.110894588464497,4.090725889160093,10.37973387620442,37.516015649705906,21.53474832764929,4.165295236390347,5.693496377058868,0.509090055366574,False,False
7.320220323566717,0.08632121996247939,0.4038154207870849,41.474084210700255,0.49975126479237,10.232298491847503,1.4392896224312701,16.395457905120224,4.35292021760912,10.37973387620442,42.265784188276356,20.10506100771495,0.4805877597856303,5.693496377058868,0.32695866823043374,False,False
7.444945517620335,0.08191868319120088,0.7843917755222036,32.8492178291638,0.7784334255912455,11.196259734543531,2.2787857075262314,17.671431893942987,1.1531153549500703,15.106579121162127,40.94507161026427,21.53474832764929,0.2833922341003332,2.9787027897004936,0.32695866823043374,False,False
7.215624456561278,0.11396573907916943,0.0,65.3040711361798,0.1240257917274567,9.450103587333857,1.9864103396073567,17.619251251676573,2.436564706406596,10.919179994031483,41.82920647126503,16.384979001751145,5.420234710069062,4.191410997916028,1.199172866884077,False,True
7.523463094004864,0.08922306050500342,0.38310809338258583,48.18274404485274,0.5734424144985995,10.89506074807557,1.5892211629154231,17.619251251676573,2.256863088856377,12.624973944279542,40.9352369748477,21.150263113407675,1.2413987196513188,3.03655528920824,1.1354576180725744,False,False
7.975396768544047,0.09317242781598627,0.07527365352517486,82.13436836609111,0.35615046240390036,11.275455006457637,2.1403302460958002,17.619251251676573,2.3216201692194227,10.919179994031483,40.90043063149887,21.150263113407675,0.4805877597856303,3.03655528920824,3.572111791172109,False,False
7.494625220309692,0.09264469614314726,0.20257654155859134,63.46067146512016,0.49045500927915475,10.737194069223765,1.6404268949302963,19.229719248936494,3.557230563767508,10.37973387620442,37.99726204326085,20.944815934350153,0.2833922341003332,5.693496377058868,1.914349722321378,False,False
6.8257544914007555,0.11228735857876197,0.032284273132813845,53.33785738748172,0.24281100329832428,9.084257828388367,2.3177073201166376,17.619251251676573,2.436564706406596,11.910709618142484,36.72655613163307,20.10506100771495,5.328541835113827,5.693496377058868,0.17981907225363664,True,False
7.412669226299843,0.08123855892763507,0.5041756030809478,35.302604920885955,0.5177438135130596,10.377950765692635,2.379017760174903,17.13290884255896,3.681426600897865,8.662584397402455,44.15778754294455,21.53474832764929,0.4805877597856303,4.191410997916028,0.1585455308452265,True,False
7.295336296592068,0.0850002017547488,0.4355518892090353,40.80710811858183,0.5237348965339403,10.286576858098837,2.0910644590617227,16.223886840785426,2.256863088856377,12.430870142519446,42.04303046378782,20.717213800897973,0.2833922341003332,5.717784760822194,0.32695866823043374,False,False
7.056581993458228,0.09326265540026323,0.20538059482418503,44.81778980818163,0.33801991354595196,9.557872089617698,2.2044295999669417,17.619251251676573,0.16613530911758995,10.919179994031483,40.5262142973353,22.55389712728171,2.34200657124483,5.693496377058868,0.17981907225363664,True,False
7.212176073469042,0.09173896589354628,0.663692574715741,38.0827273267946,0.7256256746511145,10.729597049108271,1.8801404352845217,17.13290884255896,3.681426600897865,15.344541631655224,37.53993420975476,20.10506100771495,1.1851812512289528,4.820214771067176,0.19073168512210362,False,False
7.339656091518436,0.08268366975477127,0.52110037962367,36.59211664396557,0.553963265315386,10.379671204984511,2.0777338790731394,16.395457905120224,3.681426600897865,10.37973387620442,41.864272710264146,22.398875979738378,0.4805877597856303,4.608913482867234,0.19073168512210362,True,False
7.260847898393905,0.08610770090955956,0.5093835953363879,40.3903445281939,0.5956922562509835,10.438028347998259,2.192914018759217,17.060143271282318,2.8012447475466793,12.646499404731102,40.01371379987927,21.150263113407675,0.2833922341003332,5.717784760822194,0.32695866823043374,False,False
7.32251739966987,0.10008283231553118,0.23515969015209753,42.96009484496142,0.34298160363637786,9.989441658099441,1.6092508619267432,17.619251251676573,2.436564706406596,9.789636836960076,43.40239442357841,20.39476232529814,4.851203240683862,1.179228547165914,0.32695866823043374,False,False
7.127208857105141,0.09608602221245485,0.396504508618737,43.72557845481356,0.524101565657535,10.177086594774222,1.767555869753474,20.191326324632705,2.3216201692194227,10.720305967524403,38.21024199357066,20.993602354277275,2.34200657124483,4.918603627440664,0.3022929920900289,False,False
7.339133527639409,0.08389629136987348,0.37162298317075076,41.24533808904046,0.46253069156692206,10.11907373769693,2.0615517021642553,14.601462723158493,4.723330958425118,10.37973387620442,42.69812026094481,21.293504901877526,0.2833922341003332,5.693496377058868,0.32695866823043374,False,False
7.686710051243717,0.07665900355199166,0.8031659752171414,28.079610447587918,0.7303166858208999,11.295890631284188,2.3342586162622747,16.395457905120224,4.420000627387213,10.919179994031483,45.24473346150147,21.293504901877526,0.2833922341003332,1.1849206235320653,0.25881025244968703,True,False
7.4415698479312375,0.08131517998863814,0.7088995580206459,32.48685602851634,0.6936287765404597,10.890225891362958,1.87450762377713,17.619251251676573,4.090725889160093,10.919179994031483,41.85063857612436,21.573253596877414,0.2833922341003332,3.483739385776103,0.17981907225363664,False,False
7.711464332053153,0.07582236822467935,0.8754673557910555,25.675673391883187,0.7723604056907153,11.442461342839076,2.2962964042922804,17.13290884255896,4.090725889160093,10.919179994031483,45.536291204994676,21.150263113407675,0.2833922341003332,0.6965070366246743,0.19073168512210362,True,False
7.1869218398849375,0.08752009121785581,0.6744051395509478,37.4959090127022,0.7285706073238346,10.692916860094792,2.1853266732786567,17.619251251676573,2.436564706406596,15.106579121162127,37.530634123934185,21.150263113407675,0.2833922341003332,5.693496377058868,0.17981907225363664,False,False
7.523575980183561,0.07960221717209107,0.7728056670343268,30.152397777228753,0.7278049258922842,11.08647200572761,1.9784981370236618,17.619251251676573,4.090725889160093,10.919179994031483,42.800444428547586,21.53474832764929,0.2833922341003332,2.5724388025810017,0.17981907225363664,False,False
7.491623221169362,0.08074789847064008,0.735019762247302,32.97335959453091,0.7281138425390516,11.060738695235191,2.0594176376776905,17.619251251676573,4.626623187002097,10.720305967524403,40.990738341109825,22.55389712728171,0.2833922341003332,2.8788332230746305,0.32695866823043374,False,False
7.581809453363921,0.09697682460693129,0.1856500919037234,58.58511088937013,0.47259760489326913,10.834682752595619,1.5321480802089524,19.229719248936494,3.3405300434503786,10.37973387620442,40.327287329510334,20.10506100771495,2.34200657124483,2.5724388025810017,1.7032231203575936,False,False
7.497220688243938,0.08019616158499224,0.6606281107798302,33.61486400490812,0.6587662529121447,10.9363839086673,2.2312211036247707,17.619251251676573,1.1531153549500703,12.624973944279542,43.805490144147136,21.150263113407675,0.2833922341003332,3.03655528920824,0.32695866823043374,True,False
7.222980665561428,0.0855402568911501,0.5667674351715308,38.03016893834398,0.6226211734719527,10.44709764078051,2.172544015741734,17.619251251676573,2.436564706406596,12.624973944279542,39.62775408657516,21.53474832764929,0.2833922341003332,5.693496377058868,0.17981907225363664,False,False
7.514267886268279,0.08245972088879107,0.6965299255170612,30.87391828118718,0.657609122763444,10.935478399756157,1.8427415545355719,16.395457905120224,2.277558049562589,12.624973944279542,43.5484775298261,22.15427812363418,1.4626098560121763,1.3459129064430728,0.19073168512210362,False,False
7.642421833954902,0.07763955011457015,0.9400728382195097,25.81131732894542,0.8424508819275227,11.567137851451381,2.31837142704649,16.395457905120224,2.256863088856377,15.106579121162127,44.08651647611504,20.717213800897973,0.2833922341003332,0.9741583014942903,0.17981907225363664,False,False
7.279138009533342,0.08563575664192645,0.47348950043834337,40.56396655068691,0.560296520673951,10.37440131355331,2.1177945625466195,17.060143271282318,2.256863088856377,12.430870142519446,41.206774033290934,20.717213800897973,0.2833922341003332,5.717784760822194,0.32695866823043374,False,False
7.535040126913601,0.08712135731933242,0.0,61.70694164603377,0.2567655974301487,10.133718321556536,2.12511553865033,16.395457905120224,0.1952368419387342,10.37973387620442,44.35585729094255,20.993602354277275,0.2833922341003332,5.693496377058868,1.7032231203575936,True,True
7.2255162420154155,0.09142748331413031,0.31181933108968407,41.34793823474884,0.4008989574384219,9.916508285136493,1.5603883522653534,17.619251251676573,2.277558049562589,9.596565698406014,42.14386240736091,21.573253596877414,2.34200657124483,4.256770739749566,0.19073168512210362,False,False
7.508990011791333,0.09158462982938557,0.18805648494754945,60.54698397090479,0.4751363495545056,10.654995787023896,1.927690868635394,17.619251251676573,4.149176441823292,10.919179994031483,39.579382360195495,20.10506100771495,0.2833922341003332,5.64133359010028,1.7032231203575936,False,False
6.921196441692549,0.1103619975270743,0.0,58.36894803398259,0.20835604575818428,9.165653819561534,2.2039750893883405,17.619251251676573,2.436564706406596,10.919179994031483,36.720690962722955,21.150263113407675,4.851203240683862,5.693496377058868,0.6093503540119898,False,True
7.004037980004239,0.09773985528135734,0.09354533918662647,48.799492052102536,0.25102022403632507,9.298392840158241,2.262735910815421,17.619251251676573,0.16613530911758995,10.37973387620442,40.124483023779895,22.55389712728171,3.193113612406697,5.693496377058868,0.2698894224742457,True,False
7.478738582034059,0.09925711832841468,0.0,72.03509707819738,0.13508997766305675,9.834369897643583,1.5284378217834482,17.060143271282318,2.256863088856377,8.950894251646861,42.7592620785643,19.17251457361689,2.033344101080618,5.717784760822194,2.0491938741304545,False,True
6.935472501657735,0.10399402547547307,0.054649283238582695,51.681004297457676,0.2248047648298454,9.129671437115716,1.736980484949395,16.223886840785426,2.277558049562589,10.919179994031483,38.34162048533972,22.10907359435732,4.165295236390347,5.693496377058868,0.2698894224742457,False,False
7.5439790142184195,0.0803854088386462,0.7372669503587275,32.239577242417255,0.7200349020232925,11.145264213942237,2.192991655731126,17.619251251676573,2.436564706406596,12.624973944279542,43.42696221403913,20.717213800897973,0.2833922341003332,2.564683180369424,0.32695866823043374,False,False
7.416446521557847,0.09330413790773232,0.08493870182473945,62.4783078390349,0.36634708835994106,10.287177329660823,2.3369990390870146,17.619251251676573,2.3216201692194227,10.37973387620442,38.96592228230048,22.55389712728171,1.1851812512289528,5.27117092173084,1.7032231203575936,False,False
7.148097637816485,0.09927555935257958,0.0,56.77295821267806,0.1519041425213618,9.241832467417703,1.6513771499515533,14.706692460307012,2.277558049562589,10.37973387620442,41.404870381817645,21.573253596877414,3.193113612406697,5.693496377058868,0.7712816457653564,False,True
7.076899153414065,0.09499693737317488,0.26123466607210954,44.77643982513801,0.39635709757696946,9.717856491290675,2.278767886582814,17.619251251676573,2.277558049562589,10.720305967524403,39.58339650093322,21.573253596877414,2.34200657124483,5.693496377058868,0.19073168512210362,False,False
6.881938081268178,0.10779369527217877,0.04583764294526019,52.33379154768145,0.1876102010121573,8.983489373214601,2.0778556082750965,17.619251251676573,2.436564706406596,9.687491330592275,38.381910907920506,21.150263113407675,4.851203240683862,5.693496377058868,0.17981907225363664,False,False
7.225288440856791,0.0914609705250695,0.3134927529209156,41.34097156562052,0.4025652058046849,9.920119396717183,1.5615368811823802,17.619251251676573,2.3216201692194227,9.596565698406014,42.099800287704085,21.573253596877414,2.34200657124483,4.256770739749566,0.19073168512210362,False,False
6.856917498473649,0.10999767779792968,0.010192365441710812,54.97447840171004,0.20496341534271573,9.02082227144407,2.2122171616824162,16.395457905120224,2.277558049562589,11.874489660144404,36.79468530922664,21.573253596877414,5.064100433779432,5.693496377058868,0.32695866823043374,True,False
6.9521951007484155,0.10502002677605946,0.00930670222878171,55.04009043694376,0.2236670707306011,9.19627821153598,1.763780337420375,17.060143271282318,2.277558049562589,10.37973387620442,37.36078600685316,22.55389712728171,4.165295236390347,5.693496377058868,0.509090055366574,True,False
7.2954654113313735,0.10287542511156812,0.5087726228143095,38.87719402466163,0.5734990493056291,10.567707498763994,1.5124921859971407,17.619251251676573,2.256863088856377,15.106579121162127,41.094954409916824,18.054981155710365,4.713393598929803,0.9741583014942903,0.17981907225363664,False,False
6.893680155393763,0.10419371910532992,0.07686898519994152,50.03491598003748,0.27427669352875605,9.208144376735262,1.987270477714294,17.619251251676573,2.277558049562589,10.37973387620442,37.13094900957185,22.55389712728171,4.165295236390347,5.693496377058868,0.17981907225363664,True,False
7.271368842222468,0.08794538014824714,0.6901732349511859,37.75682884234446,0.7489216821953713,10.858760002946797,1.768298542550553,17.542104468646784,3.557230563767508,14.823421192559556,38.345733982367555,19.907057214353184,0.2833922341003332,5.27117092173084,0.2698894224742457,False,False
7.3220306058962015,0.08840490054005638,0.3024499734833049,46.51301220705368,0.4645696073336213,10.236428299337543,1.9448075785066345,15.303207725140002,2.277558049562589,12.646499404731102,40.600813495022905,22.55389712728171,1.1851812512289528,4.732115799760996,0.7007271472717456,False,False
7.6861735011375645,0.08738136209968668,0.4075131727795781,52.06933167898871,0.6545382943297763,11.42288492180489,2.144320842953494,20.864507630230225,2.277558049562589,10.720305967524403,40.422538739187324,20.993602354277275,0.4805877597856303,2.5724388025810017,1.668460696851552,False,False
7.200559199512679,0.08500749246536396,0.5639626774466616,38.01316350807345,0.6194199813736456,10.408165818476352,2.3802091289484975,17.619251251676573,2.256863088856377,12.430870142519446,38.982410706253056,22.55389712728171,0.2833922341003332,5.693496377058868,0.17981907225363664,True,False
7.1605149837103514,0.0945463481987138,0.10884206984228346,47.66627389864624,0.2179255496157294,9.347423168973545,2.119711255757854,15.204166835390973,1.818355262633901,10.37973387620442,43.93754055445174,20.10506100771495,2.591756664070901,5.693496377058868,0.2698894224742457,False,False
7.324676571923469,0.09441076000503162,0.5128906148348923,37.4687681445194,0.5577862732523485,10.500041911438638,0.9959154546640916,17.619251251676573,2.436564706406596,12.624973944279542,41.543949251057484,20.39476232529814,3.193113612406697,1.9966532237528656,0.19073168512210362,False,False
7.365722445467174,0.09798810467787467,0.0,67.02228467134853,0.15517632552171035,9.711928612786814,1.8198084970487587,16.395457905120224,0.16613530911758995,10.919179994031483,42.03976314956158,21.010566108147756,2.34200657124483,5.423667842418941,1.7032231203575936,False,True
6.8588222266330865,0.11228499374903601,0.0004957851978874033,55.69282410616831,0.19987863833392439,9.031748781226963,2.309507458847887,17.060143271282318,2.256863088856377,11.910709618142484,37.31822613360074,20.10506100771495,5.328541835113827,5.693496377058868,0.32695866823043374,False,False
6.9538036674584305,0.11036274989498007,0.0,57.609503374566,0.1880402854881923,9.149743723146667,1.8599456032167143,17.619251251676573,2.256863088856377,10.919179994031483,38.504169692285565,19.609294116649263,4.851203240683862,5.693496377058868,0.5465422387580042,False,True
7.971156773040445,0.09657770652167207,0.15850516731589923,81.54749947776682,0.4439597094531146,11.549925359803783,1.6463474472350383,17.619251251676573,1.7140451397993994,13.580041986596825,39.202944449546614,21.150263113407675,1.1851812512289528,1.930927223550504,3.6173455841934596,False,False
7.232318839134614,0.08838112463821966,0.6250817972744881,39.725207035536414,0.7082817001703592,10.728107256587787,2.2103577280049564,17.619251251676573,2.256863088856377,15.34795658326891,38.36702078909355,20.10506100771495,0.2833922341003332,5.693496377058868,0.32695866823043374,False,False
7.2972022088344195,0.08725602141674652,0.46344778737107095,38.60634132076251,0.5218241605808036,10.274227921401138,1.4418464266324935,17.060143271282318,3.681426600897865,10.37973387620442,41.743606718989426,21.150263113407675,1.1851812512289528,4.608913482867234,0.19073168512210362,False,False
7.671097092197025,0.0949960074498025,0.05878339072988847,57.9362854367271,0.3387532351548732,10.538673318263788,1.9435199999128459,14.601462723158493,4.214593566463513,10.37973387620442,42.40853508776751,22.55389712728171,3.193113612406697,0.9454408863600624,1.7032231203575936,False,False
7.598080466704988,0.08759352788198037,0.1648186432724786,57.69951099961036,0.4506204265873059,10.690226551400354,1.8834293405137301,16.395457905120224,3.681426600897865,10.37973387620442,40.79496081295764,22.398875979738378,0.4805877597856303,4.165733944938254,1.7032231203575936,False,False
7.497807781066664,0.09181638686049808,0.05454006554165306,61.409138388263976,0.33427652708128486,10.328506901077002,2.1741518615928235,16.395457905120224,0.16613530911758995,12.646499404731102,42.16082110153578,21.010566108147756,1.1851812512289528,4.732115799760996,1.7032231203575936,False,False
7.338891208298269,0.08554518220667877,0.6768428398013338,36.503781869374286,0.717013593765232,10.903554577004497,1.6800068494623108,19.274661248199422,2.256863088856377,12.646499404731102,39.67275571887333,21.150263113407675,0.4805877597856303,4.191410997916028,0.32695866823043374,False,False
7.658840231825147,0.07804687081344981,0.8528221611333943,28.625989133340106,0.7904848883292899,11.477957219747795,2.2416753312797693,17.060143271282318,2.301728410241127,13.687301420258017,44.444033647823886,20.717213800897973,0.2833922341003332,1.179228547165914,0.32695866823043374,False,False
7.720492313269068,0.09265345708662426,0.14145963752214033,72.18532107896516,0.42597667552069896,10.986694551193374,2.029098005964053,17.060143271282318,2.256863088856377,12.430870142519446,39.33710164535041,21.53474832764929,0.4805877597856303,4.191410997916028,2.708274766640507,False,False
7.065842269830593,0.09638571983520215,0.07240089216218876,50.365922928887734,0.15049680329568443,9.067495565743535,1.3671807364506912,14.601462723158493,1.1168204428610455,10.37973387620442,42.134517172798326,22.55389712728171,3.193113612406697,5.693496377058868,0.32695866823043374,True,False
7.5541259919337005,0.07888952701193035,0.670237431404739,32.55803459614643,0.6538538801033323,10.973510167655,2.384490385162582,17.619251251676573,2.436564706406596,10.919179994031483,44.31522163753587,21.53474832764929,0.2833922341003332,2.564683180369424,0.32695866823043374,True,False
7.231173752592673,0.08871614806327668,0.5043132259808982,40.42269580707013,0.5908037280350488,10.410494803137539,1.9519123175989692,17.060143271282318,2.7990011133903887,12.646499404731102,38.696203364094096,22.55389712728171,1.1851812512289528,4.732115799760996,0.32695866823043374,False,False
7.378233852916399,0.09486300147013176,0.17156291849673486,62.008703251865306,0.4577356369488962,10.488756634206732,1.9229867340516082,17.619251251676573,2.3216201692194227,12.430870142519446,36.914786015985456,22.55389712728171,1.1851812512289528,5.27117092173084,1.7032231203575936,False,False
6.995278777976709,0.10283197462507801,0.021487313442394164,54.137721815949945,0.11977854301197849,8.924277590541205,2.03659573228351,14.601462723158493,2.277558049562589,10.37973387620442,40.376919529070044,22.10907359435732,4.165295236390347,5.693496377058868,0.39646061419792056,True,False
7.271574361333801,0.09061030157584732,0.21515200246228997,49.16540804353708,0.4102427621668139,10.031439952118866,1.9848193050474068,15.303207725140002,2.277558049562589,12.646499404731102,41.01877854783574,21.150263113407675,1.1851812512289528,5.717784760822194,0.7007271472717456,False,False
7.229478082215053,0.09772858040556867,0.16951007190410125,52.28473226878048,0.40651252200929394,10.029750969348626,1.7671139411032377,17.542104468646784,3.557230563767508,10.919179994031483,39.24021038120233,20.39476232529814,2.34200657124483,5.2107883464286315,0.793717349380298,False,False
7.682343441242882,0.07618500719148087,0.8075019901659899,27.143064938371726,0.7215539269801763,11.259938838528383,2.357783374761654,16.395457905120224,4.090725889160093,10.919179994031483,45.78532855552602,21.150263113407675,0.2833922341003332,1.1849206235320653,0.19073168512210362,True,False
6.825441028939334,0.1134023195183941,0.0,56.77417070154889,0.14629182430838034,8.882126402794258,2.3073886871180638,17.619251251676573,0.7821602774574582,11.910709618142484,37.89427455244779,20.10506100771495,5.668088247271442,5.693496377058868,0.32695866823043374,True,True
7.819658151735672,0.0838297854252793,0.22919026470012788,53.28121063474557,0.4836658780753644,11.067409789636466,2.3211518527330366,16.395457905120224,3.3405300434503786,10.37973387620442,45.2201630104711,20.10506100771495,0.2833922341003332,2.5724388025810017,1.7032231203575936,True,False
7.143709406904992,0.09859047849519322,0.0,57.619419646931476,0.060766967595264454,9.024422443656139,1.6688267115354127,14.706692460307012,0.16613530911758995,10.37973387620442,43.344083304781016,21.573253596877414,3.3653234298883197,5.693496377058868,0.7712816457653564,True,True
7.639835466186184,0.080131062103598,1.0355826556790815,27.002043008547417,0.9601707493435028,11.880888007720237,2.0589554692513525,17.060143271282318,4.629307547889521,15.106579121162127,40.61214647818991,21.150263113407675,0.2833922341003332,0.8312095657376796,0.32695866823043374,False,False
8.014947985372919,0.08726924004384631,0.3432366125020838,62.80487100303898,0.6388513841245393,11.926395008160496,2.133190599577885,16.395457905120224,2.256863088856377,15.106579121162127,41.89554380191755,20.39476232529814,0.2833922341003332,0.9741583014942903,2.69324322205096,False,False
7.494412056039265,0.08770938061601441,0.016275415902178132,61.35891629541747,0.2939073217116388,10.184520701783537,2.22389432176799,16.395457905120224,0.16613530911758995,10.919179994031483,42.51287208943016,22.398875979738378,0.4805877597856303,5.423667842418941,1.7032231203575936,True,False
7.711464332053153,0.07582236822467935,0.8754673557910555,25.675673391883187,0.7723604056907153,11.442461342839076,2.2962964042922804,17.13290884255896,4.090725889160093,10.919179994031483,45.536291204994676,21.150263113407675,0.2833922341003332,0.6965070366246743,0.19073168512210362,True,False
7.23028255976645,0.09293227280217214,0.2726839025058294,41.85476177230355,0.3668287055842482,9.809910253227159,2.0555197261094804,17.060143271282318,3.681426600897865,8.662584397402455,42.43241635909345,21.150263113407675,2.663209729154987,4.191410997916028,0.1585455308452265,False,False
7.598981445438392,0.08043526420777403,0.623680093870874,33.47195461867108,0.6177509362347869,10.904011056595705,2.257474695528299,16.395457905120224,4.35292021760912,10.37973387620442,45.43947725889277,20.052425511576395,0.4805877597856303,2.5724388025810017,0.32695866823043374,False,False
7.135144950752678,0.09192078825510755,0.2552022695382423,43.76938881691011,0.3756516025848511,9.71985647090813,2.370723160316109,17.619251251676573,2.3216201692194227,9.596565698406014,41.08547047894844,21.573253596877414,1.9196107426911695,5.693496377058868,0.19073168512210362,True,False
7.113734798566899,0.09638181235509087,0.16265957410166088,46.96408807362919,0.32351446406170237,9.60105765954582,1.9082191736153709,17.619251251676573,1.818355262633901,10.37973387620442,41.52245613816614,20.10506100771495,2.591756664070901,5.693496377058868,0.2698894224742457,False,False
7.104755079883633,0.10566540661705426,0.20855344467686576,45.23761048675543,0.3473458960869683,9.7108521327371,1.6416872577074373,17.060143271282318,2.436564706406596,11.910709618142484,39.873333866501135,20.717213800897973,5.328541835113827,2.4936738294020335,0.17981907225363664,False,False
7.564314539104304,0.08092066918790816,1.0678291685994026,25.87026941215841,0.9780733414311229,11.789466419632479,2.2245004014059147,16.395457905120224,5.673905995324044,15.106579121162127,38.7797032522532,22.398875979738378,0.4805877597856303,0.9741583014942903,0.19073168512210362,False,False
7.8959393600902095,0.089954366757258,0.1443120515478663,72.08319860962519,0.42898597231783986,11.208048493027352,1.847328847493104,16.223886840785426,4.090725889160093,10.919179994031483,40.91256604719481,21.53474832764929,0.2833922341003332,3.1293477413677735,2.906152925710793,False,False
7.718376305698022,0.08514055738106079,0.18379782771856784,55.31440554201137,0.464731390381141,10.883918410472296,1.669970150649877,16.395457905120224,3.3405300434503786,10.37973387620442,43.346494624582334,21.150263113407675,0.2833922341003332,3.4009050827770415,1.7032231203575936,True,False
7.397172933889867,0.11628215867846567,0.0,68.92329959950348,0.22412149329475944,10.043788737670798,2.332439032278875,16.395457905120224,2.3216201692194227,14.676979908653085,41.502053226816784,15.160138619980444,5.668088247271442,2.5724388025810017,1.7032231203575936,False,True
7.478580599227878,0.09086902442841474,0.16504670754992387,60.8181965289685,0.4508610344000106,10.570359334987366,2.2367146389045507,17.060143271282318,2.256863088856377,12.430870142519446,39.82959830000454,20.717213800897973,0.2833922341003332,5.717784760822194,1.7041344015168225,False,False
7.367534163984911,0.10369945430127478,0.0,79.3322991120667,0.0,9.173009710162836,2.1180063062759475,14.706692460307012,0.16613530911758995,9.767913054766536,42.48907264454143,21.573253596877414,3.3653234298883197,5.693496377058868,2.2381131274428196,False,True
7.534851235470623,0.07826413778841544,0.7840401489058477,29.168762488923747,0.7256494486354474,11.14136532470941,2.275605675750697,16.395457905120224,0.2358378538229386,15.106579121162127,44.475428438467816,21.150263113407675,0.2833922341003332,2.1732222616652415,0.17981907225363664,True,False
7.176418046029702,0.10919609063393608,0.0,72.36385014383295,0.12186421876298248,9.404705506211966,2.0872483210446227,16.395457905120224,2.436564706406596,10.919179994031483,37.673184663133824,21.150263113407675,4.028630120483733,5.693496377058868,1.7032231203575936,False,True
7.336149596961296,0.08406143184865865,0.363287077480365,41.129147524960686,0.45208165240430487,10.157008192731725,2.3025400618105407,17.060143271282318,2.023087334300013,10.37973387620442,44.1564743434839,20.052425511576395,0.2833922341003332,5.717784760822194,0.32695866823043374,False,False
7.555885118253651,0.08047965043327833,1.1213579982987034,24.646186865340532,1.0171142148267203,11.97202055855483,2.164269125036567,20.271463630068304,2.256863088856377,15.106579121162127,39.777461438657255,21.150263113407675,0.2833922341003332,0.9741583014942903,0.17981907225363664,False,False
6.940073020978837,0.10133247703607215,0.2904155306001178,46.51637401845625,0.451921145325034,9.757179648336045,2.3507683251369027,17.619251251676573,0.16613530911758995,15.106579121162127,36.89134214291683,21.150263113407675,3.193113612406697,5.693496377058868,0.17981907225363664,False,False
7.207041988029822,0.10099486078798929,0.33778741093013276,43.86541129111282,0.46414637358240307,10.112945858797746,1.9420786472480114,17.619251251676573,4.786499960852436,10.37973387620442,38.622829498627084,21.53474832764929,4.165295236390347,2.564683180369424,0.32695866823043374,False,False
7.143709406904992,0.09859047849519322,0.0,57.619419646931476,0.060766967595264454,9.024422443656139,1.6688267115354127,14.706692460307012,0.16613530911758995,10.37973387620442,43.344083304781016,21.573253596877414,3.3653234298883197,5.693496377058868,0.7712816457653564,True,True
7.50946969234205,0.09000078888992025,0.04439119829436178,61.92897074811589,0.32356947213539256,10.285944713711352,1.8283880401019543,16.395457905120224,0.7821602774574582,11.910709618142484,42.92930393436279,20.10506100771495,0.4805877597856303,5.693496377058868,1.7032231203575936,False,False
7.575659109994706,0.08332800398364074,0.789659470093321,36.71897768687296,0.8390997216838734,11.56316834381839,1.8066956562135879,17.542104468646784,3.557230563767508,14.604947498720797,39.51955502543953,21.573253596877414,0.2833922341003332,2.1732222616652415,0.7462943507823895,False,False
7.1605149837103514,0.0945463481987138,0.10884206984228346,47.66627389864624,0.2179255496157294,9.347423168973545,2.119711255757854,15.204166835390973,1.818355262633901,10.37973387620442,43.93754055445174,20.10506100771495,2.591756664070901,5.693496377058868,0.2698894224742457,False,False
7.458969058932484,0.09036498990133689,0.14837331151374097,60.64412039144257,0.4332706015818376,10.499117727599646,2.3424732196980695,17.619251251676573,2.436564706406596,10.919179994031483,39.018649345584805,22.398875979738378,0.4805877597856303,5.423667842418941,1.7032231203575936,False,False
7.319462653869116,0.08491666676304749,0.42804309500309223,40.60535025666775,0.5129399043204128,10.30408286650498,2.216684357160323,17.619251251676573,2.256863088856377,10.919179994031483,42.84796016528957,20.10506100771495,0.2833922341003332,5.64133359010028,0.32695866823043374,False,False
6.9421990513166865,0.10371444043481894,0.0536555098425195,51.754625391938035,0.2082708858293998,9.094674905714445,1.7061493137845307,16.395457905120224,2.277558049562589,10.37973387620442,38.70949553883199,22.10907359435732,4.165295236390347,5.693496377058868,0.2698894224742457,False,False
7.492560951806508,0.08600665231555078,0.48153787256543434,35.61409942620475,0.49829697114048155,10.520498390950143,1.8155763929635602,16.223886840785426,2.277558049562589,10.720305967524403,44.68217378327062,22.10907359435732,2.34200657124483,1.3427022011647858,0.3022929920900289,False,False
8.077448145035357,0.09334525164967623,0.06327105644448407,84.24911760832487,0.3434877224837716,11.400178660144608,2.0655907475363997,16.395457905120224,2.277558049562589,12.152649134183559,42.284069670656635,20.052425511576395,0.4805877597856303,2.5724388025810017,3.7848131665339664,False,False
7.333723650864089,0.08559243029857455,0.4514680248142717,40.63440109008379,0.5380669153986283,10.347606166728143,1.4798230939372066,16.395457905120224,4.35292021760912,10.919179994031483,42.02833187923173,20.052425511576395,0.2833922341003332,5.64133359010028,0.32695866823043374,False,False
7.458827674631294,0.08200621021808935,0.5359324586033283,36.66068756644649,0.5705876205575579,10.633447453541194,2.329153809466787,17.619251251676573,2.436564706406596,10.744925702089466,44.38462739651755,20.10506100771495,0.2833922341003332,4.099219033264098,0.32695866823043374,False,False
7.689295048192623,0.08579360571783891,0.22943420515003002,54.978008338201995,0.508087168313537,10.99137296494947,1.8011648442792854,17.619251251676573,2.436564706406596,10.919179994031483,42.4872204972427,21.150263113407675,0.2833922341003332,3.4009050827770415,1.7032231203575936,False,False
7.01416527894585,0.1008771139776537,0.14957371555367596,49.3854602516285,0.34419141183064134,9.548165745732398,2.086142051465736,17.619251251676573,2.571082502507853,10.919179994031483,38.149652574963675,21.482100836370094,3.2904405821196097,5.64133359010028,0.32695866823043374,False,False
7.145581447231416,0.09965245159521015,0.27221916950546715,44.050898935558735,0.3976133906019462,9.876524960901595,1.4751995107870557,17.619251251676573,2.277558049562589,10.919179994031483,39.302233541792255,22.55389712728171,4.165295236390347,2.892695376790799,0.2698894224742457,False,False
7.583428749928413,0.0808723040887405,1.0544270706050678,26.810361934179934,0.9773218953274155,11.840719705827098,2.0372745056542425,16.395457905120224,4.420000627387213,16.462996489753642,39.70091696577931,21.293504901877526,0.2833922341003332,1.1849206235320653,0.25881025244968703,False,False
7.38073880473822,0.11033134788204148,0.0,79.32595176612948,0.21268134742789158,10.028680284725713,1.7638576964279347,17.619251251676573,2.436564706406596,12.624973944279542,38.23332355653853,17.822759194573035,3.193113612406697,5.693496377058868,2.3765173570601608,False,True
7.301898416479409,0.09810340689582554,0.0,62.415641970397495,0.24578685128533068,9.818429139161788,1.6634146436831696,16.395457905120224,0.7821602774574582,11.910709618142484,40.72337678666645,21.010566108147756,2.34200657124483,5.423667842418941,1.4120548908018584,False,True
7.252626449147142,0.09281371094129304,0.6108528173807883,36.91847955627131,0.6532997900257522,10.657208005980742,1.5406896581849556,19.36710163540129,2.256863088856377,12.624973944279542,39.03370580849051,21.150263113407675,2.34200657124483,3.0452667660661397,0.17981907225363664,False,False
7.339656091518436,0.08268366975477127,0.52110037962367,36.59211664396557,0.553963265315386,10.379671204984511,2.0777338790731394,16.395457905120224,3.681426600897865,10.37973387620442,41.864272710264146,22.398875979738378,0.4805877597856303,4.608913482867234,0.19073168512210362,True,False
7.343929857228609,0.08346726122538829,0.3461653405596853,41.31502615082903,0.4366652996044238,10.077075554131055,2.2643195557427123,15.063111786924651,3.600884044527839,10.37973387620442,43.658820658676184,20.993602354277275,0.2833922341003332,5.693496377058868,0.32695866823043374,True,False
7.547800765917768,0.09133098638609784,0.3212544546101573,57.50463798152643,0.6156602075485569,11.087019254479868,1.9887573084345245,16.395457905120224,3.3405300434503786,15.106579121162127,38.42517037151832,20.10506100771495,0.2833922341003332,4.640586196576071,1.7032231203575936,False,False
7.297965513722614,0.08486973180163027,0.4813578073847069,38.52734203276333,0.5395942104251878,10.307721232215842,2.0048376256417266,17.619251251676573,3.3405300434503786,10.37973387620442,42.39871613754084,20.10506100771495,0.2833922341003332,5.693496377058868,0.17981907225363664,False,False
7.607889074164767,0.08127864373988308,1.0289491583781074,27.820322076071456,0.9648254432698498,11.858673393717071,2.055775083917997,17.060143271282318,4.420000627387213,15.807206705876698,40.20016406869296,20.717213800897973,0.2833922341003332,1.1849206235320653,0.32695866823043374,False,False
6.957252811223863,0.1051425846980818,0.04575734282903074,52.33974037109243,0.24339690055265345,9.237118478510848,2.0354441801207663,17.619251251676573,2.277558049562589,10.37973387620442,38.58108452851334,20.95662201236343,4.165295236390347,5.693496377058868,0.32695866823043374,False,False
7.009473394969907,0.09899380015717334,0.2964699451775452,45.61588901756985,0.4454848323268268,9.783143231232621,2.307527261398457,17.619251251676573,2.256863088856377,12.624973944279542,37.66454352078526,21.150263113407675,2.810789631682066,5.693496377058868,0.17981907225363664,False,False
7.081936009690701,0.10216173720323764,0.09613128357883761,48.60791914707799,0.20830619274837436,9.251741468493936,2.0656929940669255,17.13290884255896,3.681426600897865,8.119492459194058,41.784869397054536,20.10506100771495,4.165295236390347,4.820214771067176,0.19073168512210362,False,False
7.217858830903494,0.08915085640297739,0.31985482775904706,43.493966886487506,0.4399377942596899,9.996545211394306,2.2205843766961535,17.060143271282318,2.256863088856377,10.919179994031483,41.40791423590389,21.150263113407675,1.1851812512289528,5.693496377058868,0.32695866823043374,False,False
7.363398491078341,0.08163663772585965,0.5381647858007597,36.03680721103483,0.5640581055529852,10.423533994961527,2.052805753607103,16.395457905120224,4.1542734027150985,9.914771387871209,42.05358392246542,22.398875979738378,0.2833922341003332,4.608913482867234,0.19073168512210362,True,False
7.0218872356427955,0.09881240140431931,0.08789603684886879,49.541874490684,0.28134894094689566,9.380105353745016,2.0925636872423192,17.619251251676573,2.436564706406596,9.235203148768639,38.94151510817048,22.55389712728171,3.193113612406697,5.693496377058868,0.32695866823043374,True,False
6.8240181029843585,0.11620942250891149,0.0,56.119768963562954,0.252621358254971,9.205305307542613,1.8476490271944235,20.107522852369698,0.7821602774574582,12.430870142519446,37.01983658911584,17.971066845976814,5.668088247271442,5.693496377058868,0.32695866823043374,True,True
7.519857476184982,0.08977779372256657,0.08165667458154179,61.12384062151255,0.36288454961836747,10.37766524430441,1.2946105663755958,16.395457905120224,2.436564706406596,10.919179994031483,41.64771631760226,20.993602354277275,0.4805877597856303,5.423667842418941,1.7032231203575936,False,False
7.207138092332161,0.08857614056938136,0.5353117690967737,38.43485344713404,0.5951985189699425,10.410685468282887,2.2487677333974943,17.060143271282318,0.2358378538229386,15.106579121162127,40.268060641835355,21.150263113407675,1.1851812512289528,4.814115675006995,0.17981907225363664,False,False
7.42678909831115,0.0916777526534686,0.22132199530011915,60.248653190119626,0.5102314629764666,10.668873316857997,2.1464392023285828,17.619251251676573,2.436564706406596,12.646499404731102,37.291329934885184,22.398875979738378,0.4805877597856303,5.423667842418941,1.7032231203575936,False,False
7.735222601377157,0.0851870141631529,0.27262751779590066,53.40575860200822,0.5312658557263977,11.116864325692271,1.796034863629114,17.619251251676573,2.436564706406596,10.919179994031483,42.73400603751183,21.53474832764929,0.4805877597856303,2.5724388025810017,1.7032231203575936,False,False
7.272053425682266,0.08566677406723013,0.5299811145674929,38.25139523497936,0.5869620676692539,10.421762410693518,2.1008106902120085,17.619251251676573,2.256863088856377,12.430870142519446,41.68438448439314,19.851923349141625,0.2833922341003332,5.693496377058868,0.17981907225363664,False,False
7.241467463288293,0.09075265522568073,0.46440891469799594,38.917209143005294,0.5272651886985255,10.254649624033313,2.140652265397485,19.30677667450121,3.915076623337316,8.662584397402455,40.311246705657304,21.53474832764929,1.9196107426911695,4.191410997916028,0.1585455308452265,False,False
7.4759203579734415,0.09625914532921308,0.27130204653830414,54.57666072924598,0.5465421882412288,10.83271178233933,1.3253499234177653,16.395457905120224,2.256863088856377,15.106579121162127,38.87793121911207,20.85219709479092,2.228277165882296,2.8706395142741243,1.4120548908018584,False,False
7.761470849352389,0.08848468401319641,0.2428990432706662,54.04387593364879,0.5089896827106996,11.09997845333916,1.6696139667684742,17.542104468646784,3.557230563767508,10.37973387620442,43.261151743122284,20.39476232529814,1.1851812512289528,1.9766126513743256,1.7032231203575936,False,False
7.570140443899915,0.08662819401312116,0.6790892372575128,31.002076021796526,0.6410342787200102,10.988310917505242,1.1677171200723895,17.619251251676573,3.681426600897865,10.919179994031483,44.71390903731324,20.10506100771495,2.349758615294824,0.4315944208174224,0.17981907225363664,False,False
7.832124484340004,0.08406027516250454,0.35029598492588765,50.808984092405524,0.5762256722600809,11.35281030892705,2.1835919140342215,17.619251251676573,3.3405300434503786,10.37973387620442,43.399367571983,21.53474832764929,0.6378924024572253,1.3852534062215238,1.7032231203575936,False,False
7.258252545036949,0.0869690742098399,0.3348564292244961,40.71355503729749,0.4161689058084307,9.950504533836309,2.1747240137133663,16.395457905120224,2.3216201692194227,10.37973387620442,43.10584107796636,21.150263113407675,1.1851812512289528,5.27117092173084,0.19073168512210362,False,False
7.217858830903494,0.08915085640297739,0.31985482775904706,43.493966886487506,0.4399377942596899,9.996545211394306,2.2205843766961535,17.060143271282318,2.256863088856377,10.919179994031483,41.40791423590389,21.150263113407675,1.1851812512289528,5.693496377058868,0.32695866823043374,False,False
7.165981889491025,0.09149837807729835,0.45536412925042236,42.901671325543845,0.5744652831585225,10.27589088142791,2.1340544584571592,17.060143271282318,3.681426600897865,12.646499404731102,37.84725771515785,21.53474832764929,1.1851812512289528,5.717784760822194,0.32695866823043374,False,False
7.097365096817122,0.09433111379434947,0.4083323342881338,41.981414121939515,0.511741445056758,10.069927850155262,2.3782506532881484,19.229719248936494,2.277558049562589,10.720305967524403,37.86556657926069,22.55389712728171,2.34200657124483,4.820214771067176,0.19073168512210362,False,False
7.300048025017361,0.08429300802320394,0.46822824491128323,39.89248240097505,0.5451833548342695,10.35844343987079,2.3718061625724602,17.619251251676573,2.436564706406596,10.919179994031483,41.45623697548635,21.53474832764929,0.2833922341003332,5.423667842418941,0.32695866823043374,False,False
6.957809694049542,0.10179787793145045,0.25687674071203226,48.31760742589392,0.44218891388265497,9.77460643449582,2.3363456262858886,17.619251251676573,0.16613530911758995,15.106579121162127,36.76886822308043,21.150263113407675,3.193113612406697,5.693496377058868,0.3022929920900289,False,False
7.409876593242444,0.09528193455919097,0.09209887706187342,63.720357808783206,0.3739010732351174,10.268702789359503,1.6106776050127207,15.374641370222529,3.3405300434503786,12.646499404731102,38.88187693577958,21.150263113407675,1.1851812512289528,5.717784760822194,1.7032231203575936,False,False
6.9745672054401755,0.10117198344358104,0.264170267963392,46.72555584752793,0.427211331572529,9.699368265968493,2.310661068440908,17.619251251676573,2.436564706406596,12.624973944279542,37.10251792251041,21.150263113407675,3.193113612406697,5.693496377058868,0.17981907225363664,False,False
6.92746686104418,0.10346683152175933,0.04820580178131189,52.15835271413637,0.20191750319024188,9.084103730457317,2.069074680167388,17.060143271282318,1.267865399760961,10.37973387620442,38.57727571993134,22.55389712728171,4.165295236390347,5.693496377058868,0.3022929920900289,True,False
7.425339786053124,0.09338931610444023,0.2852846572007907,59.93491634702895,0.5777120712816751,10.857085341467174,1.955016668767905,17.619251251676573,2.436564706406596,14.497686130503384,36.68875607544361,21.150263113407675,0.4805877597856303,5.423667842418941,1.7032231203575936,False,False
7.041460592125552,0.10075533316314042,0.06243796954918243,53.432992243036445,0.30990371399133537,9.532767729121309,2.0320783279462638,17.619251251676573,2.436564706406596,10.37973387620442,37.514592694953144,22.55389712728171,3.193113612406697,5.693496377058868,0.6093503540119898,True,False
7.577352030064386,0.08207545476239789,0.7110914199711089,33.03291449888766,0.7037175571084693,11.09789190237236,1.9069586255292308,17.13290884255896,5.773614746780743,10.37973387620442,43.281331792282415,20.052425511576395,0.4805877597856303,2.5724388025810017,0.32695866823043374,False,False
7.278479605672507,0.08470195520322338,0.37466444560696766,41.18650484801874,0.46490159590454494,10.104329488634454,2.30295061316612,16.395457905120224,2.277558049562589,10.919179994031483,42.35817332547376,21.573253596877414,0.4805877597856303,5.693496377058868,0.3022929920900289,True,False
7.419810916279454,0.09425100844449172,0.09062205291198759,62.835876370835265,0.37234302375698786,10.312513499285819,2.0820144318966376,17.619251251676573,2.3216201692194227,10.919179994031483,39.293128043417745,21.53474832764929,1.1851812512289528,5.423667842418941,1.7032231203575936,False,False
7.541645477344084,0.08764228833107836,0.0,61.606323977913426,0.252991169243596,10.138577084215353,2.103566031125971,16.395457905120224,0.16613530911758995,10.37973387620442,44.45759183271833,20.993602354277275,0.4805877597856303,5.423667842418941,1.7032231203575936,False,True
7.185910555907128,0.09084329376884397,0.42441669408424265,42.24796928456293,0.53250643110147,10.20737293887159,1.9779720828676735,17.542104468646784,2.256863088856377,12.646499404731102,39.98691527794221,20.39476232529814,1.1851812512289528,5.717784760822194,0.2698894224742457,False,False
7.2356509862510405,0.08659145412300101,0.3680877607709162,40.58524858266749,0.4494007606974346,9.999254850935873,2.303988499537968,16.395457905120224,2.436564706406596,10.919179994031483,42.34559641313666,21.150263113407675,0.8796224185848507,5.693496377058868,0.17981907225363664,False,False
7.187053199956519,0.08779268575543525,0.616423428263858,38.31787660823085,0.6791054634677427,10.532191260117509,2.2758741864718512,17.619251251676573,4.355616052105921,12.430870142519446,37.24841685191731,21.991942492682607,0.4805877597856303,5.693496377058868,0.17981907225363664,False,False
7.251560564214648,0.08798088115793845,0.4783741414900006,38.97369432248289,0.5428029029778325,10.291465963958451,1.5289090526678752,16.667756592214566,2.256863088856377,12.624973944279542,41.10401555382361,21.150263113407675,1.1851812512289528,4.820214771067176,0.19073168512210362,False,False
7.458969058932484,0.09036498990133689,0.14837331151374097,60.64412039144257,0.4332706015818376,10.499117727599646,2.3424732196980695,17.619251251676573,2.436564706406596,10.919179994031483,39.018649345584805,22.398875979738378,0.4805877597856303,5.423667842418941,1.7032231203575936,False,False
7.017713078916488,0.10066347801863496,0.10830400948878055,51.86009146532241,0.3358928572793418,9.55848541122527,2.141091027018877,17.619251251676573,2.277558049562589,10.919179994031483,37.234413532615505,22.55389712728171,3.193113612406697,5.693496377058868,0.509090055366574,False,False
7.288637962746179,0.0834075849378537,0.4291020186804635,38.81042572502477,0.4884957210045124,10.15286831808064,2.3799156135752546,16.395457905120224,2.436564706406596,10.919179994031483,42.94182659762118,21.150263113407675,0.2833922341003332,5.693496377058868,0.17981907225363664,True,False
7.763129899189141,0.0880096491788964,0.3746744142949092,53.08167503843304,0.6343100886425135,11.379603329826427,1.3966177677748601,17.13290884255896,6.1778956808919725,10.919179994031483,40.90870479207841,20.10506100771495,0.4805877597856303,2.5724388025810017,1.7032231203575936,False,False
7.062206005273691,0.10562448657998955,0.11393493762406673,47.28898215223406,0.25411672855777023,9.406577650946998,1.998300900672043,17.619251251676573,2.436564706406596,9.736240061216415,40.37182666314132,21.150263113407675,5.328541835113827,3.1774932967839558,0.17981907225363664,False,False
7.089246621424575,0.09815999920505555,0.40901864301507845,42.210191945266565,0.5157235037642974,10.118296038755526,2.080667007374247,17.619251251676573,0.16613530911758995,15.106579121162127,38.56990184186741,21.150263113407675,3.193113612406697,4.0149366781082865,0.17981907225363664,False,False
7.170593417340615,0.09648252946870786,0.19944379138924187,44.63731042898586,0.3291863964237457,9.62489426711109,1.3974950501985381,14.601462723158493,4.090725889160093,10.919179994031483,41.42989523994228,21.150263113407675,3.193113612406697,4.424627742771174,0.19073168512210362,False,False
7.234696519199748,0.08812838586760187,0.31359471416948503,42.91331869042189,0.42506441925226196,9.972170952030027,2.2031067144058203,17.619251251676573,2.436564706406596,9.687491330592275,42.029232924405314,21.150263113407675,1.0814073043626662,5.693496377058868,0.3022929920900289,False,False
7.474052054328811,0.08028170494164857,0.6564920174987415,32.55376650165158,0.6392916869088902,10.795677550915176,2.1414181182335277,17.619251251676573,3.3405300434503786,10.37973387620442,43.64610532612994,21.150263113407675,0.2833922341003332,3.4009050827770415,0.17981907225363664,True,False
7.102257707642605,0.09669942499276758,0.46947173240631856,42.74946994714354,0.5871813192819784,10.269260247258682,2.2788020029205085,17.619251251676573,2.256863088856377,15.106579121162127,38.26415642115078,18.949311312282,1.9196107426911695,5.693496377058868,0.19073168512210362,False,False
7.33167002127487,0.08298038706583644,0.6094144933987362,35.560032682967254,0.6324368468240005,10.613566736207124,2.1708710147611883,17.619251251676573,2.3216201692194227,12.026654272914094,41.37618330722283,21.573253596877414,0.2833922341003332,4.608913482867234,0.19073168512210362,True,False
7.436079096594574,0.0850959640394682,0.5473973885549879,35.219936915494614,0.5621655300662857,10.562055491230774,1.6638122968822782,17.13290884255896,3.681426600897865,10.37973387620442,44.01209903893927,20.10506100771495,1.1851812512289528,3.323770310201944,0.17981907225363664,False,False
7.46272270912187,0.08600890222777612,0.4905650497480394,37.0571364822628,0.5283707951338382,10.52484063349961,1.9452188737743443,16.395457905120224,4.1542734027150985,9.914771387871209,43.41984409043913,21.53474832764929,1.6892630376051951,2.564683180369424,0.32695866823043374,False,False
7.478871618040598,0.08542048976362628,0.5058661383920918,37.22898125173922,0.5469606685042705,10.583301820377978,1.6528679985467236,16.395457905120224,4.35292021760912,10.37973387620442,44.08795450208177,20.052425511576395,1.1851812512289528,3.2193680679486776,0.32695866823043374,False,False
7.201743300575228,0.0885773132411261,0.3296117223609315,41.62177039147022,0.42356954766316746,9.910630187774105,2.3273621140393836,17.619251251676573,2.436564706406596,9.687491330592275,41.98048432197532,21.150263113407675,1.2526298266290534,5.693496377058868,0.17981907225363664,False,False
7.712533054157347,0.08672894559908916,0.41902083656577216,50.65442988227959,0.6465293990836041,11.300390731929047,1.930550834374751,16.395457905120224,6.5363890240218385,10.919179994031483,39.98643211732399,21.573253596877414,0.4805877597856303,2.5724388025810017,1.5362608002584208,False,False
7.328766130271322,0.09878091234788054,0.30281573947915164,42.49912156987734,0.4077940595570949,10.087069877884527,1.8638948207822703,17.619251251676573,4.465113078208535,10.37973387620442,44.991149643708724,15.398819233100447,3.193113612406697,3.773000232440964,0.17981907225363664,False,False
7.220461412087092,0.08870909877182186,0.3482256547225197,42.73838006832045,0.4591087774267867,10.047263927577752,2.3044542769038245,17.619251251676573,2.436564706406596,10.45158725719752,41.26513699780007,21.150263113407675,1.0814073043626662,5.693496377058868,0.3022929920900289,False,False
7.2925300097368355,0.08483852797270706,0.3059181823172554,44.26492776079676,0.4362138130543203,10.07580481323967,2.3858453133702753,16.395457905120224,2.277558049562589,10.37973387620442,41.71017884961998,22.55389712728171,0.4805877597856303,5.693496377058868,0.509090055366574,True,False
7.47855679880875,0.08423497861369743,0.6309995034644802,34.64401657497858,0.6421641350619807,10.8752936791984,1.837003115291314,17.060143271282318,2.256863088856377,12.646499404731102,42.97617183124218,21.150263113407675,1.1851812512289528,2.397919371020959,0.32695866823043374,False,False
7.24115663596533,0.09380049368441704,0.1562805665977549,44.29328149390584,0.27874991125917564,9.683559672143144,2.312913865027589,17.619251251676573,0.16613530911758995,9.687491330592275,44.24027216507903,21.150263113407675,3.193113612406697,3.6411802256301318,0.3022929920900289,False,False
7.696541883504734,0.08215136618518648,0.47268876129547976,42.829749736558206,0.5917185415276701,11.098259223652882,2.1985266602980174,17.619251251676573,3.3405300434503786,10.37973387620442,44.682817606934655,20.10506100771495,0.2833922341003332,2.5724388025810017,1.016775177337683,False,False
7.454011257969062,0.08250479308684774,0.5280419299086597,34.324373320717115,0.5289918860885555,10.511616867203614,2.3461658494520314,17.619251251676573,2.256863088856377,9.687491330592275,44.988349549642564,21.150263113407675,1.0814073043626662,3.03655528920824,0.17981907225363664,False,False
7.435534631931307,0.09353705270724694,0.0,64.54776472155156,0.21109070344300956,9.92433284373918,1.970641673363088,16.395457905120224,0.16613530911758995,10.919179994031483,42.727213316838046,21.150263113407675,1.5148593987084442,5.423667842418941,1.7032231203575936,False,True
7.23651078129963,0.09318704134727986,0.22786936988488704,44.125797827673495,0.3518909799284192,9.758098896464412,1.8895716323440621,16.395457905120224,4.1542734027150985,9.596565698406014,43.76972361700266,18.28014057188386,1.9196107426911695,5.693496377058868,0.19073168512210362,False,False
7.362366699547226,0.08636070029054173,0.27749058888785033,45.81137131903152,0.4282454561140208,10.168704956688522,1.9831215587083684,16.395457905120224,2.436564706406596,10.919179994031483,43.412937392008814,20.052425511576395,0.4805877597856303,5.693496377058868,0.6093503540119898,False,False
7.241459691916661,0.08685426984140325,0.2638735861292622,41.98080411275116,0.3593287786669078,9.72647016114045,2.2467058315396504,15.202082841083888,4.355616052105921,8.662584397402455,42.729277516183664,21.991942492682607,1.1851812512289528,5.693496377058868,0.17981907225363664,False,False
7.0651510620897815,0.0952347495739771,0.4454926080602958,42.63672858064745,0.5602778041290483,10.154295673432259,2.1140380586196805,20.960816797010768,3.3405300434503786,9.596565698406014,36.72499505938328,21.573253596877414,1.9196107426911695,5.693496377058868,0.19073168512210362,False,False
7.425937900861706,0.09494492953048589,0.33566128286045066,41.36459593218657,0.42628943722528956,10.343105059268723,2.191525003441714,17.060143271282318,2.277558049562589,10.37973387620442,42.691525290225414,22.55389712728171,4.165295236390347,0.3627570936866197,0.509090055366574,False,False
7.2343052274996635,0.10234357403761665,0.0,65.36899176807248,0.1424778711254634,9.405453628300688,2.1325828412866707,14.364432471852831,3.681426600897865,10.37973387620442,39.789188958807884,21.53474832764929,3.193113612406697,5.693496377058868,1.3638597751221473,False,True
7.563081383576125,0.07845633469524978,0.6522966942985771,32.78452166500928,0.6381517830427195,10.897314116185987,2.342761273343623,16.395457905120224,4.35292021760912,9.914771387871209,43.7551848047493,22.398875979738378,0.2833922341003332,2.5724388025810017,0.32695866823043374,True,False
7.282776354315652,0.08525758017226721,0.5054025882032173,38.410683803743666,0.5633001355579813,10.364740408069073,2.0579054147451723,17.060143271282318,2.277558049562589,12.430870142519446,42.22279750408118,19.851923349141625,0.2833922341003332,5.693496377058868,0.17981907225363664,False,False
6.967153622028466,0.10693324253367485,0.19819127773370734,47.67683017335308,0.37115050315412723,9.593965471679555,2.054096412422157,17.619251251676573,2.256863088856377,12.624973944279542,37.1883448829835,21.150263113407675,4.851203240683862,4.1292814058588325,0.17981907225363664,False,False
7.454942395439988,0.08107474373233027,0.7785878305057046,31.04725183533045,0.7466486390168151,11.088659462621884,2.283773585992513,18.407230638888485,2.256863088856377,12.624973944279542,42.06090261900572,21.150263113407675,0.2833922341003332,3.03655528920824,0.17981907225363664,False,False
7.819658151735672,0.0838297854252793,0.22919026470012788,53.28121063474557,0.4836658780753644,11.067409789636466,2.3211518527330366,16.395457905120224,3.3405300434503786,10.37973387620442,45.2201630104711,20.10506100771495,0.2833922341003332,2.5724388025810017,1.7032231203575936,True,False
7.677794666812494,0.08985999397223673,0.4115820608922755,54.20533245451604,0.6892495531021329,11.426919400714603,1.1090754032538035,17.619251251676573,5.858550020967198,12.430870142519446,38.85188479846019,19.851923349141625,0.2833922341003332,3.4009050827770415,1.7032231203575936,False,False
7.288353181154804,0.09619236402169792,0.05134449684111793,55.88642414047815,0.3309052021022203,9.928286869548575,1.884500871671846,17.619251251676573,3.3405300434503786,9.596565698406014,40.708709701664354,20.10506100771495,1.9196107426911695,5.693496377058868,1.016775177337683,False,False
7.375613590070153,0.08378335950417132,0.705751122472194,35.540599107595725,0.7337952388168456,10.955835382527573,1.9343636346304973,16.395457905120224,2.436564706406596,15.106579121162127,39.95400098976342,21.53474832764929,0.2833922341003332,3.9622980475675735,0.32695866823043374,False,False
7.307788210370492,0.08401262044787819,0.387092512425868,41.03672863071818,0.4758802576786778,10.168579504204212,2.252621829579794,16.395457905120224,2.436564706406596,10.919179994031483,42.770398617881064,21.150263113407675,0.2833922341003332,5.717784760822194,0.32695866823043374,False,False
7.541375219090964,0.08011793000387342,0.6841262333644027,32.78342217976651,0.6717162890934638,11.011889337728407,2.183363953330753,17.619251251676573,2.436564706406596,11.594902836384128,43.90768452637613,21.150263113407675,0.3996917171490444,2.564683180369424,0.32695866823043374,False,False
7.288637962746179,0.0834075849378537,0.4291020186804635,38.81042572502477,0.4884957210045124,10.15286831808064,2.3799156135752546,16.395457905120224,2.436564706406596,10.919179994031483,42.94182659762118,21.150263113407675,0.2833922341003332,5.693496377058868,0.17981907225363664,True,False
7.674638879497897,0.077121511380459,1.0183190596179117,24.255225121821493,0.902840485893343,11.74331580264198,2.302966671496123,16.395457905120224,3.9626098257830145,14.330944785413731,42.881433428862344,21.53474832764929,0.2833922341003332,0.4315944208174224,0.17981907225363664,False,False
7.2960937019742005,0.11252572340224454,0.0,74.76817507350589,0.09922177023807333,9.521397070022791,2.0292853818491836,17.060143271282318,4.1542734027150985,9.914771387871209,40.444059412934074,16.739390629175087,4.165295236390347,5.693496377058868,1.8285702825729977,False,True
7.819658151735672,0.0838297854252793,0.22919026470012788,53.28121063474557,0.4836658780753644,11.067409789636466,2.3211518527330366,16.395457905120224,3.3405300434503786,10.37973387620442,45.2201630104711,20.10506100771495,0.2833922341003332,2.5724388025810017,1.7032231203575936,True,False
7.2268705515681635,0.08890699887949502,0.29371535559815887,43.65786158938555,0.4146946598466238,9.94263676779795,2.203659877241946,17.619251251676573,2.436564706406596,9.687491330592275,41.876311921942886,21.150263113407675,1.2096626306846927,5.693496377058868,0.32695866823043374,False,False
7.821961309855444,0.0854423054210151,0.23552952790982473,55.56661756876054,0.5229000613228635,11.221487380059802,1.8492661427943198,17.619251251676573,3.3405300434503786,10.37973387620442,43.81678096592712,20.10506100771495,0.2833922341003332,2.5724388025810017,1.8828118183452163,False,False
7.302517600440588,0.08664281934754547,0.5062259042007787,40.46436543673887,0.5934150167494419,10.463505270801804,1.8874135819700364,16.395457905120224,4.090725889160093,12.430870142519446,40.73562638038832,20.04347240342229,0.2833922341003332,5.693496377058868,0.32695866823043374,False,False
7.265357841164025,0.08610605149787871,0.5102695136841366,40.38547112129971,0.596557498388524,10.430735493987672,2.0794090801965184,17.619251251676573,4.090725889160093,10.919179994031483,39.5079588743296,21.53474832764929,0.2833922341003332,5.717784760822194,0.32695866823043374,False,False
7.414436231402192,0.08652466876822293,0.6399780433879854,36.05713709421694,0.6717606082205729,10.854651071224309,1.567717959370845,17.060143271282318,3.681426600897865,12.646499404731102,40.91297240101342,21.150263113407675,1.1851812512289528,3.03655528920824,0.32695866823043374,False,False
7.495992167933438,0.10598232955754683,0.0,73.88928920689607,0.1941738520397337,10.113768081214221,1.982408162679603,16.395457905120224,2.3216201692194227,10.919179994031483,38.741232232365554,22.55389712728171,4.165295236390347,2.5724388025810017,2.330878533010259,False,True
7.117009872458998,0.09559058428351665,0.15125225989984573,47.72702995557126,0.32234472961468635,9.567665230550514,1.8486932136496652,14.601462723158493,2.256863088856377,12.624973944279542,40.8477068834192,21.150263113407675,2.49827520158941,5.693496377058868,0.32695866823043374,False,False
7.070757311972046,0.09566319913355711,0.0703718942567143,50.51623591481706,0.11454579677879989,8.989582153434075,1.6044460797949947,14.601462723158493,0.16613530911758995,10.37973387620442,43.08520230654179,22.55389712728171,3.193113612406697,5.693496377058868,0.32695866823043374,True,False
6.8912384564068505,0.10868277551898682,0.0,57.08186094091903,0.17869191365205467,9.019560042238714,1.9431146969865238,17.060143271282318,2.277558049562589,10.37973387620442,36.67487800255965,22.55389712728171,4.851203240683862,5.693496377058868,0.509090055366574,True,True
7.267085315887973,0.08998187307795834,0.7004292253096908,37.614588407835186,0.757716119662466,10.89470404614635,1.7752061282859675,17.619251251676573,2.436564706406596,16.926357872206648,39.951098827269185,16.89910704615969,0.2833922341003332,5.693496377058868,0.19073168512210362,False,False
7.010580648162139,0.10065841021475602,0.16924873753097658,48.695618148431635,0.35512458490634585,9.602652404413911,2.3565048605097174,20.68541722037994,2.256863088856377,8.389984370079052,38.30428084195803,21.150263113407675,3.193113612406697,5.717784760822194,0.3022929920900289,False,False
7.209161284310981,0.09053898167089891,0.27721542143584765,44.50094591691093,0.40929351220860505,9.888135032300735,1.870265967029919,16.395457905120224,3.3405300434503786,10.37973387620442,41.23559351544038,21.150263113407675,1.453678117324302,5.717784760822194,0.32695866823043374,False,False
7.696541883504734,0.08215136618518648,0.47268876129547976,42.829749736558206,0.5917185415276701,11.098259223652882,2.1985266602980174,17.619251251676573,3.3405300434503786,10.37973387620442,44.682817606934655,20.10506100771495,0.2833922341003332,2.5724388025810017,1.016775177337683,False,False
7.265628803570167,0.0893528966287376,0.5893583472575884,40.24669147334483,0.6780198701761903,10.695675630229255,1.558928442875349,17.619251251676573,2.436564706406596,15.106579121162127,39.837783241742336,18.575124023547072,0.4042426101759824,5.693496377058868,0.32695866823043374,False,False
7.224336628859958,0.08864714778409527,0.30216019365635205,43.254712264234925,0.4178627531938652,9.94002044819255,2.184281647249495,17.060143271282318,2.256863088856377,10.37973387620442,41.97202602987135,21.150263113407675,1.1851812512289528,5.693496377058868,0.3022929920900289,False,False
7.200559199512679,0.08500749246536396,0.5639626774466616,38.01316350807345,0.6194199813736456,10.408165818476352,2.3802091289484975,17.619251251676573,2.256863088856377,12.430870142519446,38.982410706253056,22.55389712728171,0.2833922341003332,5.693496377058868,0.17981907225363664,True,False
6.9403418165867405,0.10296167064347612,0.04559712089220605,52.35160999287495,0.17285706712932708,9.014297833362981,2.0641453727801538,16.395457905120224,1.267865399760961,10.37973387620442,39.24196108609343,22.55389712728171,4.165295236390347,5.693496377058868,0.3022929920900289,True,False
7.682343441242882,0.07618500719148087,0.8075019901659899,27.143064938371726,0.7215539269801763,11.259938838528383,2.357783374761654,16.395457905120224,4.090725889160093,10.919179994031483,45.78532855552602,21.150263113407675,0.2833922341003332,1.1849206235320653,0.19073168512210362,True,False
7.540121845968973,0.0780474099660505,0.7066322803238416,30.578843678207065,0.6640649780148599,10.918006735240118,2.370831229691878,16.395457905120224,4.1542734027150985,10.37973387620442,43.674652783837175,22.398875979738378,0.2833922341003332,2.5228821331622675,0.19073168512210362,True,False
7.225448177698025,0.08764723029774327,0.2740931104692635,41.97758832268097,0.3700645810881986,9.782106232285647,2.2906347532055533,16.395457905120224,2.436564706406596,9.687491330592275,43.20427766853167,21.150263113407675,1.2526298266290534,5.693496377058868,0.17981907225363664,False,False
7.3499909127709175,0.09420986238547968,0.6778259387110346,34.92983677943807,0.6956363623166801,10.836552523816547,2.3468141799117834,17.619251251676573,6.5898664021143984,10.919179994031483,37.74903930383497,22.55389712728171,3.193113612406697,1.1849206235320653,0.19073168512210362,False,False
7.367023962407227,0.0825340915962398,0.5272151648049974,37.89014567180359,0.5788994703501473,10.500266545683964,2.1649502176672573,16.395457905120224,3.6495902367765125,10.919179994031483,41.41763149913541,22.398875979738378,0.2833922341003332,4.608913482867234,0.32695866823043374,True,False
7.564299470702534,0.07898334140420532,0.6654019261198373,32.5919344723405,0.6492351869074793,10.97544493427408,2.3518630004539642,17.619251251676573,2.436564706406596,10.919179994031483,44.699706851777485,21.150263113407675,0.2833922341003332,2.564683180369424,0.32695866823043374,False,False
7.771420155334722,0.09009354463217202,0.17012744269158664,55.92457228529003,0.4562212099744648,10.960973484222292,1.5060513683673735,15.374641370222529,3.3405300434503786,12.646499404731102,45.12687016474575,18.05061584268269,1.1851812512289528,2.5724388025810017,1.7032231203575936,False,False
7.441482133803321,0.08486674038840747,0.7434728111022131,34.66230951308301,0.7610839825937155,11.112868656430226,2.0408634011506304,16.395457905120224,3.3405300434503786,15.162748933340698,40.8403860957192,20.052425511576395,0.4805877597856303,3.4009050827770415,0.32695866823043374,False,False
6.8257544914007555,0.11228735857876197,0.032284273132813845,53.33785738748172,0.24281100329832428,9.084257828388367,2.3177073201166376,17.619251251676573,2.436564706406596,11.910709618142484,36.72655613163307,20.10506100771495,5.328541835113827,5.693496377058868,0.17981907225363664,True,False
7.224053989493183,0.09514222096092222,0.35325898164157504,40.88041144426521,0.43795978466821045,10.043729380536256,1.2897547060181371,17.619251251676573,2.277558049562589,10.919179994031483,41.407802138739434,21.150263113407675,3.193113612406697,3.2530127679219087,0.17981907225363664,False,False
7.538666257780953,0.08715479556315833,0.0,61.71902457167405,0.2551193575996184,10.134407930009846,2.1453281225709437,16.395457905120224,0.1952368419387342,10.37973387620442,44.49289927383564,20.856560371384184,0.2833922341003332,5.693496377058868,1.7032231203575936,False,True
7.1894324332434945,0.09885156510261552,0.26719658335709673,43.823397352330545,0.389074734027427,9.906015787964911,1.5258693140045587,17.060143271282318,2.436564706406596,10.919179994031483,39.99794349214809,22.55389712728171,4.165295236390347,2.564683180369424,0.3022929920900289,False,False
7.390063566218061,0.08529143274951602,0.6505572256599392,33.960749226257846,0.6530671873146227,10.773567093719564,1.8687248670720076,17.619251251676573,2.256863088856377,12.624973944279542,41.947092989089,21.150263113407675,1.1851812512289528,3.03655528920824,0.17981907225363664,False,False
7.643819475814206,0.10796940095265889,0.0,74.2315210128595,0.15027650566487288,10.214135930807487,1.9539385533814682,17.060143271282318,2.3216201692194227,10.919179994031483,44.14995062369888,16.480493369786288,4.165295236390347,2.5724388025810017,2.330878533010259,False,True
7.826883554413578,0.09623372239746997,0.0,74.02788335228252,0.2705953045815618,10.767653153226533,1.5404257117859341,17.619251251676573,2.3216201692194227,9.596565698406014,43.081695914596665,20.10506100771495,1.9196107426911695,2.5724388025810017,2.783756413114199,False,True
7.6273819840374735,0.07806035368046103,0.9718277352274904,25.663609421391563,0.8738488041515111,11.621730625017983,2.3772050235119013,16.395457905120224,2.9495836127290858,15.106579121162127,42.960746639732626,21.150263113407675,0.2833922341003332,0.9741583014942903,0.17981907225363664,False,False
7.179414427342104,0.10350271958152256,0.1369310791024701,49.046664388664226,0.32602867104226513,9.745593106177587,1.47722793021646,16.395457905120224,4.35292021760912,9.914771387871209,38.850221263486304,22.55389712728171,4.851203240683862,2.5724388025810017,0.509090055366574,False,False
7.536431651986337,0.09058973819852228,0.12430923389863557,61.10882686702364,0.4078829996979014,10.488825096526025,2.1295599043312365,16.395457905120224,4.4736273559238375,10.37973387620442,40.96600812351977,20.10506100771495,0.2833922341003332,5.693496377058868,1.7032231203575936,False,False
7.068276644797634,0.09879811834454473,0.2580124162923614,47.21981601199393,0.42775350957234004,9.793339589553042,2.049123088437276,17.619251251676573,4.481201515521678,10.37973387620442,37.68379473684097,21.150263113407675,2.689966137199778,5.693496377058868,0.3022929920900289,False,False
7.067600289279289,0.09737173697721294,0.06551463593957149,50.8760731522582,0.18803476290387422,9.157507689462054,1.6589856006907382,14.018344895117648,2.239736929601253,10.919179994031483,41.01164315631119,22.55389712728171,3.193113612406697,5.693496377058868,0.37058790819114695,True,False
7.2575775710119395,0.09118555680634065,0.5922134786230469,37.61447432420202,0.643546882253998,10.561105881748528,2.2375983774225516,14.601462723158493,3.2310400998449547,15.995058390233098,38.90948699885366,21.573253596877414,1.9196107426911695,3.579355763219108,0.19073168512210362,False,False
7.159743726582876,0.10078076727646788,0.39939285918970957,41.757958530378914,0.4991280892185239,10.151034811780558,1.6936042144464238,16.395457905120224,2.3216201692194227,14.325112943387747,38.87908014477148,21.150263113407675,4.165295236390347,2.5724388025810017,0.19073168512210362,False,False
7.430799675818516,0.09102180387834559,0.0790740567689405,56.11600033970135,0.3601598878260731,10.210304916187686,1.474467740943419,16.395457905120224,2.256863088856377,10.919179994031483,41.789409484206104,21.150263113407675,1.1851812512289528,5.01287548397831,1.2907696791708685,False,False
7.650806802189549,0.0781059479232371,0.9210138867464905,26.202482594872478,0.8279142350916873,11.526277183356605,1.9373143548695864,17.619251251676573,4.121757766983191,12.026654272914094,43.568870378846505,21.150263113407675,0.3996917171490444,0.9227798139008194,0.19073168512210362,False,False
7.2323819970374466,0.08574757842898396,0.5676041053247077,38.0404548226698,0.623650340773952,10.461272512093982,2.140803726209988,17.619251251676573,2.585916213720957,12.624973944279542,39.862887793502416,21.150263113407675,0.2833922341003332,5.693496377058868,0.17981907225363664,False,False
7.337256003238086,0.10100402879507568,0.09219966062664833,65.69998196264308,0.3740073998959549,10.231946481332418,1.603664674224888,17.619251251676573,3.3405300434503786,11.910709618142484,37.62489439117345,20.10506100771495,2.0028341904256997,5.693496377058868,1.7032231203575936,False,False
7.237536270604956,0.09820205947475985,0.2002967788196481,44.244085290857555,0.32448641675252266,9.787722575009022,1.3634647647955978,16.395457905120224,2.451958328219189,10.37973387620442,42.159569262517365,21.573253596877414,4.165295236390347,2.5724388025810017,0.3022929920900289,False,False
7.409695804538045,0.08294402438443362,0.8152071045207628,31.827380268113785,0.796391707157816,11.13169327171382,1.8366915959485257,16.395457905120224,3.3405300434503786,15.106579121162127,40.14305342772858,21.150263113407675,0.2833922341003332,3.4009050827770415,0.17981907225363664,False,False
7.807007265588909,0.08252586541898155,0.6115032508539372,44.113167516752696,0.7564448573064873,11.788207153196222,2.098083948303591,19.132921393003244,2.256863088856377,12.624973944279542,42.135101741998724,21.150263113407675,0.2833922341003332,0.9741583014942903,1.4423261828598082,False,False
7.665781292512946,0.08906978557522756,0.2595307997684685,55.768879099390155,0.5505417516905752,11.042114573769805,1.570952636055932,17.619251251676573,5.597998934907564,9.687491330592275,40.21860354118063,21.150263113407675,0.6222636251006541,3.4009050827770415,1.7032231203575936,False,False
7.087814215093948,0.09436106896788114,0.393971972096772,42.93683311121032,0.5101972929726896,10.026352611847248,2.2218316792188393,17.619251251676573,2.4228684545395196,12.624973944279542,38.38971704409302,21.150263113407675,1.9196107426911695,5.693496377058868,0.17981907225363664,False,False
7.375954238652797,0.08221679651070016,0.5082258723131442,38.081971147976006,0.5615975349464744,10.448734317383316,2.3589218347466945,14.838198831452502,3.6495902367765125,12.058945534094441,41.835125032740166,22.398875979738378,0.2833922341003332,4.608913482867234,0.32695866823043374,True,False
6.86610668155043,0.10801033903750533,0.018297547908142305,54.37402722591326,0.19277933283506227,8.997362611304881,2.0242448202099235,17.619251251676573,2.436564706406596,9.687491330592275,36.831137298069685,22.55389712728171,4.851203240683862,5.693496377058868,0.32695866823043374,True,False
7.1587671858501265,0.09155903791941979,0.22209419478076575,44.03296245888795,0.34447611062648675,9.652452539464406,2.047459270976463,16.22429358222769,2.3216201692194227,10.37973387620442,42.12025045406865,21.150263113407675,1.9196107426911695,5.693496377058868,0.19073168512210362,True,False
7.541557544843672,0.09714526667579303,0.0,72.8462764881983,0.2546190597302294,10.230158330980686,1.645409300899252,16.395457905120224,3.3405300434503786,10.37973387620442,40.54014318803104,20.10506100771495,1.2526298266290534,5.693496377058868,2.2929477757910615,False,True
7.242868199160512,0.0939556537324115,0.37872082596947987,42.381831155334126,0.48620360428035686,10.195435622871543,1.407035878849397,17.619251251676573,2.436564706406596,11.910709618142484,41.09802881570181,20.10506100771495,2.34200657124483,4.186085037022727,0.3022929920900289,False,False
7.335809860957737,0.08308901426370201,0.6015863503901502,35.98045073479069,0.6301652890314319,10.617634246534537,2.17037845986568,17.619251251676573,2.3216201692194227,12.026654272914094,41.347597202521364,21.573253596877414,0.2833922341003332,4.608913482867234,0.21931778982357183,True,False
7.5130447180088895,0.08098703240944392,0.6744122001365125,33.3534927732228,0.6695863045860354,10.942159060478454,2.078352655844551,17.573704445507953,4.35292021760912,9.914771387871209,42.27071535359388,22.398875979738378,0.5896151448680284,2.5724388025810017,0.32695866823043374,False,False
7.381426768489109,0.09356483120461632,0.07096611698097861,60.43353452319179,0.3516060113497733,10.1464334147233,2.032766457428476,15.374641370222529,2.256863088856377,12.646499404731102,40.200679803290214,21.150263113407675,1.1851812512289528,5.717784760822194,1.468087207440962,False,False
7.1111107843742944,0.10451268972814985,0.21630559614217432,46.67327056704979,0.37596951314551963,9.76891654607036,1.6529516496791021,16.395457905120224,4.35292021760912,10.919179994031483,37.592012174303946,22.80267171710658,5.03836052101721,2.5724388025810017,0.32695866823043374,False,False
7.044679756154764,0.1009121503257453,0.09548661307356515,51.949949324223496,0.32365016119619405,9.563613866116032,2.1086695469921426,17.619251251676573,2.277558049562589,10.919179994031483,38.253562332247924,21.53474832764929,3.193113612406697,5.693496377058868,0.509090055366574,False,False
6.975026943064102,0.10412419816687396,0.004680589888810995,55.38280383117119,0.17213265637284703,9.072487707569225,1.6261270462111896,15.881421417090895,2.277558049562589,10.37973387620442,38.539507861044584,22.55389712728171,4.165295236390347,5.693496377058868,0.509090055366574,True,False
7.133034409437532,0.09454540327892759,0.18566347274123593,46.80094581389747,0.3454602838806185,9.670598314396145,2.279175124056033,17.619251251676573,2.436564706406596,9.687491330592275,40.82043094826637,21.150263113407675,2.265543604361203,5.693496377058868,0.32695866823043374,False,False
7.413010528706891,0.08143664777796455,0.8314405239285021,30.776952864940853,0.7985589289113629,11.157554599701248,1.7758624140380308,18.407230638888485,3.1836930165137107,12.624973944279542,39.73043867747434,22.55389712728171,0.2833922341003332,3.03655528920824,0.17981907225363664,False,False
7.048570101482108,0.10780858081058846,0.22023285322853864,46.358203020787,0.3756259227175663,9.726053658643957,1.6491451658820142,17.619251251676573,2.436564706406596,12.624973944279542,38.66923289334664,20.10506100771495,5.328541835113827,3.03655528920824,0.17981907225363664,False,False
7.319996600210658,0.08355673635301696,0.3643594830253273,41.097924521988446,0.4527683964688751,10.120789687919356,2.236303527759645,16.395457905120224,2.436564706406596,10.37973387620442,43.33413311947145,21.150263113407675,0.2833922341003332,5.693496377058868,0.32695866823043374,False,False
7.213778342203046,0.0987942382669642,0.07875987294474836,49.89483452297328,0.2407053906416421,9.607846400759831,1.8170939462362574,16.395457905120224,0.376230051239565,10.919179994031483,41.95586769546645,22.55389712728171,4.165295236390347,3.03655528920824,0.5975167012619832,False,False
7.0111767136629135,0.10011546894852465,0.14900276039623567,49.34264428103678,0.34297931601618115,9.510446881182546,2.2519733229165753,17.619251251676573,4.090725889160093,9.235203148768639,37.26306554165366,22.55389712728171,3.193113612406697,5.717784760822194,0.32695866823043374,False,False
7.835568696168854,0.09070537341111157,0.07262406878634776,65.27641133952346,0.35335515050443783,10.890410107429599,2.1286407781307894,16.395457905120224,2.256863088856377,10.919179994031483,44.59785704953952,19.742143375632182,1.1851812512289528,2.5724388025810017,2.330878533010259,False,False
6.924774099466852,0.10459152688181772,0.07526037132838312,50.154085917861906,0.26855623998488143,9.21857563590564,1.797998012425115,17.060143271282318,3.064837406532287,10.37973387620442,37.82243964238358,21.634235117894537,4.165295236390347,5.693496377058868,0.17981907225363664,False,False
7.003758102606937,0.09708204161938637,0.1098049553023284,47.59494105585878,0.23559888750261482,9.24066176199255,2.2669170003444354,17.619251251676573,0.16613530911758995,9.914771387871209,40.834537009877046,22.398875979738378,3.193113612406697,5.693496377058868,0.17981907225363664,True,False
7.298779578708463,0.10009925562274845,0.3594582739916555,39.989027488385275,0.43180592482764435,10.149498688728475,1.4737874224301404,17.619251251676573,4.121757766983191,9.687491330592275,41.4565217976335,21.150263113407675,4.851203240683862,0.9227798139008194,0.19073168512210362,False,False
6.9633491673918435,0.10637057170468868,0.01287888585137898,54.77545458633411,0.26491853690967393,9.3431177895592,2.0125093057833303,18.407230638888485,2.256863088856377,10.37973387620442,37.438027613827245,21.150263113407675,4.165295236390347,5.693496377058868,0.509090055366574,False,False
6.97549626280291,0.10103541021424288,0.25734543492634837,46.753968500415375,0.42041575457827896,9.684640817601087,2.3154129186959276,17.619251251676573,2.256863088856377,12.624973944279542,37.28221954006062,21.150263113407675,3.193113612406697,5.693496377058868,0.17981907225363664,False,False
7.11042238314656,0.09002750652059975,0.26737755407125197,43.01438148779918,0.37774454093577936,9.713959669614054,2.3014207270071654,17.619251251676573,0.16613530911758995,10.919179994031483,41.132047420867785,22.55389712728171,1.7361734477123427,5.693496377058868,0.17981907225363664,True,False
6.898969662888635,0.10754627321218693,0.0,57.3182985334499,0.1221421127325909,8.897004698677282,2.293788636016659,17.060143271282318,0.7821602774574582,10.37973387620442,38.17027577466479,22.55389712728171,4.851203240683862,5.693496377058868,0.509090055366574,True,True
7.485338305767665,0.09071848332133864,0.48009772622269953,38.361192445517176,0.535898704491251,10.690502963158082,2.0200950394301467,17.619251251676573,2.277558049562589,10.919179994031483,42.49631548885695,22.55389712728171,3.193113612406697,0.4315944208174224,0.509090055366574,False,False
7.6371647028964835,0.10367385140246663,0.0,86.86875645093225,0.10550318359733946,10.144070340099084,2.0113044958841098,17.619251251676573,2.256863088856377,9.596565698406014,41.26247243657713,18.549314659675513,1.9196107426911695,5.693496377058868,3.102425745058354,False,True
7.359146098320606,0.09367831847526402,0.11613309127538643,57.64888304135928,0.39925716923037363,10.201454205265012,2.052559348571575,16.395457905120224,3.9992789621241465,10.919179994031483,39.34208433409445,21.150263113407675,1.1851812512289528,5.717784760822194,1.2907696791708685,False,False
7.387895612491474,0.08696303930710676,0.47870734377351964,37.62168095711706,0.5239005389546635,10.386510315451948,1.4293566742766173,16.395457905120224,4.090725889160093,10.919179994031483,44.02231716772563,18.983641767207462,1.1075121559758951,4.30134604852557,0.17981907225363664,False,False
6.954681199490377,0.11388708200431594,0.012168921306854551,54.82805044673568,0.19131662179064912,9.143000168105887,2.035515045983192,17.851476159936148,2.436564706406596,11.910709618142484,41.030297228671294,15.490841592430987,5.328541835113827,5.693496377058868,0.25807248223978885,False,False
7.0622777983871465,0.09780493730457063,0.29111689288370346,46.74215109699289,0.4558763522165865,9.893607613985361,2.285996710893938,17.619251251676573,2.256863088856377,12.624973944279542,37.87180526528194,21.150263113407675,2.49827520158941,5.651609466678046,0.32695866823043374,False,False
7.225587056418873,0.08657401578198873,0.6042983482675571,37.90746579182424,0.6604688830682134,10.543081255830867,1.8942453124094751,18.24888196003123,3.697566025835044,11.910709618142484,38.8115832154074,21.150263113407675,0.2833922341003332,5.717784760822194,0.17981907225363664,False,False
7.237454624219234,0.08966264265316741,0.3614286352182676,41.79851662083322,0.4596534167979176,9.957666307505892,2.357228314968838,14.584432957597802,6.899448016329197,9.687491330592275,40.55241930613149,21.150263113407675,1.2526298266290534,5.693496377058868,0.17981907225363664,False,False
7.539376506453328,0.0793864176386326,0.7078153061902448,32.42870373379854,0.6916567496176883,11.025838071674444,2.156203656456909,17.619251251676573,4.35292021760912,9.914771387871209,42.53139145819295,22.398875979738378,0.2833922341003332,2.5724388025810017,0.32695866823043374,False,False
7.508791415235844,0.08273223858295112,0.5107753511133469,35.66055743042557,0.5298041149828688,10.599855515404828,2.079226674495074,16.395457905120224,2.256863088856377,10.919179994031483,45.201412798755435,21.150263113407675,1.1851812512289528,2.564683180369424,0.32695866823043374,False,False
7.215700322238447,0.08919676144829007,0.31813866722471507,43.55627637885394,0.43901458838995105,9.991319937917755,2.2304554703812327,17.060143271282318,2.256863088856377,10.919179994031483,41.38362585214057,21.150263113407675,1.1851812512289528,5.717784760822194,0.32695866823043374,False,False
7.246477530118295,0.08735834329465948,0.5000476250118256,40.931015545674505,0.5935424515698609,10.40141793936628,1.969489070177586,17.619251251676573,4.35292021760912,10.919179994031483,39.04856902019528,21.53474832764929,0.4805877597856303,5.717784760822194,0.32695866823043374,False,False
7.575119535090389,0.08137150849607973,0.6795664894316635,33.11377956757168,0.6716103470628212,11.033386420473331,2.0607725962004344,17.627358284469853,4.35292021760912,10.37973387620442,44.20757687954315,20.052425511576395,0.4805877597856303,2.5724388025810017,0.32695866823043374,False,False
7.223533898246115,0.10545694643762622,0.21916278732186611,45.17541130467553,0.35765298000165396,9.892002939801898,1.9928005797573753,16.395457905120224,4.090725889160093,10.919179994031483,40.26440555924658,21.150263113407675,5.668088247271442,1.1849206235320653,0.32695866823043374,False,False
7.097374787826178,0.09722711029744979,0.3337582715379545,44.225460228940406,0.4650230538531035,9.956388776054919,1.8769154600343494,19.229719248936494,2.277558049562589,11.317684679029282,39.81956631697888,19.14014968493542,2.34200657124483,5.693496377058868,0.17981907225363664,False,False
7.063957894000642,0.10435024819070161,0.11706592681019216,47.05703103379814,0.2322922471498048,9.331599266786935,1.9593812575213045,17.619251251676573,3.1836930165137107,8.113613256919093,39.98462915103322,22.55389712728171,5.328541835113827,3.03655528920824,0.17981907225363664,False,False
7.423973251724959,0.08236189933247998,0.8553135654020368,30.708197050435103,0.8227658427177491,11.249789561428154,1.8862126148473126,17.619251251676573,2.256863088856377,15.106579121162127,40.36727682933504,21.150263113407675,0.2833922341003332,3.03655528920824,0.17981907225363664,False,False
7.108303691832406,0.09949091909639575,0.3757915134366172,45.61968754775879,0.5292231813435988,10.181286690676718,1.8619287842639678,20.107522852369698,2.277558049562589,12.430870142519446,38.87518616917772,17.971066845976814,2.34200657124483,5.693496377058868,0.3022929920900289,False,False
7.543763254305003,0.08649946153030406,0.7241121172656684,30.63287656069661,0.6832756830764434,11.05307038124068,1.4092510325136673,17.619251251676573,4.35292021760912,10.919179994031483,43.05066757529087,21.150263113407675,2.267726799176741,0.4601719765538954,0.17981907225363664,False,False
7.0346684884069655,0.11252994037131588,0.2871856073330973,46.78744372227703,0.45237385388557094,9.95435612395153,2.0297437379696284,20.107522852369698,3.1836930165137107,12.430870142519446,37.7342783923754,17.659172987488436,5.668088247271442,3.03655528920824,0.17981907225363664,False,False
7.413010528706891,0.08143664777796455,0.8314405239285021,30.776952864940853,0.7985589289113629,11.157554599701248,1.7758624140380308,18.407230638888485,3.1836930165137107,12.624973944279542,39.73043867747434,22.55389712728171,0.2833922341003332,3.03655528920824,0.17981907225363664,False,False
7.280678071226706,0.0865386295203681,0.48904294011254,39.00903716282272,0.5545617995180869,10.318635199681564,1.6003003156771123,17.619251251676573,4.35292021760912,10.16080495273059,41.460694857309186,20.052425511576395,0.4805877597856303,5.693496377058868,0.17981907225363664,False,False
7.439915063343567,0.11337675970153434,0.026839005803809338,66.52328808034216,0.3050519090578597,10.385465805574366,1.605448386493409,20.107522852369698,0.7821602774574582,12.430870142519446,40.02651087810551,17.971066845976814,5.668088247271442,1.194700832145981,1.8190799241536448,False,False
7.299079695774181,0.0841121504755458,0.5686754656192285,38.29826033980268,0.6284520094837397,10.578294685376692,2.0910381841946717,17.619251251676573,2.585916213720957,12.014786841919388,39.83190162983634,22.398875979738378,0.2833922341003332,4.9389171807776036,0.32695866823043374,False,False
7.508791415235844,0.08273223858295112,0.5107753511133469,35.66055743042557,0.5298041149828688,10.599855515404828,2.079226674495074,16.395457905120224,2.256863088856377,10.919179994031483,45.201412798755435,21.150263113407675,1.1851812512289528,2.564683180369424,0.32695866823043374,False,False
6.8717335102149555,0.11474329386688802,0.0,56.61780835830498,0.1545414815244492,9.009367540073324,1.7328697377162914,20.107522852369698,0.16613530911758995,10.919179994031483,39.76613714350794,17.352481408412547,5.668088247271442,5.693496377058868,0.32695866823043374,False,True
7.285518134739268,0.08736182036257567,0.5489017745892106,40.18075165450024,0.6343991433865032,10.562087684539868,2.092318086933752,17.619251251676573,4.35292021760912,11.910709618142484,39.70821062546724,20.10506100771495,0.2833922341003332,5.693496377058868,0.32695866823043374,False,False
7.375300588455257,0.08625959025191655,0.7592938896356775,34.246687902711685,0.7718563930268996,11.106775220571949,1.9673641780854094,18.407230638888485,2.256863088856377,13.999299850198353,38.70588619494627,22.55389712728171,1.1851812512289528,2.564683180369424,0.32695866823043374,False,False
7.546775309488031,0.0867319816150794,0.335819060947904,46.34437729636071,0.49737248104834253,10.66623418632497,2.110480962683535,15.512832006016465,2.256863088856377,12.624973944279542,43.25313657888989,21.150263113407675,1.1851812512289528,3.03655528920824,0.9801947281128667,False,False
7.230943771071671,0.08832913884972397,0.46935122670949425,39.1922409285249,0.5363960291026888,10.263506316728643,2.1686134772825074,18.407230638888485,2.256863088856377,10.919179994031483,40.88858735735508,21.150263113407675,1.1851812512289528,5.01287548397831,0.17981907225363664,False,False
7.476251151729348,0.08163387419704207,0.7382944847854411,33.21124524865742,0.7349563815607194,11.109595922222008,2.258440936902322,18.407230638888485,2.256863088856377,12.624973944279542,41.91376302302892,21.150263113407675,0.2833922341003332,3.03655528920824,0.32695866823043374,False,False
7.154783856291815,0.09150038236188471,0.3808920880775545,42.148718849273294,0.4851745558516159,10.003444763282804,2.2021628457059816,16.395457905120224,3.3405300434503786,11.910709618142484,39.80059731932157,21.150263113407675,1.529126551245161,5.693496377058868,0.17981907225363664,False,False
7.493218990081097,0.1086470429825118,0.0,87.81228006580704,0.07824736484243588,9.894774054946566,2.208494668242705,17.619251251676573,2.436564706406596,9.687491330592275,38.61778827126866,20.10506100771495,3.0282302901369076,5.520583958484555,2.9850291837194773,False,True
7.4272119981875075,0.08308870901912035,0.5693781698867924,36.75387317108543,0.607199893203834,10.653027994870236,1.5484733017591554,16.395457905120224,4.35292021760912,10.919179994031483,42.0393207435539,21.53474832764929,0.4805877597856303,3.9508263840199174,0.32695866823043374,False,False
7.430799675818516,0.09102180387834559,0.0790740567689405,56.11600033970135,0.3601598878260731,10.210304916187686,1.474467740943419,16.395457905120224,2.256863088856377,10.919179994031483,41.789409484206104,21.150263113407675,1.1851812512289528,5.01287548397831,1.2907696791708685,False,False
8.20539057822825,0.09678414811818452,0.10394809879265245,90.20586408295296,0.3864020021610893,11.791151396990662,2.098282010155303,18.407230638888485,2.256863088856377,12.624973944279542,42.94002446274043,16.658768330374006,0.2833922341003332,2.5724388025810017,4.256308498179828,False,False
7.512207706648997,0.10174671748699746,0.0,75.16369169803946,0.2255728065158782,10.177988876986886,1.8982733507075387,17.619251251676573,2.3216201692194227,10.919179994031483,41.030330888356865,18.191290230501462,1.893952556145072,5.693496377058868,2.330878533010259,False,True
7.2323819970374466,0.08574757842898396,0.5676041053247077,38.0404548226698,0.623650340773952,10.461272512093982,2.140803726209988,17.619251251676573,2.585916213720957,12.624973944279542,39.862887793502416,21.150263113407675,0.2833922341003332,5.693496377058868,0.17981907225363664,False,False
7.021199693930647,0.09835324465720281,0.11016264260833482,47.56844273033081,0.27553968169533083,9.350806860991325,1.654625475184563,15.685614138334952,0.6613349955663357,12.624973944279542,40.81138474669229,21.150263113407675,3.193113612406697,5.693496377058868,0.17981907225363664,False,False
6.993181981615194,0.10255721656081698,0.027838426958633165,53.66721623581789,0.25390809572557593,9.315102445222402,1.7768393530382847,17.060143271282318,2.277558049562589,10.37973387620442,37.821986421692586,22.55389712728171,3.704094821550931,5.693496377058868,0.509090055366574,True,False
7.712159443844348,0.07641938886212539,0.9577414447032596,24.415364766640522,0.8412116354537457,11.62072111462675,2.318967167864596,16.395457905120224,4.35292021760912,12.624973944279542,44.28437003775028,21.53474832764929,0.41751726736016903,0.21019322797774237,0.17981907225363664,False,False
6.933427778721159,0.1134851890793633,0.0,57.30327985460093,0.06833517229256336,8.794717223295649,2.1826007032549306,17.619251251676573,2.3216201692194227,9.596565698406014,41.4215381797247,17.352481408412547,5.668088247271442,5.693496377058868,0.32695866823043374,False,True
7.129265708521765,0.09570360106353609,0.14542699978980808,47.76786862389928,0.31678065975040276,9.56999601464531,1.914857072776093,14.601462723158493,2.256863088856377,12.624973944279542,41.31089040808917,20.68707958873771,2.49827520158941,5.693496377058868,0.32695866823043374,False,False
7.22980472908332,0.08878226875403235,0.29652554288242117,43.65881151233863,0.4176729351930251,9.941466762667375,2.127914907332252,16.395457905120224,2.436564706406596,10.919179994031483,41.89289798451576,21.150263113407675,1.1851812512289528,5.693496377058868,0.32695866823043374,False,False
7.718376305698022,0.08514055738106079,0.18379782771856784,55.31440554201137,0.464731390381141,10.883918410472296,1.669970150649877,16.395457905120224,3.3405300434503786,10.37973387620442,43.346494624582334,21.150263113407675,0.2833922341003332,3.4009050827770415,1.7032231203575936,True,False
7.306483621547873,0.08470736175273677,0.4345970655540282,40.4689968069602,0.5179125468754515,10.252582681280987,1.8122166968427633,16.395457905120224,4.090725889160093,10.37973387620442,41.65214773646773,21.20275298979829,0.2833922341003332,5.693496377058868,0.3022929920900289,False,False
7.543435832639749,0.08545071845794361,0.7645381666589179,30.7119164322725,0.7270507644031399,11.149642826541626,1.3467947046795676,16.395457905120224,4.090725889160093,13.294272161209964,43.02392790201355,20.18361664091778,1.6363471929242235,1.1849206235320653,0.19073168512210362,False,False
7.301605803487328,0.0860283313378384,0.40042279275171216,41.426564890583364,0.49549532414300945,10.22570309442506,2.0865778712598244,16.395457905120224,2.436564706406596,11.910709618142484,42.65116395754082,20.10506100771495,0.4805877597856303,5.693496377058868,0.32695866823043374,False,False
7.108549422250069,0.10944353085057461,0.36482285978384005,44.342255028491905,0.4994594579710697,10.14154267294606,1.48044412911334,19.567628091435292,4.121757766983191,12.026654272914094,37.88535169201987,18.425938548382934,5.328541835113827,2.4643087208971615,0.17981907225363664,False,False
7.545589001900286,0.07992189363633277,0.6499333834376584,33.27184833796305,0.6425984624107554,10.89539444079935,2.078599035306683,16.395457905120224,4.35292021760912,10.37973387620442,43.40332941609873,22.09632897658203,0.4805877597856303,2.564683180369424,0.32695866823043374,True,False
7.206435982992616,0.09886826174854661,0.5164935158188017,39.6079620442507,0.5920513885788212,10.424686711992223,1.7413835252810668,17.619251251676573,4.35292021760912,12.624973944279542,37.9067243055957,21.150263113407675,3.593609292596743,2.5724388025810017,0.17981907225363664,False,False
7.604332195504438,0.07936743052810016,0.997286499144806,26.184366157259902,0.9081238467245296,11.671463425054077,2.0884305200784214,16.395457905120224,4.090725889160093,15.106579121162127,41.597929428395375,21.150263113407675,0.2833922341003332,1.1849206235320653,0.19073168512210362,False,False
7.449462835969978,0.09727677210891665,0.06426611183520126,72.70211309463787,0.3445375059209782,10.369343709733617,2.1304613643364614,16.395457905120224,2.256863088856377,12.646499404731102,36.91343792894918,22.55389712728171,1.1851812512289528,5.717784760822194,2.330878533010259,False,False
7.227830659582682,0.09807829898335615,0.5169746739548347,38.20636162109294,0.572598953454454,10.485863760814214,1.477397347291494,19.99561861999952,0.7821602774574582,12.624973944279542,39.6520798978351,21.150263113407675,3.9295790601258886,1.6855060146411849,0.17981907225363664,False,False
7.703343319120844,0.10417889234999599,0.09317233508523572,67.73911320845988,0.37503357144976457,10.847462038620032,2.2456713375717987,16.395457905120224,4.090725889160093,11.92605137406392,39.5612981974295,21.20275298979829,4.165295236390347,0.3275398750273639,2.330878533010259,False,False
7.344080564708633,0.08371803609747244,0.3579689812098749,40.827319482449816,0.44217275668572564,10.122539572114466,2.379232083807019,16.395457905120224,2.436564706406596,10.37973387620442,44.40400090130458,20.10506100771495,0.2833922341003332,5.693496377058868,0.3022929920900289,False,False
6.973383811887228,0.1106343824327645,0.0,57.02810817006508,0.1818341017112297,9.181303334335917,1.6659244757655893,18.96769535079744,1.539191886540265,10.37973387620442,39.862354451817325,18.19723476153124,4.851203240683862,5.693496377058868,0.509090055366574,False,True
7.385090495605308,0.09114531190829216,0.5041170502261172,35.70054359779303,0.523349046714378,10.499640001148524,2.3604381981406712,16.395457905120224,0.16613530911758995,14.083760780199388,43.63561697109426,21.150263113407675,3.193113612406697,1.1849206235320653,0.19073168512210362,False,False
7.539300304174545,0.08801775650762438,0.021699316969532225,61.66620156280362,0.29962953733769737,10.20674509296334,1.7597634429371578,14.844452887982898,2.436564706406596,10.919179994031483,42.96942756665455,21.150263113407675,0.2833922341003332,5.693496377058868,1.7032231203575936,False,False
7.254513737819919,0.09475916925575953,0.3111377587617433,45.13599437035475,0.45412524209631266,10.05206023999633,1.601942550389664,16.395457905120224,5.97494100485281,10.37973387620442,41.43893968624645,18.054299034574445,1.7361734477123427,5.693496377058868,0.32695866823043374,False,False
7.550398544695927,0.0804688983642209,0.6673198149224591,33.19785724971831,0.6598874476487245,10.951235458459232,1.8986833832006171,16.395457905120224,4.35292021760912,10.919179994031483,43.4254639472044,21.53474832764929,0.4805877597856303,2.564683180369424,0.32695866823043374,False,False
7.283185688396678,0.09343511639069392,0.3948283780956032,39.2820152846722,0.45905289179524456,10.12671351515477,1.716107785532695,16.395457905120224,4.35292021760912,9.914771387871209,40.99260302241973,22.398875979738378,3.193113612406697,2.5724388025810017,0.17981907225363664,False,False
7.143738792567844,0.10707501592793989,0.08949878703373963,49.09927025058073,0.22496240571728388,9.461132611279274,1.877964275091028,16.395457905120224,2.3764404751013606,10.919179994031483,41.882433222106044,19.866758307769594,5.668088247271442,2.564683180369424,0.32695866823043374,False,False
7.594277725954908,0.09264480711224148,0.09504166331448687,68.61908773822299,0.3770057127316246,10.598856415151038,1.7783822574826158,17.619251251676573,3.3405300434503786,10.37973387620442,40.35264368737999,20.10506100771495,0.2833922341003332,5.693496377058868,2.2258915224144857,False,False
7.011045019475725,0.1003890232790688,0.06248549015684304,51.10047946938087,0.19461841109232636,9.173030155499447,2.3593136130283585,17.619251251676573,0.7821602774574582,9.596565698406014,40.7807329745143,21.573253596877414,3.6275811557789446,5.693496377058868,0.32695866823043374,True,False
6.963777898101633,0.10040239409268933,0.23489691870844992,46.87219194966699,0.3984161787500652,9.628655692847587,2.3063085549236946,16.395457905120224,0.16613530911758995,15.106579121162127,38.115135489473175,21.150263113407675,3.193113612406697,5.693496377058868,0.17981907225363664,True,False
6.9684537419109605,0.10100402130651685,0.06673752651116316,50.78547851301052,0.2321585281852167,9.20292796414374,2.153771412354359,17.060143271282318,1.267865399760961,10.37973387620442,39.03847613477076,22.55389712728171,3.704094821550931,5.693496377058868,0.3022929920900289,True,False
7.274838434844145,0.09914668315361697,0.11921460057227964,61.904811085003296,0.402508161538596,10.198170474954317,1.9985660447516282,17.619251251676573,2.256863088856377,12.646499404731102,37.24592881413727,21.150263113407675,1.9196107426911695,5.693496377058868,1.468087207440962,False,False
7.940629997133457,0.09249051506499306,0.17103595841946637,78.32053455966971,0.4571796940673779,11.461822260378177,2.35799802866386,18.407230638888485,3.1836930165137107,10.919179994031483,39.294727952886646,21.53474832764929,0.2833922341003332,2.988851006942471,3.3881768289875853,False,False
7.491281553660878,0.07995695817340828,0.8154239151248761,30.00003142095024,0.7705973429876869,11.142727950065309,2.1989054116424467,16.395457905120224,4.35292021760912,12.624973944279542,41.19212184431776,22.398875979738378,0.2833922341003332,2.5724388025810017,0.17981907225363664,True,False
7.22980472908332,0.08878226875403235,0.29652554288242117,43.65881151233863,0.4176729351930251,9.941466762667375,2.127914907332252,16.395457905120224,2.436564706406596,10.919179994031483,41.89289798451576,21.150263113407675,1.1851812512289528,5.693496377058868,0.32695866823043374,False,False
7.291698245494411,0.0874847615263523,0.4732034754293215,41.12356959932774,0.5679640175374524,10.38275803488458,1.6473718935202382,16.395457905120224,4.35292021760912,11.910709618142484,40.73480844633829,20.10506100771495,0.4805877597856303,5.693496377058868,0.32695866823043374,False,False
7.51323873825571,0.08314584641889398,0.5274824186105962,35.61272405013677,0.5467488806196918,10.635652364783517,1.905454372527955,16.395457905120224,3.3405300434503786,10.37973387620442,44.657191961988495,21.150263113407675,1.1851812512289528,2.564683180369424,0.32695866823043374,False,False
7.609097064599902,0.08340466632290373,0.7721831529538605,31.43850300866579,0.7454634745669668,11.250410161796681,2.339044224815736,16.395457905120224,6.572888052507989,10.919179994031483,42.26515039194118,21.150263113407675,1.1851812512289528,1.1849206235320653,0.32695866823043374,False,False
6.981282171752202,0.09792368217748956,0.11386505925449639,47.55341922767093,0.28042885923864735,9.336543056504969,2.327653090319271,17.619251251676573,0.16613530911758995,10.919179994031483,39.650215757813996,22.55389712728171,3.207092497897666,5.693496377058868,0.19073168512210362,True,False
7.243459834964427,0.10080264734560992,0.12123796233628431,46.74795672887248,0.27593138524805755,9.683048555896228,1.3718682861768874,16.395457905120224,2.3216201692194227,10.919179994031483,43.98645370070322,18.54205396657376,4.165295236390347,3.3429803597311065,0.32695866823043374,False,False
7.344080564708633,0.08371803609747244,0.3579689812098749,40.827319482449816,0.44217275668572564,10.122539572114466,2.379232083807019,16.395457905120224,2.436564706406596,10.37973387620442,44.40400090130458,20.10506100771495,0.2833922341003332,5.693496377058868,0.3022929920900289,False,False
7.495992167933438,0.10598232955754683,0.0,73.88928920689607,0.1941738520397337,10.113768081214221,1.982408162679603,16.395457905120224,2.3216201692194227,10.919179994031483,38.741232232365554,22.55389712728171,4.165295236390347,2.5724388025810017,2.330878533010259,False,True
7.277863930301106,0.08557886581805718,0.4710392632245093,40.51842769229624,0.5570630059064706,10.386655898434926,2.3285999228544147,16.395457905120224,0.4698847210612761,14.671545639511834,42.05420344720208,20.10506100771495,0.2833922341003332,5.693496377058868,0.32695866823043374,False,False
7.374800405487767,0.08589029708379707,0.6863047004279257,33.731644209317345,0.6875181106614237,10.856321447608497,2.0066344251360535,18.407230638888485,2.256863088856377,12.624973944279542,41.159113601877095,21.150263113407675,1.1851812512289528,3.03655528920824,0.17981907225363664,False,False
7.598981445438392,0.08043526420777403,0.623680093870874,33.47195461867108,0.6177509362347869,10.904011056595705,2.257474695528299,16.395457905120224,4.35292021760912,10.37973387620442,45.43947725889277,20.052425511576395,0.4805877597856303,2.5724388025810017,0.32695866823043374,False,False
7.637747904501327,0.07745845542186025,0.8277370524515838,28.598907265585567,0.7636344283933623,11.380183630635441,2.301315033410878,17.619251251676573,2.436564706406596,12.026654272914094,43.74024705781892,22.446956469266944,0.4805877597856303,0.9227798139008194,0.32695866823043374,True,False
7.437352139505127,0.08297044819193473,0.5552450086208045,36.82460062939616,0.5932966310063976,10.633210487831775,1.5383269245196662,16.395457905120224,4.090725889160093,10.919179994031483,42.633510409853926,21.20275298979829,0.4805877597856303,3.9508263840199174,0.32695866823043374,False,False
6.974638015062329,0.10116157429216206,0.26365010218246937,46.72772136420753,0.42669339558862307,9.698245789471347,2.3106381739516415,17.619251251676573,2.4228684545395196,12.624973944279542,37.11621417437749,21.150263113407675,3.193113612406697,5.693496377058868,0.17981907225363664,False,False
6.86610668155043,0.10801033903750533,0.018297547908142305,54.37402722591326,0.19277933283506227,8.997362611304881,2.0242448202099235,17.619251251676573,2.436564706406596,9.687491330592275,36.831137298069685,22.55389712728171,4.851203240683862,5.693496377058868,0.32695866823043374,True,False
6.924742744558273,0.10386728191427169,0.049330355037438794,52.07504313687712,0.22184301485810565,9.127286516044311,1.8702044885229243,17.060143271282318,1.7947738109614444,10.37973387620442,38.050367308730856,22.55389712728171,4.165295236390347,5.693496377058868,0.3022929920900289,True,False
7.381426768489109,0.09356483120461632,0.07096611698097861,60.43353452319179,0.3516060113497733,10.1464334147233,2.032766457428476,15.374641370222529,2.256863088856377,12.646499404731102,40.200679803290214,21.150263113407675,1.1851812512289528,5.717784760822194,1.468087207440962,False,False
6.8240181029843585,0.11620942250891149,0.0,56.119768963562954,0.252621358254971,9.205305307542613,1.8476490271944235,20.107522852369698,0.7821602774574582,12.430870142519446,37.01983658911584,17.971066845976814,5.668088247271442,5.693496377058868,0.32695866823043374,True,True
6.837342156460054,0.1105839494017664,0.02750072347891312,53.6922341120111,0.15805319043059607,8.90056977455572,2.1995073157527303,17.619251251676573,0.1952368419387342,11.910709618142484,38.96788399610093,20.10506100771495,5.328541835113827,5.693496377058868,0.17981907225363664,False,False
7.0228903110018415,0.10262620783220848,0.02644528318581034,53.77042363675056,0.23167835724057118,9.301787859099361,2.0043874769150802,17.619251251676573,2.277558049562589,9.596565698406014,39.026690149501036,21.573253596877414,3.704094821550931,5.693496377058868,0.509090055366574,True,False
7.2771737143846,0.08712846740470905,0.4737876101084252,40.74839185979921,0.5632374094830379,10.366381641127635,1.995776076404397,16.395457905120224,3.0610380319118806,12.857112129748014,41.1049537965704,20.10506100771495,0.4805877597856303,5.693496377058868,0.3022929920900289,False,False
7.291698245494411,0.0874847615263523,0.4732034754293215,41.12356959932774,0.5679640175374524,10.38275803488458,1.6473718935202382,16.395457905120224,4.35292021760912,11.910709618142484,40.73480844633829,20.10506100771495,0.4805877597856303,5.693496377058868,0.32695866823043374,False,False
7.103959068320551,0.09388818776185555,0.3632304664905681,43.26639982377044,0.4824583324463464,9.953599620752756,1.866434627484111,17.619251251676573,3.5876894351044424,10.919179994031483,38.496786917437944,21.573253596877414,1.9196107426911695,5.693496377058868,0.19073168512210362,False,False
7.444736764555161,0.08203568491196088,0.5895578571550137,36.16687315746867,0.620130052477916,10.703833689037065,1.6422712917786986,16.395457905120224,4.35292021760912,10.919179994031483,42.236516269239196,21.53474832764929,0.2833922341003332,3.9508263840199174,0.32695866823043374,False,False
7.440274915497615,0.09404738330403878,0.6843340702730422,33.369871481550625,0.6802871251916748,10.980585541100348,1.3884042265668493,20.036430684587625,4.35292021760912,10.37973387620442,41.193172702462654,20.052425511576395,3.373903514488722,0.4315944208174224,0.17981907225363664,False,False
7.558891535741614,0.09428165812872251,0.11913341177014594,69.04219667891306,0.40242250735234486,10.619806351317656,1.9243612345941998,16.207061372086798,3.0610380319118806,12.857112129748014,39.37325241141466,20.10506100771495,0.4805877597856303,5.693496377058868,2.2223909102791968,False,False
7.376030467870097,0.0894115100956008,0.44358133822151247,38.8988153017781,0.5050301505902325,10.366150142731085,2.088380091380135,16.395457905120224,4.35292021760912,9.914771387871209,41.54154932006147,22.55389712728171,2.34200657124483,2.5724388025810017,0.32695866823043374,False,False
7.2989839544562205,0.08736141622924423,0.5296632470254825,39.728163363591065,0.6076572304414353,10.589115239229194,2.300453527072931,20.107522852369698,0.7821602774574582,12.430870142519446,42.42919827842735,17.971066845976814,0.2833922341003332,5.693496377058868,0.3022929920900289,False,False
7.441438580749339,0.09259994196368836,0.19332081244160468,61.57791325662444,0.48069021506073384,10.618898633579255,2.2083256764264885,17.619251251676573,2.4228684545395196,12.624973944279542,38.26998852054519,21.150263113407675,0.4805877597856303,5.693496377058868,1.7385705787070072,False,False
6.877496422509698,0.11523075908960505,0.0,56.56978214050557,0.18048287546902825,9.042994666890213,2.349271565566861,20.107522852369698,2.9729618080724447,8.952353586501259,38.30755161451904,17.971066845976814,5.668088247271442,5.693496377058868,0.32695866823043374,False,True
7.177610364176897,0.09786943553452339,0.4104124940978794,44.770481824956164,0.5536548588360224,10.328732330474999,1.7058708230872865,20.088495885466173,2.4228684545395196,12.624973944279542,40.169276176008196,16.754319751726097,1.9196107426911695,5.693496377058868,0.32695866823043374,False,False
7.315888941765027,0.09432331778104006,0.2886490467597139,42.12191344388357,0.38747641405865096,10.040615873313303,1.7146460121397573,16.395457905120224,2.256863088856377,10.919179994031483,43.03079871671631,21.150263113407675,3.3557953332680786,2.564683180369424,0.32695866823043374,False,False
7.949806355538832,0.08964072380162626,0.14077175143689266,69.09969301781317,0.42525095570076266,11.248706516870037,1.686467825997156,16.395457905120224,4.35292021760912,10.37973387620442,43.01698789208955,20.052425511576395,0.4805877597856303,2.5724388025810017,2.7494480350336525,False,False
7.092032449527989,0.09367953763410727,0.3600856719031959,43.23956901998788,0.4787584792579536,9.94728335113081,2.2242331080259947,17.619251251676573,2.3216201692194227,11.910709618142484,38.771326559211964,21.573253596877414,1.9196107426911695,5.693496377058868,0.19073168512210362,False,False
7.290298856728258,0.09832145220050953,0.4005887837599804,38.454282080570806,0.45334245074166024,10.216458849132218,2.2363491168499237,17.619251251676573,2.277558049562589,10.919179994031483,41.167496843692724,22.55389712728171,4.851203240683862,0.4315944208174224,0.17981907225363664,False,False
7.582093021313697,0.07929768679950569,0.8460001423771992,29.512052209068905,0.7959059976684126,11.404236348654178,2.108655289389145,18.407230638888485,2.256863088856377,12.857112129748014,42.986122709023014,21.150263113407675,0.2833922341003332,1.7567230938860727,0.3022929920900289,False,False
8.082208200753787,0.09928841033430419,0.019423147833414367,88.82820648451178,0.29722817889909303,11.380783443305303,2.171131592126293,17.619251251676573,2.4228684545395196,10.919179994031483,40.723835973452815,21.150263113407675,1.9196107426911695,1.1849206235320653,4.060069846668706,False,False
6.9901566031036975,0.09868778307594007,0.15417802065521735,47.28056864449726,0.31907339457741,9.411809285975483,1.965828228282531,17.060143271282318,2.4228684545395196,10.37973387620442,38.51692820897283,22.55389712728171,3.193113612406697,5.693496377058868,0.17981907225363664,False,False
7.503554052172549,0.08196404107998172,0.7295432897721584,33.40509575285675,0.7284844772265012,11.111004116399444,2.000236432838708,16.395457905120224,2.256863088856377,14.735611900614408,42.860099906155035,20.10506100771495,0.2833922341003332,3.03655528920824,0.32695866823043374,False,False
7.0218872356427955,0.09881240140431931,0.08789603684886879,49.541874490684,0.28134894094689566,9.380105353745016,2.0925636872423192,17.619251251676573,2.436564706406596,9.235203148768639,38.94151510817048,22.55389712728171,3.193113612406697,5.693496377058868,0.32695866823043374,True,False
7.065013530144406,0.11255091924698651,0.29462490341757763,47.6698643466888,0.4727887785823736,10.070239112687872,2.0498937801902684,20.107522852369698,3.0610380319118806,12.857112129748014,37.313279188266634,17.971066845976814,5.668088247271442,2.719599712365487,0.3022929920900289,False,False
7.471344277783675,0.08139326879784559,0.7423371811971506,33.354670657500215,0.7412639337418301,11.063816861502694,2.1319519705036405,16.395457905120224,4.35292021760912,12.624973944279542,40.58086576171373,22.398875979738378,0.2833922341003332,3.03655528920824,0.32695866823043374,False,False
7.756583627323251,0.08529878283072805,0.2794753971598973,53.360203069974524,0.5378416165007803,11.126832581385571,1.2998199191309918,16.395457905120224,3.9626098257830145,10.919179994031483,42.49415779896061,21.53474832764929,0.4805877597856303,2.5100352683121594,1.7032231203575936,False,False
7.641851723574382,0.07954056799051439,0.7538090420473422,30.69131468954145,0.7154381504991474,11.243267878526664,2.009289464395069,16.395457905120224,3.0610380319118806,12.851663167290717,45.14789992524745,20.10506100771495,0.4805877597856303,1.6313335346987123,0.32695866823043374,False,False
6.921990530266276,0.11510408103743197,0.0,57.03511802531836,0.15057482034480468,8.962650916230762,1.218000546113826,16.395457905120224,4.35292021760912,10.919179994031483,39.29141718226588,17.352481408412547,5.668088247271442,5.693496377058868,0.32695866823043374,False,True
7.4272119981875075,0.08308870901912035,0.5693781698867924,36.75387317108543,0.607199893203834,10.653027994870236,1.5484733017591554,16.395457905120224,4.35292021760912,10.919179994031483,42.0393207435539,21.53474832764929,0.4805877597856303,3.9508263840199174,0.32695866823043374,False,False
7.31237687595515,0.08384104195592212,0.3913053604475632,40.64922571269594,0.4748064205179938,10.159162615437353,2.2806921845427635,16.395457905120224,2.9508314196671352,10.37973387620442,42.79204220596069,21.20275298979829,0.2833922341003332,5.693496377058868,0.3022929920900289,False,False
7.035106827488026,0.10533872957451428,0.3177522151620856,44.59814430107584,0.45344402243968174,9.909160735607674,2.2689273643988375,18.407230638888485,2.256863088856377,12.624973944279542,36.96798942811067,21.675365297719193,4.851203240683862,3.03655528920824,0.17981907225363664,False,False
6.933316305914438,0.1041692897833783,0.0741680616797732,50.23500681206242,0.23915838753553786,9.1756410097885,2.1317225695342152,17.619251251676573,1.7947738109614444,10.37973387620442,39.01736726204703,21.150263113407675,4.165295236390347,5.693496377058868,0.17981907225363664,False,False
7.254630428938129,0.08556805687236448,0.4687266825212059,39.28273525380561,0.5370258559755084,10.226747657793899,1.9463578276046702,16.395457905120224,3.9626098257830145,10.919179994031483,40.823188125449384,21.53474832764929,0.4805877597856303,5.693496377058868,0.19073168512210362,False,False
7.215914190165359,0.08922821557036087,0.6812668686152182,38.95717142827711,0.7566194291461021,10.85159107852375,2.0556668262971334,20.6533256754754,3.1836930165137107,12.624973944279542,37.15376475276716,20.10506100771495,0.2833922341003332,5.693496377058868,0.3022929920900289,False,False
7.4540841476994055,0.08120090781024944,0.7848924977618253,31.021004699122628,0.7529262800271593,11.102264434492144,2.220136087971211,18.407230638888485,2.4228684545395196,12.624973944279542,41.89489725332257,21.150263113407675,0.2833922341003332,3.03655528920824,0.17981907225363664,False,False
7.147088809104388,0.09079939087610946,0.46222639244039154,40.95140364748403,0.5539313962059416,10.198194383199827,2.160150880481756,17.619251251676573,2.4228684545395196,12.624973944279542,39.056697960155134,21.150263113407675,1.2526298266290534,5.693496377058868,0.17981907225363664,False,False
7.288970860223949,0.09083815493088793,0.649279083012563,35.85835263834883,0.6787423346880551,10.747866995387037,1.7452281816716682,18.407230638888485,2.436564706406596,13.43234148684301,39.38596105498355,21.150263113407675,1.9712646380088121,3.03655528920824,0.17981907225363664,False,False
7.656023678258648,0.09155198764912598,0.2725906868763202,55.44369383495561,0.5602490389501352,11.128625875826103,1.8546071471353685,16.395457905120224,1.784701425461838,14.904652243690059,41.26785194617973,20.10506100771495,1.3290170831634438,2.5100352683121594,1.7032231203575936,False,False
7.280745797603255,0.0872221969740426,0.46703305427624725,41.11115186568851,0.5612773834693212,10.369891314567983,1.9976152041641666,16.395457905120224,3.0610380319118806,12.857112129748014,41.08028812043,20.10506100771495,0.4805877597856303,5.693496377058868,0.32695866823043374,False,False
7.510787316409696,0.08291117632391759,0.7868333739587976,32.58182971897003,0.7772014635557167,11.256849893989783,1.8900651109327768,16.395457905120224,2.436564706406596,15.57076725214563,42.11216389801553,20.10506100771495,0.4805877597856303,2.5724388025810017,0.32695866823043374,False,False
7.07509580384836,0.09527674231678343,0.21974254354391518,46.81352184537239,0.3815927976333515,9.662644628342004,2.338923493822357,16.395457905120224,3.3405300434503786,10.720305967524403,38.53700072703526,22.55389712728171,2.34200657124483,5.808508666253155,0.3022929920900289,False,False
7.68772254717318,0.08831667568544573,0.20685653793203754,55.18106554195641,0.48715944752711754,10.960759162583393,1.326149145845016,17.708290589478636,2.256863088856377,10.919179994031483,42.44931679451731,21.320889494652242,1.069798115525356,2.5724388025810017,1.7032231203575936,False,False
7.2549087186747885,0.08888673086312471,0.5101792872541608,38.673631445461325,0.5720841651579422,10.360092713744706,1.6953258967958196,17.619251251676573,3.9626098257830145,10.919179994031483,40.167967498387874,21.150263113407675,1.2526298266290534,4.748279417830685,0.17981907225363664,False,False
7.152681944671982,0.09045557483341608,0.470104227425718,40.745698483157575,0.5593130846348128,10.217687371316915,2.1457981114228932,17.619251251676573,2.4228684545395196,12.646499404731102,39.10262107510367,21.150263113407675,1.1851812512289528,5.693496377058868,0.17981907225363664,False,False
7.2771737143846,0.08712846740470905,0.4737876101084252,40.74839185979921,0.5632374094830379,10.366381641127635,1.995776076404397,16.395457905120224,3.0610380319118806,12.857112129748014,41.1049537965704,20.10506100771495,0.4805877597856303,5.693496377058868,0.3022929920900289,False,False
7.361479066243049,0.09026819800962091,0.7020476513875881,34.853630190819416,0.720105018483993,10.988884518309662,1.657457206115978,19.229719248936494,2.3216201692194227,12.803424584031069,38.85619284866415,22.55389712728171,2.34200657124483,1.5908464585322868,0.3022929920900289,False,False
7.7427263287944115,0.07917012475446733,0.658157650117176,35.74897040282177,0.6865515210769242,11.378935889082562,2.353205794572241,16.395457905120224,2.256863088856377,12.857112129748014,45.102367713948674,21.150263113407675,0.4805877597856303,0.9741583014942903,0.7831899876391094,False,False
7.363298414373894,0.09733338058074639,0.0,66.19023003061443,0.236852586635443,9.883511914451175,2.031283281425333,16.395457905120224,2.3216201692194227,10.37973387620442,40.01360421247089,21.573253596877414,1.9196107426911695,5.693496377058868,1.7032231203575936,False,True
7.035169501825102,0.09651482540396662,0.3215386178284351,45.83974030227046,0.4751201266109001,9.909712611958694,2.3280152120303805,19.229719248936494,2.421342796687237,10.720305967524403,36.736938919176424,22.55389712728171,2.34200657124483,5.693496377058868,0.3022929920900289,False,False
7.238799025291612,0.09662284904560005,0.543048628095935,38.600121196818634,0.6057144673580912,10.493314853730219,1.4365596682446589,17.619251251676573,4.090725889160093,12.611235816477434,38.528685301286025,21.150263113407675,3.193113612406697,2.6269059433318613,0.17981907225363664,False,False
7.736656924082937,0.08395872622439811,0.22361122438395256,53.7035607142989,0.4837946374445577,10.974571715637007,2.1769862924488836,16.395457905120224,2.3216201692194227,10.919179994031483,43.20861626916627,22.398875979738378,0.4805877597856303,2.5724388025810017,1.7032231203575936,True,False
7.310302117261808,0.08751664471598572,0.4435427748018939,41.05724701683407,0.5357274848506178,10.404804836871529,2.309876043451823,18.80288444480193,0.7821602774574582,12.430870142519446,43.51197548416942,17.971066845976814,0.4805877597856303,5.693496377058868,0.32695866823043374,False,False
7.369282475292097,0.08862241964066446,0.7409635725174593,33.154703047916854,0.7369670570699292,10.963753333762453,1.9509730229167486,17.619251251676573,4.35292021760912,12.624973944279542,38.8622836992244,22.398875979738378,1.9196107426911695,2.0422650925271797,0.17981907225363664,False,False
7.285811557713545,0.08474444059087437,0.48696629044713635,38.72319136781072,0.548300231618902,10.290776204218778,1.75340882853226,16.395457905120224,4.090725889160093,10.919179994031483,41.43341356112962,20.993602354277275,0.2833922341003332,5.693496377058868,0.19073168512210362,False,False
7.347652647927287,0.08381176566680598,0.351214425377697,41.190079488339116,0.44021273067200895,10.126049245554814,2.354139405234993,16.395457905120224,2.436564706406596,10.37973387620442,44.379335225164176,20.10506100771495,0.2833922341003332,5.693496377058868,0.32695866823043374,False,False
6.8257544914007555,0.11228735857876197,0.032284273132813845,53.33785738748172,0.24281100329832428,9.084257828388367,2.3177073201166376,17.619251251676573,2.436564706406596,11.910709618142484,36.72655613163307,20.10506100771495,5.328541835113827,5.693496377058868,0.17981907225363664,True,False
6.8717335102149555,0.11474329386688802,0.0,56.61780835830498,0.1545414815244492,9.009367540073324,1.7328697377162914,20.107522852369698,0.16613530911758995,10.919179994031483,39.76613714350794,17.352481408412547,5.668088247271442,5.693496377058868,0.32695866823043374,False,True
6.8717335102149555,0.11474329386688802,0.0,56.61780835830498,0.1545414815244492,9.009367540073324,1.7328697377162914,20.107522852369698,0.16613530911758995,10.919179994031483,39.76613714350794,17.352481408412547,5.668088247271442,5.693496377058868,0.32695866823043374,False,True
7.114698967606302,0.10326849438918209,0.23287741409424192,45.69112119512075,0.37946608624600037,9.88052339532566,2.1909169717621526,20.107522852369698,0.16613530911758995,10.919179994031483,39.56303349730317,21.53474832764929,4.817738170928918,2.564683180369424,0.32695866823043374,False,False
7.181652625723893,0.1012352399343412,0.19227987400019014,45.1971989161087,0.3296017817283124,9.765939746130972,1.6457130246936227,17.619251251676573,2.436564706406596,9.687491330592275,40.32574253855527,22.63369806385451,4.851203240683862,2.1190902000004757,0.32695866823043374,False,False
7.233224953952415,0.08562366213200606,0.5614117641057064,38.06623433121765,0.6174845442921937,10.447909930902442,2.203670674157168,17.619251251676573,2.4228684545395196,12.624973944279542,40.025935552683855,21.150263113407675,0.2833922341003332,5.693496377058868,0.17981907225363664,False,False
7.497666367350591,0.09961032630260595,0.08642034761002249,76.06182601678616,0.36791022466341466,10.553539909179998,2.18851682505971,17.619251251676573,2.4228684545395196,12.646499404731102,36.68126784295161,21.150263113407675,1.1851812512289528,5.717784760822194,2.57688392064237,False,False
7.725586663755337,0.07569130361173303,0.9162488741063426,24.85466171310088,0.8036929590800937,11.550529379615673,2.309792010449264,17.619251251676573,4.090725889160093,10.919179994031483,45.31486141168431,21.150263113407675,0.2833922341003332,0.4315944208174224,0.19073168512210362,True,False
7.2094250301566944,0.08808656505998237,0.3299940555656411,41.5232307518991,0.42256961565487083,9.905802854699848,2.215306348924207,16.395457905120224,2.256863088856377,10.919179994031483,42.21973919804278,21.150263113407675,1.1851812512289528,5.693496377058868,0.17981907225363664,False,False
7.2627091234541,0.08844292126491378,0.25714485756072025,43.6024340016906,0.37532344546634533,9.87024883525712,2.1744306130035405,16.395457905120224,2.256863088856377,10.37973387620442,43.65762511796285,20.10506100771495,1.1851812512289528,5.717784760822194,0.3022929920900289,False,False
7.6708144177959685,0.07629046048882719,0.8222952940468018,27.06770947293569,0.736087732631448,11.27949221145474,2.340196462277455,16.395457905120224,4.35292021760912,10.919179994031483,45.13864901283538,21.53474832764929,0.2833922341003332,1.1849206235320653,0.19073168512210362,True,False
7.502804589433673,0.07942615150820184,0.7838561266784945,30.03560530353108,0.737799930420585,11.087655965963256,2.337666065767029,18.407230638888485,4.35292021760912,9.914771387871209,41.89055166695783,22.398875979738378,0.2833922341003332,2.5724388025810017,0.17981907225363664,False,False
7.550398544695927,0.0804688983642209,0.6673198149224591,33.19785724971831,0.6598874476487245,10.951235458459232,1.8986833832006171,16.395457905120224,4.35292021760912,10.919179994031483,43.4254639472044,21.53474832764929,0.4805877597856303,2.564683180369424,0.32695866823043374,False,False
7.147338684768288,0.09930082814566529,0.3398681418679527,45.85226045122945,0.4946360727109576,10.122951140746338,1.518709642924057,20.107522852369698,3.3405300434503786,10.919179994031483,39.94248976134216,17.352481408412547,2.34200657124483,5.693496377058868,0.3022929920900289,False,False
7.270354679055603,0.0844546086041822,0.40861740675802494,39.32360108882061,0.4741925364753377,10.109540041309891,2.3124183884173544,17.619251251676573,2.436564706406596,9.687491330592275,42.752526388818744,21.150263113407675,0.4805877597856303,5.693496377058868,0.17981907225363664,True,False
7.441438580749339,0.09259994196368836,0.19332081244160468,61.57791325662444,0.48069021506073384,10.618898633579255,2.2083256764264885,17.619251251676573,2.4228684545395196,12.624973944279542,38.26998852054519,21.150263113407675,0.4805877597856303,5.693496377058868,1.7385705787070072,False,False
7.429533251375268,0.08455972917993039,0.663281175096019,32.88006528797729,0.6511010378387038,10.844685749402649,2.176687865704632,20.20947836066302,2.3216201692194227,9.687491330592275,42.626259324653915,21.150263113407675,1.2526298266290534,2.5724388025810017,0.17981907225363664,False,False
7.447364933321054,0.09932938190912259,0.0,63.77761784024784,0.27248249548944303,10.120160211138824,1.354257851537453,16.395457905120224,2.3216201692194227,10.919179994031483,40.53319264086055,21.573253596877414,2.9594940966555896,3.5945784768777305,1.7032231203575936,False,True
7.674638879497897,0.077121511380459,1.0183190596179117,24.255225121821493,0.902840485893343,11.74331580264198,2.302966671496123,16.395457905120224,3.9626098257830145,14.330944785413731,42.881433428862344,21.53474832764929,0.2833922341003332,0.4315944208174224,0.17981907225363664,False,False
7.453489743737769,0.0817391880980816,0.8635168752459461,31.57145504537369,0.8437139087656018,11.364290429022166,2.0432841542518503,17.619251251676573,2.256863088856377,15.106579121162127,39.435640853654775,22.398875979738378,0.2833922341003332,2.5724388025810017,0.32695866823043374,False,False
