cost_Tk_per_kg,CO2_kg_per_kg,violation,MOR_pred,WA_pred,Shrinkage_pred,trust_distance,AG98,AG22,AG23,SodaF,PotashF,Crushing,ETP,NaSil,pareto,compliant
7.245602006217074,0.0938010627924739,0.7303515300555344,39.68483869349002,0.5015960398839789,10.226318078567573,1.515112053616896,18.42740887833239,3.0656621948122247,10.37973387620442,40.81237778864852,20.993602354277275,2.7274259135673202,3.4139699219042208,0.17981907225363664,False,False
7.715919756038558,0.0886038852031602,0.8498827673101503,46.56935609883407,0.7257432460801999,11.662468915110074,2.086239867182933,19.99556789886713,0.5307325730925379,14.24096046827841,41.52429455020793,20.10506100771495,1.311803551785324,0.8516403153277947,1.4399396347259332,False,False
7.642682693417979,0.0818430363433198,0.9984709694973628,36.82952346076265,0.7437997786096973,11.386900693758292,2.3259416988563952,17.016663787579137,4.178047302028675,12.050574529238276,41.133659542202935,22.830282409033984,0.6877781099086417,1.3177514880328864,0.7852428319754641,False,False
7.287645349454098,0.10910436946491593,0.17909713532072893,65.8635272067951,0.29283084126092185,10.00499456973526,1.7694935397438913,18.826651572976857,1.9980656391989138,12.863181313280318,40.76484415748262,15.158727760775154,3.4174518144035932,5.517796831869328,1.4532809100132231,False,False
7.391309003901672,0.08938591859712573,1.0086093326434622,34.67339574927658,0.7237905441542154,11.027244303319907,1.1391129748054807,19.725967999656007,1.042618311916213,14.71674115953823,42.819466958373155,16.835236059208142,1.1551822451609932,3.519370409942785,0.18541685620447262,False,False
7.437053240267498,0.09900140424918168,0.4424973691585238,48.589492927198464,0.32472022550456514,10.088737200514608,1.788621832042037,13.943222522117564,2.256863088856377,14.177665959929776,45.84626856968819,16.840995637043978,3.659768871033328,2.5997215265138167,0.6754938248169686,False,False
7.375127959807393,0.10957232393809171,0.17184937379137016,69.93232992522026,0.34312788142260525,10.276430770381971,1.0531985648993616,16.43297662985375,4.176389041335446,13.512378507982465,36.90240386123505,19.278987659382835,3.8624367223770903,3.9017620641098465,1.9326655137235216,False,False
7.949077714623484,0.10179465147768593,0.3460743711431241,73.28103683196342,0.5746238669378092,11.737406354631007,2.354637731922648,14.876598066999868,6.164954856112621,15.590262003760103,38.122711234186724,19.234177035097368,2.4453757920217583,0.5032435835034548,3.0626774283181066,False,False
7.993975988433054,0.0886206284859448,0.5874386338252151,63.470058407980666,0.6895459629880565,12.03595402015979,2.2248144192946167,15.769632142186651,2.5699552203442484,16.749580417269673,40.43247047884712,20.39476232529814,0.2833922341003332,1.0601669323828313,2.7400402495709955,False,False
7.377314893021309,0.11763631298150054,0.0,81.21099754429073,0.0,9.3397363547275,1.6071131281667206,16.55486130467353,2.9480770369694893,9.854499990161173,42.55794913630793,15.949977411435643,5.539584966307458,4.411581135137346,2.183469019007425,False,True
7.526463789453872,0.09343951843650829,0.8125629342736029,52.39692626116722,0.7693606889849309,11.537492758141637,2.274709207507829,22.606813749726,1.6512472324178857,14.205550749760969,38.725142077339456,16.61151602527454,0.21894975692259722,4.521347551864705,1.4594328566938435,False,False
7.947485214114383,0.10717130690798891,0.19978758561433885,77.43885862289258,0.4795024488385135,11.570544084142615,1.7408038513343487,16.248725688855302,4.296681645868823,16.13301381686302,40.86522747692042,15.361070728586357,3.080103657207698,0.8699570599922438,3.1452199257061384,False,False
8.080060160617968,0.10800573883442482,0.0,95.43947238755587,0.1176969656175188,10.92398111896272,2.2305434992676543,17.305248608743867,4.143893222412056,9.599486427655155,44.17663116766361,15.595359231888146,2.9112041765379786,2.1732222616652415,4.09495490343395,False,True
7.250997623138501,0.1084863071392245,0.1841965181943004,65.79027108155091,0.2971674567515186,9.969260492334598,1.7303580326597408,18.826651572976857,1.6512472324178857,12.863181313280318,39.65887429976426,16.61151602527454,3.4174518144035932,5.517796831869328,1.4532809100132231,False,False
8.13584649295306,0.09200801363424448,0.30861607802350216,77.74027157072143,0.5986089011599094,12.142770996793063,2.3242222874224225,15.769632142186651,2.1956810747997624,16.749580417269673,39.840472650993334,20.39476232529814,0.2833922341003332,1.0601669323828313,3.706312222969277,False,False
7.723296660335377,0.10595757286388881,0.04414693276603815,77.18854030925377,0.31173680103006285,10.767073794389933,1.5904128934920416,18.911899580341526,4.334283892456193,10.37973387620442,41.2415754651021,16.26637116315858,2.7274259135673202,3.4139699219042208,2.7247401872656414,False,False
7.636808543768938,0.0943761890452016,0.6060178103645791,55.030161374172344,0.588955231499217,11.124616218649795,1.6992222835260078,16.28531427343098,4.2940055085646085,14.71674115953823,41.65765111675133,16.835236059208142,1.1551822451609932,3.519370409942785,1.5364992274029203,False,False
7.680672035081542,0.09043840581202181,0.9235672097924987,48.23946883686312,0.8272642479338917,11.890425867887787,1.8396865091144805,22.606813749726,1.6512472324178857,14.205550749760969,40.70273560127699,16.26637116315858,0.21894975692259722,2.8888988900431305,1.4594328566938435,False,False
7.372600545642236,0.09583632077851242,0.651427144416904,44.36604194614271,0.4849953787777623,10.448126555065782,1.9320007599310145,17.016663787579137,2.256863088856377,12.050574529238276,40.19260200140904,22.830282409033984,3.659768871033328,1.3177514880328864,0.6754938248169686,False,False
7.150919773798128,0.09404742734215954,0.48837649577021536,44.19063581110095,0.31047900253971517,9.601739562171673,1.9168888130432193,17.060143271282318,1.0791107430954037,10.37973387620442,42.68721838479718,20.993602354277275,2.7274259135673202,4.8929463845224515,0.17981907225363664,True,False
7.527714739402719,0.08950119747472408,1.2059139983107712,30.83895950923024,0.8773411283583066,11.577251648366833,1.0186359831784324,19.725967999656007,4.143893222412056,14.71674115953823,42.30421702347485,15.595359231888146,1.1551822451609932,2.1732222616652415,0.18541685620447262,False,False
7.520534585717111,0.10702590064936239,0.09112642359353194,71.25047581531224,0.12207205766417112,9.8742337762143,2.03578058648102,13.943222522117564,2.256863088856377,13.512378507982465,44.609346040443185,15.981325540389955,3.8624367223770903,3.9017620641098465,1.9326655137235216,False,False
7.142631927224786,0.10856917982958525,0.4027882164028041,55.80830462417367,0.3856294731274002,9.816059622548806,2.1415767752806363,13.943222522117564,7.058320185493428,14.177665959929776,38.17234655482711,16.61151602527454,3.659768871033328,5.701666056507291,0.6754938248169686,False,False
7.869521830584789,0.11397327824437348,0.0,89.35324967808239,0.07026853991508919,10.54180805274065,1.6442970154192842,17.192881399907503,0.6800371411941528,12.31658341942054,44.0010019380546,16.44943830259775,5.126467775376997,0.743487072987899,3.490102950460571,False,True
7.8601037078201905,0.08587851393837,0.7415397996595591,47.53369826907836,0.6251745193995323,11.47861723880861,2.017476247500813,17.016663787579137,4.178047302028675,12.050574529238276,45.3076708384786,17.845907527216227,0.6877781099086417,1.4539250488565962,1.4594328566938435,False,False
7.534061197763745,0.09232268471977624,0.7567525555941621,52.629272006232156,0.7137895529093904,11.41705838767345,2.171602883182931,22.606813749726,0.1817291840862219,14.205550749760969,40.19466012567112,16.61151602527454,0.21894975692259722,4.521347551864705,1.4594328566938435,False,False
7.778194140336389,0.09627988359505735,0.11551618266105253,75.86779632589145,0.36822277150171473,10.960207793029943,1.7745561646841157,16.43297662985375,1.9115415413645218,13.512378507982465,41.0586006994599,19.278987659382835,1.0156648017981937,3.9017620641098465,2.888088096048482,False,False
7.59605373125473,0.10861058506653352,0.07388820224989721,72.52752421210025,0.18985128782571264,10.198154847490517,2.0339018298210885,13.943222522117564,2.9480770369694893,14.177665959929776,43.0190733452007,16.840995637043978,4.287774953217251,2.5997215265138167,2.183469019007425,False,False
7.606180422378187,0.1036620859537275,0.0045495783746588876,81.19279925242256,0.281536563120106,10.56850218660715,1.9998743809393704,17.016663787579137,2.256863088856377,12.050574529238276,36.7016974852107,22.830282409033984,2.7273696647707633,3.4139699219042208,3.0025791134065467,False,False
7.794651954604254,0.11328286820131792,0.0,89.1037696738403,0.10425897667945594,10.527569487927844,1.644761956486746,17.192881399907503,0.6800371411941528,12.31658341942054,41.171452581269506,19.278987659382835,5.126467775376997,0.743487072987899,3.490102950460571,False,True
7.579859390838843,0.09118149817375393,0.6789724252441083,53.06685831616463,0.6379631399857466,11.247875718171793,2.222718169646041,22.606813749726,1.5059570507357427,11.379761638345256,41.696221370437314,16.61151602527454,0.21894975692259722,4.521347551864705,1.4594328566938435,False,False
7.918040612296174,0.10303268770591481,0.18781023644506378,71.71195241507785,0.38531002441096135,11.223514846044845,2.2764055144473145,18.911899580341526,4.334283892456193,10.37973387620442,43.4329105833737,16.26637116315858,3.080103657207698,0.8699570599922438,2.7247401872656414,False,False
7.284351097402707,0.09887724815813494,0.511721929097047,43.741163058911596,0.3287075364217502,9.821155899291345,1.8269143216684272,13.943222522117564,2.256863088856377,14.177665959929776,45.41669665487172,16.840995637043978,3.659768871033328,3.519370409942785,0.18541685620447262,False,False
7.312666313799396,0.09943936376449772,0.8925206008186586,37.877668793063556,0.6469486766232593,10.78499954264356,1.514423285279047,19.725967999656007,1.6512472324178857,14.71674115953823,41.51843665084003,16.61151602527454,3.4174518144035932,2.1732222616652415,0.18541685620447262,False,False
7.33683869721554,0.09929760212683161,0.3072565304361178,55.23904395474726,0.15616926238329387,9.531262420873686,1.798600172874541,13.943222522117564,1.9115415413645218,11.487298776641158,44.94788927989238,19.278987659382835,3.659768871033328,3.9017620641098465,0.8695292854583642,False,False
7.797921414192883,0.0938943153009936,0.2856098464108,61.435325374751656,0.34214015464046993,10.827177448458032,2.059617137605474,18.826651572976857,2.5699552203442484,8.086362093323503,44.446645152964024,20.39476232529814,2.5461883000086765,1.0601669323828313,2.069268402701716,False,False
7.247316022739145,0.08523878835625726,0.8154203892975026,38.277316000857724,0.5712992909558089,10.350219711125899,2.027746856166005,17.060143271282318,1.6512472324178857,12.863181313280318,41.18401249958804,21.11635485905301,0.4274449202554642,5.517796831869328,0.17981907225363664,True,False
7.362054683702481,0.09738658288184188,0.728896792532802,44.043525892008915,0.5621329374010421,10.615299911025598,2.2863416363630233,17.016663787579137,4.296681645868823,12.050574529238276,38.15278344439659,22.830282409033984,3.659768871033328,1.3177514880328864,0.6754938248169686,False,False
7.926679060218972,0.10891810311418483,0.0,84.25411458318192,0.2557358991314615,10.956101591960016,2.041370434045871,15.004730108980985,6.164954856112621,11.379761638345256,40.19053062366658,19.234177035097368,4.114704112335927,0.5032435835034548,3.4078980419578073,False,True
7.823157349484795,0.09796212363797713,0.060680704727677996,83.33384578108127,0.3407549014225412,11.027778318899156,1.7820251657454211,16.43297662985375,1.9115415413645218,13.512378507982465,39.42848680685958,20.39476232529814,1.0156648017981937,3.9017620641098465,3.402427322733504,False,False
7.45279215311627,0.11282076997380466,0.1614415561767127,66.04136371811525,0.15268160423338473,9.854351313306516,2.2198031908584,16.55486130467353,4.334283892456193,10.330456617715408,43.42675664583164,15.949977411435643,5.587834306337834,2.2793305941468334,1.5364992274029203,False,False
7.967294491649302,0.0973484398544156,0.29389216181901484,73.79046894918116,0.5268264099350112,11.680432495926446,1.895030641203549,15.769632142186651,2.5699552203442484,16.13301381686302,40.25771573347275,19.39284207107943,1.6714541579649302,1.0601669323828313,3.1452199257061384,False,False
7.158753065365472,0.10308424713594394,0.5719779281825073,45.53163230120348,0.41777551590486145,9.95822097097071,1.6893795972038008,18.826651572976857,1.9980656391989138,12.863181313280318,42.66315644258908,15.158727760775154,3.4174518144035932,4.8929463845224515,0.17981907225363664,False,False
7.947485214114383,0.10717130690798891,0.19978758561433885,77.43885862289258,0.4795024488385135,11.570544084142615,1.7408038513343487,16.248725688855302,4.296681645868823,16.13301381686302,40.86522747692042,15.361070728586357,3.080103657207698,0.8699570599922438,3.1452199257061384,False,False
7.754677344241104,0.10098112840647436,0.019459920014062538,76.55970068690016,0.18889170179933512,10.437028139994926,1.3145806891339138,15.769632142186651,3.8107089844430746,9.599486427655155,42.22242060356304,20.39476232529814,2.9112041765379786,2.551745090744974,2.7400402495709955,False,False
7.432921117295187,0.10055742757615448,0.5145707688490387,48.29766018858764,0.39660170018731994,10.251648546364075,1.6611650163539207,13.943222522117564,4.230587170041997,14.177665959929776,44.10202410027201,16.61151602527454,3.659768871033328,2.5997215265138167,0.6754938248169686,False,False
7.153892057083146,0.1047573263095698,0.3490974630996321,52.139368245003226,0.18280085194007267,9.29381722666005,2.1921534194783683,16.43297662985375,4.143893222412056,9.599486427655155,44.3453927205245,15.595359231888146,3.8624367223770903,5.693496377058868,0.32695866823043374,False,False
7.585137028129447,0.10585582961940805,0.23284025019075177,60.75197881547538,0.21492720983368807,10.169997098404355,1.8547142340515295,17.192881399907503,4.2940055085646085,8.453970554761419,44.1344605706674,18.51822789033126,5.126467775376997,0.743487072987899,1.5364992274029203,False,False
7.28782170141398,0.10157045436888952,0.28629958796078236,62.004350703845155,0.3509712670143374,10.120040078052526,1.8883445024821754,17.060143271282318,0.5307325730925379,14.24096046827841,39.002790746816075,20.10506100771495,2.7274259135673202,4.8929463845224515,1.4399396347259332,False,False
7.262236613718545,0.09560807703856244,0.45433853920050504,50.32106597718392,0.3618718253310229,9.913367138886858,1.9218936344790343,13.943222522117564,2.256863088856377,14.177665959929776,41.58693531513065,20.10506100771495,2.361811896911264,4.8929463845224515,0.6754938248169686,False,False
7.467204554054952,0.09175972687495891,0.6523471464691675,53.37697417005538,0.6142898009569493,10.995918440494801,1.6464006991014,18.826651572976857,2.256863088856377,12.863181313280318,37.34668688402472,22.55609188442085,1.1778739364848658,3.519370409942785,1.4532809100132231,False,False
7.806738670076263,0.10821421162109073,0.0,94.12734161267207,0.17954511851076127,10.71880400258426,1.9136945814724668,17.060143271282318,1.6512472324178857,12.863181313280318,39.31011243992727,19.017223633813227,2.7318097886796116,3.519370409942785,3.846911910656571,False,True
7.612146492893076,0.10247901237319201,0.15870356345718498,69.31414290173146,0.320455509515065,10.56885606192438,1.6543986139653752,18.911899580341526,2.9480770369694893,10.37973387620442,41.65998446775809,17.775440184247508,2.7274259135673202,3.4139699219042208,2.183469019007425,False,False
7.59605373125473,0.10861058506653352,0.07388820224989721,72.52752421210025,0.18985128782571264,10.198154847490517,2.0339018298210885,13.943222522117564,2.9480770369694893,14.177665959929776,43.0190733452007,16.840995637043978,4.287774953217251,2.5997215265138167,2.183469019007425,False,False
7.5107509875154905,0.09804109390667196,0.4393009417050868,48.7724828452734,0.3239539363824915,10.236580689879043,2.135047349660049,15.769632142186651,2.1956810747997624,11.487298776641158,45.20888109666542,19.278987659382835,4.129823032482976,1.0601669323828313,0.8695292854583642,False,False
7.332268010190669,0.1212403389766692,0.0,80.35317007468963,0.13936780817017314,9.753273597229683,2.3304324110309804,16.55486130467353,6.164954856112621,11.379761638345256,37.81580966898072,15.949977411435643,5.539584966307458,4.411581135137346,2.183469019007425,False,True
7.441390507957481,0.09329862284764479,0.5752281601199569,45.552506336010026,0.42150177572293573,10.314014423825665,1.3995238246826125,13.943222522117564,2.256863088856377,14.177665959929776,43.81111149162805,19.80849567257013,2.7274259135673202,2.5997215265138167,0.6754938248169686,False,False
7.175970776066429,0.09275899889948629,0.4507216409430544,44.61080768166165,0.23959746876920307,9.436346326246376,2.068394520808574,15.91322085882039,0.5307325730925379,10.37973387620442,44.382518967261966,20.993602354277275,2.7274259135673202,4.8929463845224515,0.17981907225363664,False,False
7.628585530444258,0.10616479992607265,0.20066043931301566,64.91628480689221,0.30209053896853305,10.496818561042602,1.8638031543154143,15.204166835390973,4.176389041335446,12.31658341942054,41.66050556453896,19.278987659382835,4.6872148932198305,0.743487072987899,1.9326655137235216,False,False
7.492221012289606,0.08928855586460419,0.5216644473134047,55.15790289677395,0.5017815882299604,10.712609967910012,2.298705835406953,17.060143271282318,0.5307325730925379,14.24096046827841,41.30277174012793,20.10506100771495,0.4274449202554642,4.8929463845224515,1.4399396347259332,False,False
7.344086675322882,0.09725333597388142,0.46359547359236997,51.27263282538295,0.3851890631713763,10.184439598446216,1.0130199425023476,18.911899580341526,1.9115415413645218,10.37973387620442,42.01912007957117,19.278987659382835,2.7274259135673202,3.9017620641098465,0.8695292854583642,False,False
7.7164109090760205,0.10336971578406474,0.006777480996971627,78.44011362529503,0.283887000386646,10.71280619631651,1.6368700905992057,16.43297662985375,1.6512472324178857,13.512378507982465,40.6085433392536,19.278987659382835,2.738879645017847,2.8888988900431305,2.888088096048482,False,False
7.740673926357557,0.109937035345598,0.019625933574046933,76.54740200791252,0.12958307086515786,10.322816528213464,2.1409087769109982,17.192881399907503,4.2940055085646085,8.453970554761419,43.060459063775305,18.51822789033126,5.126467775376997,0.743487072987899,2.6105007342950137,False,False
7.56492718861445,0.11770861315473807,0.0,82.7229349424095,0.19021521428684113,10.298280469438321,1.5986745749737445,17.192881399907503,4.334283892456193,12.31658341942054,39.27305942936156,16.26637116315858,5.126467775376997,2.7656127330529867,2.7247401872656414,False,True
7.686027874261426,0.11043262993793754,0.0,78.07253954484608,0.1638617379130699,10.420843237046949,1.5900460909731424,17.192881399907503,0.6800371411941528,12.31658341942054,41.921515282159085,19.278987659382835,5.126467775376997,0.743487072987899,2.7400402495709955,False,True
7.240209356711441,0.09260031179333508,0.6774024739817311,39.807972295277196,0.4474883195182682,10.11886228841901,1.5990393078047225,19.38240297486943,0.5307325730925379,10.37973387620442,42.39231331383116,20.993602354277275,2.7274259135673202,3.4139699219042208,0.17981907225363664,False,False
7.467034518968776,0.1111491164319639,0.19409345404779488,63.62243353981421,0.22702087430085488,10.07088310310337,1.9834730608384181,17.016663787579137,4.334283892456193,10.330456617715408,41.894429592435685,17.845907527216227,5.587834306337834,1.4539250488565962,1.5364992274029203,False,False
7.134341899997553,0.10522254191816438,0.38957612854543394,50.91507496642467,0.3020067070322407,9.652694865621884,1.9758252804670269,18.826651572976857,1.9980656391989138,11.487298776641158,42.9852859273101,15.158727760775154,3.659768871033328,5.517796831869328,0.3664046201951726,False,False
7.3466989092015345,0.11168319314237796,0.2977734551014789,55.941572708225195,0.27518855719477314,9.91008474732617,2.3671001661979467,16.55486130467353,6.172321981880709,10.330456617715408,42.25568849835168,15.949977411435643,5.587834306337834,2.2793305941468334,0.8695292854583642,False,False
7.866507437162608,0.09704019648920843,0.07825517652873729,82.08246236021046,0.3592959691726587,11.132719321461298,1.6035237771822728,16.43297662985375,1.9115415413645218,13.512378507982465,39.91627894906521,20.39476232529814,1.0156648017981937,3.4139699219042208,3.402427322733504,False,False
7.418704004337981,0.11374927218499924,0.06324535425204494,73.31597168019906,0.16547238288948674,9.92167489864488,1.8524533823146865,16.55486130467353,4.334283892456193,10.330456617715408,38.52082659263006,20.39476232529814,5.623740477933608,2.1718003865913498,2.069268402701716,False,False
7.823869000771675,0.09829494977587032,0.06415160467600442,73.99214789001772,0.28732221256791063,10.787038085310556,1.6199268083468523,17.192881399907503,3.8107089844430746,9.599486427655155,42.67151849957682,19.278987659382835,2.154631688718647,2.551745090744974,2.7400402495709955,False,False
7.993975988433054,0.0886206284859448,0.5874386338252151,63.470058407980666,0.6895459629880565,12.03595402015979,2.2248144192946167,15.769632142186651,2.5699552203442484,16.749580417269673,40.43247047884712,20.39476232529814,0.2833922341003332,1.0601669323828313,2.7400402495709955,False,False
7.667870787245712,0.1045497545799797,0.19314946668559657,69.2210132277598,0.35546968668207657,10.74957839985208,1.8009370310561779,18.911899580341526,2.9480770369694893,12.050574529238276,43.271534431453574,14.493049567518163,2.7274259135673202,3.4139699219042208,2.183469019007425,False,False
7.267068704951659,0.10871452154752226,0.17964036479520495,65.82453925882479,0.2928487247354815,9.981583709399986,1.6822934363419042,18.911899580341526,1.6512472324178857,12.863181313280318,40.24340466412338,15.94173765355075,3.4174518144035932,5.517796831869328,1.4532809100132231,False,False
7.515355826778098,0.11493587001406542,0.035025609273413125,75.40655744101105,0.11851705884173763,9.946015745116352,2.377096785852563,13.943222522117564,2.9480770369694893,14.177665959929776,42.11102896040681,16.840995637043978,5.623740477933608,2.1718003865913498,2.183469019007425,False,False
7.341548372371207,0.11172474931886381,0.169012445728939,65.48049423093352,0.20780819549595636,9.845867294031146,1.8009350599178646,16.55486130467353,4.334283892456193,10.330456617715408,39.053595767928854,20.39476232529814,5.623740477933608,2.1718003865913498,1.5364992274029203,False,False
7.053260403668434,0.1055262869445318,0.3678414299979193,50.75077063973208,0.18911138882055112,9.178995075709844,1.883505153259334,13.943222522117564,1.6512472324178857,14.177665959929776,43.40147779115058,16.840995637043978,4.287774953217251,5.517796831869328,0.17981907225363664,False,False
8.089902884368449,0.09113769936396235,0.406047682175605,73.21183630182941,0.6369102319763504,12.130204925939747,2.192845910231571,15.769632142186651,2.5699552203442484,16.749580417269673,39.770083405684616,20.39476232529814,0.2833922341003332,1.0601669323828313,3.402427322733504,False,False
7.598008621046683,0.10832321248589834,0.07308119649508323,72.5873091159392,0.17555227397646633,10.167165869167148,1.9417394392004768,13.943222522117564,2.5699552203442484,14.177665959929776,43.39719516182594,16.840995637043978,4.287774953217251,2.5997215265138167,2.183469019007425,False,False
7.635328627964652,0.10975628932109262,0.0,83.25248397788643,0.17869355357610123,10.354831451116075,1.9783549844665027,16.43297662985375,1.9115415413645218,13.512378507982465,41.3242853209628,16.61151602527454,3.4174518144035932,3.9017620641098465,2.888088096048482,False,True
7.260590027518586,0.11459859686379344,0.03617419667864835,75.32146735687843,0.18151804799373972,9.777974140785402,1.73708890204858,16.43297662985375,1.9115415413645218,13.512378507982465,36.709043133379396,20.39476232529814,5.108253935948602,3.9017620641098465,2.02928186206328,False,False
7.35382952464333,0.08681954428238002,0.8601232636737277,35.81291063078443,0.5833654633320448,10.557179859944965,1.6071745876707042,18.911899580341526,2.436564706406596,10.37973387620442,42.243804303964964,20.993602354277275,1.4406061846473677,3.4139699219042208,0.17981907225363664,False,False
7.866507437162608,0.09704019648920843,0.07825517652873729,82.08246236021046,0.3592959691726587,11.132719321461298,1.6035237771822728,16.43297662985375,1.9115415413645218,13.512378507982465,39.91627894906521,20.39476232529814,1.0156648017981937,3.4139699219042208,3.402427322733504,False,False
7.328107663569483,0.11547243741212389,0.11285703297754253,69.64062063815243,0.09935337142201367,9.552517659953022,1.677317447719306,16.55486130467353,4.334283892456193,10.330456617715408,42.0237580012183,15.949977411435643,5.587834306337834,3.6823292387601776,1.5364992274029203,False,False
7.9009376062400065,0.08335372178950873,0.8004845727117226,46.00038179942469,0.6655254424490509,11.625400038089763,2.237322202235337,17.192881399907503,4.178047302028675,12.050574529238276,45.629340404845145,17.845907527216227,0.18989093121373055,1.4539250488565962,1.4594328566938435,False,False
7.338470981729662,0.10224864823151747,0.34070428805644504,52.761154595183775,0.2219715779505263,9.695351102923828,2.156557068445793,13.943222522117564,2.256863088856377,13.512378507982465,45.86651772934974,15.981325540389955,3.8624367223770903,3.9017620641098465,0.6754938248169686,False,False
7.116193302166123,0.10677731044568299,0.5071942807790116,45.317161100320384,0.3463745041291788,9.702259659236532,2.1888040356095817,17.060143271282318,4.334283892456193,10.330456617715408,39.183401422714475,21.11635485905301,5.623740477933608,2.1718003865913498,0.17981907225363664,False,False
7.578643633267022,0.10443739241378605,0.0,81.23901513179915,0.11990848179070474,10.048681432780189,0.8826802938035712,16.55486130467353,2.9480770369694893,9.599486427655155,40.439987344157366,20.39476232529814,2.9112041765379786,4.411581135137346,2.7400402495709955,False,True
7.818747834304023,0.08578373950376353,0.9206062371915025,45.56754810889423,0.7860898554758196,11.882142566998823,2.273123841728912,17.016663787579137,2.1956810747997624,16.749580417269673,42.99541705348443,17.845907527216227,0.2833922341003332,1.4539250488565962,1.4594328566938435,False,False
7.135227463482592,0.105990984266372,0.42018961039027647,54.255542264573315,0.38187520421333515,9.908222600394327,1.439559091275829,18.826651572976857,2.256863088856377,12.863181313280318,39.83104552852202,16.61151602527454,3.4174518144035932,5.517796831869328,0.6754938248169686,False,False
7.173293752147825,0.11430145801481062,0.14226168720076598,67.46225398504416,0.19748589082387974,9.622770415240609,2.2305981124375975,16.55486130467353,2.256863088856377,12.863181313280318,37.333940170002016,20.39476232529814,5.623740477933608,3.519370409942785,1.4532809100132231,False,False
7.634482718241895,0.10694330142805512,0.0,82.72841750944649,0.08817548271771558,10.029509788796108,2.2443483520066514,15.769632142186651,3.8107089844430746,10.37973387620442,42.971113317973526,16.524620868560902,2.9112041765379786,4.8929463845224515,2.7400402495709955,False,True
7.377722228755992,0.10121274438076808,0.43920090114813026,51.22431036587067,0.3587646337396985,10.135858993626561,0.9581246976688453,16.55486130467353,4.334283892456193,10.330456617715408,41.21448315532405,20.39476232529814,4.129823032482976,2.1718003865913498,0.8695292854583642,False,False
7.6015488566369775,0.09192150435961298,0.5495277396329531,54.10906737984355,0.5162409958044947,10.918904216934747,1.8557904398210967,17.016663787579137,1.042618311916213,14.71674115953823,43.24408370195257,17.845907527216227,1.1551822451609932,3.519370409942785,1.4594328566938435,False,False
7.396975843446227,0.09001378107543033,0.5292976068962012,55.692565927056194,0.5174486564326678,10.631823833003155,1.9286439627912806,17.060143271282318,0.5307325730925379,14.24096046827841,38.317217149155724,22.830282409033984,0.6877781099086417,4.8929463845224515,1.4399396347259332,False,False
7.815069450754088,0.10001028633641748,0.43183791204246513,71.51469364319607,0.6399500789488315,11.65966352671271,1.9693035088093744,15.769632142186651,6.164954856112621,16.749580417269673,38.1548854589459,15.949977411435643,0.765189551519189,3.70573991295932,2.7400402495709955,False,False
7.526069239366219,0.1120018250297859,0.0,83.23725264134595,0.22035456505522166,10.274971181442803,1.5439071850301538,15.225716434761766,4.176389041335446,13.512378507982465,37.22886962475753,19.278987659382835,3.8624367223770903,3.9017620641098465,2.8134599452930167,False,True
6.9961286409986725,0.1107518974708476,0.39833849945252653,51.434175477018286,0.31864346883446965,9.549235526781427,2.0531619233083704,16.55486130467353,1.6512472324178857,14.177665959929776,37.70094001782351,20.39476232529814,5.623740477933608,3.519370409942785,0.3774122719807623,False,False
7.164735096012238,0.11027304908922514,0.5193114280755279,54.7668560908869,0.4937302929438484,10.340623026930714,1.827175578574995,20.75923442419753,1.6512472324178857,14.177665959929776,37.511790443625365,16.840995637043978,4.287774953217251,3.9017620641098465,0.8695292854583642,False,False
7.487839926949727,0.09921727400428769,0.3937584567995562,56.69029070304541,0.3886633557523659,10.446721322544853,1.3616837059675666,18.911899580341526,2.9480770369694893,10.37973387620442,42.518336670101334,17.775440184247508,2.7274259135673202,3.4139699219042208,1.3251168166641862,False,False
7.718095474544161,0.1045067649049769,0.05669232528473794,78.29154818383213,0.3365471611102394,10.820119835111791,1.4801882204765568,15.769632142186651,3.8107089844430746,13.512378507982465,39.11242607489551,19.278987659382835,2.738879645017847,2.8888988900431305,2.888088096048482,False,False
7.175970776066429,0.09275899889948629,0.4507216409430544,44.61080768166165,0.23959746876920307,9.436346326246376,2.068394520808574,15.91322085882039,0.5307325730925379,10.37973387620442,44.382518967261966,20.993602354277275,2.7274259135673202,4.8929463845224515,0.17981907225363664,False,False
7.733589116149851,0.10563166021444503,0.06704795706250573,76.3572520223549,0.3240590850407939,10.803946587240524,1.5188775465267839,17.016663787579137,4.178047302028675,12.050574529238276,40.5166307427005,17.845907527216227,3.0796970590851838,2.5724388025810017,2.7400402495709955,False,False
7.24067248006713,0.1144063904213359,0.177490170339928,64.85361817319497,0.276753475692567,9.87150842749108,1.7005614458454479,16.43297662985375,4.067127207546468,13.512378507982465,38.81711116089631,16.840995637043978,5.108253935948602,3.9017620641098465,1.3193948566185874,False,False
7.375127959807393,0.10957232393809171,0.17184937379137016,69.93232992522026,0.34312788142260525,10.276430770381971,1.0531985648993616,16.43297662985375,4.176389041335446,13.512378507982465,36.90240386123505,19.278987659382835,3.8624367223770903,3.9017620641098465,1.9326655137235216,False,False
7.480913213704883,0.10670319607157475,0.49153737645257434,58.65423919032662,0.5197885176939434,10.756276587971234,2.0783514156363307,13.943222522117564,6.026554252902637,16.719682354750645,38.770115200912095,16.840995637043978,3.659768871033328,2.5997215265138167,1.4399396347259332,False,False
7.28421214112482,0.11058145551168237,0.11401650171022949,69.55472443942712,0.0,9.165928861824089,2.2525441176521026,16.43297662985375,1.9115415413645218,8.28167018451805,42.40483969172479,20.39476232529814,5.623740477933608,3.4139699219042208,1.5364992274029203,False,False
7.6407069385874715,0.11683868851359755,0.0,83.9092891105126,0.024475337229407645,9.953765410243085,1.938242361810294,16.55486130467353,4.334283892456193,9.599486427655155,42.95418581372382,15.949977411435643,5.587834306337834,2.2793305941468334,2.7400402495709955,False,True
7.368993356748803,0.10325587440950398,0.28920848575262803,62.11168064313661,0.35556862953772916,10.231296597313957,1.2761385255173592,17.060143271282318,1.7637482527184831,14.177665959929776,41.097134946209735,16.840995637043978,2.7274259135673202,4.8929463845224515,1.4399396347259332,False,False
7.341548372371207,0.11172474931886381,0.169012445728939,65.48049423093352,0.20780819549595636,9.845867294031146,1.8009350599178646,16.55486130467353,4.334283892456193,10.330456617715408,39.053595767928854,20.39476232529814,5.623740477933608,2.1718003865913498,1.5364992274029203,False,False
7.559130324256212,0.10295630465421192,0.30355566562006364,65.43488030920876,0.41803027144336347,10.681363328613537,1.4578327146434682,16.43297662985375,4.176389041335446,13.512378507982465,40.02875428738577,17.775440184247508,2.7274259135673202,3.4139699219042208,1.9326655137235216,False,False
7.886697792193381,0.09498781667477416,0.4785697446549399,66.87610854327293,0.6231945176306463,11.758382767564433,2.165263988993187,15.769632142186651,2.5699552203442484,16.969145066131784,39.051797392589116,20.39476232529814,1.444500671496235,1.0601669323828313,2.7400402495709955,False,False
8.060964078127437,0.08870047160553123,0.4024123688007083,68.87609702905482,0.5713301299679351,11.83606888952141,1.8521995962216256,17.192881399907503,4.178047302028675,12.050574529238276,41.50978287340679,20.39476232529814,0.18989093121373055,1.4539250488565962,3.030135590050284,False,False
7.704619524362133,0.10384032917642909,0.27414280215563064,72.90380672108125,0.4933639638918831,11.223786638248026,2.059305168129845,15.769632142186651,2.5699552203442484,16.749580417269673,37.17651836822575,20.39476232529814,2.9112041765379786,1.6883071005665615,2.7400402495709955,False,False
7.649176066602952,0.10451842866817943,0.14578740806505608,75.76541317592854,0.3987008857014752,10.913815454658614,2.067586779207501,15.769632142186651,1.3290933643887428,16.749580417269673,38.504887632140125,19.278987659382835,2.738879645017847,2.8888988900431305,2.7400402495709955,False,False
7.582813437485978,0.08969433390424748,0.5387024019667085,53.745206018370915,0.4996385498783336,10.810000615752216,1.8242898990102152,16.55486130467353,2.256863088856377,12.863181313280318,41.94201584613743,20.39476232529814,1.0156648017981937,3.519370409942785,1.4532809100132231,False,False
7.537420378799311,0.08587612335174352,0.6250037495421098,45.294574091165686,0.47034183424707615,10.573295287430737,2.104694291146043,16.43297662985375,1.9115415413645218,11.487298776641158,44.474256717681655,20.39476232529814,1.0156648017981937,3.4139699219042208,0.8695292854583642,False,False
7.173293752147825,0.11430145801481062,0.14226168720076598,67.46225398504416,0.19748589082387974,9.622770415240609,2.2305981124375975,16.55486130467353,2.256863088856377,12.863181313280318,37.333940170002016,20.39476232529814,5.623740477933608,3.519370409942785,1.4532809100132231,False,False
7.223179199262588,0.09453004465216774,0.777958935814155,39.52155798151236,0.5494965880283562,10.316537636918627,1.110116876359898,17.060143271282318,2.9480770369694893,12.863181313280318,39.69102861168968,21.11635485905301,2.7274259135673202,3.4139699219042208,0.17981907225363664,False,False
7.603519445079827,0.09906110217578992,0.5293262583891658,54.92909895366609,0.5066064239449868,10.919991517754244,1.3157125850688167,17.060143271282318,2.9480770369694893,14.24096046827841,42.5706576515412,16.840995637043978,2.7274259135673202,2.1718003865913498,1.4399396347259332,False,False
7.298351480294595,0.10671001293877903,0.5552516353889443,50.0379030972829,0.46430264644395824,10.342621887129955,1.844523557463902,16.43297662985375,4.178047302028675,13.512378507982465,38.27058697888002,20.39476232529814,5.108253935948602,1.3177514880328864,0.7852428319754641,False,False
7.554825846487222,0.10407463812763283,0.0,82.03630448947015,0.09979638229044957,9.95569772806024,1.3220567817627842,15.769632142186651,2.5699552203442484,10.37973387620442,40.52550388830577,20.39476232529814,2.7274259135673202,4.8929463845224515,2.7400402495709955,False,True
7.612146492893076,0.10247901237319201,0.15870356345718498,69.31414290173146,0.320455509515065,10.56885606192438,1.6543986139653752,18.911899580341526,2.9480770369694893,10.37973387620442,41.65998446775809,17.775440184247508,2.7274259135673202,3.4139699219042208,2.183469019007425,False,False
7.4332784460485595,0.10622127109232812,0.09505115301497166,70.95972253424203,0.16168577758642394,9.857639622908785,1.8839359505857,13.943222522117564,2.256863088856377,13.512378507982465,41.3116839214503,19.278987659382835,3.8624367223770903,3.9017620641098465,1.9326655137235216,False,False
7.750038636142955,0.10923149844935494,0.0,83.31509682564172,0.2004542038405479,10.597499484659119,2.1937983606735703,16.43297662985375,1.9115415413645218,13.512378507982465,41.97082243037339,16.840995637043978,3.659768871033328,2.5997215265138167,3.071794855834744,False,True
7.367801451754554,0.08392568562450657,0.9108371321086626,35.444918169775036,0.6316280492510485,10.645052690048324,1.540780916742924,16.55486130467353,2.9480770369694893,12.863181313280318,42.22027289213208,20.39476232529814,0.4274449202554642,4.411581135137346,0.17981907225363664,False,False
7.170557604430863,0.12350879174070606,0.0,81.54945437158969,0.05360029220348528,9.384686533470887,1.883173921731381,18.826651572976857,1.9980656391989138,12.050574529238276,38.6010966095897,15.158727760775154,5.827748548370634,5.517796831869328,2.0193385079811392,False,True
7.239241041594583,0.10332988984368052,0.2968763460715258,56.0080326767804,0.22230901066886932,9.636939252952594,1.741158745786592,15.225716434761766,0.6068606535734582,13.512378507982465,42.47494236224829,19.278987659382835,4.129823032482976,3.9017620641098465,0.8695292854583642,False,False
7.932227452868331,0.08794601783281485,0.2119054213701489,69.3649269021124,0.3773066796832482,11.112828472035403,2.2428751451523965,16.43297662985375,2.5699552203442484,10.650822701828982,44.03915174896042,20.39476232529814,0.2833922341003332,2.8888988900431305,2.7400402495709955,False,False
7.234016544131659,0.10161416439207734,0.5082446841136511,45.09193442012926,0.34427524813480914,9.777810486586096,1.7961289791904578,13.943222522117564,4.176389041335446,13.512378507982465,43.58299643277997,16.840995637043978,3.8624367223770903,3.9017620641098465,0.17981907225363664,False,False
7.469085201725128,0.09067873509735218,0.49502366865231284,55.932847385703106,0.48471147675127835,10.645537409498607,2.218902627858919,17.060143271282318,0.5307325730925379,14.24096046827841,41.042438550474756,20.10506100771495,0.6877781099086417,4.8929463845224515,1.4399396347259332,False,False
8.178146855441287,0.09068757033216998,0.163512484753962,79.51281794956128,0.4492424293502708,11.758721112343848,2.2277708456141965,15.769632142186651,4.178047302028675,12.050574529238276,42.16335419532206,20.39476232529814,0.2833922341003332,1.4539250488565962,3.706312222969277,False,False
7.784701643090846,0.08000764017635557,1.0218847742927752,35.92922650457375,0.7556803002179336,11.663226454678737,1.9151359722286478,19.16133492967029,2.1956810747997624,12.050574529238276,45.193834657853905,19.278987659382835,0.18989093121373055,1.0601669323828313,0.8695292854583642,False,False
7.3719887457742574,0.10978018512648574,0.2112747894688251,62.349599387339104,0.2397880799126027,9.987258853704756,2.0766727304128776,16.55486130467353,2.256863088856377,12.050574529238276,40.21199231513025,20.39476232529814,5.623740477933608,1.4539250488565962,1.4532809100132231,False,False
7.5459202513249375,0.10074127091511353,0.28393268574956054,62.588590804896384,0.3567942923257217,10.503786894478338,1.4665079066753222,18.911899580341526,2.9480770369694893,10.37973387620442,42.117284851462955,17.775440184247508,2.7274259135673202,3.4139699219042208,1.7261686353025645,False,False
7.206989604767262,0.11570811590491172,0.10710643497447707,70.06663860218669,0.09677301722454268,9.376474081384117,1.7066778364389845,17.016663787579137,4.178047302028675,9.854499990161173,39.694282434876136,17.845907527216227,5.539584966307458,4.411581135137346,1.4594328566938435,False,False
7.990884040343879,0.10068662740124583,0.16159244539573867,88.29194747317177,0.44721678782734525,11.59109214813974,1.607096926970783,17.016663787579137,4.178047302028675,14.177665959929776,38.67096766693844,17.845907527216227,0.6877781099086417,3.519370409942785,3.903599236456316,False,False
7.331641445460653,0.11242800426048571,0.046681691773453826,74.54304715344868,0.09778426953294428,9.64799160717629,2.0319331479776994,16.55486130467353,2.256863088856377,10.330456617715408,37.911313681589796,22.65377490001575,5.623740477933608,2.5997215265138167,2.069268402701716,False,False
6.995796425420272,0.10394494948442076,0.4554274847766987,50.45341632023898,0.36490545143289355,9.626346635529952,1.6530057108971643,18.826651572976857,1.9980656391989138,11.487298776641158,37.74925136278711,20.39476232529814,3.659768871033328,5.517796831869328,0.3664046201951726,False,False
7.1821783350716135,0.10504839224150878,0.3601915585656198,60.509665219945916,0.40764162363832074,10.14636572946492,2.348270042801093,18.826651572976857,0.5307325730925379,14.24096046827841,36.88614043500136,20.10506100771495,3.2500570336158723,4.8929463845224515,1.2674505247975505,False,False
7.778194140336389,0.09627988359505735,0.11551618266105253,75.86779632589145,0.36822277150171473,10.960207793029943,1.7745561646841157,16.43297662985375,1.9115415413645218,13.512378507982465,41.0586006994599,19.278987659382835,1.0156648017981937,3.9017620641098465,2.888088096048482,False,False
7.112273828813817,0.09556373700597348,0.5788882166138278,43.6105475818826,0.39770788729335577,9.811271536846888,1.7148472497327945,19.055287565774346,1.0791107430954037,10.37973387620442,40.69207409030514,20.993602354277275,2.7274259135673202,4.8929463845224515,0.17981907225363664,False,False
7.395610902171706,0.10622612236125172,0.09902953642524139,70.66499443819232,0.18981011439928047,9.900174677176864,1.4991469578605223,15.769632142186651,2.256863088856377,12.050574529238276,39.8313036142101,20.39476232529814,3.8624367223770903,3.9017620641098465,1.9326655137235216,False,False
7.519725196324523,0.10557000725190811,0.05139486427597861,74.19388413551603,0.14555674006471264,9.969327927754351,1.7619051818056077,16.55486130467353,3.008956889417272,10.37973387620442,42.40598671756675,17.775440184247508,3.2799708737457527,4.411581135137346,2.183469019007425,False,False
7.3372541946388745,0.10736172681708656,0.14753633609272754,68.28161581331722,0.29396996558652827,10.0955462745009,1.4341801450900242,16.43297662985375,2.256863088856377,13.512378507982465,37.8323415632298,20.39476232529814,3.8624367223770903,3.9017620641098465,1.8064790982925352,False,False
7.624254716713596,0.0899167830178174,0.5450368319854901,53.05480469885728,0.49648943469196394,10.858995824237283,1.8192300314737508,16.43297662985375,1.9115415413645218,13.512378507982465,43.60315487426494,18.69181597406967,1.0156648017981937,3.4139699219042208,1.418497748762239,False,False
7.201692018631795,0.09720987540995066,0.43720759170204315,45.61196056010059,0.25522851148996284,9.543567223923363,1.9593363088484266,17.060143271282318,1.0791107430954037,10.650822701828982,45.460808052127476,17.55252002750517,3.1238297473845624,4.8929463845224515,0.17981907225363664,False,False
7.859467302357243,0.10811491336808056,0.0,90.80887529620787,0.2685290689331804,10.972764803605454,1.8345445188161935,15.769632142186651,3.8107089844430746,13.512378507982465,38.402214251763105,19.278987659382835,2.9112041765379786,2.551745090744974,3.7631291869589134,False,True
7.281343216707537,0.09487026456969197,0.6853710940705644,42.38427779933637,0.49258413285919417,10.288172873429604,1.4652926592743807,18.826651572976857,2.9480770369694893,10.37973387620442,40.94297473288439,20.39476232529814,2.7274259135673202,3.4139699219042208,0.3664046201951726,False,False
7.62679197376363,0.10031733058421562,0.17279452784100627,65.20030860148518,0.1946326018966033,10.211781162300614,2.3614763339204337,13.943222522117564,0.5307325730925379,13.512378507982465,44.534767236574595,20.10506100771495,3.8624367223770903,1.5787359164172767,1.9326655137235216,False,False
7.840971485570065,0.09995565675643835,0.12915823870070184,83.07412767804003,0.4129986997640813,11.219008610314361,1.56330512412669,16.43297662985375,4.176389041335446,13.512378507982465,38.279413972803965,19.278987659382835,1.0156648017981937,3.9017620641098465,3.402427322733504,False,False
7.659658867936372,0.09035391159880679,0.4310002222009342,62.796956578746645,0.5149178602471615,11.06891694057859,2.2956600104554057,18.911899580341526,2.9480770369694893,10.37973387620442,38.6447900466303,22.830282409033984,0.6877781099086417,3.4139699219042208,2.183469019007425,False,False
7.038046343888569,0.11051852802585097,0.35523251043012527,51.684869361305005,0.27559810001919144,9.489467826928076,1.9496649619718796,16.55486130467353,1.6512472324178857,13.512378507982465,39.48200213568612,19.278987659382835,5.623740477933608,3.519370409942785,0.3774122719807623,False,False
7.382342741642536,0.08331412893383304,0.9484160058236448,34.44430991936686,0.6570241950665452,10.741465524827394,1.7214120540433908,17.060143271282318,2.592300273567571,12.863181313280318,42.108895247075154,20.700816477222862,0.4274449202554642,4.067399425062675,0.17981907225363664,False,False
7.527182919422307,0.0972933819733312,0.44887373770211164,48.32782333808794,0.3277208828412155,10.270306488828599,2.1445519430442337,17.016663787579137,2.543824917512564,9.854499990161173,45.38117072960491,19.278987659382835,3.9951566979181865,1.0601669323828313,0.8695292854583642,False,False
7.758979974013037,0.09577668908469421,0.11324025074951857,75.8634528920048,0.36575980891039167,10.91909285444586,1.7490342944558774,16.43297662985375,2.256863088856377,12.863181313280318,40.24670168075489,20.39476232529814,1.0156648017981937,3.9017620641098465,2.888088096048482,False,False
7.225284593932077,0.09577642249856946,0.8326432233865741,39.20962269233022,0.6027462709353233,10.450507303711268,1.588665471596849,18.911899580341526,5.180329000823574,10.37973387620442,38.213220280628036,20.993602354277275,2.7274259135673202,3.4139699219042208,0.17981907225363664,False,False
7.671926360276064,0.08238534249182695,1.0529499732347474,36.93015258052957,0.8027081771786105,11.604611571621748,2.3214817395613077,17.096669981873102,3.8944021585530155,13.512378507982465,40.689414546783496,22.261950007577212,0.6154885793895046,1.0601669323828313,0.8695292854583642,False,False
7.206989604767262,0.11570811590491172,0.10710643497447707,70.06663860218669,0.09677301722454268,9.376474081384117,1.7066778364389845,17.016663787579137,4.178047302028675,9.854499990161173,39.694282434876136,17.845907527216227,5.539584966307458,4.411581135137346,1.4594328566938435,False,False
7.480366434187664,0.10249047157306312,0.30041046686504336,63.58116805184871,0.3883135486077841,10.507395392183813,1.237665037414551,18.911899580341526,2.9480770369694893,11.487298776641158,40.46260069754612,17.83476729552197,2.7274259135673202,3.9017620641098465,1.7261686353025645,False,False
7.099387926897658,0.09551653807714158,0.4547370238675075,45.66275075509813,0.2959536071563518,9.50148725569722,2.0239949948036986,18.826651572976857,1.9980656391989138,8.073406717217514,41.68323189863915,20.993602354277275,2.7274259135673202,5.517796831869328,0.17981907225363664,True,False
7.250803962006007,0.10966123875357214,0.17112974773717943,65.32363946725235,0.15176215915220548,9.582900174207662,1.648948524760044,16.55486130467353,2.256863088856377,10.330456617715408,38.60530473922382,22.65377490001575,5.539584966307458,2.5997215265138167,1.4594328566938435,False,False
7.4665140641736585,0.09077961607510732,0.5010454669135183,55.8942537731025,0.4905148659879491,10.659477695563284,2.243004217183457,17.192881399907503,0.5307325730925379,14.24096046827841,40.90970042184957,20.10506100771495,0.6877781099086417,4.8929463845224515,1.4399396347259332,False,False
7.00852294622845,0.11024627900736764,0.3681858322325506,51.58649204630312,0.28900153054572847,9.48385314137434,2.2411751876881625,16.55486130467353,1.6512472324178857,13.512378507982465,38.36622746977083,20.39476232529814,5.623740477933608,3.519370409942785,0.3774122719807623,False,False
7.302016579218968,0.09762558404134808,0.37511490937615677,60.7019694331961,0.4261243445673959,10.291338472793662,1.6343674475366363,17.016663787579137,1.6512472324178857,13.813418164862032,37.71765488572804,21.11635485905301,1.7074313817967268,5.517796831869328,1.4594328566938435,False,False
7.392419025758642,0.10253499507713204,0.23658395713795452,62.352887957039,0.30348476203089697,10.139932134269031,1.8634698659548121,17.060143271282318,0.5307325730925379,14.24096046827841,42.95582643633465,16.152025318196383,2.7274259135673202,4.8929463845224515,1.4399396347259332,False,False
7.774970765380605,0.0998527691681364,0.1637739164660209,82.61054944930751,0.44951823980649297,11.28903807394729,2.1955989655400994,18.92066811690547,1.9115415413645218,13.512378507982465,36.94079531980786,20.39476232529814,1.0156648017981937,3.9017620641098465,3.402427322733504,False,False
7.8685827342465435,0.09705933377146393,0.07736212308891866,82.08937762644433,0.35835379779365006,11.133113996244026,1.5858683679428225,16.43297662985375,1.9115415413645218,13.512378507982465,39.99471043371886,20.31633084064449,1.0156648017981937,3.4139699219042208,3.402427322733504,False,False
7.258773437072729,0.08641356232956675,0.8305246372186144,38.50931091980931,0.5905380898628791,10.407836824418267,1.9416449955556694,17.060143271282318,2.592300273567571,12.863181313280318,41.12887500366976,20.116376394890366,0.4274449202554642,5.631859750800558,0.17981907225363664,False,False
7.233754720697636,0.11615624132599013,0.047806459218775924,74.45972170854492,0.16541534566350663,9.705149770929047,2.1070746802224956,16.55486130467353,1.6512472324178857,13.512378507982465,36.810974228028066,20.39476232529814,5.623740477933608,3.519370409942785,1.9326655137235216,False,False
7.420760447512278,0.0849519350868662,0.7316014096059855,39.13278382404938,0.4950529024564326,10.40385587438217,2.190652349858101,16.43297662985375,1.9980656391989138,11.487298776641158,44.40306514290483,20.39476232529814,1.0156648017981937,3.9017620641098465,0.3664046201951726,False,False
7.345004904488791,0.09944751864615214,0.7124426964285836,46.119377705382625,0.574335872233744,10.649327432882544,2.2794707543840236,16.43297662985375,4.178047302028675,13.491900255714768,37.10136236098337,22.830282409033984,3.8624367223770903,1.3177514880328864,0.7852428319754641,False,False
7.6678787432000854,0.1252605543202614,0.0,110.71897301687952,0.0,9.625223608320129,2.2046529331863858,16.55486130467353,2.9480770369694893,9.854499990161173,40.55156983663401,15.949977411435643,5.539584966307458,4.411581135137346,4.189848318681349,False,True
7.173865888887237,0.09401123960010618,0.6246549251604863,41.72310373250321,0.4191128583000927,9.958259383099296,1.5326118884183455,19.38240297486943,0.5307325730925379,10.37973387620442,41.645790664745924,20.993602354277275,2.7274259135673202,4.160492570989454,0.17981907225363664,False,False
7.206989604767262,0.11570811590491172,0.10710643497447707,70.06663860218669,0.09677301722454268,9.376474081384117,1.7066778364389845,17.016663787579137,4.178047302028675,9.854499990161173,39.694282434876136,17.845907527216227,5.539584966307458,4.411581135137346,1.4594328566938435,False,False
7.348470271183799,0.0998342123203331,0.20718084480960794,62.65288853529535,0.2203399876788823,9.825172257929706,1.3137991542563692,17.016663787579137,1.9980656391989138,9.854499990161173,40.89134536019638,21.331921778492884,3.036489452540325,4.411581135137346,1.4594328566938435,False,False
7.676982403085555,0.09675493566749568,0.006455165454350217,78.59245473367402,0.28354695748918035,10.609332032113862,2.329045917581721,16.43297662985375,1.0791107430954037,12.863181313280318,40.43326970610326,20.39476232529814,1.0156648017981937,4.8929463845224515,2.888088096048482,True,False
7.847351403501612,0.09297774133913236,0.19875845193266217,74.01196809705549,0.429614694087748,11.169644011475235,1.7991158052615122,16.43297662985375,3.2614388810444255,12.863181313280318,41.4060267561168,18.81263151669408,0.18989093121373055,4.1457658757484115,2.888088096048482,False,False
7.333276851488422,0.09569390831973175,0.6704140772266569,42.487067442301196,0.4782682975181187,10.341296226193228,1.0383252830606073,18.911899580341526,1.9980656391989138,11.487298776641158,43.31949536390419,17.775440184247508,2.7274259135673202,3.4139699219042208,0.3664046201951726,False,False
7.440499850839684,0.08405062301882782,0.9100298885112013,36.54975985884222,0.6465103515945417,10.837503073982473,1.7006696570100877,16.55486130467353,1.6512472324178857,14.177665959929776,42.70117867925044,20.39476232529814,0.6235018165066786,3.519370409942785,0.3774122719807623,False,False
7.686634946289771,0.10299718829646066,0.06385243058469404,75.85173444045469,0.3134887772939067,10.72402386899249,1.7895211852194635,15.769632142186651,1.7289359549987817,14.24096046827841,39.95242090996726,20.10506100771495,2.9112041765379786,2.551745090744974,2.7400402495709955,False,False
7.751193727380613,0.11003194692128739,0.0,98.00589124988413,0.0,10.082910563234055,1.7134887528188585,17.43230024075861,2.256863088856377,8.073406717217514,40.16647047373989,20.993602354277275,3.690177316595953,3.519370409942785,3.86780939861159,False,True
7.993629414196697,0.09989063912510644,0.0843090647629599,89.79467022741002,0.3656828212597636,11.451235849778648,2.1983526644650784,19.16133492967029,1.9115415413645218,12.050574529238276,39.532900274396546,19.278987659382835,1.0156648017981937,3.0308620374772395,4.018134226672097,False,False
7.704412847658585,0.10513345401950996,0.08996198455055009,78.07318606188555,0.3716466516356713,10.902999866935675,1.1288726295207059,16.43297662985375,3.9719554369510353,13.512378507982465,38.28783513472045,19.278987659382835,2.738879645017847,2.8888988900431305,2.888088096048482,False,False
7.160536314835997,0.11863918723977655,0.04226582227976104,74.87018525806687,0.1144602037317406,9.451322220406801,2.3105025931282164,18.911899580341526,2.9480770369694893,10.37973387620442,37.780794061669546,17.775440184247508,5.539584966307458,4.93830165895749,1.7261686353025645,False,False
7.540493144304066,0.08098337875057571,0.9823960661435727,33.71021319181747,0.6824189577403816,11.052133510114755,2.329301011307883,18.826651572976857,2.883091210627681,10.650822701828982,43.7059764449297,20.39476232529814,0.2833922341003332,2.8888988900431305,0.3664046201951726,False,False
7.513452436710152,0.10060282123432865,0.07744170324541387,72.26427241489642,0.2466854547191163,10.232701683725834,2.013771349879348,18.826651572976857,1.6512472324178857,10.37973387620442,41.837494707095225,17.775440184247508,1.8281665761813546,5.517796831869328,2.183469019007425,False,False
7.762888405465227,0.09964976768239339,0.026607652419913214,76.03017968658351,0.1887858678699289,10.45937130069689,1.3419893595414405,15.769632142186651,2.5699552203442484,10.37973387620442,42.86670518208325,20.39476232529814,2.7274259135673202,2.551745090744974,2.7400402495709955,False,False
7.814906710126316,0.09300283131967685,0.06304370468756072,76.31009116204476,0.319162985504851,10.833254581726662,1.6789340957864924,17.060143271282318,3.2926128595358675,10.37973387620442,42.48395306449864,18.81263151669408,0.18989093121373055,4.8929463845224515,2.888088096048482,False,False
7.317196556127892,0.08777786147919989,0.7071763859146039,46.01875654224254,0.5673469783250811,10.555429558214518,2.3196024497710845,17.192881399907503,0.5307325730925379,14.24096046827841,39.53419307058543,22.139848972777052,0.6877781099086417,4.8929463845224515,0.7806590209279686,False,False
7.410870086095044,0.09259140937301179,0.6170581411532432,55.148538307844284,0.6022885750198094,10.918151345958346,2.3804470867333887,19.669829320163757,0.5307325730925379,14.24096046827841,38.143051184010126,20.39476232529814,0.6877781099086417,4.8929463845224515,1.4399396347259332,False,False
7.0807142908855925,0.10866332284773605,0.3377763161008234,52.97806571479575,0.17173240918106902,9.231204995574522,1.8139150690579897,15.769632142186651,3.2487663602365258,10.37973387620442,40.63907861335721,20.39476232529814,5.623740477933608,3.519370409942785,0.42491579484065234,False,False
7.216690363493663,0.09797130767614373,0.564539425298391,45.1675747710448,0.4047433870544359,9.988482940988916,1.4424758765008394,16.55486130467353,1.6512472324178857,12.863181313280318,41.221713328002984,20.39476232529814,3.4174518144035932,3.519370409942785,0.3774122719807623,False,False
7.857591465565173,0.09915583745482823,0.257798302369757,74.48058255516652,0.49857522977151625,11.38172768931017,2.0033763568923186,16.43297662985375,5.081104410554684,14.177665959929776,40.410190565613,16.474939126259322,1.0156648017981937,3.519370409942785,2.888088096048482,False,False
7.346146746594246,0.10605450447935297,0.1275305727119601,68.55356994890238,0.22892551955767787,9.954581243674681,1.4684522952859707,16.43297662985375,0.5368336971016631,13.512378507982465,39.55237095498451,20.39476232529814,3.8624367223770903,3.9017620641098465,1.8064790982925352,False,False
7.302985684679645,0.11405027239434229,0.036140849597910016,75.32393778785536,0.06555290360588018,9.479910525277017,1.877745923415054,13.943222522117564,2.256863088856377,13.512378507982465,39.84557880871357,19.278987659382835,5.328541835113827,3.9017620641098465,1.9326655137235216,False,False
7.321554801905458,0.08751310672116668,1.0722549249379822,34.53731322735905,0.7889987059053618,10.99976923396703,1.6619206315825146,17.060143271282318,4.91030869039272,14.24096046827841,38.152774485598734,20.700816477222862,0.6877781099086417,4.067399425062675,0.17981907225363664,False,False
7.238687617417007,0.09286001603891547,0.5314049945127496,42.42084618567455,0.3306706647019847,9.756153448559015,1.9974304391452888,16.55486130467353,1.6512472324178857,10.37973387620442,43.95165770459561,20.39476232529814,2.7274259135673202,4.160492570989454,0.17981907225363664,False,False
7.642968462239097,0.08922968783292355,0.2525829043232626,64.9981926737085,0.35803518161581815,10.605901054548363,1.6789337623630727,16.43297662985375,1.0791107430954037,12.050574529238276,42.766920417630956,20.39476232529814,0.2833922341003332,4.8929463845224515,2.099316736260688,False,False
7.918647320481034,0.08850001142456723,0.24494294990330256,69.19803742042548,0.4097846152120656,11.184466327741289,2.236898250155854,16.43297662985375,2.5699552203442484,11.379761638345256,43.31021281244415,20.39476232529814,0.2833922341003332,2.8888988900431305,2.7400402495709955,False,False
7.871611246944636,0.09393268674928537,0.05233506277528799,75.12117028392431,0.29093406029576174,10.8684769954256,2.248048583103537,16.43297662985375,1.9115415413645218,11.487298776641158,44.037828715695596,18.81263151669408,1.0156648017981937,3.4139699219042208,2.888088096048482,False,False
7.330680302753597,0.08518026476468224,0.8162750018947459,39.50568800369845,0.5896940349141481,10.559965386533687,2.027749614731697,17.060143271282318,0.5307325730925379,14.24096046827841,42.07559778528992,20.39476232529814,0.4274449202554642,4.8929463845224515,0.3774122719807623,False,False
7.303993131655776,0.10567822988145988,0.20387715695165315,63.82419679205553,0.2899318555878012,9.987182014990744,1.6100168208589485,16.43297662985375,2.256863088856377,12.863181313280318,38.79472482836695,20.39476232529814,3.8624367223770903,3.9017620641098465,1.4932930278575225,False,False
7.517534802290477,0.08568948252037152,0.8094690468563239,43.64150975688923,0.6414115925585566,11.016474449623397,2.0629868893306087,19.16133492967029,2.1956810747997624,12.050574529238276,42.18756886736928,19.278987659382835,0.18989093121373055,4.066432722867459,0.8695292854583642,False,False
7.77308275855401,0.08171563867693496,1.1072368205939722,35.573895018568734,0.840666467514392,11.847409400712802,1.284291086579391,19.16133492967029,4.443047522930541,12.050574529238276,42.94646820972313,19.278987659382835,0.18989093121373055,1.0601669323828313,0.8695292854583642,False,False
7.385834655000825,0.10055787548221584,0.20699803989575744,62.666431157675234,0.23204336627632988,9.93008431187492,1.7902180908689,17.192881399907503,0.5307325730925379,12.050574529238276,43.31959203772975,17.845907527216227,2.7274259135673202,4.8929463845224515,1.4399396347259332,False,False
7.401565692846036,0.10045775670653018,0.7263463192222734,46.42838911690785,0.5934047961022413,10.855074178592231,1.308041967344596,19.16133492967029,2.1956810747997624,13.512378507982465,38.94371022203106,20.39476232529814,3.8624367223770903,1.0601669323828313,0.8695292854583642,False,False
7.16497521709343,0.11193415493874725,0.3570391760179497,56.05396740052786,0.34086269551571413,9.932031300837,1.9729680523209323,19.16133492967029,2.1956810747997624,12.050574529238276,38.220430517003045,19.278987659382835,5.623740477933608,2.5997215265138167,0.8695292854583642,False,False
7.250997623138501,0.1084863071392245,0.1841965181943004,65.79027108155091,0.2971674567515186,9.969260492334598,1.7303580326597408,18.826651572976857,1.6512472324178857,12.863181313280318,39.65887429976426,16.61151602527454,3.4174518144035932,5.517796831869328,1.4532809100132231,False,False
7.585527790773744,0.09572299128941525,0.3869051172962714,55.53823830302634,0.3650268150390104,10.560856320187234,1.9992974580337235,19.38240297486943,0.5307325730925379,10.37973387620442,44.528771433735976,18.765975799273434,2.7274259135673202,2.245017794530951,1.4399396347259332,False,False
7.541880830600661,0.09201348216562316,0.6863321968738496,54.13188058274137,0.6608945788241745,11.169257220685221,1.3191743910260638,17.844613949954148,4.178047302028675,14.24096046827841,39.34820058009251,17.845907527216227,0.18989093121373055,4.8929463845224515,1.4594328566938435,False,False
7.105937603339645,0.09581234471688574,0.5937281350464926,43.51543877249179,0.4120095658235092,9.845625512047382,1.7791582434364062,19.38240297486943,1.0791107430954037,10.37973387620442,40.36495868121006,20.993602354277275,2.7274259135673202,4.8929463845224515,0.17981907225363664,False,False
7.118680939982105,0.11167833017643554,0.23193546708190113,60.81900729802966,0.11327124002651445,9.207198509576486,2.3140568473318575,13.943222522117564,1.9115415413645218,13.512378507982465,40.89253474447157,19.278987659382835,5.690043675112832,3.9017620641098465,0.8695292854583642,False,False
7.674024457435756,0.09718975939938078,0.026963081846515517,78.50199413739799,0.30518280928291475,10.656221485422488,2.282246748103064,16.43297662985375,1.6512472324178857,12.863181313280318,39.86113321678077,20.39476232529814,1.0156648017981937,4.8929463845224515,2.888088096048482,False,False
7.042161909068565,0.10212575652764722,0.3624608425770171,51.149377340659385,0.2602525717751227,9.374960588441628,1.7427539809887662,16.43297662985375,1.9980656391989138,11.487298776641158,40.142926305910215,20.39476232529814,3.659768871033328,5.517796831869328,0.3664046201951726,True,False
7.505841432284968,0.10338658220433132,0.0,82.04540035686071,0.00853574714511035,9.641264239805832,1.8694096916385294,16.835397612543762,1.9980656391989138,8.073406717217514,41.84246268540718,20.39476232529814,2.7274259135673202,5.517796831869328,2.610682274897847,False,True
7.178429190183413,0.09455237482021721,0.4877126961490586,44.138099810857454,0.3090305338076813,9.640385477404408,1.546918810139829,18.826651572976857,1.9980656391989138,8.073406717217514,43.19662369254835,20.10506100771495,2.7274259135673202,4.8929463845224515,0.17981907225363664,False,False
7.703080489067003,0.08963806817449632,0.5961575249632043,54.486665949998724,0.5708127642851348,11.22410284781757,1.7298874436398375,19.652513305374104,2.9480770369694893,10.37973387620442,41.467073183063405,20.39476232529814,1.0156648017981937,2.4160068359896854,1.7261686353025645,False,False
7.617958620170477,0.08897493176927884,0.3548318211103811,57.41215604086592,0.3578757700180587,10.491011579103033,1.6037651655973577,16.43297662985375,2.256863088856377,10.37973387620442,44.02339576605122,20.39476232529814,1.0156648017981937,3.9017620641098465,1.594841447828045,False,False
7.299229740430201,0.08484617801492135,0.8912114691019875,36.51296537504585,0.6261329324093577,10.57679223509143,1.831368744745676,17.060143271282318,1.0791107430954037,14.24096046827841,41.72481281501418,20.39476232529814,0.4274449202554642,4.8929463845224515,0.17981907225363664,False,False
7.082282755803115,0.10515489875413961,0.4065835891379048,47.88065943559133,0.21283874537045355,9.310056668370503,1.7943303378204563,16.43297662985375,2.256863088856377,10.37973387620442,41.71666362450314,20.39476232529814,5.225211461126312,3.4139699219042208,0.17981907225363664,False,False
7.443809497650841,0.0840466166968944,0.9278580081902761,35.979569612062406,0.6571989933364862,10.91124875249037,2.180022753075372,20.592657373245117,1.6512472324178857,10.37973387620442,42.619600313493436,20.341877194247477,0.6235018165066786,3.4139699219042208,0.3774122719807623,False,False
7.462933876309851,0.09501092889767247,0.4933967075762211,56.564975955296354,0.49199711503952104,10.671058212722556,1.5147719204095647,17.016663787579137,1.9980656391989138,13.813418164862032,39.708463780461365,20.39476232529814,1.7074313817967268,3.9017620641098465,1.4594328566938435,False,False
7.320126255997663,0.11246371953866012,0.19037129545929685,63.89817989225256,0.23819436751996653,9.951268559082223,1.6588856193735348,19.38240297486943,2.256863088856377,10.330456617715408,39.95560361209486,18.765975799273434,5.623740477933608,2.245017794530951,1.4399396347259332,False,False
7.529728239649407,0.08140574981601406,1.0076082855732222,33.54862846458772,0.7067167366635365,11.110499057403013,2.2339321603253315,19.38240297486943,2.883091210627681,10.650822701828982,43.15022504303714,20.39476232529814,0.2833922341003332,2.8888988900431305,0.3664046201951726,False,False
7.143576449697703,0.09512691018864376,0.5423203779593486,43.966060529665945,0.3641916432439348,9.718146181259021,1.8159664982705457,17.060143271282318,2.499482909522034,10.37973387620442,41.266846218370546,20.993602354277275,2.7274259135673202,4.8929463845224515,0.17981907225363664,False,False
7.4507296612523195,0.09366106441547245,0.32362546249854596,59.01876245928373,0.34783258932160555,10.223810107181592,2.185235471387362,13.943222522117564,1.9115415413645218,14.24096046827841,41.972974625075615,20.10506100771495,1.4933538162005529,4.8929463845224515,1.4399396347259332,False,False
7.242191185431563,0.11434282004681283,0.08948207791699445,71.37229285015168,0.14374298728855917,9.608606710994206,1.7847599807085106,17.628383093618368,2.9480770369694893,10.37973387620442,37.86391965635677,20.39476232529814,5.539584966307458,3.519370409942785,1.7261686353025645,False,False
7.45062178086044,0.12592398354140236,0.0,96.25581621362328,0.027881625775091512,9.903854876559445,2.034075458727349,18.826651572976857,0.8652936106659973,13.501069340930087,38.39356557716371,15.158727760775154,5.827748548370634,4.160492570989454,3.266451018128101,False,True
7.330680302753597,0.08518026476468224,0.8162750018947459,39.50568800369845,0.5896940349141481,10.559965386533687,2.027749614731697,17.060143271282318,0.5307325730925379,14.24096046827841,42.07559778528992,20.39476232529814,0.4274449202554642,4.8929463845224515,0.3774122719807623,False,False
7.819292929108265,0.09364364086121237,0.06060689071240423,75.25688925997073,0.3015935996671714,10.82969342960049,1.884399509565707,16.55486130467353,1.6512472324178857,11.491217761864702,42.48478806795627,20.39476232529814,1.0156648017981937,3.519370409942785,2.888088096048482,False,False
7.943613878639725,0.10479018576012672,0.061792987359022236,86.43839999732617,0.34192835959860934,11.266025840055198,1.7878346867892894,17.060143271282318,4.178047302028675,12.050574529238276,38.718510704342584,20.10506100771495,2.7274259135673202,1.4539250488565962,3.706312222969277,False,False
7.811107580373976,0.09607138140904123,0.16246637343584708,74.78132666566452,0.40228291272780436,11.101670653054727,1.794845270269711,16.55486130467353,1.6512472324178857,14.177665959929776,41.38047067849526,18.81263151669408,1.0156648017981937,3.519370409942785,2.888088096048482,False,False
7.360122287854536,0.08833621432992841,0.6931339312282052,46.1326890496401,0.5541546905219373,10.581351489663998,2.0135491251812314,17.192881399907503,0.5307325730925379,14.415370611362171,41.10486957498058,20.39476232529814,0.6877781099086417,4.8929463845224515,0.7806590209279686,False,False
7.11382399996679,0.10230827273190268,0.4294822761701796,49.24349415596026,0.32030287106303607,9.659887026189946,1.272555173727587,18.826651572976857,1.9980656391989138,10.37973387620442,41.063797519174784,18.81263151669408,3.659768871033328,4.8929463845224515,0.3664046201951726,False,False
7.610057939000394,0.07840057718030373,1.365851966092786,24.34686979170946,0.9536224584728592,11.840173131088603,1.9675838162848092,18.826651572976857,2.883091210627681,14.144914801032037,41.2682061147817,21.746910884615804,0.2833922341003332,0.6670141096119448,0.17981907225363664,False,False
7.493067462173733,0.08290130488211771,1.0967960377510275,33.09809543761391,0.7943938176620164,11.303891832375095,1.5601082805181996,19.38240297486943,2.883091210627681,12.618658315123282,41.182389429742834,20.39476232529814,0.2833922341003332,2.8888988900431305,0.3664046201951726,False,False
7.1598954723590245,0.09542183066883611,0.5475247331424619,44.075878559405666,0.37124614597212746,9.720182226296203,1.5805454204366747,15.769632142186651,4.178047302028675,10.37973387620442,40.878792954959565,20.993602354277275,2.7274259135673202,4.8929463845224515,0.17981907225363664,False,False
7.236660696705873,0.09028291682753947,0.55556407347645,44.74944663876734,0.3893198683250333,9.905206367334303,1.8796178043107639,16.43297662985375,1.6512472324178857,11.487298776641158,42.65814503309464,20.39476232529814,1.4913685506299303,5.517796831869328,0.3664046201951726,False,False
7.385414934702222,0.08286251061171285,0.925847749512533,34.53826445706206,0.6345526822023174,10.692765017758541,1.7616094669405549,17.060143271282318,1.9980656391989138,12.863181313280318,42.703129881443814,20.700816477222862,0.4274449202554642,4.067399425062675,0.17981907225363664,False,False
7.1681501085631725,0.10447306997697908,0.3595853186297825,51.362402987188595,0.2551163080466021,9.520658691634305,2.013453777734123,16.43297662985375,3.4658807048220575,11.487298776641158,43.72336533642752,15.346508229157692,3.659768871033328,5.517796831869328,0.3664046201951726,False,False
7.206223122002302,0.10706261378637054,0.7014570110277306,43.46370737047253,0.524926828058006,10.398243183111251,2.306059436244739,18.826651572976857,1.6512472324178857,14.144914801032037,38.314257208748764,20.39476232529814,5.623740477933608,0.6670141096119448,0.3774122719807623,False,False
7.714991739973447,0.09040627797900735,0.03586668351766841,75.34424866252431,0.12459496908935724,10.158521169385942,2.061448999393478,16.835397612543762,1.0791107430954037,8.073406717217514,45.06139857482255,20.39476232529814,0.4274449202554642,5.517796831869328,2.610682274897847,True,False
6.9961286409986725,0.1107518974708476,0.39833849945252653,51.434175477018286,0.31864346883446965,9.549235526781427,2.0531619233083704,16.55486130467353,1.6512472324178857,14.177665959929776,37.70094001782351,20.39476232529814,5.623740477933608,3.519370409942785,0.3774122719807623,False,False
7.0786537440502775,0.0989662380915523,0.5508373032449857,47.678072778208275,0.4260394091949122,9.866556604752128,1.6713974914504148,18.826651572976857,1.9980656391989138,11.487298776641158,38.68159432025312,20.39476232529814,2.7274259135673202,5.517796831869328,0.3664046201951726,False,False
7.33683869721554,0.09929760212683161,0.3072565304361178,55.23904395474726,0.15616926238329387,9.531262420873686,1.798600172874541,13.943222522117564,1.9115415413645218,11.487298776641158,44.94788927989238,19.278987659382835,3.659768871033328,3.9017620641098465,0.8695292854583642,False,False
7.537896051323543,0.10985632808871688,0.0,85.15583227731565,0.07365713736070706,9.941240042516071,1.608646239372509,16.43297662985375,2.256863088856377,10.650822701828982,39.50755625686434,20.39476232529814,3.9671688371400826,3.9017620641098465,2.888088096048482,False,True
7.643102298551888,0.08051486749603737,1.28349590707862,26.35616888502578,0.8953510515437352,11.742348650802224,1.962103527279055,18.826651572976857,2.565424046989631,14.692161936736158,44.24621986375716,17.845907527216227,0.18989093121373055,1.4539250488565962,0.17981907225363664,False,False
7.4901261592263735,0.1036144949837427,0.2371672401538261,69.20286682681123,0.40165001653868926,10.604387605223424,2.069841221594313,18.826651572976857,1.9980656391989138,13.976194232563769,40.67505887845349,15.158727760775154,1.8281665761813546,5.517796831869328,2.0193385079811392,False,False
7.761661062049879,0.07948103180678524,1.02073414673617,35.928158379824,0.7544511770837813,11.622463000781526,2.0560007030530456,18.826651572976857,2.1956810747997624,12.050574529238276,44.412743348632034,20.39476232529814,0.18989093121373055,1.0601669323828313,0.8695292854583642,False,False
7.496541789588703,0.10428450740743667,0.0,81.82878604269294,0.054541542593373626,9.743276463923365,1.8007000619139826,17.060143271282318,2.954800510862137,8.073406717217514,40.66098215500539,20.39476232529814,2.7274259135673202,5.517796831869328,2.610682274897847,False,True
7.280848897464512,0.11441797380777784,0.045197954129798885,74.65296596359224,0.07919403983528933,9.528806521180858,2.127250245343533,16.55486130467353,1.6512472324178857,11.487298776641158,38.94145444740794,20.39476232529814,5.623740477933608,3.4139699219042208,1.9326655137235216,False,False
7.299276812642714,0.11439828751198865,0.038164717532597564,75.17400484235122,0.051805687980834236,9.445948894501827,1.8748997004324137,15.769632142186651,3.2487663602365258,10.37973387620442,39.12987738592231,20.39476232529814,5.623740477933608,3.519370409942785,1.9341170222755484,False,False
7.832621547152148,0.0969418635085671,0.21281412487246007,74.39767683582473,0.44993627012845316,11.215430199135948,1.2912242630010125,16.43297662985375,4.495102109043414,12.863181313280318,40.07838561137754,18.81263151669408,1.0156648017981937,3.4139699219042208,2.888088096048482,False,False
6.835960299571881,0.11292135327276843,0.29333962298787075,56.2700415264076,0.18881195966140718,9.027527232361782,2.1892224560013425,18.826651572976857,0.6009417439144984,11.487298776641158,37.2665591627974,20.39476232529814,5.539584966307458,5.517796831869328,0.3664046201951726,True,False
7.730423194691128,0.09593243837089355,0.1435485252781367,75.65208818180842,0.39472501400848137,10.959321047056106,2.210609128343494,17.628383093618368,2.9480770369694893,11.487298776641158,38.71626023075504,21.406782594876756,1.0156648017981937,3.909445369292503,2.888088096048482,False,False
6.9842944607559625,0.11123466596169349,0.42712850357654214,51.28874241712097,0.3469458249527803,9.611663143276358,1.9084358904673284,16.55486130467353,1.6512472324178857,14.812887658411219,37.06571831934207,20.39476232529814,5.623740477933608,3.519370409942785,0.3774122719807623,False,False
7.632272999598615,0.07945913060647392,1.3928384875502355,24.27198381586964,0.9810267946237138,11.932062159847904,1.3739783638589778,18.826651572976857,3.9400733037412565,14.144914801032037,41.257318429061066,20.700816477222862,0.2833922341003332,0.6670141096119448,0.17981907225363664,False,False
7.464870643613905,0.08455649551987471,0.5893532385671704,46.911613560442106,0.45575864888239903,10.430914878260912,2.263405597286599,16.43297662985375,1.0791107430954037,12.050574529238276,43.99670786843328,20.39476232529814,0.2833922341003332,4.8929463845224515,0.8695292854583642,False,False
7.7031469699669985,0.0891383111747021,0.5525618438470216,56.50026549054337,0.5534947982941669,11.159325441812717,1.8880199045955461,16.55486130467353,2.5699552203442484,13.512378507982465,41.5222043070606,20.39476232529814,0.7363481593124497,2.8888988900431305,1.8205912852854436,False,False
7.537420378799311,0.08587612335174352,0.6250037495421098,45.294574091165686,0.47034183424707615,10.573295287430737,2.104694291146043,16.43297662985375,1.9115415413645218,11.487298776641158,44.474256717681655,20.39476232529814,1.0156648017981937,3.4139699219042208,0.8695292854583642,False,False
7.143576449697703,0.09512691018864376,0.5423203779593486,43.966060529665945,0.3641916432439348,9.718146181259021,1.8159664982705457,17.060143271282318,2.499482909522034,10.37973387620442,41.266846218370546,20.993602354277275,2.7274259135673202,4.8929463845224515,0.17981907225363664,False,False
7.3740939440220385,0.10083911791920663,0.3759364318016093,59.81163570884816,0.4143118937026864,10.364545885442961,1.3317557604418822,17.060143271282318,2.9992318645328733,12.863181313280318,38.73761756983361,20.10506100771495,2.7274259135673202,4.067399425062675,1.4399396347259332,False,False
7.754485907709653,0.11557614338620867,0.0,85.2232925448146,0.1727566468702451,10.629913632189563,1.667477900643004,18.826651572976857,2.256863088856377,10.922012704414882,40.09828993980032,18.765975799273434,5.623740477933608,0.2746103941946888,3.231856022549836,False,True
7.459222387877464,0.08408843696409857,0.8534550499305998,39.72743871724145,0.6320769161973295,10.835120970886027,1.7741702485596926,17.060143271282318,2.592300273567571,12.863181313280318,42.17245677955914,20.39476232529814,0.2833922341003332,4.067399425062675,0.566364377849503,False,False
7.348445395853074,0.08477191206206708,0.7878736250909153,39.69877683881714,0.562480341934707,10.494802382728547,1.832834921177254,16.55486130467353,1.0791107430954037,13.660558077232817,42.61290397294143,20.39476232529814,0.4274449202554642,4.8929463845224515,0.3774122719807623,False,False
7.815479563565496,0.09309369548439023,0.09293770698398175,73.64146188832068,0.3126974648472054,10.838961821529503,1.9075661020366872,16.55486130467353,1.6512472324178857,11.487298776641158,42.68562333744454,20.39476232529814,1.0156648017981937,3.4139699219042208,2.7965722998223357,False,False
7.437043298122361,0.09570092461892388,0.5081105259022991,56.86896335170521,0.5118492486781321,10.682584286495157,1.19063739640224,17.016663787579137,2.592300273567571,13.813418164862032,38.64253763321516,20.700816477222862,1.7074313817967268,4.067399425062675,1.4594328566938435,False,False
7.594234174488557,0.09167050297610141,0.3098594099345149,68.2091559290925,0.4641889142404468,10.891781757176354,2.0420716107254946,17.192881399907503,0.5307325730925379,14.24096046827841,38.71132389809381,21.790692723645293,0.2681357527297404,4.8929463845224515,2.372326799730253,False,False
7.559977144540921,0.08133801053755843,1.0633630944433619,34.48719479499899,0.7789040929537675,11.369700606620395,2.276890028876984,18.448244218572718,2.592300273567571,12.863181313280318,41.2710744147539,21.746910884615804,0.2833922341003332,2.2285322832598573,0.566364377849503,False,False
6.879485600636654,0.11407585660800784,0.31276784532903174,54.830752652072434,0.12500503590095657,8.87596524740147,2.291195253282847,18.826651572976857,1.9980656391989138,9.669442383424654,40.20362077155007,17.775440184247508,5.827748548370634,5.517796831869328,0.1812340683620342,False,False
7.522778321363575,0.08924733470267984,0.41177733940088523,57.071055411806775,0.41309571052967564,10.496653201147682,1.9270888582990922,17.016663787579137,1.6512472324178857,12.050574529238276,43.2237215752143,18.7971709528869,0.2833922341003332,5.517796831869328,1.4594328566938435,False,False
7.451124195017536,0.08401375975102893,0.8573041614549979,39.70045407004404,0.6357534430875651,10.833580876924437,1.7986439360695574,17.060143271282318,2.592300273567571,12.863181313280318,41.86640262763442,20.700816477222862,0.2833922341003332,4.067399425062675,0.566364377849503,False,False
7.4122478753155905,0.08176787642673382,0.8605690014222931,34.86802085585015,0.5703796321586634,10.551216005348104,2.3134759572305845,17.060143271282318,1.9980656391989138,11.422873175150023,44.143438019574106,20.700816477222862,0.4274449202554642,4.067399425062675,0.17981907225363664,False,False
7.29004750357873,0.08942546513378494,0.6306341537548177,43.71465033786953,0.4537823683227286,10.166473037352247,1.5156968635539938,16.43297662985375,1.0791107430954037,12.863181313280318,42.511227061435264,20.39476232529814,1.3836955917662863,4.8929463845224515,0.4420999507483937,False,False
7.605647470081334,0.0791307166667209,1.120765275677125,28.0656278883423,0.7480144768334706,11.275068251473773,1.8560956974166103,17.060143271282318,2.592300273567571,12.863181313280318,44.62160739334271,20.700816477222862,0.5913909171637315,1.390741281886862,0.17981907225363664,False,False
7.2338609802055815,0.10920340558941843,0.17439816814420678,65.08150711742238,0.004861593130203512,9.119841590119517,2.3772392450828903,14.664225437481194,1.6512472324178857,10.37973387620442,42.625187113695794,20.39476232529814,5.539584966307458,3.519370409942785,1.2258886386523198,False,False
6.964577722139672,0.11226207120477408,0.27932240494515426,57.308470345253745,0.09420210010730973,8.881390704407739,1.957630677013948,15.769632142186651,3.2487663602365258,10.37973387620442,40.11583036483527,19.278987659382835,5.690043675112832,5.0920901272008186,0.42491579484065234,False,False
7.5032585152248945,0.10059735529281835,0.019882081041035386,76.5284259949273,0.2240839552771028,10.1931430299082,2.2672094036179318,18.826651572976857,1.9980656391989138,9.3963545028048,39.56067169173261,20.39476232529814,1.8281665761813546,5.517796831869328,2.4775308599380073,True,False
7.4505874449565,0.0962737212861061,0.4926515565593326,58.52090730548279,0.5190652111452814,10.66369488972441,1.658213571160017,17.192881399907503,5.631754053899466,12.050574529238276,38.89653075000858,18.267624841913175,0.9834047364698314,5.517796831869328,1.4594328566938435,False,False
7.328106822527433,0.08459940462585966,0.7224818872747414,40.79916754748306,0.5091626168932222,10.326105818775748,2.3481943408221526,18.826651572976857,1.9980656391989138,9.756122964353098,42.85680381200817,20.39476232529814,0.2833922341003332,5.517796831869328,0.3664046201951726,False,False
7.042750673455461,0.10200208299012337,0.5463133121105882,48.88055249203653,0.43839099661632175,9.829575209224924,1.975765400227963,17.060143271282318,3.4658807048220575,12.863181313280318,37.18920257958431,20.39476232529814,3.1426283536683663,5.517796831869328,0.3664046201951726,False,False
7.195793692467374,0.09640554060166957,0.4321857267397696,45.983992248934044,0.25218601658134165,9.519821461857113,2.3838145498432244,18.826651572976857,1.9980656391989138,8.073406717217514,45.326684868016144,17.350149384900284,2.7274259135673202,5.517796831869328,0.17981907225363664,False,False
7.28977171194069,0.08459726347495496,1.003858267138087,35.09390531799161,0.724766606410794,10.79647794857056,1.5923658998754497,17.060143271282318,2.883091210627681,14.144914801032037,39.045702456720115,21.746910884615804,0.2833922341003332,4.6560260693680755,0.17981907225363664,False,False
7.540493144304066,0.08098337875057571,0.9823960661435727,33.71021319181747,0.6824189577403816,11.052133510114755,2.329301011307883,18.826651572976857,2.883091210627681,10.650822701828982,43.7059764449297,20.39476232529814,0.2833922341003332,2.8888988900431305,0.3664046201951726,False,False
7.29304352166934,0.09966320698179497,1.0160212357610814,37.78367375112668,0.7759032721265062,11.117873337037643,1.8534787373386223,18.826651572976857,2.1956810747997624,16.741233350781933,36.75533125253198,20.39476232529814,3.659768871033328,1.0601669323828313,0.3664046201951726,False,False
7.809784587020661,0.08669774681654235,0.5711392394495256,53.96631665954489,0.5370082288189532,11.246431677200405,2.0698413770460378,18.911899580341526,2.9480770369694893,10.37973387620442,45.086389562791034,17.775440184247508,0.2833922341003332,2.8888988900431305,1.7261686353025645,False,False
7.0413500441965375,0.10550922407083643,0.37914258298232195,49.91355437403443,0.1287815872539121,9.030263825784447,2.1427504850383468,17.060143271282318,2.592300273567571,8.117944470658822,42.02239517258134,20.700816477222862,5.259181837370772,4.067399425062675,0.17981907225363664,False,False
7.490506149942255,0.09039672417480255,0.6310989459405879,54.31694333472843,0.6052589599594667,10.95554297753325,1.8092104346880031,17.27410616187085,2.883091210627681,14.144914801032037,38.976548565405764,20.10506100771495,0.2833922341003332,4.8929463845224515,1.4399396347259332,False,False
7.447774111707513,0.09419519734289585,0.43650173481164667,57.18602923547607,0.4408172788640101,10.51454917276446,1.7276371832096136,17.060143271282318,1.6512472324178857,12.863181313280318,40.07480966041322,21.11635485905301,1.7074313817967268,4.067399425062675,1.4594328566938435,False,False
7.344771442665847,0.09101477093598404,0.6199660493669301,39.33631166929952,0.3801760178931123,10.043063388316348,2.1756279418449824,18.826651572976857,1.9980656391989138,8.073406717217514,45.0683717794442,20.10506100771495,2.7274259135673202,3.0211982976266047,0.17981907225363664,False,False
7.430373076634634,0.08793419245442553,0.8185447073821461,38.140492425938476,0.5726469551509397,10.631130016700016,1.3039907468406802,17.027378489145466,3.4658807048220575,11.487298776641158,42.66395834543578,20.39476232529814,1.6028099164349043,2.9915068220273278,0.3664046201951726,False,False
7.1705895517245,0.1142451589175756,0.24627119666022027,59.75698238781241,0.2299576747609069,9.589065029505687,1.4132769411049306,17.628383093618368,4.975804087136071,10.37973387620442,39.973455120180404,16.731747506985073,5.539584966307458,3.9017620641098465,0.8695292854583642,False,False
7.126409245950551,0.09622556315931942,0.40364162741964266,48.40687883351938,0.2811268282078547,9.528036470818492,2.0582925870232365,18.826651572976857,1.9980656391989138,8.073406717217514,41.49664635069762,20.993602354277275,2.7274259135673202,5.517796831869328,0.3664046201951726,True,False
7.299630588934243,0.11404728550820714,0.08603803253241066,71.62743591562067,0.0733506756681847,9.550604521488621,2.0958068508338163,18.911899580341526,0.4347590489015739,10.37973387620442,41.71304329875217,17.775440184247508,5.539584966307458,3.519370409942785,1.7261686353025645,False,False
7.686357092679478,0.09711405364683488,0.06182646720099185,73.4210862043515,0.22185171173277868,10.345310675602006,1.5362364505302404,15.365111895042352,4.483223018292729,9.3963545028048,41.98745139737995,20.39476232529814,1.8281665761813546,4.067399425062675,2.4775308599380073,False,False
7.011353320039924,0.09788578059782418,0.6210775595110662,44.79972741754833,0.4591526398311052,9.832347210700046,2.274224578383495,18.826651572976857,1.9980656391989138,11.487298776641158,37.34591588643126,21.91702630706153,2.7274259135673202,5.517796831869328,0.17981907225363664,True,False
7.356569034589993,0.08379153058792901,1.1643111241750634,31.664313177555872,0.8452038784342845,11.226532393729244,1.3250882073803056,18.826651572976857,2.883091210627681,14.144914801032037,38.41584981445086,21.746910884615804,0.2833922341003332,3.519370409942785,0.17981907225363664,False,False
7.369108029787849,0.09024436882608844,0.933106086155349,38.43193307085747,0.697659587978815,10.858130290146892,1.8956486736529548,16.43297662985375,5.246723368888045,13.512378507982465,39.13268089428777,20.39476232529814,1.3836955917662863,3.519370409942785,0.3774122719807623,False,False
7.786142853271503,0.08934348635406135,0.5345977837905123,61.15151606837282,0.6007807275128376,11.472907623032242,1.8450035853793316,18.911899580341526,2.9480770369694893,12.050574529238276,40.26595959933033,20.39476232529814,0.2833922341003332,2.8888988900431305,2.2564358046787696,False,False
7.783326549359511,0.09137788086779529,0.13735377473123114,73.10433100717623,0.35190718705068347,10.85688458224363,1.512930238031237,16.43297662985375,2.5699552203442484,11.379761638345256,41.78753056734993,20.39476232529814,0.2833922341003332,4.411581135137346,2.7400402495709955,False,False
7.464324816811351,0.0898888671314352,0.48769313145352045,55.15097716785995,0.46584322135775497,10.569132345429711,2.157915116803356,16.43297662985375,0.5307325730925379,14.24096046827841,41.44372866298881,20.39476232529814,0.6877781099086417,4.8929463845224515,1.3761148460572539,False,False
6.933407460184578,0.11022671459509147,0.3759077103882743,50.15320142216608,0.2717390749218196,9.300919935653432,2.2595932694094873,16.55486130467353,1.9980656391989138,12.863181313280318,38.01211629037446,20.700816477222862,5.623740477933608,4.067399425062675,0.17981907225363664,False,False
7.217580031133901,0.09663406630355943,1.0005721640650402,36.86569772872244,0.7465316931529232,10.88372579728623,1.8415449714749779,18.826651572976857,1.9980656391989138,16.084263695026262,37.305639635264676,20.10506100771495,2.7274259135673202,2.7730734639973744,0.17981907225363664,False,False
7.318877294164605,0.0969364484417604,0.3340200376796334,60.90688308183991,0.38568741050942573,10.202518402248971,1.8834021666618002,17.060143271282318,1.6512472324178857,12.863181313280318,38.62441225360657,21.11635485905301,1.7074313817967268,5.517796831869328,1.4594328566938435,False,False
7.761661062049879,0.07948103180678524,1.02073414673617,35.928158379824,0.7544511770837813,11.622463000781526,2.0560007030530456,18.826651572976857,2.1956810747997624,12.050574529238276,44.412743348632034,20.39476232529814,0.18989093121373055,1.0601669323828313,0.8695292854583642,False,False
7.62940506214999,0.10662882632452937,0.0,94.59380428638502,0.0,9.762669023341005,1.8962727853295716,16.835397612543762,1.9980656391989138,8.073406717217514,40.98924054851295,20.39476232529814,2.7274259135673202,5.517796831869328,3.463904411792069,False,True
7.315593574276005,0.09698770079280408,0.3371949378547884,60.72212708783621,0.3864058378352982,10.22762251469319,2.0055275691643137,19.799822886134507,1.6512472324178857,10.190939002432955,38.556974949601745,21.11635485905301,1.7074313817967268,5.517796831869328,1.4594328566938435,False,False
7.971934226927149,0.10512933737785417,0.024713456369934685,90.89997796560644,0.302809454405122,11.271137590247314,1.898336810942826,17.060143271282318,2.592300273567571,12.863181313280318,38.645521388955395,20.700816477222862,2.7274259135673202,1.390741281886862,4.019870080237352,False,False
7.14289007660067,0.11283877203978536,0.16582033009935365,65.71697374154319,0.12360315166796954,9.322202442596959,1.7414866945950744,16.395457905120224,3.3405300434503786,10.37973387620442,38.656642819904384,20.39476232529814,5.539584966307458,4.067399425062675,1.2258886386523198,False,False
7.269270135695043,0.08660491213268803,0.9376332844778124,36.225719633838445,0.6710173086294094,10.695977459468367,2.343589247596948,18.826651572976857,0.5307325730925379,14.144914801032037,40.598601143963165,20.39476232529814,0.6877781099086417,4.636740401474982,0.17981907225363664,False,False
7.2117930660136365,0.09489965638283475,0.46230151762764926,46.82843366892688,0.3205345264482105,9.690977776339446,1.3026727574300263,15.769632142186651,3.2487663602365258,10.37973387620442,42.267887564982594,20.39476232529814,2.5589691148157847,5.013843996080715,0.3664046201951726,False,False
7.054292014270849,0.10998879891208825,0.3202016016750881,54.28004231864529,0.1486018753068742,9.14393455725834,2.3670417399402663,13.943222522117564,1.9115415413645218,13.512378507982465,41.33714823508928,19.278987659382835,5.690043675112832,3.9017620641098465,0.42491579484065234,False,False
7.728342234945987,0.09149588731886737,0.08256008574856546,74.42019432058613,0.3128389281897108,10.67678454663264,1.5491794946733826,16.43297662985375,2.5699552203442484,10.650822701828982,41.06059491631141,21.369271663467828,0.2833922341003332,4.8929463845224515,2.7400402495709955,False,False
7.55255939819863,0.09018845955203984,0.5231252938043485,53.590550698353745,0.4810022692142425,10.732074364599704,2.0360779876200574,16.43297662985375,0.8324632004516821,14.24096046827841,42.93596704238676,19.278987659382835,1.000768089479467,3.9017620641098465,1.3761148460572539,False,False
7.259442231319432,0.08769277280323287,0.9403883812240386,36.84629547196627,0.682761496581406,10.685363836694023,1.6784237964945852,18.84106915312869,2.592300273567571,12.863181313280318,39.54814336804055,20.39476232529814,0.6877781099086417,4.8929463845224515,0.17981907225363664,False,False
7.361463966384795,0.10418219552009993,0.1314739259140662,68.26143697390853,0.2543009718878463,9.977635113632278,1.781505762435763,15.971534460055324,1.9980656391989138,13.565757427356377,40.71781090840266,17.775440184247508,2.7274259135673202,5.517796831869328,1.7261686353025645,False,False
7.806745377251003,0.08909027622912814,0.6834766356403915,53.53823653418936,0.6494279338658426,11.488380783144649,2.2278932029994993,18.911899580341526,7.07952142692935,9.3963545028048,41.93832454623079,17.775440184247508,0.2833922341003332,2.8888988900431305,1.7261686353025645,False,False
7.618766771418336,0.10015626014668837,0.5043551606445704,62.13918297648063,0.5829400296354067,11.253284275850314,2.190398486329539,22.091378499611338,2.90213170461449,12.050574529238276,40.467811225761125,15.158727760775154,1.4949487021662524,3.9017620641098465,1.9326655137235216,False,False
7.614206210260794,0.07892102174961367,1.1057272882481484,28.039559378559346,0.7317781609527909,11.254633666761576,2.105774910477767,18.911899580341526,2.9480770369694893,10.37973387620442,44.897521757957485,20.700816477222862,0.5913909171637315,1.390741281886862,0.17981907225363664,False,False
7.963291781756593,0.08852813581014164,0.21136666934509946,69.41804265601561,0.37749471264469886,11.14743336505811,2.2314488059855995,16.43297662985375,3.2487663602365258,10.37973387620442,44.74720410060801,19.278987659382835,0.2833922341003332,2.8888988900431305,2.7400402495709955,False,False
7.248282290593417,0.10512208802795463,0.4222637012945182,47.24585201748716,0.2842390448122932,9.770876959748627,1.5047488187748477,17.060143271282318,2.592300273567571,10.37973387620442,42.133662698986434,20.39476232529814,5.623740477933608,1.390741281886862,0.42491579484065234,False,False
7.07498741629576,0.09910355580682012,0.5957792529869076,46.35761327226011,0.45464862922057325,9.877236723720182,1.8524411974013064,16.55486130467353,3.557230563767508,12.863181313280318,38.11485232506961,20.39476232529814,2.7274259135673202,5.517796831869328,0.2698894224742457,False,False
7.484990963645946,0.08595618649032592,0.7554912472917077,44.49376960879387,0.5966019646821901,10.852610786605931,1.9590246953517663,18.826651572976857,2.1956810747997624,11.422873175150023,41.795658220998725,20.39476232529814,0.4274449202554642,4.067399425062675,0.8695292854583642,False,False
7.715712662087598,0.08693914457905506,0.6074008012514349,53.62658386614185,0.570426074451257,11.165910223188737,1.4795777760311624,17.192881399907503,4.675170918649308,10.37973387620442,40.74095764657477,22.139848972777052,0.6877781099086417,2.4804059556207125,1.7032231203575936,False,False
7.347220349160521,0.09347217865972504,0.6691077503258162,48.06028196298014,0.5562577351421736,10.61976345366285,1.7769501014450075,18.826651572976857,1.6512472324178857,12.863181313280318,39.619797463709034,20.39476232529814,1.7074313817967268,4.067399425062675,0.8695292854583642,False,False
7.582546687448332,0.10209693128989118,0.0,82.46546780317001,0.0,9.732044978322993,2.0620203542143933,16.960585316876436,1.0791107430954037,8.073406717217514,43.13092782536929,20.39476232529814,2.7274259135673202,4.8929463845224515,2.740834774053439,False,True
7.104922329962167,0.11649393678533367,0.042964994703164755,74.81838890364102,0.0769725851091092,9.294727874732413,2.3847683913814715,18.911899580341526,1.0791107430954037,10.37973387620442,37.07579348892804,20.39476232529814,5.539584966307458,4.8929463845224515,1.7261686353025645,True,False
7.220985566355762,0.11591653755790088,0.023310501658860342,76.27444044930574,0.0674723134469612,9.4166546862528,2.107572651345901,16.55486130467353,1.9980656391989138,11.487298776641158,37.94120653746846,20.39476232529814,5.623740477933608,4.067399425062675,1.9326655137235216,False,False
7.413697892095143,0.08938647699657125,1.1530049555337594,33.94541006256493,0.8657607520852021,11.332722836425784,2.2208913479820787,18.826651572976857,6.164954856112621,14.144914801032037,40.03870891695153,15.949977411435643,0.2833922341003332,4.411581135137346,0.17981907225363664,False,False
7.5411501301685995,0.08176099781121623,0.9862137038371332,33.44859512224471,0.6827208877150405,11.07695382034394,2.2437445284361472,18.826651572976857,1.9980656391989138,11.487298776641158,43.88578455450904,20.39476232529814,0.5913909171637315,2.449641594017003,0.3664046201951726,False,False
7.330067640769835,0.0864552231012712,0.8882214693947308,36.195288179524084,0.6184544722997768,10.589915841838124,1.4371062708673359,17.060143271282318,2.592300273567571,12.863181313280318,41.520675365532426,20.700816477222862,1.0156648017981937,4.067399425062675,0.17981907225363664,False,False
7.183544460677667,0.08689593709108429,0.9894948585303891,36.931013840287044,0.7357752962829675,10.724069298710207,2.2210891075096604,18.826651572976857,1.9980656391989138,14.144914801032037,37.30244896395309,21.746910884615804,0.2833922341003332,5.517796831869328,0.17981907225363664,True,False
7.358493631212123,0.08326823692243447,1.0329135579608302,33.633629312062496,0.7346242879343156,10.89555227335331,1.5723461394624836,17.192881399907503,3.868442075621194,12.863181313280318,39.76944823749964,21.790692723645293,0.2681357527297404,4.067399425062675,0.17981907225363664,False,False
7.593139486166478,0.10982630190459865,0.16770129590736843,65.577627325132,0.2591553737213967,10.410430252779241,2.0604529739560733,16.55486130467353,1.9980656391989138,12.863181313280318,42.41406193326867,18.535799826987205,5.623740477933608,0.10318297534948467,1.9071065293082725,False,False
6.9477662916000185,0.10857383545488326,0.3347865462200344,53.199554971541865,0.0725489699148626,8.736317539386047,2.372728578528457,14.33896322531337,2.9480770369694893,10.37973387620442,40.97470368677127,20.700816477222862,5.539584966307458,4.93830165895749,0.17981907225363664,False,False
7.662857518041664,0.08930306352787203,0.4572743417246713,57.85847172675771,0.4723085680661004,10.905781395664883,2.183352622539309,18.911899580341526,1.5894272591728524,11.379761638345256,43.922329333352614,17.775440184247508,0.2833922341003332,4.411581135137346,1.7261686353025645,False,False
7.334207792598518,0.08917208789459133,0.6643873713072109,41.48940717946334,0.4577025388270346,10.227436092739264,1.7245957111248158,17.060143271282318,1.6512472324178857,11.487298776641158,43.26531296730593,20.39476232529814,1.7074313817967268,4.067399425062675,0.3664046201951726,False,False
7.519805380921687,0.0843199577504712,0.9074580395575514,37.41122779250874,0.6560651330203865,10.888571142213703,1.7354935501551458,16.43297662985375,6.768481451445456,10.37973387620442,42.52975029006271,19.278987659382835,0.2833922341003332,3.9017620641098465,0.42491579484065234,False,False
7.478902802881981,0.08176880013426381,0.8647160380630629,36.34190239164816,0.5957441611527671,10.730639013814693,2.201178096039091,15.693567380946028,1.6512472324178857,13.512378507982465,44.11776279925174,20.700816477222862,0.4274449202554642,3.519370409942785,0.3774122719807623,False,False
7.077185173593271,0.11315122444869115,0.13340477004110637,68.11839545310832,0.18020305114922297,9.446783670385523,2.2692340033364315,16.43297662985375,0.5307325730925379,14.24096046827841,37.0874819743641,20.39476232529814,5.044024798533352,4.8929463845224515,1.3761148460572539,False,False
7.0834047408631315,0.09826783237051362,0.5159365949487594,47.82336889094309,0.39128830992353614,9.791243644474756,2.1567031939971275,18.826651572976857,1.0791107430954037,11.487298776641158,39.600549216356626,20.39476232529814,2.7274259135673202,5.517796831869328,0.3664046201951726,False,False
7.715247812140255,0.09350012309140633,0.016916453069975752,76.7481267616372,0.2473248761077303,10.535957575283339,1.6087403252617636,16.55486130467353,0.9272137078646552,11.379761638345256,42.15340236607303,20.596096734335298,0.6877781099086417,4.8929463845224515,2.807939754277134,False,False
7.00852294622845,0.11024627900736764,0.3681858322325506,51.58649204630312,0.28900153054572847,9.48385314137434,2.2411751876881625,16.55486130467353,1.6512472324178857,13.512378507982465,38.36622746977083,20.39476232529814,5.623740477933608,3.519370409942785,0.3774122719807623,False,False
7.640925637180722,0.09082287321572695,0.20353316669665109,66.42637402784693,0.32662630186177677,10.51609004919766,1.2777263095565745,15.971534460055324,1.9980656391989138,11.487298776641158,42.586920501178824,20.39476232529814,0.5913909171637315,4.833601814658643,2.136425565805271,False,False
7.714712022209795,0.0993713524898029,0.5970359051108205,59.36248827154399,0.6411755725441549,11.524731421853302,2.080539886301555,18.826651572976857,1.9980656391989138,16.622685643200477,41.60698598572318,14.776265916604448,1.7870381345556048,2.449641594017003,1.9326655137235216,False,False
6.914553047720903,0.11967179577590209,0.31538775243388617,56.73114709306789,0.3065640945713382,9.413057492749736,2.362225919247591,18.826651572976857,5.214056177070875,12.050574529238276,37.03803995950371,15.158727760775154,5.827748548370634,5.517796831869328,0.3664046201951726,False,False
7.055148997217773,0.11202283628560435,0.24241556383926718,60.04261682853848,0.17105258224123576,9.296448408980536,2.0196785656917164,16.55486130467353,1.9980656391989138,11.853848432780808,38.67262504210846,20.39476232529814,5.623740477933608,4.067399425062675,0.8346973529438723,False,False
7.725979758298503,0.08162504173175825,0.9796472908021443,37.123319864349256,0.728124723941228,11.519020057929383,1.9681689880993196,18.826651572976857,2.1956810747997624,12.050574529238276,44.01124336268204,20.39476232529814,0.5913909171637315,1.0601669323828313,0.8695292854583642,False,False
7.963291781756593,0.08852813581014164,0.21136666934509946,69.41804265601561,0.37749471264469886,11.14743336505811,2.2314488059855995,16.43297662985375,3.2487663602365258,10.37973387620442,44.74720410060801,19.278987659382835,0.2833922341003332,2.8888988900431305,2.7400402495709955,False,False
7.31334121730548,0.09369611743096432,0.5329568342747601,44.67308683713185,0.3643817983689475,9.958660690155611,1.672488963696458,13.943222522117564,1.9115415413645218,13.512378507982465,43.46850534249177,20.39476232529814,2.8253035559621114,3.519370409942785,0.42491579484065234,False,False
7.187290878820307,0.11528380994494078,0.24675602080300735,59.72106546332652,0.2631566429199351,9.675993170467509,1.9173878045242505,16.55486130467353,6.164954856112621,11.379761638345256,39.63956847355728,15.949977411435643,5.539584966307458,3.9017620641098465,0.8695292854583642,False,False
7.9170486207484725,0.09058327162636669,0.24978694486765785,70.99451802683845,0.4404785376062764,11.309945132878816,1.9506929257361316,16.43297662985375,1.9980656391989138,12.863181313280318,42.095172720593006,20.64242090503456,0.5913909171637315,2.4887037788272353,2.888088096048482,False,False
7.502412306641671,0.0848025678222803,0.7906525770879063,43.85248493394598,0.6245646941784642,10.915482017540322,1.9422353753085912,17.060143271282318,2.7713507732414495,12.863181313280318,41.477688523238285,20.700816477222862,0.18989093121373055,4.067399425062675,0.8695292854583642,False,False
7.666168825898895,0.08873597076612516,0.1348579422968092,69.0931779950651,0.29215163918574155,10.512312394800551,1.7894052931554143,17.192881399907503,0.5307325730925379,10.37973387620442,42.5725504901678,21.790692723645293,0.2681357527297404,4.8929463845224515,2.372326799730253,False,False
7.963291781756593,0.08852813581014164,0.21136666934509946,69.41804265601561,0.37749471264469886,11.14743336505811,2.2314488059855995,16.43297662985375,3.2487663602365258,10.37973387620442,44.74720410060801,19.278987659382835,0.2833922341003332,2.8888988900431305,2.7400402495709955,False,False
7.69636668172892,0.10264639356308877,0.32518564959603147,59.259906958466004,0.3529127023527074,10.719529949152987,2.258674113257703,15.971534460055324,1.9980656391989138,13.565757427356377,44.4862672529973,17.775440184247508,4.3467246191536075,0.13004178168840544,1.7261686353025645,False,False
7.378504883957363,0.08492087035917331,0.8117447549973569,40.1541045257204,0.5941486618264832,10.59780176990543,1.8096516352601817,16.43297662985375,2.883091210627681,12.863181313280318,41.80754995156894,20.39476232529814,0.2833922341003332,4.8929463845224515,0.4420999507483937,False,False
7.171210913997153,0.10391908378828044,0.5563116316116251,47.29428793256626,0.426349382509672,9.939892845921847,1.7929467490467144,16.395457905120224,6.67631697419043,10.37973387620442,38.06472106251737,20.39476232529814,4.192225174745872,3.519370409942785,0.3774122719807623,False,False
7.339642658548265,0.08748145948473346,0.6812655112016228,46.19562587555786,0.5425297846847036,10.497917207334973,2.2595077558615557,17.060143271282318,1.6512472324178857,12.863181313280318,39.92419569488336,22.139848972777052,0.6877781099086417,4.8929463845224515,0.7806590209279686,False,False
7.526537884972056,0.11100845458273904,0.07966095688977809,72.09986483176444,0.1458199036180048,10.044327435883076,2.1630595335951344,16.55486130467353,2.5699552203442484,10.650822701828982,40.91992925807115,20.39476232529814,5.623740477933608,1.1319437065385012,2.153985005311845,False,False
7.542307775446035,0.09140540901894384,0.2678241027364076,58.16029189393608,0.25998788861793065,10.12741707054128,2.0011927729687935,17.060143271282318,2.592300273567571,8.117944470658822,44.294531843715184,20.700816477222862,1.7074313817967268,4.067399425062675,1.4594328566938435,True,False
7.606671250620297,0.0873816602011889,0.5090569670866514,54.8223691707333,0.4837023930368791,10.792016735305046,1.5986280348588866,17.060143271282318,2.5699552203442484,11.422873175150023,42.2086148350644,20.700816477222862,0.4274449202554642,4.067399425062675,1.542752675618014,False,False
7.737495257371444,0.08104676442872778,0.9466128994366677,37.28352601696817,0.6955549214771988,11.447467490086222,2.193062694789851,18.826651572976857,1.9980656391989138,11.487298776641158,44.77213455088001,20.39476232529814,0.5913909171637315,1.0601669323828313,0.8695292854583642,False,False
7.565717302867806,0.09491945815786848,0.2039034666742537,70.48110550672214,0.3847600097428638,10.636947844731472,1.8967814211501033,17.192881399907503,2.1956810747997624,12.050574529238276,38.55356140393981,21.790692723645293,0.9513356842166489,4.8929463845224515,2.372326799730253,False,False
7.039664918163801,0.11544028448575969,0.29680856060895994,56.01305438491198,0.2541177959692726,9.389135788129053,1.7527972577959552,16.43297662985375,6.164954856112621,11.379761638345256,39.19769816267443,15.949977411435643,5.539584966307458,4.8929463845224515,0.4420999507483937,False,False
7.165761164406834,0.11787112424677151,0.04010893154911254,75.02997284837059,0.07624311513616927,9.368497730371578,1.8579902341402168,18.911899580341526,1.9374678356470576,10.37973387620442,38.79140326299198,17.775440184247508,5.539584966307458,4.93830165895749,1.7261686353025645,False,False
7.552892255548578,0.09440927532734085,0.31250169541773265,67.02260829535602,0.4500790145788463,10.723384725279136,1.7655448690300877,16.43297662985375,3.61801324117808,12.863181313280318,38.62230683973712,20.39476232529814,0.5913909171637315,5.340943167683594,2.136425565805271,False,False
7.299892965794544,0.11798702587351594,0.0,84.28781721937789,0.02417529428259474,9.494183452271194,1.9742086371414838,16.55486130467353,1.9980656391989138,11.487298776641158,37.396341191253974,20.39476232529814,5.623740477933608,4.067399425062675,2.4775308599380073,False,True
7.446060097676769,0.09774192018444051,0.12245964533721225,68.92923629782888,0.22012464670961318,10.00444813145266,1.4722379600590834,17.758589395364044,1.9980656391989138,9.3963545028048,41.166551725501236,20.39476232529814,1.8281665761813546,5.517796831869328,1.9397130037821886,True,False
7.450863902716362,0.08423683153574722,0.9794415472739699,33.88529210891642,0.6817952223694573,10.931918957767634,2.1917104637490317,18.826651572976857,1.9980656391989138,12.863181313280318,44.36352655612945,17.417964186997814,0.2833922341003332,4.067399425062675,0.17981907225363664,False,False
7.270987216373881,0.09037944962335515,0.6927766388993433,43.49552314511045,0.5162221208522586,10.270686933346472,1.8525969017647397,15.769632142186651,3.2487663602365258,12.863181313280318,40.22289966626424,21.176778590995138,1.3836955917662863,4.8929463845224515,0.4420999507483937,False,False
7.4646287904022754,0.11295824776970559,0.07781137393572556,72.23688633178546,0.24810640786603988,10.264873851115556,2.1021864478121954,18.911899580341526,2.9480770369694893,10.37973387620442,37.945677762059965,20.700816477222862,5.539584966307458,1.390741281886862,2.183469019007425,False,False
7.893517443084253,0.08444450012575096,0.8549929127528335,45.77345660775294,0.719800121341209,11.743024712450474,2.0187880446755524,17.192881399907503,5.613281954978969,12.050574529238276,44.19410575189485,17.845907527216227,0.18989093121373055,1.4539250488565962,1.4594328566938435,False,False
7.725979758298503,0.08162504173175825,0.9796472908021443,37.123319864349256,0.728124723941228,11.519020057929383,1.9681689880993196,18.826651572976857,2.1956810747997624,12.050574529238276,44.01124336268204,20.39476232529814,0.5913909171637315,1.0601669323828313,0.8695292854583642,False,False
7.037516972097045,0.09790802016747314,0.5719608124169686,47.37823429801128,0.4440547403838931,9.860377012379594,2.384277137119717,17.192881399907503,0.5307325730925379,14.24096046827841,37.72899815452322,21.780214283894676,2.6420116682391663,5.517796831869328,0.3664046201951726,False,False
7.6399039653786645,0.0909730609467836,0.21103834317699927,66.3951290181833,0.3340993058680014,10.532285624752792,1.2683562234419112,15.971534460055324,2.1956810747997624,11.487298776641158,42.38930506557798,20.39476232529814,0.5913909171637315,4.833601814658643,2.136425565805271,False,False
7.605457592020317,0.09367058321496977,0.7281174928517368,43.71268726643858,0.5565993351583455,10.98187009457931,1.9623179897897893,18.826651572976857,2.1956810747997624,12.050574529238276,44.494530507329074,17.775440184247508,2.7274259135673202,1.0601669323828313,0.8695292854583642,False,False
7.7868736323730685,0.09151277265989738,0.21271533370346546,71.93672308452557,0.41478583952580694,11.042647109940003,2.081718514315237,16.55486130467353,1.9980656391989138,12.863181313280318,41.098297508815094,20.39476232529814,0.2833922341003332,4.067399425062675,2.7400402495709955,False,False
7.712514065453848,0.1002650984805967,0.017262406772350303,76.72249768934643,0.18374053711964644,10.416372467631877,1.607703738788708,16.960585316876436,1.0791107430954037,10.650822701828982,42.55835385971959,20.39476232529814,2.7274259135673202,2.8888988900431305,2.7400402495709955,False,False
7.710134451131715,0.08147892476468734,0.9871786444607002,37.070520427360535,0.7353183903419137,11.516006637242914,2.130447022053542,18.826651572976857,2.1956810747997624,12.050574529238276,43.412403333702905,20.993602354277275,0.5913909171637315,1.0601669323828313,0.8695292854583642,False,False
7.4919384641650835,0.08816844202805404,0.9983139563803376,32.49395401725348,0.6818917018955877,10.956965272788171,2.001664062445657,17.489307163382612,5.89911777540226,10.37973387620442,41.85487876342739,20.700816477222862,2.105585590219956,1.390741281886862,0.17981907225363664,False,False
7.390173401431567,0.0850008112474624,1.1110806388615488,35.211152665731234,0.8395559167928689,11.291376062133411,1.2988540308113776,18.826651572976857,3.2487663602365258,14.144914801032037,37.80507794225501,21.746910884615804,0.2833922341003332,3.519370409942785,0.42491579484065234,False,False
7.151516258073691,0.10087811181955239,0.41305946075968736,55.0775661265764,0.3860592591903078,9.93814609878451,1.5173994777646636,18.826651572976857,1.9980656391989138,11.487298776641158,38.178469654989925,20.39476232529814,2.7274259135673202,5.517796831869328,0.8695292854583642,False,False
7.345642175382991,0.08505657147291458,0.9034132894472193,35.43927386454204,0.6237155152347178,10.642839756512773,2.033361871030959,18.826651572976857,1.9980656391989138,11.422873175150023,42.01248238887341,20.700816477222862,0.7918922492616217,4.067399425062675,0.17981907225363664,False,False
7.409939045844474,0.09493937316423859,0.31166101313193506,59.78378403833818,0.34610469404248645,10.189404105182055,1.7152215937382995,17.060143271282318,2.9480770369694893,10.37973387620442,40.3905250590427,21.11635485905301,1.7074313817967268,4.93830165895749,1.4594328566938435,False,False
7.729408453239314,0.08153992997447763,0.9609792168797271,37.365107340158424,0.7118731781646975,11.474568074546347,1.9075184710232675,18.826651572976857,2.4921561991802137,11.487298776641158,44.215791758007676,20.39476232529814,0.5913909171637315,1.1224191652738718,0.8695292854583642,False,False
7.4087943575556325,0.09106983447692076,0.44354265655795855,56.75397037475742,0.44209254258387287,10.434705349333612,2.346904230873973,16.43297662985375,0.5307325730925379,14.24096046827841,40.81887821564194,20.39476232529814,0.6877781099086417,5.517796831869328,1.3761148460572539,False,False
7.3326819993540155,0.08683784353632211,0.6742507984062075,41.665599121652065,0.47061758693634465,10.25366591131853,1.6658305942093368,15.769632142186651,0.9289058490426918,12.863181313280318,42.47392867320173,22.071157054711257,1.3836955917662863,4.067399425062675,0.4420999507483937,False,False
7.610057939000394,0.07840057718030373,1.365851966092786,24.34686979170946,0.9536224584728592,11.840173131088603,1.9675838162848092,18.826651572976857,2.883091210627681,14.144914801032037,41.2682061147817,21.746910884615804,0.2833922341003332,0.6670141096119448,0.17981907225363664,False,False
7.687414280896141,0.08543766271693505,0.8703159467555144,39.9055634317252,0.6524018192920322,11.20671797917617,2.096949469230312,15.769632142186651,5.516668352436093,11.487298776641158,42.73623032813347,21.176778590995138,1.3836955917662863,1.0601669323828313,0.8695292854583642,False,False
7.665760541032241,0.09602151616698787,0.15245852706225235,70.83421486235574,0.33551419485839373,10.663723402072586,1.804395246179557,18.911899580341526,2.1956810747997624,10.37973387620442,42.475281141502386,17.775440184247508,0.9513356842166489,4.93830165895749,2.372326799730253,False,False
7.246156554357839,0.08937382681066737,0.5508921736884507,44.442091580245105,0.38001400019150966,9.904205389096498,2.288480093193428,17.192881399907503,1.0791107430954037,10.859903632041158,43.20544485582702,20.39476232529814,1.3836955917662863,5.517796831869328,0.3664046201951726,False,False
7.256253900166889,0.09518921215411116,0.6920414520881656,42.551303656997526,0.5019999597585689,10.296487417731976,1.3801771794689253,18.826651572976857,1.9980656391989138,11.487298776641158,40.68002074217966,20.39476232529814,2.7274259135673202,3.519370409942785,0.3664046201951726,False,False
7.211617971205742,0.09701221848469159,0.4436341259124554,48.128726200062516,0.31935776919012177,9.73907558469673,1.8191807672340634,18.826651572976857,3.2487663602365258,8.073406717217514,42.327755854577475,19.278987659382835,2.7274259135673202,5.0920901272008186,0.42491579484065234,False,False
7.598957564565153,0.07834301851246302,1.3689541232439586,24.25150011515847,0.9555370838668751,11.852633314647996,2.351652499454658,19.635942055141523,1.9980656391989138,14.144914801032037,41.34394120404581,21.746910884615804,0.2833922341003332,0.6670141096119448,0.17981907225363664,False,False
7.379992635091687,0.08218524882561583,0.9073373979663836,34.635855674167836,0.6164140484671923,10.618484239603763,1.9754883506953616,17.060143271282318,2.883091210627681,11.422873175150023,42.21231804075239,21.746910884615804,0.4274449202554642,4.067399425062675,0.17981907225363664,True,False
7.268320413559353,0.08807505138462081,0.9530868895376889,39.47782067503799,0.7336337204275428,10.82862095047863,1.8848731074062153,18.826651572976857,4.178047302028675,12.80633040175437,37.72011601466374,20.39476232529814,0.18989093121373055,5.517796831869328,0.3664046201951726,False,False
6.924771203334541,0.11318700278531246,0.29046125342102214,56.48327798319929,0.18693566697345598,9.126396069861505,2.21961821701964,16.43297662985375,1.0791107430954037,13.512378507982465,38.67145644930187,19.278987659382835,5.690043675112832,4.8929463845224515,0.4420999507483937,False,False
7.202819399128967,0.11773664558044195,0.0,81.75325939554075,0.0014204366466521456,9.23561125322953,2.2225056012331788,16.395457905120224,2.9480770369694893,10.37973387620442,37.24394817051129,20.39476232529814,5.539584966307458,4.93830165895749,2.1601340606314836,False,True
7.4433464718444755,0.08695483671037983,0.7054690050767216,46.33952709735878,0.5701137541963097,10.695717290364152,2.143227652729849,18.826651572976857,4.066821459252097,9.756122964353098,40.882117012787226,20.39476232529814,0.2833922341003332,4.9206031457738915,0.8695292854583642,False,False
7.209910563066885,0.09707558321440382,0.39598488282023825,48.66583678313716,0.24619520790982136,9.553183400533769,2.073849883920544,18.911899580341526,1.9980656391989138,8.073406717217514,44.62956051336272,17.775440184247508,2.7274259135673202,5.517796831869328,0.3664046201951726,False,False
7.7100249185291805,0.0821245887715321,1.010950506960038,36.87118727815597,0.7575590210531828,11.596407161375238,1.7736148886445546,20.24484149771939,1.9980656391989138,11.487298776641158,43.353944626137476,20.39476232529814,0.5913909171637315,1.0601669323828313,0.8695292854583642,False,False
7.60733121771049,0.08975332262659536,0.13263629211073977,68.17532612416645,0.26677820190162166,10.34259646035415,1.6069073559653406,17.192881399907503,0.5307325730925379,10.37973387620442,43.17248008539609,20.700816477222862,0.32208973729983054,5.517796831869328,2.183469019007425,True,False
7.8313546661806335,0.09027160357973565,0.38727272972251303,68.44574144303192,0.5492291581892312,11.449412854467704,1.8186115929172781,16.43297662985375,2.5699552203442484,14.144914801032037,39.1929110904397,21.746910884615804,0.2833922341003332,2.8888988900431305,2.7400402495709955,False,False
7.610057939000394,0.07840057718030373,1.365851966092786,24.34686979170946,0.9536224584728592,11.840173131088603,1.9675838162848092,18.826651572976857,2.883091210627681,14.144914801032037,41.2682061147817,21.746910884615804,0.2833922341003332,0.6670141096119448,0.17981907225363664,False,False
7.666666931712184,0.07606620625357301,1.223995432147965,25.095325841946586,0.8146225058594867,11.531681046707863,2.365738533009584,18.826651572976857,2.883091210627681,11.03749153095346,44.361200412093616,21.746910884615804,0.2833922341003332,0.6814430823786158,0.17981907225363664,True,False
7.50472239198759,0.09169455363500423,0.6041888081965222,44.45190886040076,0.4363817565409598,10.466950815587381,1.6515061999565774,15.971534460055324,1.9980656391989138,12.050574529238276,44.27803338202906,20.39476232529814,2.7274259135673202,1.8384323068356638,0.7411714437773047,False,False
7.16910064658919,0.10960118611655087,0.33494279240202174,53.18797988312447,0.13284178820284198,9.252946167725382,2.3338257948119563,15.769632142186651,3.2487663602365258,10.37973387620442,43.887237864342396,17.185700365172305,5.690043675112832,3.4139699219042208,0.42491579484065234,False,False
7.3923468854695376,0.08412145483640251,1.1473057329080691,31.783531464915168,0.8289609668231803,11.233336535474367,1.3610841537096718,18.826651572976857,2.883091210627681,14.144914801032037,39.76799837376853,20.39476232529814,0.2833922341003332,3.519370409942785,0.17981907225363664,False,False
7.836842063841428,0.08322926371017404,0.9344800754873019,44.2904835505281,0.7825402012048721,11.868865095117318,1.664212452700562,18.826651572976857,4.178047302028675,12.050574529238276,41.840473550167644,20.39476232529814,0.18989093121373055,1.0601669323828313,1.4594328566938435,False,False
7.212697172600672,0.1010672721443831,0.6898543189438252,40.436457891006455,0.4695752189360232,10.167995564817968,2.1263714116063794,18.911899580341526,2.9480770369694893,10.37973387620442,39.62156525098653,21.780214283894676,4.787949617462863,1.390741281886862,0.17981907225363664,False,False
7.432139417796156,0.0962164463735552,0.5384881038328487,56.74792284011627,0.5421738670991154,10.735573390889744,1.848725473348951,17.192881399907503,4.178047302028675,12.863181313280318,37.415271462177245,21.11635485905301,1.7074313817967268,4.067399425062675,1.4594328566938435,False,False
7.3326819993540155,0.08683784353632211,0.6742507984062075,41.665599121652065,0.47061758693634465,10.25366591131853,1.6658305942093368,15.769632142186651,0.9289058490426918,12.863181313280318,42.47392867320173,22.071157054711257,1.3836955917662863,4.067399425062675,0.4420999507483937,False,False
7.735237421412336,0.095693526668364,0.1595933681415227,69.75945749124155,0.32773593573962206,10.767662954392364,1.5144432152310043,18.911899580341526,1.9980656391989138,9.3963545028048,42.104321626194135,20.39476232529814,1.8281665761813546,2.8888988900431305,2.4775308599380073,False,False
7.592919870132084,0.09052452695263237,0.7536818307024116,42.67604592671023,0.5688070018741138,10.965501604200785,1.4805681842671,18.911899580341526,2.9480770369694893,10.37973387620442,43.05928748057593,20.39476232529814,2.3765434827693004,1.0601669323828313,0.8695292854583642,False,False
7.455090000495016,0.08947895937322237,0.3446479892228194,57.26514114986814,0.34503820243943883,10.220791529954068,1.6561148962210244,16.545003436095524,1.0791107430954037,11.487298776641158,42.91213493103455,20.39476232529814,0.6877781099086417,5.517796831869328,1.3761148460572539,False,False
7.278815021627878,0.11546003560091905,0.0,79.61215658888264,0.007031569308677543,9.361241628423514,2.2142112404189205,16.55486130467353,1.9980656391989138,10.37973387620442,38.78356217796546,20.51665854995606,5.539584966307458,4.067399425062675,2.1601340606314836,False,True
6.9477662916000185,0.10857383545488326,0.3347865462200344,53.199554971541865,0.0725489699148626,8.736317539386047,2.372728578528457,14.33896322531337,2.9480770369694893,10.37973387620442,40.97470368677127,20.700816477222862,5.539584966307458,4.93830165895749,0.17981907225363664,False,False
7.308863798384764,0.095343510327972,0.28157816269949476,57.14135845091748,0.1404565290209685,9.48306532975544,2.274553619383759,16.960585316876436,1.0791107430954037,8.073406717217514,43.896927952101535,21.344965213610866,2.7274259135673202,4.8929463845224515,1.024631759008473,True,False
7.666666931712184,0.07606620625357301,1.223995432147965,25.095325841946586,0.8146225058594867,11.531681046707863,2.365738533009584,18.826651572976857,2.883091210627681,11.03749153095346,44.361200412093616,21.746910884615804,0.2833922341003332,0.6814430823786158,0.17981907225363664,True,False
7.259252730165488,0.11654254496088277,0.021570084975236638,76.40337465262397,0.06703456463892965,9.442305042773912,1.876481160211917,15.769632142186651,3.2487663602365258,11.487298776641158,38.591509644833025,19.278987659382835,5.623740477933608,4.067399425062675,1.9326655137235216,False,False
7.3000018949993795,0.12137908177876655,0.0,90.5956607126662,0.0,9.348116112925872,2.239774814081702,16.43297662985375,3.2487663602365258,10.63207270390473,37.08416633741587,19.278987659382835,5.690043675112832,4.8929463845224515,2.7400402495709955,False,True
7.453671134732673,0.08661955916900638,0.9630462177813242,32.41890693690132,0.6436154994129928,10.857911239471447,1.6867325901759456,18.911899580341526,2.883091210627681,10.37973387620442,42.417691513457584,21.746910884615804,2.0901125806124865,1.390741281886862,0.17981907225363664,False,False
7.24179313572703,0.11694826865568755,0.06839326238313662,72.93460241392901,0.12146716875437014,9.562007793782415,2.0871262568025006,15.971534460055324,1.9980656391989138,13.565757427356377,39.37122791461663,17.775440184247508,5.690043675112832,3.9017620641098465,1.7261686353025645,False,False
7.5181083134881215,0.0928100055352687,0.5687882629173395,54.907170005585364,0.5479265506795654,10.828396302790797,1.7579971667802603,16.43297662985375,3.533395469694044,14.24096046827841,41.060387907437935,17.775440184247508,0.6877781099086417,4.8929463845224515,1.3761148460572539,False,False
7.7970272481331975,0.09242492317105977,0.064140034525596,74.59866901699557,0.2959474151528727,10.718544046827821,1.6268241458897847,16.43297662985375,3.2487663602365258,10.37973387620442,43.19044183708035,18.831702428431175,0.2833922341003332,4.8929463845224515,2.7400402495709955,False,False
7.34930794557226,0.12092619825811424,0.0,90.24394869447698,0.0,9.4005274236716,2.2942044711730474,16.960585316876436,2.9480770369694893,10.37973387620442,38.762797460818796,17.775440184247508,5.539584966307458,4.8929463845224515,2.740834774053439,False,True
7.516915937346108,0.0816790206758736,0.9282678072876378,34.430604323775256,0.6355726655410963,10.931474107870034,2.287752106255846,18.826651572976857,1.0791107430954037,11.487298776641158,44.47858675976809,20.39476232529814,0.5913909171637315,2.7757942848614583,0.3664046201951726,False,False
7.597772496707444,0.09271611648260356,0.4605105662731312,53.529501836219296,0.4140743406888369,10.67491914458697,1.1974796667301468,17.192881399907503,0.5307325730925379,12.050574529238276,42.8902276400774,21.780214283894676,2.6420116682391663,1.4539250488565962,1.4594328566938435,False,False
7.413600736721752,0.0847772954082491,1.098951642719782,34.50844129470791,0.8167525807463433,11.258788908067046,1.2271550435672116,18.826651572976857,2.883091210627681,14.144914801032037,39.363443521190604,20.61273162993453,0.2833922341003332,3.519370409942785,0.3664046201951726,False,False
7.354218943212003,0.08896666945304874,0.5851086543045583,42.45596462841326,0.38782814415114136,10.083054553961784,2.0069119644546234,18.826651572976857,1.9980656391989138,8.117944470658822,44.37312205607317,20.39476232529814,1.8281665761813546,4.067399425062675,0.39388793455007065,False,False
7.423073278512977,0.09052377221327731,1.0211846434555256,34.24569138628669,0.7309666003222133,11.15108207483485,2.256887419522382,19.635942055141523,0.5307325730925379,14.144914801032037,40.23276588879295,21.780214283894676,2.6420116682391663,0.6670141096119448,0.3664046201951726,False,False
7.325467196485963,0.08589018851772591,0.9313117546721676,36.57602959730702,0.6693368252157944,10.683161093876471,1.7601598025556946,15.769632142186651,3.2487663602365258,14.894212236453388,41.25310016818581,19.278987659382835,0.2833922341003332,5.0920901272008186,0.17981907225363664,False,False
7.580576753462716,0.08596484098776296,0.5551682708529295,52.99115613673938,0.5062716896394606,10.813768872286238,1.8830020183829932,18.826651572976857,2.592300273567571,9.534394133334978,41.48951861964794,21.746910884615804,0.2833922341003332,4.067399425062675,1.4594328566938435,False,False
7.141549119267117,0.10095583925884147,0.5494340670821243,44.453045802810784,0.37863169575289163,9.822176161136976,1.2542888887607946,18.911899580341526,2.256863088856377,10.37973387620442,41.22849793647427,19.278987659382835,3.8624367223770903,3.9017620641098465,0.17981907225363664,False,False
7.147526344659764,0.10860218157717305,0.3582202632100319,51.46352953618508,0.20694761047942062,9.425038605512016,1.7353197971022631,16.43297662985375,3.2487663602365258,10.37973387620442,41.655677114325854,19.278987659382835,5.690043675112832,2.8888988900431305,0.42491579484065234,False,False
7.445876496205972,0.08725702055988947,0.4705451921875822,50.810724128300336,0.385943018915196,10.209291196062859,2.1591093396248344,16.43297662985375,2.883091210627681,10.37973387620442,44.322261363531204,18.831702428431175,0.2833922341003332,5.928884010421908,0.9379582468295335,False,False
7.6433286862590455,0.08264546647408372,1.226884835448129,27.517460509647854,0.8521642134208071,11.638152649725809,1.9765518811288367,18.911899580341526,2.883091210627681,14.144914801032037,44.93624653496696,16.961896601727567,0.5913909171637315,1.390741281886862,0.17981907225363664,False,False
7.742432212960416,0.08577125963349085,0.5897207548288799,53.795157191519884,0.5541742620053396,11.202262017656002,1.5035224109049747,18.911899580341526,2.5699552203442484,10.37973387620442,42.84518923836564,20.39476232529814,0.2833922341003332,2.8888988900431305,1.7261686353025645,False,False
6.9477662916000185,0.10857383545488326,0.3347865462200344,53.199554971541865,0.0725489699148626,8.736317539386047,2.372728578528457,14.33896322531337,2.9480770369694893,10.37973387620442,40.97470368677127,20.700816477222862,5.539584966307458,4.93830165895749,0.17981907225363664,False,False
7.029071457118517,0.10097903557814489,0.43649009184133125,49.66174915034693,0.33365244578446396,9.592570335714957,2.183504445728197,18.826651572976857,0.5307325730925379,11.487298776641158,39.38802926537328,20.56224537494587,3.3208409849058054,5.517796831869328,0.3664046201951726,False,False
7.234578714551764,0.1004173467355344,0.20299192574469105,62.96321361289404,0.23236159472853612,9.701717460376619,1.8157041994776288,16.545003436095524,1.0791107430954037,11.487298776641158,39.11847462992406,22.263554265955698,2.936001702539493,5.194441599691406,1.3761148460572539,True,False
7.598957564565153,0.07834301851246302,1.3689541232439586,24.25150011515847,0.9555370838668751,11.852633314647996,2.351652499454658,19.635942055141523,1.9980656391989138,14.144914801032037,41.34394120404581,21.746910884615804,0.2833922341003332,0.6670141096119448,0.17981907225363664,False,False
7.321153024595606,0.09031557434561241,0.6655508914351693,42.04960967825433,0.46690784252204226,10.257483745008518,1.3971949078860562,18.826651572976857,1.9980656391989138,9.89281932929523,42.59824719743676,20.39476232529814,1.8281665761813546,4.067399425062675,0.39388793455007065,False,False
7.299737603259788,0.12098030122832007,0.038375292114658344,75.15840497696695,0.22809691106900065,10.001011426769645,1.9320655727983673,20.652102355118885,3.2487663602365258,11.487298776641158,38.61479058980745,14.45739201310233,5.539584966307458,4.067399425062675,1.9326655137235216,False,False
7.582546687448332,0.10209693128989118,0.0,82.46546780317001,0.0,9.732044978322993,2.0620203542143933,16.960585316876436,1.0791107430954037,8.073406717217514,43.13092782536929,20.39476232529814,2.7274259135673202,4.8929463845224515,2.740834774053439,False,True
7.449995802512785,0.08269188031117676,1.1799608832112343,30.215627925612733,0.8410837867368258,11.343309755077529,1.4651356369069277,18.826651572976857,2.5699552203442484,14.144914801032037,40.71160588395162,20.39476232529814,0.2833922341003332,2.8888988900431305,0.17981907225363664,False,False
7.594232195773678,0.08185724051367713,1.252455918171286,27.428709324348787,0.8778778085912684,11.571262412034047,2.0828454694485177,18.911899580341526,6.8115227791582456,10.37973387620442,41.034076015768726,20.700816477222862,0.5913909171637315,1.390741281886862,0.17981907225363664,False,False
7.506686454803608,0.09033914449706175,0.7876878124317024,51.792516732448746,0.7345100974160084,11.357133043629373,1.9075094554395349,19.635942055141523,2.592300273567571,14.144914801032037,37.11580187717916,20.700816477222862,0.2833922341003332,4.067399425062675,1.4594328566938435,False,False
7.542307775446035,0.09140540901894384,0.2678241027364076,58.16029189393608,0.25998788861793065,10.12741707054128,2.0011927729687935,17.060143271282318,2.592300273567571,8.117944470658822,44.294531843715184,20.700816477222862,1.7074313817967268,4.067399425062675,1.4594328566938435,True,False
7.234255529594905,0.11752333341899551,0.02663493503969433,76.02815852528403,0.12345647199868637,9.577835764018616,1.7370685200508285,17.060143271282318,3.2487663602365258,11.487298776641158,37.30099851573736,19.278987659382835,5.623740477933608,4.067399425062675,1.9326655137235216,False,False
7.465493987114448,0.10416922145388995,0.10845973127780188,69.9663831964758,0.1746812648608445,9.92594637646712,1.7445277402242323,13.943222522117564,1.9980656391989138,13.512378507982465,41.91792773378539,19.278987659382835,3.514990359699468,3.9017620641098465,1.9326655137235216,False,False
7.584203649128255,0.07628309240588052,1.1712847410847875,26.364139770751528,0.7770817840380051,11.33460041104225,2.347256101430957,17.192881399907503,0.5307325730925379,14.24096046827841,44.468644715609464,21.780214283894676,0.18989093121373055,1.4539250488565962,0.14275057914708447,True,False
7.549467804634703,0.11061864563334262,0.0,80.46199857026389,0.2255980551618128,10.336568298117657,1.5940179997452477,16.43297662985375,3.2487663602365258,12.407931480229339,37.70410661294768,20.39476232529814,4.18251745182044,2.8888988900431305,2.7400402495709955,False,True
7.254486996132426,0.11640213492248051,0.0,83.44836372775978,0.0,9.27452144166356,2.3430333465737916,14.164304829086912,3.2487663602365258,12.050574529238276,37.5741522288543,20.39476232529814,5.166043742216686,5.0920901272008186,2.3093058578683396,False,True
7.670474907315398,0.09379564913654366,0.614659837354705,49.52546461272085,0.5196807122952055,11.038485065414466,1.7142461191335518,18.826651572976857,1.9980656391989138,11.487298776641158,43.56494763144832,19.347556350387478,2.7274259135673202,0.7265650700921304,1.3214890456878254,False,False
7.70827972850376,0.0923861793638394,5.912483462320466e-05,77.99695769192545,0.10265573804145739,10.12311531367297,1.9053317611937097,16.960585316876436,1.0791107430954037,8.073406717217514,44.5457251816811,20.39476232529814,0.6877781099086417,5.517796831869328,2.740834774053439,True,False
7.704392019923831,0.08296663258360876,0.7109145539521642,48.5884386574566,0.6078853417077581,11.239452062338419,2.385618000436841,17.060143271282318,1.6512472324178857,12.863181313280318,42.49617166684901,21.780214283894676,0.18989093121373055,2.499718444368214,1.4594328566938435,True,False
7.720434374867595,0.08909278315267338,0.4209372441134108,60.11081626638079,0.4660483522656492,10.960378210603375,1.5025005414797332,18.138460486712944,3.2487663602365258,10.37973387620442,43.11787967552841,18.831702428431175,0.2833922341003332,4.067399425062675,1.9326655137235216,False,False
7.08692923256654,0.09818077960036534,0.3624587033132794,51.14953582240017,0.1794074824437128,9.213518775275999,1.276737026988607,15.769632142186651,1.0791107430954037,10.17930760269983,41.59847720984852,22.263554265955698,3.490560641681843,5.194441599691406,0.42491579484065234,True,False
7.049563760981631,0.10556691904345636,0.37873064118295585,49.944072001344324,0.12426006224017727,9.029972630622991,2.1674999435708164,17.060143271282318,2.5699552203442484,8.117944470658822,42.350794377729386,20.39476232529814,5.259181837370772,4.067399425062675,0.17981907225363664,False,False
7.62241184360795,0.10223827177888742,0.17422445158343242,75.7632052840915,0.4286705242378491,10.952059496283457,1.8624990620383393,18.826651572976857,1.9980656391989138,13.512378507982465,37.752467042825515,19.278987659382835,1.8281665761813546,4.067399425062675,2.735883576389388,False,False
7.47016434209784,0.10258644962263352,0.0,79.65805105414029,0.04380202764012825,9.691627577561402,2.120128510591808,17.192881399907503,0.5307325730925379,9.3963545028048,41.847929838850526,20.39476232529814,2.6420116682391663,5.517796831869328,2.4775308599380073,True,True
7.61659322735284,0.07713297776186327,1.110038347564,29.653437043039425,0.7593094052865857,11.366424093605207,2.328032003512334,17.192881399907503,0.5307325730925379,14.24096046827841,44.24499067456138,21.780214283894676,0.18989093121373055,1.4539250488565962,0.3664046201951726,True,False
7.775729595115421,0.08446480581636097,0.511735771937127,54.29496174953357,0.479017773743086,11.021729073325455,2.286971347331577,17.192881399907503,2.5699552203442484,10.37973387620442,44.56420741879967,20.39476232529814,0.2833922341003332,2.8888988900431305,1.7261686353025645,False,False
7.521042892742969,0.0940601515683842,0.7210472394671714,44.34440648073826,0.5581364704717444,10.870499710986437,1.19813812140228,18.826651572976857,2.4921561991802137,11.487298776641158,41.87118097263191,20.39476232529814,2.936001702539493,1.1224191652738718,0.8695292854583642,False,False
7.396810673506056,0.11876881963277126,0.0,88.5310726415976,0.0,9.448338170052013,2.1542785164089238,15.769632142186651,3.2487663602365258,10.37973387620442,38.89169980942229,19.278987659382835,5.623740477933608,4.067399425062675,2.7400402495709955,False,True
7.796041961948326,0.0870886497956478,0.5346392362582563,56.8993088254316,0.5402691850793564,11.265780427749759,1.736849592471557,18.14703600316001,2.5699552203442484,11.487298776641158,43.41176570260476,19.278987659382835,0.2833922341003332,2.8888988900431305,1.9326655137235216,False,False
7.298606878901413,0.10711116039970635,0.035468762426429525,75.3737276024616,0.16502523345057712,9.771306766385543,2.2117773169685564,18.826651572976857,1.0251524029487797,10.37973387620442,38.26482826353202,20.56224537494587,3.3208409849058054,5.517796831869328,2.1027506926169197,True,False
7.1709242411074605,0.11448074023236852,0.027959069069167335,75.93006353011242,0.0,8.960600123288902,2.314684143458786,14.379458538338833,2.9480770369694893,10.37973387620442,39.38785881069688,20.700816477222862,5.539584966307458,4.93830165895749,1.7261686353025645,False,False
7.376784578788323,0.08816442779921908,0.635189261553389,49.20498525954833,0.5367753391485242,10.526935724045575,2.25411814163562,16.55486130467353,2.883091210627681,12.863181313280318,40.17404871491048,20.700816477222862,0.2833922341003332,5.602650498355278,0.9379582468295335,False,False
7.196404834542474,0.11723185244489155,0.034998261504929844,75.40858342868118,0.033500326232816235,9.256848990011575,1.9986104374571414,17.060143271282318,2.9480770369694893,10.37973387620442,39.63255037072875,17.775440184247508,5.539584966307458,4.93830165895749,1.7261686353025645,False,False
7.376071172961434,0.08850826296977397,0.5705655686072544,50.20517479443676,0.4828409461566759,10.415508931365009,2.1150560099319557,16.894286158024737,1.0791107430954037,13.512378507982465,42.08500244016279,19.278987659382835,0.2833922341003332,5.928884010421908,0.9379582468295335,False,False
7.1176080358718465,0.09737712044343666,0.4560699261060355,48.15679134929258,0.33287721148798377,9.661065092810109,1.7554446325780244,18.826651572976857,1.9980656391989138,9.3963545028048,40.772538594089475,20.39476232529814,2.7274259135673202,5.517796831869328,0.3664046201951726,False,False
7.5032585152248945,0.10059735529281835,0.019882081041035386,76.5284259949273,0.2240839552771028,10.1931430299082,2.2672094036179318,18.826651572976857,1.9980656391989138,9.3963545028048,39.56067169173261,20.39476232529814,1.8281665761813546,5.517796831869328,2.4775308599380073,True,False
7.164542941716941,0.09901509226269185,0.4825714588657724,48.263282480977566,0.36235285852397126,9.78415460161235,1.3748549840256703,15.971534460055324,1.9980656391989138,13.565757427356377,42.077574923510056,17.775440184247508,2.7274259135673202,5.517796831869328,0.3664046201951726,False,False
7.388210064874582,0.10384642195228277,0.1746422573481076,68.3216912612706,0.32313742311473675,10.244141894373211,1.4287224392193456,17.060143271282318,1.9980656391989138,12.863181313280318,37.83353040867732,21.11635485905301,3.1286595697219246,4.067399425062675,1.9326655137235216,False,False
7.032599847624612,0.10644471569069504,0.49972390967196656,50.40490052406707,0.4109472709056026,9.828371973853377,1.8585832128735524,18.826651572976857,1.1142771558169673,14.24096046827841,39.15448112230983,17.069598927028995,3.7098293015244446,5.517796831869328,0.3664046201951726,False,False
7.783373684317777,0.09677652850222718,0.2053032405956447,78.24596739025452,0.4933316767632461,11.365425773254012,2.145750966337639,18.826651572976857,1.9980656391989138,13.512378507982465,37.58438371972855,20.39476232529814,0.5913909171637315,3.9017620641098465,3.1906052535415053,False,False
7.406240270315729,0.09160936375411467,0.5044565611056645,49.501442431970325,0.4030741582844943,10.225807807679654,1.980527008407171,13.943222522117564,1.9980656391989138,14.100396110484535,42.79845811619846,20.39476232529814,1.8281665761813546,4.067399425062675,0.8695292854583642,False,False
7.255473422394263,0.08820714265999315,0.8093543176763586,41.142458639363824,0.6057018064223724,10.49320535163082,1.748869162107795,18.826651572976857,2.9480770369694893,11.487298776641158,39.56156376696141,20.700816477222862,0.5913909171637315,5.517796831869328,0.3664046201951726,False,False
7.691245726269619,0.08658291410977724,0.6679739465605627,53.403158037330236,0.6311489569914391,11.32733015478475,2.038335716816832,18.826651572976857,3.4995228423808133,11.03749153095346,39.99096340962704,21.746910884615804,0.2833922341003332,2.8888988900431305,1.7261686353025645,False,False
7.748546914550535,0.09087696921302486,0.01725626958870904,76.7229523464931,0.1579234137995485,10.283767346358648,1.7050606327921893,16.43297662985375,2.5699552203442484,7.969683583616501,44.0913929253467,20.39476232529814,0.2833922341003332,5.517796831869328,2.7400402495709955,True,False
7.5883594491580535,0.08626543545328648,0.502208344587393,53.705597407412235,0.4605732569201604,10.702777423183663,1.7176724596899866,17.060143271282318,1.6512472324178857,11.422873175150023,42.79510426008478,21.11635485905301,0.4274449202554642,4.067399425062675,1.4594328566938435,False,False
7.190943238274789,0.0971911929571845,0.4634605851323856,48.03188994336723,0.33889564783975357,9.777648381351625,1.2855249535657973,18.087559306004188,1.9980656391989138,10.298692432192173,42.092263127613094,19.278987659382835,2.7274259135673202,5.0920901272008186,0.42491579484065234,False,False
7.730290124514211,0.08141032259170743,0.9545024809040066,37.392070820455004,0.705424206042516,11.460591792027197,1.9927575259391468,18.826651572976857,2.3216201692194227,11.487298776641158,44.38632778796846,20.39476232529814,0.5913909171637315,1.1224191652738718,0.8695292854583642,False,False
7.3995223417444755,0.10579952100643888,0.04947545378773396,74.33607862518686,0.0,9.326777427876914,2.026386043892406,13.943222522117564,2.256863088856377,10.37973387620442,43.407788958380706,19.278987659382835,3.8624367223770903,4.93830165895749,1.9326655137235216,False,False
7.8329789189884185,0.0919865897113108,0.4524909914518852,68.12770020579072,0.6135052296121452,11.638602573516987,1.4836594876035556,16.960585316876436,2.5699552203442484,15.43578333778348,38.725787901500794,20.39476232529814,0.2833922341003332,2.8888988900431305,2.740834774053439,False,False
7.361463966384795,0.10418219552009993,0.1314739259140662,68.26143697390853,0.2543009718878463,9.977635113632278,1.781505762435763,15.971534460055324,1.9980656391989138,13.565757427356377,40.71781090840266,17.775440184247508,2.7274259135673202,5.517796831869328,1.7261686353025645,False,False
7.281314052999886,0.10874008219574756,0.0645358656048884,73.22036753280284,0.19252074576408756,9.744733250716488,2.229990967286623,13.943222522117564,2.256863088856377,14.705375219443457,37.66031879730164,20.700816477222862,3.8624367223770903,4.93830165895749,1.9326655137235216,True,False
7.1051074580617914,0.11223205246626046,0.23418711938176945,60.65219954551564,0.14573327044985818,9.278801282767661,2.1961777844022587,13.943222522117564,1.9115415413645218,14.24096046827841,40.16395278417563,19.278987659382835,5.690043675112832,3.9017620641098465,0.8695292854583642,False,False
6.954790797476128,0.11370076806053671,0.2833625838636394,57.00916429112344,0.16578842271312916,9.036533361297908,2.040248021657435,15.769632142186651,5.141788538871576,10.37973387620442,38.22280818620022,19.278987659382835,5.690043675112832,5.0920901272008186,0.42491579484065234,False,False
7.218653924419051,0.11435439865240583,0.05880072834212642,73.64524012845922,0.03974431958660768,9.259770499162912,1.9879028964069825,14.379458538338833,3.2487663602365258,11.487298776641158,38.76635130926177,20.700816477222862,5.623740477933608,4.067399425062675,1.7261686353025645,False,False
6.881236429920554,0.11380635316742028,0.2685363829517918,58.107524483134966,0.12826262322598325,8.935488531669101,1.8468693669460932,18.826651572976857,1.0791107430954037,10.37973387620442,38.78557569060993,19.278987659382835,5.690043675112832,5.517796831869328,0.4420999507483937,False,False
7.216615437082533,0.10369579390081167,0.1747004967667742,65.05910989470105,0.18200660186761608,9.5627398807164,1.9820761628620416,16.43297662985375,1.0251524029487797,11.858913890272255,40.073442088794685,20.39476232529814,3.3208409849058054,5.517796831869328,1.3761148460572539,False,False
7.312085796628336,0.08425752908028371,0.7770654602729763,40.2454670294169,0.5588630905291287,10.434589593966528,2.3155536794771305,16.43297662985375,0.5307325730925379,14.24096046827841,42.38578067715218,20.39476232529814,0.13058587426048654,5.517796831869328,0.3664046201951726,False,False
7.145653161793707,0.0963052958104468,0.39650089830782953,48.62760912971458,0.27203888239089447,9.506322517659813,1.9095618638173464,16.43297662985375,1.9980656391989138,10.37973387620442,42.182834163812956,20.39476232529814,2.7274259135673202,5.517796831869328,0.3664046201951726,True,False
6.942408121715848,0.10848459844471402,0.34121533679109545,52.72329489062053,0.07682911025238393,8.736076531360254,2.373757078474023,14.379458538338833,2.9480770369694893,10.37973387620442,40.96579086007965,20.700816477222862,5.539584966307458,4.93830165895749,0.148236585919794,False,False
6.8278621067119545,0.11284667605969884,0.2937038749006712,56.2430568792102,0.1924884865516428,9.025987138400192,2.3774052889851967,18.826651572976857,0.6009417439144984,11.487298776641158,36.96050501087267,20.700816477222862,5.539584966307458,5.517796831869328,0.3664046201951726,True,False
7.283741023562017,0.11374073943621592,0.011974578397505141,77.11423257973752,0.0,9.110269299939233,2.2408113358655948,14.22764435858994,2.5699552203442484,10.37973387620442,40.80409880284345,20.39476232529814,5.623740477933608,4.067399425062675,1.9326655137235216,False,False
7.6673613808755325,0.07607261009317455,1.2236653569912002,25.097639872495574,0.8143072304558118,11.531813115304105,2.361615915113078,18.826651572976857,2.883091210627681,11.03749153095346,44.38744565636225,21.720665640347168,0.2833922341003332,0.6814430823786158,0.17981907225363664,True,False
7.155768932373002,0.10294633309793877,0.2111527383940201,62.35864122096561,0.0,8.879236433273055,2.1790818523812154,13.943222522117564,2.0905825335854575,9.624616987412775,43.32823393638459,20.284065040871077,3.8624367223770903,5.928884010421908,0.9379582468295335,True,False
7.6980233865564855,0.08390283400704822,0.7576983814634555,48.393671599477386,0.6544686207730601,11.340407851346354,2.009839118263116,17.060143271282318,2.883091210627681,12.863181313280318,41.26432768863921,21.780214283894676,0.18989093121373055,2.499718444368214,1.4594328566938435,False,False
7.510453306772974,0.0906750882579452,0.40010159791063116,60.56412569520565,0.45052228154282037,10.627742093171838,1.9590446498181386,18.826651572976857,2.5699552203442484,10.37973387620442,40.301539303904114,20.39476232529814,0.2833922341003332,5.517796831869328,1.7261686353025645,False,False
7.063478624410646,0.10784674556051749,0.322242095102528,54.128877717134316,0.08673536883288002,8.959931566283311,2.209287883794764,14.379458538338833,2.9480770369694893,10.37973387620442,41.89709589726892,20.39476232529814,5.539584966307458,4.067399425062675,0.39388793455007065,False,False
7.3251501533929115,0.08503404070753011,0.7442015076106626,40.70874598990033,0.5307891316339506,10.372975036721554,2.350954953489438,18.826651572976857,2.5699552203442484,9.756122964353098,42.28491423086283,20.39476232529814,0.2833922341003332,5.517796831869328,0.3664046201951726,False,False
7.870215385300574,0.08631885406567304,0.32916583973551605,63.06734181825553,0.41133311696288766,11.05189985049963,2.265419508084049,16.43297662985375,2.5699552203442484,10.650822701828982,44.46735274031353,20.39476232529814,0.2833922341003332,2.8888988900431305,2.3118392582178875,False,False
7.299732472751371,0.0868518978173766,0.8513103871902354,40.95891974618303,0.6473517000164741,10.664138774888224,1.935588527002167,18.826651572976857,2.9459139332994746,12.050574529238276,39.6323099253558,20.39476232529814,0.18989093121373055,5.517796831869328,0.4420999507483937,False,False
7.42994774096789,0.10047404545230852,0.41277967417861117,57.67940634854443,0.42281664095879745,10.532607843091181,1.466798445045768,18.826651572976857,0.5307325730925379,12.863181313280318,39.93719687973655,20.56224537494587,3.3208409849058054,2.499718444368214,1.4594328566938435,False,False
7.228675223111741,0.10030816040824318,0.2688272079297899,58.08597947773709,0.22568712752564446,9.579607397604892,1.5489756638892942,16.43297662985375,2.883091210627681,10.37973387620442,41.878227684064214,18.831702428431175,2.7274259135673202,5.928884010421908,0.9379582468295335,True,False
7.316630982421507,0.10319840242206793,0.1876232882780343,64.23770950014752,0.2786728188820213,9.95653757955216,1.2840418093280466,17.060143271282318,1.6512472324178857,12.863181313280318,40.945332396641476,17.775440184247508,2.7274259135673202,5.517796831869328,1.4594328566938435,False,False
7.419481602328026,0.1019575036829641,0.12217999035859758,68.94995380313145,0.1221340814745891,9.685732358265845,1.8917207034642345,15.971534460055324,2.256863088856377,10.37973387620442,43.64503700989716,17.775440184247508,2.7274259135673202,5.517796831869328,1.7261686353025645,False,False
7.774463520362064,0.08431439976964612,0.7116773511015331,48.738735296327356,0.6108304526937273,11.317097531624865,2.1339903913456197,16.43297662985375,3.2487663602365258,12.863181313280318,44.02704580497078,19.278987659382835,0.18989093121373055,2.499718444368214,1.4594328566938435,False,False
7.475854488964169,0.10248363181892299,0.1844152929745689,64.33941470834893,0.2577633042954955,10.152367244942498,1.3496142951734948,17.192881399907503,2.5699552203442484,10.37973387620442,41.18989543330116,20.39476232529814,3.6577042195988416,2.8888988900431305,1.7261686353025645,False,False
7.111141913144084,0.09832765299142525,0.5035699081137452,47.95904284854254,0.38017357510697036,9.763566286417959,1.8005740758518018,18.826651572976857,3.2487663602365258,9.3963545028048,39.52183787305186,20.39476232529814,2.7274259135673202,5.517796831869328,0.3664046201951726,False,False
7.314494810767383,0.10810492859361799,0.0646930213414648,73.2087250624203,0.1262585466132018,9.68802323740698,1.9934623517451349,18.826651572976857,0.406865073759096,10.37973387620442,40.374357922618685,19.278987659382835,3.8624367223770903,4.93830165895749,1.9326655137235216,False,False
7.325858321512104,0.08582146059716357,1.091703044233153,33.61011478901625,0.7963123278882327,11.073907772238195,1.4783767125165705,18.826651572976857,2.3216201692194227,14.568214234698283,39.21408828023553,20.39476232529814,0.4274449202554642,4.067399425062675,0.17981907225363664,False,False
7.513590926238776,0.07904842765559945,1.1076945326766574,29.577229090024566,0.7557514104437528,11.158499483305505,2.306670628072461,17.060143271282318,2.883091210627681,12.863181313280318,42.5772448723583,21.746910884615804,0.18989093121373055,2.499718444368214,0.17981907225363664,False,False
7.358278852683651,0.08392677539637897,0.6757663120355997,41.21242223875739,0.46576280536810627,10.20853859815697,2.21944102655309,16.43297662985375,2.883091210627681,10.37973387620442,43.74184227185118,20.39476232529814,0.2833922341003332,5.517796831869328,0.3664046201951726,False,False
7.555017028508822,0.09098841985783135,0.29148759153771886,62.249836461871325,0.3599405498813397,10.400833980377158,1.8782397559064523,16.43297662985375,3.8517751866071333,10.37973387620442,42.56536699907871,18.831702428431175,0.2833922341003332,5.928884010421908,1.7261686353025645,False,False
7.592766467715961,0.10169594868775395,0.0,82.61887003569032,0.0,9.67663500604537,2.2035457157150398,16.43297662985375,1.0791107430954037,8.073406717217514,43.658536512391976,20.39476232529814,2.7274259135673202,4.8929463845224515,2.740834774053439,False,True
7.197768593125246,0.0944071799402919,0.5747748954536588,45.952449531527606,0.4267191341200904,10.008877199860022,1.6801841468762042,18.826651572976857,1.9980656391989138,10.37973387620442,40.74344569055517,20.39476232529814,2.140334973725034,5.0920901272008186,0.42491579484065234,False,False
7.3715964393849776,0.08428578367421476,0.9393013677981101,36.8516212958935,0.6816905419638841,10.836885405419167,1.9026923881236306,18.826651572976857,2.883091210627681,11.487298776641158,40.194798589625194,21.746910884615804,0.4274449202554642,4.067399425062675,0.3664046201951726,False,False
7.309351045922605,0.08802174133873955,0.8629798423759343,41.21610818747216,0.6633255711186536,10.68508647368586,1.9492437361240529,18.826651572976857,5.499052696791888,10.37973387620442,38.65651051201065,20.39476232529814,0.2833922341003332,5.517796831869328,0.4420999507483937,False,False
7.222936904447019,0.09777122347967321,0.8188144106107764,41.11040988987543,0.6152258013060208,10.562916407491816,1.4291078131763217,18.826651572976857,2.883091210627681,12.863181313280318,37.29627943580228,21.943832417843662,3.3208409849058054,2.499718444368214,0.3664046201951726,False,False
7.292145235180478,0.10794129243232424,0.11241166389778173,69.67361463782035,0.24761210287964702,9.920329620010161,1.8140406801903242,18.826651572976857,1.9980656391989138,11.487298776641158,39.34773737485787,17.775440184247508,3.3208409849058054,5.517796831869328,1.7261686353025645,False,False
7.050340806784128,0.10840126499637473,0.3693589588648335,50.638348495478326,0.23710449626539165,9.353649086451012,2.1864392700741435,18.826651572976857,2.5699552203442484,10.37973387620442,42.84877930866446,15.212859208938553,4.47175103537349,5.517796831869328,0.17247294562864623,False,False
6.976980115129168,0.11165298558669853,0.4008546000732649,51.6477954756486,0.32434009686484644,9.549365145187766,2.374863553711748,18.826651572976857,2.5699552203442484,11.487298776641158,36.99890289611703,20.39476232529814,5.670236328124785,3.685788260302611,0.3664046201951726,False,False
7.838595420639748,0.08126039485144686,0.8733219674393292,43.42243180072194,0.7056565556492558,11.675709132231663,1.9001355820316823,18.826651572976857,2.1956810747997624,11.858913890272255,44.09781842699917,20.39476232529814,0.18989093121373055,1.0601669323828313,1.3761148460572539,False,False
7.374271117484459,0.082011344709112,0.9969258518246489,33.598962567700326,0.6961635721850263,10.821236949579964,1.9599523760390696,17.060143271282318,2.883091210627681,12.863181313280318,41.00956389166384,21.746910884615804,0.18989093121373055,4.067399425062675,0.17981907225363664,True,False
7.455771471375742,0.09390181249306113,0.41895859738556995,57.34168850847392,0.42452599763023674,10.469269426687347,1.85675811329091,15.971534460055324,1.6512472324178857,13.565757427356377,40.460842357564154,21.11635485905301,1.7074313817967268,4.067399425062675,1.4594328566938435,False,False
7.693201012632166,0.10305012100938227,0.05815982631337628,76.16161116881294,0.31189600450269883,10.728360876659302,1.5824229881733503,16.43297662985375,1.9980656391989138,13.565757427356377,40.367847591026674,19.278987659382835,2.7274259135673202,2.8888988900431305,2.7400402495709955,False,False
7.340197964637606,0.11510771430007315,0.0,82.2308852421038,0.0,9.23181619476945,2.066029379636906,14.379458538338833,2.9480770369694893,10.37973387620442,39.98631465001743,20.39476232529814,5.539584966307458,4.067399425062675,2.3046691818015623,False,True
7.583476229492674,0.08013895016478409,1.178835975069511,27.668057346969718,0.8036173008120489,11.413186757285429,1.9022940957539418,18.911899580341526,2.883091210627681,12.047257090928355,43.29498436957535,20.700816477222862,0.5913909171637315,1.390741281886862,0.17981907225363664,False,False
7.145819761544429,0.10419286241804754,0.4512712367379045,50.78724723148986,0.36527466368401074,9.82377001104027,1.4882061621121125,18.826651572976857,2.9459139332994746,11.487298776641158,41.367016304298126,16.092381645260858,3.3208409849058054,5.517796831869328,0.4420999507483937,False,False
7.574004927456595,0.09176623813608112,0.579113108175639,53.00344200496865,0.5317084548839236,10.920858705849266,1.5871414407099549,17.060143271282318,1.6512472324178857,13.565757427356377,40.939914527031625,21.11635485905301,1.7074313817967268,2.499718444368214,1.4594328566938435,False,False
7.925113199190293,0.08245952859266872,0.7928892015632327,47.917867158892136,0.6848190506561032,11.778709250915457,1.7425645185571164,18.826651572976857,3.1294987777807055,11.03749153095346,43.92059184120933,20.39476232529814,0.2833922341003332,0.6814430823786158,1.7261686353025645,False,False
7.906144146149028,0.08231760191453048,0.7184371454126743,49.11447963241174,0.6233129746799626,11.594004639887185,2.0247789937744436,18.826651572976857,2.6586843869425825,10.37973387620442,44.67044003679227,20.39476232529814,0.2833922341003332,1.0601669323828313,1.7261686353025645,False,False
7.295627118896494,0.09330348074422534,0.4738169259103543,45.05827569649213,0.30747463258100577,9.763635374811122,2.095067731216219,16.55486130467353,3.833790432719555,8.177536573275464,43.571765253283424,20.700816477222862,2.7274259135673202,4.067399425062675,0.3664046201951726,False,False
7.963291781756593,0.08852813581014164,0.21136666934509946,69.41804265601561,0.37749471264469886,11.14743336505811,2.2314488059855995,16.43297662985375,3.2487663602365258,10.37973387620442,44.74720410060801,19.278987659382835,0.2833922341003332,2.8888988900431305,2.7400402495709955,False,False
7.1176080358718465,0.09737712044343666,0.4560699261060355,48.15679134929258,0.33287721148798377,9.661065092810109,1.7554446325780244,18.826651572976857,1.9980656391989138,9.3963545028048,40.772538594089475,20.39476232529814,2.7274259135673202,5.517796831869328,0.3664046201951726,False,False
7.66784599470603,0.08506327839274784,0.827002888084045,47.89950493496585,0.7205474952689016,11.5062446874988,2.1953508984778662,19.39965056282386,2.883091210627681,12.050574529238276,39.73742718113972,21.780214283894676,0.18989093121373055,2.499718444368214,1.4594328566938435,False,False
6.960381744770332,0.10854362118332045,0.30785553475960653,55.194668291172036,0.09564679994708569,8.903571369288946,1.968362430641535,15.971534460055324,1.0791107430954037,10.37973387620442,39.35708538344753,22.912794546025143,5.7902416153611105,4.067399425062675,0.4420999507483937,False,False
7.274718670764279,0.1134692037534125,0.17863763257972995,64.76743751866857,0.27111107489270464,9.951759132478356,1.9942840435277052,17.060143271282318,2.883091210627681,12.863181313280318,38.0829911209363,19.527701304877716,5.623740477933608,2.499718444368214,1.4594328566938435,False,False
6.933407460184578,0.11022671459509147,0.3759077103882743,50.15320142216608,0.2717390749218196,9.300919935653432,2.2595932694094873,16.55486130467353,1.9980656391989138,12.863181313280318,38.01211629037446,20.700816477222862,5.623740477933608,4.067399425062675,0.17981907225363664,False,False
7.565903289298893,0.08123735514202698,0.9152501116456584,37.53703345511181,0.6660773554268338,11.104158366746946,1.9484294291473307,17.192881399907503,0.5307325730925379,14.24096046827841,43.91804075449148,20.39476232529814,0.18989093121373055,2.8888988900431305,0.6438326576750693,False,False
7.410071317040906,0.09366955490175591,0.7547007399471611,38.556548755081394,0.5112165877149091,10.559034456565822,2.0427788417344304,18.826651572976857,0.6009417439144984,11.858913890272255,43.4329682084548,20.39476232529814,3.459190706505443,1.0601669323828313,0.3664046201951726,False,False
7.5228768632712715,0.09150203920186306,0.43160587079856866,59.88276395396671,0.47405608234908114,10.711460155457434,1.8352386367083922,18.911899580341526,2.9480770369694893,10.37973387620442,39.803611817837925,20.700816477222862,0.5913909171637315,4.93830165895749,1.7261686353025645,False,False
8.000230670705854,0.10629066388474065,0.0539058349971219,92.3728658681859,0.3336074138568045,11.425151235182229,2.263708674636412,18.826651572976857,3.2487663602365258,11.487298776641158,37.89383078836149,20.39476232529814,2.7274259135673202,1.2596530811077917,4.16161118181071,False,False
7.126543086797804,0.09579922947676854,0.5892344303452095,46.239067749627885,0.44605564593584485,9.968372060652,1.9511602374642987,19.467078133636157,1.9980656391989138,10.53625114846953,39.47130155761649,20.39476232529814,2.140334973725034,5.625801601860567,0.3664046201951726,False,False
7.959532454659974,0.09258727233133456,0.38136771541664644,68.67304788882363,0.5462364173510467,11.583841386970466,2.198491659175109,16.55486130467353,5.3106520365987295,12.863181313280318,42.17855599315719,17.180417978575775,0.2833922341003332,2.8888988900431305,2.7400402495709955,False,False
7.152970057852323,0.09312644880776592,0.6537777214106364,44.795428959734814,0.49359009671043313,10.084069574063683,2.091115464219314,15.971534460055324,1.6512472324178857,14.403773893850044,39.265456720762515,21.11635485905301,1.7074313817967268,5.517796831869328,0.3664046201951726,False,False
7.217610437682383,0.10354952688806757,0.17428974665010347,65.08953923932532,0.17472868399426467,9.546967097950095,1.9377062438155133,16.43297662985375,0.8326958072328461,11.858913890272255,40.265898684510624,20.39476232529814,3.3208409849058054,5.517796831869328,1.3761148460572539,False,False
7.040367814318759,0.1130724783493957,0.2390416755931582,60.292562486489224,0.2207286230847072,9.416794314323806,2.336161456150638,16.55486130467353,2.1956810747997624,12.863181313280318,37.430844793493605,20.39476232529814,5.623740477933608,4.067399425062675,0.8695292854583642,False,False
6.967610006806992,0.1116995002087578,0.34080428063116663,52.75374690765654,0.2736255101785614,9.41677797280506,2.1444150049945208,17.192881399907503,0.5307325730925379,14.24096046827841,38.69889337614726,19.278987659382835,5.623740477933608,4.067399425062675,0.3664046201951726,False,False
7.272057454883421,0.10063139010599326,0.21916967901340528,61.76472721086903,0.24181687340101854,9.734005674939779,1.915009316076082,17.313867449793737,3.2487663602365258,9.3963545028048,40.125818562501514,20.39476232529814,2.7274259135673202,5.517796831869328,1.2752080539286375,False,False
7.799263251683255,0.0862878848193201,0.49910375959032116,57.154500068937004,0.5064134111742083,11.186638182540708,1.7278247556868322,18.826651572976857,2.1956810747997624,10.37973387620442,44.1444101520411,19.278987659382835,0.18989093121373055,3.0519792196577784,1.9326655137235216,False,False
7.878302699139755,0.08499477290589376,0.609700934595037,52.10462649096893,0.5511786663813414,11.37657758138736,2.321424627055068,18.911899580341526,2.5699552203442484,10.37973387620442,46.21350679212179,17.775440184247508,0.2833922341003332,2.139903477337614,1.7261686353025645,False,False
7.641423614334185,0.0855330115293555,0.842348293492313,47.86600844926605,0.7362598777401765,11.542645491009711,2.361979812459367,20.073888763367407,1.6512472324178857,12.863181313280318,39.43075344596952,21.780214283894676,0.24156366000812457,2.499718444368214,1.4594328566938435,False,False
7.761661062049879,0.07948103180678524,1.02073414673617,35.928158379824,0.7544511770837813,11.622463000781526,2.0560007030530456,18.826651572976857,2.1956810747997624,12.050574529238276,44.412743348632034,20.39476232529814,0.18989093121373055,1.0601669323828313,0.8695292854583642,False,False
7.312421031559563,0.09950780113265248,0.6815969373178015,45.01199894903957,0.5260235219017444,10.425859780444203,1.3152960157260158,18.826651572976857,4.63427446117985,11.487298776641158,41.48423994811985,16.330609951703895,2.7274259135673202,4.067399425062675,0.4420999507483937,False,False
7.245296616392705,0.11497683738567067,0.0,82.88364816836624,0.023979458480082927,9.349319110453507,2.2094894176872644,16.43297662985375,2.9480770369694893,10.37973387620442,37.312511841362216,20.39476232529814,4.709472276641096,5.517796831869328,2.3046691818015623,False,True
8.100694927898068,0.08945519481342228,0.40053744014494636,71.43220116968811,0.6057533137077487,12.048555694640703,1.6407937341071557,17.192881399907503,2.6586843869425825,14.24096046827841,40.97226834755247,20.39476232529814,0.18989093121373055,1.0601669323828313,3.2903852084243352,False,False
7.637535936339125,0.10589725256068933,0.23947601535396018,65.73660961639597,0.3547231384855788,10.706534710550814,1.1286119060357982,18.826651572976857,1.9980656391989138,12.863181313280318,43.852260798390134,14.508212464294052,3.501771783316099,2.499718444368214,1.9501379841754056,False,False
7.572851143434543,0.08008643313948571,1.1822038005189714,27.621184255423213,0.8065028414681672,11.420840974800145,1.841372875076153,18.911899580341526,1.9980656391989138,12.863181313280318,43.364085718652156,20.700816477222862,0.5913909171637315,1.390741281886862,0.17981907225363664,False,False
7.0951555958268555,0.1029516861630081,0.3620397454381585,51.18057321727284,0.270125978620955,9.531024905369893,1.4039727575320964,18.826651572976857,1.0791107430954037,10.37973387620442,41.19267781625751,19.278987659382835,3.8624367223770903,4.93830165895749,0.4420999507483937,False,False
7.665603839427332,0.09929291137091947,0.11015039125224389,72.92262853566571,0.32062001004187324,10.71855361265358,1.5936085992649722,18.826651572976857,0.5307325730925379,11.487298776641158,40.58385921794348,20.700816477222862,2.337207714894047,2.9349662632999056,2.5984674039291518,False,False
7.245535244927379,0.1113224742900974,0.2468918952362966,60.73285240653975,0.2912888661059383,9.915016038882356,1.954281542547776,16.55486130467353,2.9480770369694893,12.863181313280318,38.10798012360484,20.39476232529814,5.539584966307458,2.371067797824666,1.2204851320415633,False,False
7.1994194070027175,0.10414206742099227,0.6859620725197486,40.74599402278569,0.4698769732704982,10.177093239796182,2.209650585242467,18.826651572976857,2.883091210627681,11.03749153095346,39.10354850808252,21.746910884615804,5.541044138111435,0.6814430823786158,0.17981907225363664,False,False
7.3598977657534155,0.08368879204376356,0.6638738155700268,41.26193222269508,0.4539212885211744,10.182875534063587,2.238161489503818,16.43297662985375,2.5699552203442484,10.37973387620442,44.05497826213462,20.39476232529814,0.2833922341003332,5.517796831869328,0.3664046201951726,False,False
7.771953476779978,0.07944788473634612,1.0132695902808668,35.93737653218687,0.7467073448455395,11.611796091139544,1.8462117718730766,19.701481697473728,2.9480770369694893,10.37973387620442,44.456357914999295,20.39476232529814,0.18989093121373055,1.0601669323828313,0.8695292854583642,False,False
7.5870909513727955,0.0796751856772389,1.2202157886094342,26.983939631878332,0.8375305494473206,11.516528836790224,1.9622113224365967,20.07800341183691,2.883091210627681,11.422873175150023,42.91721045076656,20.700816477222862,0.4274449202554642,1.390741281886862,0.17981907225363664,False,False
7.299815374577729,0.09728562682990743,0.83385640188019,37.41015282955673,0.5784000968266548,10.5484092168986,1.3788180792050289,18.826651572976857,2.883091210627681,11.858913890272255,40.31864936351013,20.700816477222862,3.8413171312497103,1.390741281886862,0.17981907225363664,False,False
7.697071162074781,0.08376573163218795,0.7518276832590879,48.40458797081447,0.648430493162799,11.328685073317649,2.157741894250108,17.192881399907503,2.5699552203442484,12.863181313280318,41.44472555029746,21.780214283894676,0.18989093121373055,2.499718444368214,1.4594328566938435,False,False
7.663806120752663,0.08524538031633606,0.8378378013100829,47.88005928809798,0.7317014051336992,11.525928253933806,1.96734904395226,18.826651572976857,2.883091210627681,12.863181313280318,39.49781938694467,21.780214283894676,0.18989093121373055,2.499718444368214,1.4594328566938435,False,False
7.547574406059977,0.09396364550342437,0.32258333033909536,68.88866942176728,0.4872895366275733,10.851530022910444,2.090727087630925,16.43297662985375,2.5699552203442484,14.403773893850044,37.3639110727114,21.11635485905301,0.2833922341003332,5.517796831869328,2.3118392582178875,False,False
7.101926459420144,0.09883915482639283,0.36512407400455693,50.952078828416354,0.19415300171695954,9.277609817482022,1.9727348152522144,16.43297662985375,1.0251524029487797,10.37973387620442,42.534849014369705,20.39476232529814,3.3208409849058054,5.517796831869328,0.39388793455007065,False,False
7.123712134779646,0.09300218894469925,0.679159313334938,44.43842371702924,0.5152835988309115,10.124466014621024,2.137704157522168,18.826651572976857,1.9980656391989138,11.487298776641158,37.941566401469686,22.17051415788349,1.6917019997654048,5.517796831869328,0.3664046201951726,False,False
7.102215034351209,0.10075775261850653,0.4487306462952286,49.64162607740356,0.34627965998500043,9.681152554536553,1.2531517991077794,17.068519501585815,2.6586843869425825,11.486981476345768,39.5458509968179,20.39476232529814,3.3281953909683346,5.0920901272008186,0.42491579484065234,False,False
7.583476229492674,0.08013895016478409,1.178835975069511,27.668057346969718,0.8036173008120489,11.413186757285429,1.9022940957539418,18.911899580341526,2.883091210627681,12.047257090928355,43.29498436957535,20.700816477222862,0.5913909171637315,1.390741281886862,0.17981907225363664,False,False
7.488648292520863,0.10183024285649075,0.5418295960204315,53.59419220483808,0.5007871663961709,10.779449315709527,1.6533193727854862,18.826651572976857,2.9480770369694893,12.050574529238276,39.45285813141245,20.39476232529814,3.9489370021663612,1.0601669323828313,1.3179724695555952,False,False
7.325945460265076,0.10419327406686472,0.4176847308619285,47.058260479308316,0.22514175535144582,9.700437003145096,2.1893030382541623,15.769632142186651,2.6586843869425825,10.37973387620442,44.737835532947194,19.278987659382835,5.690043675112832,1.0601669323828313,0.42491579484065234,False,False
7.868811686981932,0.08892257905329391,0.06831966678711565,72.94005455055238,0.2563221026289702,10.672619906304291,2.335402130109429,14.379458538338833,3.2487663602365258,10.37973387620442,44.506446991188085,20.39476232529814,0.2833922341003332,4.067399425062675,2.7400402495709955,True,False
6.933407460184578,0.11022671459509147,0.3759077103882743,50.15320142216608,0.2717390749218196,9.300919935653432,2.2595932694094873,16.55486130467353,1.9980656391989138,12.863181313280318,38.01211629037446,20.700816477222862,5.623740477933608,4.067399425062675,0.17981907225363664,False,False
7.526988977853989,0.08905991436947008,0.3032651818180774,61.95958486638529,0.3682324625437005,10.425287467453352,2.1872470362125727,18.826651572976857,2.883091210627681,8.026839686169284,40.91942089386192,21.746910884615804,0.2833922341003332,5.517796831869328,1.7958966857787988,False,False
7.424895347145073,0.09138886637747806,0.7488289158102883,39.051451687067555,0.5120696783537528,10.540208496151209,1.6175795678724283,18.826651572976857,1.9980656391989138,10.37973387620442,43.380754734002124,20.39476232529814,2.7274259135673202,1.898718004202155,0.39388793455007065,False,False
7.652252779922204,0.09347835686067048,0.31929963694118535,68.1658278247666,0.4735313223618215,10.891081275232738,2.372394201373635,16.43297662985375,6.452871569970999,10.650822701828982,38.35772402598777,20.39476232529814,0.2833922341003332,5.115611254742136,2.3118392582178875,False,False
7.682873871702054,0.08106032184171387,0.9202064134879058,38.713496751927174,0.6880601546436276,11.344623124096975,1.9129680011920616,19.597410867392515,2.5699552203442484,10.37973387620442,43.89151166389377,20.39476232529814,0.18989093121373055,2.107205830194814,0.8695292854583642,False,False
6.836239868028399,0.11366895099844601,0.32132545385664885,54.196784678655725,0.19518173215214907,8.978961508596653,2.1116559618152024,16.55486130467353,1.9980656391989138,12.863181313280318,37.91724450422861,19.278987659382835,5.690043675112832,5.517796831869328,0.17981907225363664,False,False
7.634120704025866,0.1011115511730965,0.21867952225836265,72.38080709215856,0.4274022161355291,10.95575974071902,1.4219652133318474,17.192881399907503,0.5307325730925379,15.530318850450925,38.526730842384566,20.39476232529814,2.337207714894047,2.8888988900431305,2.5984674039291518,False,False
7.5732135790710196,0.08801845810126872,0.37169880735427485,59.40944741689046,0.40411367508795865,10.571447501364387,1.9659488972447838,18.911899580341526,2.883091210627681,8.235325996749967,41.66637749919491,21.35544318472553,0.2833922341003332,4.93830165895749,1.7261686353025645,False,False
7.403553064983515,0.10571379953775663,0.051046064273677305,74.21972406846845,0.0,9.33653491997011,2.029414599665156,13.943222522117564,2.256863088856377,10.37973387620442,43.453144232815745,19.278987659382835,3.8624367223770903,4.8929463845224515,1.9326655137235216,False,False
7.252119053476342,0.08946621530724427,0.8878280031800689,40.17704389830093,0.6747431660601073,10.626167775509884,2.074787428566243,18.911899580341526,5.875696327351415,10.37973387620442,37.70598694194217,20.700816477222862,0.5913909171637315,5.517796831869328,0.3166790479045547,False,False
7.564527691640098,0.09597866204695356,0.5708748828321113,53.01451132604191,0.5231747642843458,10.924699277606893,1.8750911707261695,17.060143271282318,1.6512472324178857,13.86074283003384,40.13392288525231,21.780214283894676,2.9941297080422884,1.0601669323828313,1.4594328566938435,False,False
7.2122737779401485,0.08939518266085271,0.7604572930021101,40.1030911913435,0.53931391342809,10.242889154833806,2.0063357551352405,18.911899580341526,2.9480770369694893,10.37973387620442,40.58975093879439,20.39476232529814,1.0781603382690768,5.517796831869328,0.17981907225363664,False,False
6.916957657040188,0.11094182405152664,0.413753188311739,50.02795517806321,0.3148801174157132,9.383551198962273,1.9673663185890982,15.095688503019868,1.9980656391989138,15.263287610243424,37.07118279506501,20.700816477222862,5.623740477933608,4.067399425062675,0.17981907225363664,False,False
7.013101639652229,0.11182106698934165,0.32231466726782143,54.12350139869102,0.22222151383727357,9.309915504180632,1.760358395716154,17.060143271282318,2.883091210627681,11.422873175150023,39.17254578854099,19.278987659382835,5.690043675112832,4.067399425062675,0.42491579484065234,False,False
7.36765761282105,0.10532967165723602,0.12731428664800126,68.56959293443668,0.18722668339778836,9.865368795081821,1.905446456193781,18.911899580341526,1.0251524029487797,10.37973387620442,41.92246267709191,17.775440184247508,3.3208409849058054,4.93830165895749,1.7261686353025645,False,False
7.468702504791599,0.09782255956103475,0.13618585105520145,67.91236636347146,0.03988526886417837,9.49338397417042,2.0992279670876397,14.830169039340998,2.6586843869425825,8.073406717217514,44.69643659780843,20.39476232529814,2.7274259135673202,4.8929463845224515,1.7261686353025645,False,False
7.631614636832049,0.0883166242006056,0.47072204091237335,57.47037188568194,0.48096899816170174,10.843778014528493,1.6328223266146584,17.060143271282318,2.883091210627681,11.422873175150023,41.71206288509641,20.700816477222862,0.4274449202554642,4.067399425062675,1.7261686353025645,False,False
7.495336627037416,0.11306189218321532,0.08437224654494645,71.75084129963777,0.18821080485177005,10.019629710604372,2.058096793624016,14.379458538338833,6.810407891566258,10.37973387620442,38.773267193435046,20.39476232529814,5.690043675112832,1.5258408205898812,2.046485679454584,False,False
7.607549890066371,0.07875981478430735,1.245264891725589,26.24643267030209,0.8534545874560616,11.585408908412854,1.9985776870715894,20.528823884485618,2.883091210627681,11.03749153095346,43.09945555634615,20.700816477222862,0.2833922341003332,1.2871100340102626,0.17981907225363664,False,False
7.3995223417444755,0.10579952100643888,0.04947545378773396,74.33607862518686,0.0,9.326777427876914,2.026386043892406,13.943222522117564,2.256863088856377,10.37973387620442,43.407788958380706,19.278987659382835,3.8624367223770903,4.93830165895749,1.9326655137235216,False,False
7.479086907202954,0.09204816831318277,0.3136822983411784,61.99517729374178,0.37972938881377094,10.425779985577627,1.7764560408463743,18.82406583315018,1.4289613833123214,10.37973387620442,41.02523114037881,20.39476232529814,0.7032799744842494,5.517796831869328,1.7261686353025645,True,False
7.385168979201787,0.0955681450483751,0.23151527395571747,60.85013620323613,0.2083993758150129,9.808035194594344,1.8090168353022507,16.43297662985375,1.0251524029487797,10.37973387620442,43.13916895171109,20.39476232529814,2.1600008407257407,5.0920901272008186,1.3761148460572539,False,False
7.5498566658945085,0.09667762086410707,0.16513342414461873,65.76786136682375,0.272239570187055,10.278806485999418,0.9846784914967012,17.060143271282318,1.9980656391989138,10.37973387620442,42.122025277944566,20.39476232529814,2.140334973725034,3.972269122623099,1.9326655137235216,False,False
7.247528660283721,0.0928550196294044,0.5456250292868104,42.16262720492949,0.34199552969397595,9.791804073054031,1.9402360188935117,16.43297662985375,1.9980656391989138,10.37973387620442,43.81981711856114,20.39476232529814,2.7274259135673202,4.067399425062675,0.17981907225363664,False,False
7.846186126845269,0.08356472315051151,0.6722121412082919,50.80010148019288,0.5985503740209897,11.453427363012272,1.9004467076035354,18.911899580341526,2.5699552203442484,10.37973387620442,44.01266885898963,20.39476232529814,0.2833922341003332,1.721419269419144,1.7261686353025645,False,False
7.232796650917518,0.1114479222862272,0.051996886683621305,74.14928488509543,0.22353880266489812,9.823818384424575,1.7423461340223858,18.826651572976857,2.256863088856377,11.487298776641158,36.83729983417284,19.278987659382835,3.8624367223770903,5.517796831869328,1.9326655137235216,True,False
7.638904395584729,0.09335618552958294,0.5696649600404683,49.88926812826387,0.47739200763863326,10.85187046675221,1.8825504820814034,18.826651572976857,3.2487663602365258,9.3963545028048,43.07066433880488,20.39476232529814,2.7274259135673202,1.0601669323828313,1.2752080539286375,False,False
7.704392019923831,0.08296663258360876,0.7109145539521642,48.5884386574566,0.6078853417077581,11.239452062338419,2.385618000436841,17.060143271282318,1.6512472324178857,12.863181313280318,42.49617166684901,21.780214283894676,0.18989093121373055,2.499718444368214,1.4594328566938435,True,False
7.19194423993086,0.10814122698519629,0.24946464658223977,59.52040402964881,0.05928808698010585,9.136127003003773,2.0417230703715603,14.379458538338833,2.5699552203442484,10.37973387620442,42.448033044540104,20.39476232529814,5.539584966307458,3.4189427435084365,0.8695292854583642,False,False
7.0657239280825035,0.11616787205036899,0.09371624193178582,71.05861591915999,0.058271159821562724,9.073145717712787,2.2119071625943345,16.43297662985375,3.7624012802869076,9.89281932929523,37.35148014359154,20.39476232529814,5.697355318416358,5.0920901272008186,1.3761148460572539,True,False
7.479374316135395,0.11043350240767337,0.0,78.13075332021162,0.13203132756696634,9.991005811366058,1.7825558645516195,17.0178592385925,1.4289613833123214,11.487298776641158,39.638867918842,20.39476232529814,4.638394725494328,2.9349662632999056,2.4588893685196447,False,True
7.2015338560557,0.09314599852592975,0.5311599990236607,46.40395943094735,0.38713532748218993,9.8562571209072,1.879581735069378,17.313867449793737,3.2487663602365258,9.89281932929523,41.257363633472245,20.39476232529814,1.8281665761813546,5.670366391172703,0.39388793455007065,False,False
7.797580799059556,0.10341062852733433,0.0,86.62634299255245,0.2599149125874867,10.815524763444364,2.123236442647291,15.971534460055324,1.6512472324178857,14.403773893850044,40.723485506291205,17.93423372695004,1.8281665761813546,4.067399425062675,3.420159179191469,False,True
7.421920447621883,0.09635853816843382,0.4952107533864516,57.09543679805381,0.5014651752633844,10.672594336693503,1.5813834116413086,18.826651572976857,1.6512472324178857,12.863181313280318,38.90915869808892,20.39476232529814,1.8281665761813546,4.067399425062675,1.4594328566938435,False,False
7.199987523120335,0.09038418362272854,0.9393064828485997,40.309597207990706,0.7309406410577373,10.794040796234802,2.1978149455903404,21.69117915552342,2.9480770369694893,11.487298776641158,36.69703618441484,20.700816477222862,0.5913909171637315,5.517796831869328,0.3664046201951726,False,False
7.30921650446377,0.09494083495994358,0.963739872891078,37.85257764078387,0.7217276879708502,11.015040471500773,2.095584854098884,20.642312995913105,0.5307325730925379,14.24096046827841,37.93481069015313,21.780214283894676,2.9921281449708914,1.4539250488565962,0.42491579484065234,False,False
7.695656023433287,0.08258688222564194,1.2004264527156459,35.04598532338818,0.9314636181562115,12.01178785572801,1.9871103899767104,18.82406583315018,2.9480770369694893,15.387409594864584,40.32609806066268,20.39476232529814,0.18989093121373055,1.0601669323828313,0.8695292854583642,False,False
7.047581035410825,0.1095136416901649,0.3245211502456354,53.96003989688139,0.1273949103987601,9.09968176907197,2.2520652978802254,17.060143271282318,1.9980656391989138,9.89281932929523,41.684956263294346,19.278987659382835,5.623740477933608,4.067399425062675,0.39388793455007065,False,False
7.1762454496003905,0.11420777032262594,0.01194354968073768,77.11653126080283,0.0,9.11566360376459,2.220412062942562,15.971534460055324,1.0791107430954037,10.37973387620442,37.866519820472405,22.912794546025143,5.7902416153611105,4.067399425062675,1.9326655137235216,True,False
7.608675595633566,0.08801754643772595,0.3789165316646348,59.11729583327161,0.40756787160352576,10.617328179884735,1.1115107446148351,17.192881399907503,2.5699552203442484,10.37973387620442,42.684450476278506,20.39476232529814,0.2833922341003332,4.7686558325642885,1.7261686353025645,False,False
7.451019573903726,0.09970642304243044,0.6927762054093816,46.125769918981234,0.5536787551081681,10.797666713499083,1.6219113618240217,18.66825809624668,2.883091210627681,12.383931524311775,40.13025921207118,20.39476232529814,3.9887252636075603,0.6814430823786158,0.8695292854583642,False,False
7.211732219401869,0.1037406360404471,0.6571790025598585,41.027949861521016,0.44352614047141625,10.123332383280667,2.2171945294469504,18.911899580341526,2.883091210627681,10.37973387620442,39.66660471440239,21.746910884615804,5.539584966307458,0.6814430823786158,0.19073168512210362,False,False
7.157791778138799,0.09434078408003402,0.7725499466006547,43.87074984076362,0.6057265277974785,10.429892386363179,2.152658606507294,18.826651572976857,1.9980656391989138,13.565757427356377,37.26873319757665,21.11635485905301,1.7074313817967268,5.0920901272008186,0.42491579484065234,False,False
7.749504512115301,0.08348486289489701,0.6974588684984637,48.76351985496423,0.5961829080656916,11.250131181431792,2.231956766764228,16.378514274659466,2.5699552203442484,12.863181313280318,43.644544634142036,20.39476232529814,0.18989093121373055,2.499718444368214,1.4594328566938435,False,False
7.4319040854811576,0.1103083663618538,0.0,86.0069858764459,0.06650502483754511,9.731949500319384,2.009299148493513,16.43297662985375,3.2487663602365258,10.37973387620442,38.76782189879146,19.278987659382835,3.3208409849058054,5.8308323410542044,2.7400402495709955,False,True
6.9556307479574775,0.10924202690435912,0.3098168124668507,55.04937217843723,0.13039789921846168,8.97888432956632,1.4890015798026188,15.971534460055324,1.9980656391989138,10.37973387620442,38.43813048734402,22.912794546025143,5.7902416153611105,4.067399425062675,0.4420999507483937,False,False
6.89089157333585,0.11277140565161958,0.26343677706833724,58.485315404129324,0.08958196431831761,8.79241545291275,2.238832541786417,16.43297662985375,2.4692350318535783,10.37973387620442,38.673351679059564,20.39476232529814,5.690043675112832,5.517796831869328,0.4420999507483937,False,False
7.3281322820880845,0.08850499631720136,0.6581145052360863,39.40013464672926,0.4213315357244217,10.068822980785871,1.9942589946784297,16.62963080196313,2.883091210627681,9.89281932929523,44.124311259318155,20.39476232529814,1.8281665761813546,4.067399425062675,0.17981907225363664,False,False
7.398738405696972,0.09007398237537406,1.2287841847911594,32.391572655664774,0.9235797897356068,11.628001162279084,2.3827131106849433,22.218466771996084,1.6512472324178857,14.403773893850044,37.14557995880422,21.11635485905301,1.7074313817967268,1.390741281886862,0.3664046201951726,False,False
7.170557604430863,0.12350879174070606,0.0,81.54945437158969,0.05360029220348528,9.384686533470887,1.883173921731381,18.826651572976857,1.9980656391989138,12.050574529238276,38.6010966095897,15.158727760775154,5.827748548370634,5.517796831869328,2.0193385079811392,False,True
7.674775678842126,0.08098564462864424,0.924055525012304,38.68651210472976,0.6917366815338631,11.343083030135384,1.9910548427196084,19.597410867392515,2.5699552203442484,10.37973387620442,43.585457511969054,20.700816477222862,0.18989093121373055,2.107205830194814,0.8695292854583642,False,False
7.582807719174196,0.10075408077476061,0.0,80.92117769016198,0.09995367397883204,10.002220882330498,1.7351960817763523,16.43297662985375,1.0251524029487797,10.37973387620442,41.77444902371491,20.39476232529814,2.1600008407257407,5.0920901272008186,2.740834774053439,True,True
8.075505035675329,0.08702073870033919,0.40634934698118585,66.41997240881199,0.5405062072203635,11.785593732768431,2.246442335269531,18.826651572976857,2.9480770369694893,10.37973387620442,43.201258341557924,20.39476232529814,0.2833922341003332,1.0601669323828313,2.905957680510007,False,False
7.481287885818076,0.0891890310472741,0.4842084905144419,56.50610717900382,0.48146520145238075,10.600837877190763,2.2198954438208895,16.378514274659466,2.5699552203442484,12.863181313280318,40.62646624664092,20.39476232529814,0.18989093121373055,5.517796831869328,1.4594328566938435,False,False
7.209087144006693,0.08859849678547743,0.7282262108061557,40.226313005567775,0.5070649117283508,10.16349086460304,2.2305558353263417,18.911899580341526,1.9980656391989138,10.37973387620442,41.233708184640236,20.700816477222862,1.0781603382690768,5.517796831869328,0.17981907225363664,False,False
7.069201732375121,0.11369832920420736,0.13024628374580266,68.35238362272791,0.15949456583487437,9.379378085448755,2.1444739099411616,18.826651572976857,1.9980656391989138,10.37973387620442,36.864074034318435,20.39476232529814,5.094579759579498,5.0920901272008186,1.350042665222919,False,False
7.5676502177885006,0.09043428150629994,0.4462850211976554,59.571431070017496,0.4851089243332244,10.742437310501415,1.9879565604950913,17.192881399907503,4.945539762069161,10.37973387620442,39.98543163991707,20.39476232529814,0.2833922341003332,5.0920901272008186,1.7261686353025645,False,False
7.081090131231868,0.10830886215988667,0.2980997505254216,55.9173999679106,0.07707181695086118,8.977235373040157,2.1890300635342,14.379458538338833,2.9480770369694893,10.37973387620442,41.775486265855974,20.39476232529814,5.539584966307458,4.067399425062675,0.5154975659630161,False,False
7.450338173217686,0.09879408256275894,0.12635507622196762,68.64065352197235,0.22967497080667448,10.03789416137859,1.5614803896284517,17.060143271282318,1.9980656391989138,10.37973387620442,41.00220427336684,20.39476232529814,2.140334973725034,5.0920901272008186,1.9326655137235216,False,False
7.265489136131245,0.09086179814206104,1.0879498959859237,36.036138022697145,0.8269015202615486,11.090911076505517,2.3509510104778872,18.911899580341526,2.9480770369694893,16.329859487122725,38.3252120629439,17.775440184247508,0.5913909171637315,4.93830165895749,0.17981907225363664,False,False
7.487214669567936,0.1099019829478161,0.05103819379462529,74.22030713225763,0.24384349463873062,10.253142412965516,1.3501267835412623,16.378514274659466,2.5699552203442484,12.863181313280318,38.45169333989744,20.39476232529814,4.530335823934284,2.499718444368214,2.3118392582178875,False,False
7.3947060370409075,0.10035781603831281,0.15046086304420353,66.85483955654158,0.1896319539449261,9.858957399620989,1.9273097379616078,18.826651572976857,1.9980656391989138,8.073406717217514,41.360572811916235,20.39476232529814,2.7274259135673202,4.8929463845224515,1.7261686353025645,False,False
7.760356027168151,0.08115273226148897,1.0984641761385907,35.582700574148554,0.8315367266849231,11.795639250025914,2.003127187051838,19.701481697473728,5.191297464789039,10.37973387620442,42.21313748717975,20.39476232529814,0.18989093121373055,1.0601669323828313,0.8695292854583642,False,False
7.8023933756537405,0.09806638388611372,0.02690903180703827,76.00785278547923,0.11878493323136824,10.330072869861274,2.187506245716477,16.43297662985375,2.1956810747997624,8.35584205459586,44.74249862645376,20.39476232529814,2.7274259135673202,2.4099786013779676,2.740834774053439,False,False
7.661792742118512,0.07929246942973744,1.1930524265946154,29.309893738099284,0.8419968914664955,11.665668304976544,1.8563221215902184,20.528823884485618,2.883091210627681,11.03749153095346,43.065318040320285,20.700816477222862,0.2833922341003332,1.0761508274491138,0.42491579484065234,False,False
7.5320082820164815,0.08872536303883309,0.2987348644186357,61.107990897640164,0.3513255098010814,10.397885498485312,1.8155331097573089,17.192881399907503,0.5307325730925379,11.487298776641158,42.866967223788436,20.39476232529814,0.2833922341003332,5.517796831869328,1.7261686353025645,False,False
7.009687688086517,0.10989389215271952,0.3346350409493894,53.21077884198216,0.2026798150241011,9.257541747711542,2.2404832769779164,19.256362154293292,2.9480770369694893,8.196444197357899,39.20348196016098,20.39476232529814,5.539584966307458,4.067399425062675,0.39388793455007065,False,False
7.5168347365520685,0.10116508862995295,0.2489677857961913,64.47073839784856,0.34670980590599887,10.443717586626477,2.0292072791167817,18.826651572976857,1.9980656391989138,12.050574529238276,43.268453419170676,15.158727760775154,2.0705183211738234,4.900840122163741,1.7261686353025645,False,False
7.197768593125246,0.0944071799402919,0.5747748954536588,45.952449531527606,0.4267191341200904,10.008877199860022,1.6801841468762042,18.826651572976857,1.9980656391989138,10.37973387620442,40.74344569055517,20.39476232529814,2.140334973725034,5.0920901272008186,0.42491579484065234,False,False
7.749504512115301,0.08348486289489701,0.6974588684984637,48.76351985496423,0.5961829080656916,11.250131181431792,2.231956766764228,16.378514274659466,2.5699552203442484,12.863181313280318,43.644544634142036,20.39476232529814,0.18989093121373055,2.499718444368214,1.4594328566938435,False,False
7.467669330784033,0.09406844649337245,0.5764816602373446,58.97325157195031,0.6139477617622914,11.055492918416814,2.264048127927953,21.919402963190308,2.9480770369694893,10.650822701828982,36.831073761289296,20.39476232529814,0.5913909171637315,4.93830165895749,1.7261686353025645,False,False
7.608639255037064,0.09609521532867141,0.26691036409851915,60.3755189031415,0.3073195986669389,10.444131492454977,1.6660365817978882,18.826651572976857,2.2816939866911863,8.35584205459586,43.2774769101901,20.39476232529814,2.7274259135673202,2.4099786013779676,1.7261686353025645,False,False
7.213990311950501,0.08817519928683226,0.8356217228969185,39.241363285239075,0.6063406026526579,10.393745776812763,1.6766512680620993,18.911899580341526,4.090725889160093,10.37973387620442,39.3179605197596,20.700816477222862,0.5913909171637315,5.827653667894138,0.17981907225363664,False,False
7.672816820875319,0.09613648207798565,0.020200328997168074,79.51862550196913,0.2980481050268532,10.607702205037473,2.2555885103319886,16.43297662985375,2.964007920431324,11.487298776641158,39.37709074679765,20.700816477222862,0.5913909171637315,5.517796831869328,2.9286217000202,False,False
7.19919430900612,0.12238520395148597,0.0,81.97930064018144,0.0,9.229423018494613,2.3057228674222925,17.348246587160943,1.9980656391989138,12.050574529238276,40.07950159540562,15.158727760775154,5.827748548370634,5.517796831869328,2.0193385079811392,False,True
7.0657687366227115,0.10084840778224867,0.3995227269842216,50.41571487943078,0.3053890293657034,9.52154996650907,1.7595937973887195,16.43297662985375,1.9980656391989138,12.050574529238276,39.89109512508572,20.39476232529814,3.3208409849058054,5.517796831869328,0.39388793455007065,False,False
7.5498566658945085,0.09667762086410707,0.16513342414461873,65.76786136682375,0.272239570187055,10.278806485999418,0.9846784914967012,17.060143271282318,1.9980656391989138,10.37973387620442,42.122025277944566,20.39476232529814,2.140334973725034,3.972269122623099,1.9326655137235216,False,False
7.190175452977275,0.10287943482084148,0.8794907684502489,38.68665247989433,0.644722862430126,10.64195571508819,2.227626051646144,21.69117915552342,2.9480770369694893,11.487298776641158,37.077266932196956,20.700816477222862,4.5248012673056115,1.390741281886862,0.17981907225363664,False,False
7.608442536457923,0.07831139208689611,1.2227273741009845,26.327110642689163,0.8308264336151825,11.541445942329124,2.291344177254727,20.528823884485618,1.7987654828783732,11.487298776641158,43.87254514068474,20.56224537494587,0.2833922341003332,1.2871100340102626,0.17981907225363664,False,False
7.534365318922073,0.08575210346673863,0.46086708041046276,52.923489393742074,0.4058202981371768,10.424633088713872,1.5079361101115378,16.43297662985375,2.5699552203442484,10.37973387620442,43.68808257173893,20.39476232529814,0.18989093121373055,5.0920901272008186,1.2525083181459646,False,False
7.291055789771776,0.09290385567837464,0.8461917170174159,39.46506188062999,0.6206776166533785,10.671575229885843,2.0454050438170346,18.826651572976857,0.5307325730925379,14.24096046827841,40.06226031004021,20.700816477222862,2.337207714894047,2.9349662632999056,0.3664046201951726,False,False
7.260265315330711,0.09144944684312499,0.4177470242308965,47.0536456385202,0.25498336460352217,9.603024221490898,2.3791242963456054,15.769632142186651,1.0251524029487797,10.37973387620442,44.7537124905948,20.39476232529814,2.1600008407257407,5.0920901272008186,0.42491579484065234,True,False
7.689488905844279,0.09799473286225467,0.0485337844766965,81.54053232069333,0.32793990055775574,10.790234590086119,2.2740736236792656,17.192881399907503,0.5307325730925379,14.24096046827841,39.920379414180275,18.918711455473677,0.5913909171637315,5.517796831869328,3.0871469400345424,False,False
7.012060306115208,0.10548693428161326,0.3170440964353606,54.51395780933672,0.09502618299444643,8.902911472646172,2.365819054376788,16.43297662985375,2.9480770369694893,8.35584205459586,41.38446971999489,20.39476232529814,4.59967078122337,5.517796831869328,0.3664046201951726,False,False
7.469420480265954,0.0844292245737694,1.0605889035404445,31.323687734052715,0.7309261214517427,11.10509344314541,1.7437206408907044,20.528823884485618,2.883091210627681,10.37973387620442,42.2799700999579,20.39476232529814,1.0730144273798983,2.280785103792709,0.17981907225363664,False,False
7.1198010047622455,0.09881764025531077,0.3839097225504899,49.56039334764806,0.25538199358529373,9.477403143637762,1.8482229392715654,17.463333341355593,1.0251524029487797,10.37973387620442,41.93019900753637,20.39476232529814,3.3208409849058054,5.0920901272008186,0.39388793455007065,False,False
7.24045357612282,0.08874444366164254,0.8058056354343262,38.93645525113656,0.5705424643620853,10.357576330526838,1.939508957000444,18.911899580341526,3.2487663602365258,10.37973387620442,40.40871416827114,20.700816477222862,1.0781603382690768,5.0920901272008186,0.17981907225363664,False,False
7.255456375566558,0.09788190363054174,0.7006206634214849,42.89494085232863,0.5159447319966468,10.360028841995703,1.6555762199375168,19.89519803183422,2.5699552203442484,10.650822701828982,39.8856339111954,20.39476232529814,3.3208409849058054,2.8888988900431305,0.39388793455007065,False,False
7.784678183145304,0.0833941159145159,0.7833768870433231,45.35170193017041,0.6382390463771761,11.422127232541945,1.8534259427818018,18.911899580341526,2.9480770369694893,10.37973387620442,43.72039171456216,20.700816477222862,0.5913909171637315,1.390741281886862,1.3569491156489593,False,False
7.300973249098647,0.0864219145600792,0.7027902883901812,41.82542586693205,0.503002826192526,10.246512754500113,1.9984131106202943,16.477667230984842,2.9480770369694893,11.487298776641158,41.91054810895342,20.700816477222862,0.5913909171637315,5.517796831869328,0.3664046201951726,False,False
7.415531034953267,0.09092308305627309,0.6301322092357351,48.832501868677475,0.5261356487728864,10.58137739031949,2.0592379552807616,18.826651572976857,2.9480770369694893,11.487298776641158,42.35379429956635,17.405461279354725,0.5913909171637315,5.517796831869328,0.8695292854583642,False,False
7.14329564879674,0.10687521422638442,0.6550771382467347,42.92962498676725,0.4683902463633113,10.072199847149736,2.194774088334588,15.095688503019868,2.9480770369694893,15.61889998281503,38.44221716789865,20.700816477222862,5.623740477933608,1.390741281886862,0.17981907225363664,False,False
7.7056104436840975,0.10101709811335853,0.18285758321808399,74.06301196080142,0.41356618835308695,11.023752232702737,1.4448437293158176,17.084250829944178,1.0251524029487797,15.19927408581912,39.62339504156522,19.278987659382835,2.1600008407257407,2.8888988900431305,2.7400402495709955,False,False
7.578173999428514,0.1197258822690464,0.0,94.75984994051389,0.11737908983235235,10.208945802366628,2.375270562592291,18.826651572976857,5.025463866175523,10.37973387620442,38.13403454152192,15.158727760775154,4.177978362790835,4.93830165895749,3.359108360597804,False,True
7.077593974911808,0.10878266587940416,0.43067505658046834,49.56939464809554,0.32620237199127944,9.651463243528466,1.8526592236500545,16.333689351658943,2.5699552203442484,13.103260306644046,38.80344431950887,20.39476232529814,5.539584966307458,2.8888988900431305,0.3664046201951726,False,False
7.9046479861483885,0.08253754032855093,0.7294279007854204,49.06872371198384,0.6342566159317078,11.61772181822581,1.9014641079276002,18.826651572976857,2.9480770369694893,10.37973387620442,44.38104738676537,20.39476232529814,0.2833922341003332,1.0601669323828313,1.7261686353025645,False,False
7.3684884835836195,0.10971096187499015,0.077711344222698,72.24429677060664,0.1594300434092718,9.822655845780455,1.811724485721449,17.060143271282318,1.9980656391989138,11.487298776641158,40.17593887373756,19.01333559599693,4.360283206796508,3.972269122623099,1.9326655137235216,False,False
7.455895017171365,0.09022893357933937,1.0989609946520797,32.018641663745626,0.7813054497148423,11.183009923085198,2.143139969941632,18.911899580341526,6.943538310243583,10.37973387620442,39.35311642812208,20.700816477222862,2.140334973725034,1.390741281886862,0.17981907225363664,False,False
7.855267891600348,0.09767818313669803,0.0684590149877991,72.92973130474118,0.24770099857544248,10.748247961473194,2.16570191787625,16.43297662985375,2.1956810747997624,10.37973387620442,43.737844124336306,20.39476232529814,2.7274259135673202,1.390741281886862,2.740834774053439,False,False
7.216615437082533,0.10369579390081167,0.1747004967667742,65.05910989470105,0.18200660186761608,9.5627398807164,1.9820761628620416,16.43297662985375,1.0251524029487797,11.858913890272255,40.073442088794685,20.39476232529814,3.3208409849058054,5.517796831869328,1.3761148460572539,False,False
7.132686746255694,0.11493371030359747,0.12032147706116414,69.08763688420947,0.15313616043580625,9.45272376792056,2.198428005118109,16.25194829752035,1.9980656391989138,12.863181313280318,37.34146966501215,20.39476232529814,5.623740477933608,4.067399425062675,1.4594328566938435,False,False
6.928621067225699,0.11251427148050505,0.2828452033694833,57.04749306747573,0.13433638692814215,8.939683601992947,2.0848695069476797,16.43297662985375,3.7624012802869076,9.89281932929523,38.309990838111666,20.39476232529814,5.690043675112832,5.0920901272008186,0.42491579484065234,False,False
7.571447261195227,0.09639101392639135,0.47495238975803056,53.0760184229627,0.4228524507487264,10.695232520519413,1.8353035515405485,18.826651572976857,0.5307325730925379,11.487298776641158,42.83594893899768,20.56224537494587,3.3208409849058054,1.0601669323828313,1.3761148460572539,False,False
7.085330709569011,0.09603544635565742,0.661433469130674,44.552408343894705,0.4982060773147547,10.024731069659726,2.215166863379344,16.477667230984842,1.0251524029487797,15.278845881735059,38.80399689592235,20.39476232529814,2.1600008407257407,5.603709279275819,0.2558651431092664,True,False
7.385184094375981,0.10934019360500193,0.29127147375539547,59.54199431606683,0.3211504257969653,10.222653707967387,2.1516552806728626,18.911899580341526,2.9480770369694893,10.37973387620442,39.38966043643888,20.39476232529814,5.539584966307458,1.0601669323828313,1.3761148460572539,False,False
7.708606996552282,0.1091738960182454,0.022153009480764405,76.45205834102319,0.278045043017049,10.717152089665156,1.377739234744233,18.826651572976857,3.2487663602365258,10.37973387620442,40.00943889579911,19.278987659382835,4.456214453446427,1.0601669323828313,2.7400402495709955,False,False
7.57775013128518,0.09283892556391031,0.29340042883627704,68.36369689224367,0.44902549218946575,10.811819904616524,2.101862196729389,19.597410867392515,2.5699552203442484,10.37973387620442,38.75190231500474,20.700816477222862,0.18989093121373055,5.517796831869328,2.2924934807481634,False,False
7.680858019723381,0.0811394156725756,0.9249276910146883,38.683238156745986,0.6926101926877085,11.355552742868511,1.8862583646510303,19.701481697473728,2.5699552203442484,10.37973387620442,43.78744083381256,20.39476232529814,0.18989093121373055,2.107205830194814,0.8695292854583642,False,False
7.834474261831632,0.08675412284066378,0.6486231823971434,51.41922449843126,0.5824808938914998,11.414282599614298,1.8211911466526278,18.826651572976857,2.9480770369694893,10.37973387620442,43.591425193485804,20.39476232529814,1.0730144273798983,1.0601669323828313,1.7261686353025645,False,False
7.331251643189007,0.10354560776747013,0.09535293634944196,70.9373657077586,0.056438813717021696,9.373602088388285,1.5743134351179247,14.041349730330177,2.9480770369694893,10.37973387620442,41.67127057912008,20.39476232529814,3.3208409849058054,5.517796831869328,1.7261686353025645,True,False
7.586447483509317,0.08853335919820465,0.9323714521699287,47.392846013187324,0.824496049355168,11.6871696855689,2.1865556372980794,18.826651572976857,2.1956810747997624,16.223866507858276,37.810632548866245,20.39476232529814,0.2833922341003332,2.8888988900431305,1.3761148460572539,False,False
7.518235081780895,0.08777974669627203,0.4799868982088432,54.62647831782743,0.45024380755610693,10.562373498245059,1.3773997915680016,17.7371967606976,2.6586843869425825,10.37973387620442,42.07802544349885,20.39476232529814,0.2833922341003332,5.0920901272008186,1.3761148460572539,False,False
7.0260394426069555,0.10903997915896531,0.3661280505924766,50.877701857239515,0.15697459011820136,9.084044881828392,2.159210797299104,15.769632142186651,3.2487663602365258,10.37973387620442,41.45192098673965,19.278987659382835,5.623740477933608,4.067399425062675,0.17981907225363664,False,False
7.239092202057695,0.10428187118124611,0.17446633126727906,65.07645743130313,0.1979186020226652,9.593849477753697,2.0224788881761704,16.43297662985375,3.7624012802869076,9.89281932929523,39.30228777243358,20.39476232529814,3.3208409849058054,5.517796831869328,1.3761148460572539,False,False
7.376676488206021,0.11003260890668726,0.08862055214548656,71.43611672637206,0.23514320079094403,10.008685660182978,1.3883471757739436,17.060143271282318,3.6931168380235873,11.487298776641158,38.69153673031469,18.984991384600796,4.177978362790835,3.972269122623099,1.9326655137235216,False,False
7.793949894480803,0.07940551345335127,0.9576634652761404,36.51458190633227,0.6962628092398198,11.498371651135061,2.2279495152628184,18.826651572976857,2.9480770369694893,10.37973387620442,45.74261564729939,19.88983341460832,0.2833922341003332,1.0601669323828313,0.8695292854583642,False,False
7.542111955625066,0.09796937927625858,0.5040630000276431,53.47656795521295,0.45926833198641887,10.718908409987908,1.4201449910825226,18.911899580341526,2.9480770369694893,10.37973387620442,40.99094164682008,20.700816477222862,3.3208409849058054,1.390741281886862,1.3569491156489593,False,False
7.687581639424464,0.09936517756837805,0.01591864374561902,76.82204684727529,0.2760867130667536,10.558313839461649,1.4352098515821237,16.43297662985375,4.077464499429789,10.37973387620442,40.07866189391643,20.39476232529814,1.8281665761813546,4.067399425062675,2.740834774053439,False,False
7.682873871702054,0.08106032184171387,0.9202064134879058,38.713496751927174,0.6880601546436276,11.344623124096975,1.9129680011920616,19.597410867392515,2.5699552203442484,10.37973387620442,43.89151166389377,20.39476232529814,0.18989093121373055,2.107205830194814,0.8695292854583642,False,False
7.666666931712184,0.07606620625357301,1.223995432147965,25.095325841946586,0.8146225058594867,11.531681046707863,2.365738533009584,18.826651572976857,2.883091210627681,11.03749153095346,44.361200412093616,21.746910884615804,0.2833922341003332,0.6814430823786158,0.17981907225363664,True,False
7.179191280212629,0.0956847109219708,0.6361859333414365,45.720465549882675,0.48820411749853154,10.140985124411799,1.5979919811323577,18.826651572976857,2.883091210627681,11.03749153095346,39.18099659737665,20.39476232529814,2.1600008407257407,5.0920901272008186,0.42491579484065234,False,False
7.651019520246642,0.09957917526445785,0.04671204540948413,76.35867515255407,0.3026249649072856,10.638352146470153,1.8223563105042626,18.826651572976857,1.9980656391989138,10.37973387620442,39.77092584442376,20.39476232529814,1.8281665761813546,4.067399425062675,2.73429474065389,False,False
7.695261595859433,0.09992978663161363,0.12429349025355606,73.10762987482967,0.33817556578402774,10.732019015844863,1.5663288284396109,16.43297662985375,3.7624012802869076,11.487298776641158,39.74586545387222,20.700816477222862,2.337207714894047,2.9349662632999056,2.5984674039291518,False,False
7.563866902692476,0.08897049377269461,0.3432905869252181,60.41078469248953,0.3884029504668107,10.508856215636694,1.0902252558415575,17.192881399907503,2.5699552203442484,10.37973387620442,42.180245537141666,20.39476232529814,0.2833922341003332,5.272860771701134,1.7261686353025645,False,False
7.922370749034005,0.08954698394998327,0.27996332702189175,68.88858512668162,0.44232423268970783,11.312513794093713,1.54694532734545,18.826651572976857,2.1956810747997624,10.37973387620442,43.40661444292167,19.278987659382835,0.2833922341003332,2.8888988900431305,2.7400402495709955,False,False
7.174360266451775,0.09453040078137566,0.5016513559976793,46.76262125950155,0.36111137772934165,9.767466053744247,1.905812118528382,17.192881399907503,2.5699552203442484,10.37973387620442,41.37296092422108,20.39476232529814,2.2055048019601204,5.517796831869328,0.3664046201951726,False,False
7.266790704586025,0.0935067174827373,0.47524939047962944,46.64640176574396,0.3316022334637767,9.82524153178622,1.9962948311928614,17.060143271282318,1.9980656391989138,10.37973387620442,43.871714854550206,19.01333559599693,2.1600008407257407,5.0920901272008186,0.42491579484065234,False,False
7.423285703566379,0.11716083305252266,0.0,78.17753472430681,0.13790922695506036,9.934236640984224,1.8343881504976192,16.378514274659466,2.5699552203442484,12.863181313280318,39.04099931703556,18.531269484570323,5.804522687523979,2.499718444368214,2.3118392582178875,False,True
7.38999182312172,0.08696770087462648,1.135684676593653,35.5321268599418,0.8700841392602094,11.302575681091232,1.4899958255788992,17.192881399907503,6.52705660445592,14.24096046827841,37.020644225588455,20.39476232529814,0.18989093121373055,4.067399425062675,0.3664046201951726,False,False
7.784678183145304,0.0833941159145159,0.7833768870433231,45.35170193017041,0.6382390463771761,11.422127232541945,1.8534259427818018,18.911899580341526,2.9480770369694893,10.37973387620442,43.72039171456216,20.700816477222862,0.5913909171637315,1.390741281886862,1.3569491156489593,False,False
7.197609165775033,0.09082924879444455,0.6966692614456812,43.36593998392587,0.5184834562908004,10.225191233788541,2.0243536064076237,17.192881399907503,0.5307325730925379,14.24096046827841,40.503368025278206,20.39476232529814,1.2530937560807078,5.517796831869328,0.3664046201951726,False,False
7.0657239280825035,0.11616787205036899,0.09371624193178582,71.05861591915999,0.058271159821562724,9.073145717712787,2.2119071625943345,16.43297662985375,3.7624012802869076,9.89281932929523,37.35148014359154,20.39476232529814,5.697355318416358,5.0920901272008186,1.3761148460572539,True,False
7.912756991764217,0.09098015854573538,0.3512134309128541,68.60274116681947,0.5134224159266817,11.466848431463141,1.6426041339548347,18.826651572976857,4.077464499429789,10.37973387620442,41.5240364938092,19.278987659382835,0.2833922341003332,2.8888988900431305,2.740834774053439,False,False
6.881236429920554,0.11380635316742028,0.2685363829517918,58.107524483134966,0.12826262322598325,8.935488531669101,1.8468693669460932,18.826651572976857,1.0791107430954037,10.37973387620442,38.78557569060993,19.278987659382835,5.690043675112832,5.517796831869328,0.4420999507483937,False,False
7.372428280313567,0.09440273289786351,0.4152126610537472,52.387582293514804,0.3500230841924304,10.079467187593666,2.34462868615547,18.826651572976857,2.9480770369694893,9.012021825630086,43.82516482279486,17.405461279354725,1.5952973449462886,5.517796831869328,0.8695292854583642,False,False
7.080956906004789,0.10322286162204224,0.34661844553438714,52.32301975661781,0.21525567432439285,9.298759228992813,1.6075597754753532,15.769632142186651,3.2487663602365258,10.37973387620442,40.64180861357324,20.39476232529814,4.048290760459554,5.0920901272008186,0.42491579484065234,False,False
7.441605296315332,0.0875689924787184,0.72577047329339,46.33171963356207,0.591420617823121,10.774647299617296,2.1335355984832653,19.701481697473728,3.2487663602365258,10.37973387620442,41.23952006282958,19.278987659382835,0.18989093121373055,5.0920901272008186,0.8695292854583642,False,False
7.29806050750755,0.08828162022612235,0.6399918255774866,46.33752702036622,0.5010068469203366,10.331376911842677,2.1512181500432863,16.477667230984842,0.4540221709551564,14.24096046827841,41.252084622303116,20.700816477222862,0.686682583829727,5.517796831869328,0.6699696145565659,False,False
7.747815299635473,0.09109720756607484,0.46435800495805124,54.958935498046344,0.4384898159369308,10.976636790043402,2.2568706652081185,18.826651572976857,1.0251524029487797,10.37973387620442,44.427363414160666,20.39476232529814,2.1600008407257407,1.0601669323828313,1.7261686353025645,False,False
7.758032610423088,0.11090034069304634,0.0,87.00279855885609,0.2004483039563424,10.614501347748178,1.9877869550703113,16.595863340067513,5.025463866175523,10.37973387620442,38.22537555659895,20.39476232529814,4.177978362790835,1.8417143122668158,3.359108360597804,False,True
7.043766396674642,0.11509798299239535,0.21085189705642618,62.380928262082165,0.16608064659929417,9.289913649511618,1.6777457768680255,18.535617056692487,2.9480770369694893,10.37973387620442,39.01371593516278,17.775440184247508,5.539584966307458,4.93830165895749,0.8695292854583642,False,False
7.200014563586417,0.09420498926738304,0.4692997392585537,47.65444197468949,0.33968075518680574,9.736679755864287,1.5450800065323662,16.413755866632478,2.9480770369694893,10.37973387620442,41.76095742745976,20.39476232529814,2.1600008407257407,5.517796831869328,0.42491579484065234,False,False
7.904856413699828,0.08601371802450318,0.6685032522381934,55.9939000701334,0.6686018828473017,11.829169630250998,1.943387576369111,20.528823884485618,1.7987654828783732,11.487298776641158,42.02385448678169,20.39476232529814,0.2833922341003332,1.2871100340102626,2.195992775804429,False,False
7.3165754330304695,0.09248301528898922,0.7529854135168215,42.10150951838283,0.5598903639548246,10.48221283667618,1.8505654631232487,18.826651572976857,4.077464499429789,10.37973387620442,40.407204638392095,19.988463616912163,1.8281665761813546,4.067399425062675,0.42491579484065234,False,False
7.006589693075675,0.10838208993030929,0.32367449269600945,54.02276229989645,0.20387467027438083,9.213170770944847,1.3280255728471895,17.463333341355593,2.9480770369694893,10.37973387620442,40.383366828968036,18.307427729670206,4.59967078122337,5.551985785413723,0.3664046201951726,False,False
7.226225877136433,0.11335401790777114,0.02621873358455818,76.05899171801471,0.13660978360411807,9.568017445112854,1.7751063878037125,17.060143271282318,2.9480770369694893,11.487298776641158,37.68039976672075,19.01333559599693,4.360283206796508,5.517796831869328,1.9326655137235216,False,False
7.498587468042527,0.08542217921826512,0.4778724716774569,52.80427110638278,0.42206320974828093,10.417828946968749,1.617596949303572,16.43297662985375,2.5699552203442484,10.37973387620442,42.33593401242126,21.746910884615804,0.18989093121373055,5.0920901272008186,1.2525083181459646,False,False
7.491104748342824,0.08791196324494668,1.0699292672172958,30.934420242550562,0.7352366841858643,11.162672927427126,1.233721404735299,18.826651572976857,2.883091210627681,12.540975158699673,42.146962966439986,20.39476232529814,2.1600008407257407,0.8677368529782836,0.17981907225363664,False,False
7.603851700413106,0.1043275710435305,0.0,85.48792585664881,0.18946348677627217,10.317325128982837,2.044443538707932,17.463333341355593,2.9394417447936343,10.37973387620442,38.47834000504547,20.39476232529814,2.1600008407257407,5.0920901272008186,3.092297739376186,False,True
7.1654279389524165,0.09468367541330988,0.5030764857833558,47.501123800706964,0.37313183338587474,9.839358359095137,1.7596847816587426,18.826651572976857,1.0791107430954037,10.37973387620442,41.199843859081724,20.39476232529814,2.1600008407257407,5.517796831869328,0.4420999507483937,False,False
7.203537047731693,0.10609948677199921,0.17242652852706525,65.80314884420955,0.2849335086332883,9.811873009334711,1.455242731263356,16.25194829752035,2.9480770369694893,12.863181313280318,37.243960353462725,20.39476232529814,3.3208409849058054,5.517796831869328,1.4594328566938435,False,False
7.589117936193328,0.0803655329715413,1.2680409336608263,28.851754097034245,0.9145854438118273,11.739287681565237,1.9152266137143885,18.826651572976857,2.9480770369694893,14.24096046827841,40.823827208102074,21.150263113407675,0.18989093121373055,1.4539250488565962,0.3664046201951726,False,False
7.867095979589773,0.08834108221435923,0.27941581436270263,68.87217944207401,0.44151297505605425,11.22137399529869,2.0060260463830897,18.084937722683698,2.1956810747997624,10.37973387620442,41.516364320258894,21.910951632338765,0.2833922341003332,2.8888988900431305,2.7400402495709955,False,False
6.995310959263207,0.11449672673920817,0.12031707403994558,69.08796307048334,0.07888298622746559,9.079797176222698,2.3079150988914483,18.826651572976857,0.5307325730925379,10.37973387620442,37.55071721590815,20.56224537494587,5.378573501638368,5.517796831869328,1.2535490533644715,False,False
7.653627219399251,0.09776817706518506,0.1453625046862248,70.19877025124497,0.3189785855995256,10.619059683166546,1.774912677834162,15.769632142186651,1.0251524029487797,13.672435453991625,41.42283827698844,20.39476232529814,2.1600008407257407,3.1699848880233352,2.3851936698372818,False,False
7.415531034953267,0.09092308305627309,0.6301322092357351,48.832501868677475,0.5261356487728864,10.58137739031949,2.0592379552807616,18.826651572976857,2.9480770369694893,11.487298776641158,42.35379429956635,17.405461279354725,0.5913909171637315,5.517796831869328,0.8695292854583642,False,False
7.123189184543078,0.1231167548868331,0.012334402869800422,77.08757592785275,0.11282218508597353,9.420829655326811,2.3085124858370807,18.826651572976857,2.9480770369694893,12.050574529238276,37.9442550844977,15.158727760775154,5.827748548370634,5.517796831869328,1.7261686353025645,False,False
7.578431605383014,0.07799020114771267,1.082652321827139,30.733466512003776,0.7457977440305308,11.28067591379346,2.2126576386118537,17.192881399907503,0.6009417439144984,14.24096046827841,43.74945641589565,21.780214283894676,0.18989093121373055,1.8792501367003591,0.3664046201951726,False,False
7.538540162769716,0.10288250763586643,0.0,81.76188699742532,0.14857493018740842,10.049218153268216,1.8768256075992302,16.25194829752035,2.9480770369694893,10.37973387620442,39.606846017359096,20.39476232529814,2.1600008407257407,5.517796831869328,2.740834774053439,False,True
7.6217271981311665,0.07924231987925731,1.2569651238176611,26.235167389959855,0.8656379045382325,11.620191500237633,1.9519445275937104,20.528823884485618,4.077464499429789,10.37973387620442,42.868894074217806,20.39476232529814,0.2833922341003332,1.2871100340102626,0.17981907225363664,False,False
7.141874737162985,0.09372876568086289,0.5238740645726829,45.24729136775064,0.3629766678831869,9.726450259555428,1.7958333636775463,16.477667230984842,1.0251524029487797,12.243739730689626,41.839103046967786,20.39476232529814,2.1600008407257407,5.603709279275819,0.2558651431092664,False,False
7.454336119085043,0.09001569685393875,0.8709801435802861,37.817939257688394,0.6233728916624206,10.823410709573368,1.431777421347804,15.769632142186651,2.9480770369694893,14.347791708337805,41.99018857653773,20.39476232529814,2.1600008407257407,1.9646315751037895,0.42491579484065234,False,False
7.642955560657942,0.10393936415048927,0.12266584693596336,70.76842254684928,0.3031459752814763,10.579855093143147,1.6939103443286194,16.43297662985375,2.5699552203442484,12.863181313280318,41.47021866445945,18.531269484570323,3.3208409849058054,2.499718444368214,2.3118392582178875,False,False
7.140639602774768,0.10673340069813936,0.41371492894028167,49.76293212593547,0.3110655859573696,9.691544086790596,1.3192640759593404,18.826651572976857,2.9480770369694893,10.37973387620442,41.458994360931605,17.405461279354725,4.59967078122337,4.01500647214437,0.3664046201951726,False,False
7.268897193322645,0.1004472140079991,0.6091966185911618,45.14096435993917,0.4514777696705303,10.158888528061318,1.5637630555922621,18.826651572976857,6.128945015860554,7.996026771302748,39.53725218790089,20.39476232529814,3.80254744177703,2.8888988900431305,0.42491579484065234,False,False
6.984411990701897,0.11156385192051595,0.3816918065246192,50.25272525050793,0.2842562886356713,9.39637949457741,2.295693008607306,15.095688503019868,1.9980656391989138,15.263287610243424,39.62047734010316,18.151521932184714,5.623740477933608,4.067399425062675,0.17981907225363664,False,False
7.198475965133104,0.10646559219025555,0.19205884857274208,65.70297281493289,0.3042190090736429,9.855527776423923,1.5830002015495706,16.43297662985375,3.2487663602365258,12.863181313280318,36.76224269786229,20.39476232529814,3.3208409849058054,5.517796831869328,1.4594328566938435,False,False
7.395121041789051,0.08263156963895081,0.7237586826107681,39.791730459811525,0.49616282120358046,10.332691929664211,2.2534812690909782,16.477667230984842,2.9480770369694893,10.37973387620442,43.845319700008666,20.700816477222862,0.18989093121373055,5.0920901272008186,0.3664046201951726,True,False
7.389982713237657,0.08890480601374513,0.5357334387064595,49.024192497411015,0.42927479369031213,10.312207132455933,2.119475419381921,18.826651572976857,1.0251524029487797,10.37973387620442,43.00807767750517,19.88983341460832,0.9089316430972653,5.0920901272008186,0.8695292854583642,False,False
7.029071457118517,0.10097903557814489,0.43649009184133125,49.66174915034693,0.33365244578446396,9.592570335714957,2.183504445728197,18.826651572976857,0.5307325730925379,11.487298776641158,39.38802926537328,20.56224537494587,3.3208409849058054,5.517796831869328,0.3664046201951726,False,False
7.851781217452404,0.08244527649852988,0.9218231040752352,43.429509300006515,0.7569260447874294,11.76340441089162,2.067435273551197,16.378514274659466,5.198605748902578,12.863181313280318,42.53876362820567,20.39476232529814,0.18989093121373055,1.0601669323828313,1.3761148460572539,False,False
6.883209291142984,0.10926587310801407,0.3241156641916255,53.99007926723583,0.23712680842476114,9.19210682600353,2.1213242253787548,18.826651572976857,0.6009417439144984,11.487298776641158,37.63695224122326,20.700816477222862,4.883543747896727,5.517796831869328,0.34599860825531353,True,False
7.168202879901025,0.11462663338519526,0.11708443885201078,69.32744436625386,0.12112027443278273,9.379075423829722,1.907969491473447,16.25194829752035,4.077464499429789,10.37973387620442,37.74551824185718,20.39476232529814,5.623740477933608,4.067399425062675,1.4594328566938435,False,False
7.014675891643425,0.10360267482940465,0.36509196969921975,50.95445719163861,0.22352840250101824,9.209254764489884,1.7536809851374469,15.769632142186651,3.2487663602365258,10.637332677154266,40.12180509563461,20.39476232529814,4.048290760459554,5.517796831869328,0.261613807160926,False,False
7.489649985170867,0.08756847095085585,0.4813483660695127,53.805107868448175,0.43998309849826406,10.442154857690547,1.8504497822215686,16.43297662985375,3.9012470786255133,10.37973387620442,41.931084008789156,20.39476232529814,0.18989093121373055,5.517796831869328,1.2525083181459646,False,False
7.430151000968575,0.08534802903877439,0.5559013975050092,48.2833330618608,0.4400014821842281,10.312697151380645,1.7686608393581578,16.477667230984842,2.9480770369694893,10.37973387620442,42.916488330076966,20.700816477222862,0.18989093121373055,5.517796831869328,0.8695292854583642,False,False
7.2871315737138875,0.09279769739465557,0.9303908588377034,41.09963231372001,0.7327854717589286,10.841238459126549,2.227885507746498,17.463333341355593,5.83639408290143,14.24096046827841,38.28989037828942,17.56434873973653,0.686682583829727,5.551985785413723,0.3664046201951726,False,False
6.887238863922382,0.10924632548714495,0.3238008992993239,54.01339779836882,0.23280717735686735,9.187050135639074,2.0268842910785128,18.826651572976857,0.5307325730925379,11.487298776641158,37.845732514322215,20.56224537494587,4.883543747896727,5.517796831869328,0.34599860825531353,True,False
7.350684813926303,0.09830985982096166,0.17190899456674077,65.26591101055395,0.22497078189965858,9.84377855311723,1.8808568204933651,15.769632142186651,1.0251524029487797,12.243739730689626,41.19998002850666,20.39476232529814,2.1600008407257407,5.603709279275819,1.6030232503685788,True,False
7.933608124034753,0.08402221939556642,0.7067751050896052,52.783191639879476,0.6632552973409771,11.806835908567871,1.6859652120986526,19.701481697473728,1.9980656391989138,11.471371044209274,43.564201726568804,19.995483520971575,0.18989093121373055,1.0601669323828313,2.0193385079811392,False,False
7.171509557983325,0.12101018934942437,0.002132976240473517,77.8433218521121,0.0,9.13845462991512,2.369968180748174,16.43297662985375,2.5699552203442484,12.050574529238276,40.716051844246046,15.158727760775154,5.827748548370634,5.517796831869328,1.7261686353025645,False,False
7.634734540764257,0.11052352664388432,0.07016257496399536,72.80352753388422,0.130729397221162,10.171962430164339,2.265924928624916,16.378514274659466,2.5699552203442484,10.37973387620442,42.42907414886202,19.88983341460832,5.763663222688895,0.27738658441474445,2.3118392582178875,False,False
7.496817715976725,0.09660673822591752,0.13740502814191613,67.82204682800706,0.26528606167106294,10.170158154332263,1.5227372874708345,16.477667230984842,1.9980656391989138,11.487298776641158,42.07546984249845,19.01333559599693,1.4117881216803703,5.603709279275819,1.9326655137235216,False,False
7.199105446238015,0.10605862090788518,0.1745328908570198,65.78838194437216,0.28694542688963665,9.811030218502404,1.5368252828676208,16.25194829752035,2.9480770369694893,12.863181313280318,37.07647730381499,20.56224537494587,3.3208409849058054,5.517796831869328,1.4594328566938435,False,False
7.154327707310767,0.0956060076121058,0.6452415701159899,45.463487616278385,0.4940982162341321,10.177400555406392,2.2985402726302486,21.23879104874035,1.0251524029487797,10.37973387620442,39.2845535840411,20.39476232529814,2.1600008407257407,5.0920901272008186,0.42491579484065234,False,False
7.457268097384009,0.0852795159583638,0.41606883274788614,51.65415785555881,0.34048171837756414,10.138656109640403,2.1181719884939874,16.477667230984842,1.0251524029487797,10.37973387620442,44.7932741695812,20.39476232529814,0.2833922341003332,5.603709279275819,1.0423084816064636,True,False
7.47503137906804,0.0999508491820138,0.5016263722808403,52.877517626085314,0.4481666715342758,10.600614503674134,2.0868167689652424,18.826651572976857,2.9480770369694893,10.37973387620442,39.84279466761339,21.746910884615804,3.943156711091248,1.0601669323828313,1.2525083181459646,False,False
7.573843678588657,0.09978695769839994,0.5054656439905,55.17826066029085,0.4849817636785294,10.828178261166062,1.38328912219618,16.25194829752035,2.9480770369694893,14.24096046827841,41.24594002449458,19.078875282280915,3.3208409849058054,1.4539250488565962,1.4594328566938435,False,False
7.395121041789051,0.08263156963895081,0.7237586826107681,39.791730459811525,0.49616282120358046,10.332691929664211,2.2534812690909782,16.477667230984842,2.9480770369694893,10.37973387620442,43.845319700008666,20.700816477222862,0.18989093121373055,5.0920901272008186,0.3664046201951726,True,False
7.48959085888615,0.08674469816581773,0.5439613461158304,52.529134668766325,0.48786878070827633,10.560443496023378,2.0923712649012054,16.43297662985375,4.310111730281903,10.37973387620442,40.59577750248361,21.746910884615804,0.18989093121373055,5.0920901272008186,1.2525083181459646,False,False
7.721617842836585,0.09194371982309052,0.016774010755165613,76.7586792267748,0.18767834286552876,10.35736829532784,1.6105052591743563,16.25194829752035,1.0251524029487797,10.37973387620442,43.832558690370846,19.88983341460832,0.3621417124245273,5.517796831869328,2.740834774053439,True,False
7.595658057231597,0.0817717316125374,1.0549550778267422,29.17514865665879,0.6943852967581466,11.151132364555343,1.757200247152566,18.826651572976857,2.9480770369694893,10.37973387620442,44.97040825626141,20.39476232529814,1.2403809276532185,1.0601669323828313,0.17981907225363664,False,False
7.047145463796567,0.10845294223401945,0.3569974719694115,52.074149639154136,0.28414249539288305,9.500002337866148,1.4357079484898376,18.911899580341526,2.9480770369694893,10.37973387620442,40.080472261861026,17.775440184247508,4.59967078122337,4.93830165895749,0.3664046201951726,False,False
7.449029930121454,0.08716863434233645,0.7741750296613767,45.33604457830469,0.6283081119956897,10.87183257276964,1.8603845358903506,17.38298554392672,2.5699552203442484,13.612260856708254,40.79168648785953,19.88983341460832,0.2833922341003332,4.6003569569942355,0.8695292854583642,False,False
7.466601690998085,0.11567196057946758,0.0,78.79728044171402,0.05002602909640613,9.719774348707187,1.875878105654796,14.041349730330177,2.9480770369694893,12.863181313280318,41.000042044739615,18.531269484570323,5.804522687523979,2.499718444368214,2.3118392582178875,False,True
7.321607183193784,0.08558016523574727,0.6525923840562817,42.07900119801795,0.4536551790462791,10.13766471449612,2.070981716773091,16.477667230984842,2.9480770369694893,10.37973387620442,43.01811300939016,20.700816477222862,0.5913909171637315,5.517796831869328,0.3664046201951726,True,False
7.230020984048776,0.10465192623689709,0.17597112045934474,64.96497907243283,0.21961312054864457,9.641701927808404,1.8093062770884518,16.43297662985375,3.7624012802869076,10.37973387620442,38.81537322552439,20.39476232529814,3.3208409849058054,5.517796831869328,1.3761148460572539,False,False
7.5820039960275745,0.09245007577197839,0.2892894811511527,61.389963419193705,0.34537617404090004,10.48677604026245,2.2450047190441302,18.911899580341526,1.0251524029487797,10.37973387620442,44.334372018900446,17.775440184247508,0.9089316430972653,4.93830165895749,1.7261686353025645,False,False
7.482846890259103,0.09156888042619565,0.34122054102109417,59.76722560652394,0.37705418892904674,10.414034970771102,1.7705013722867544,18.826651572976857,1.0251524029487797,10.37973387620442,41.76965480190514,20.39476232529814,0.9089316430972653,5.0920901272008186,1.6030232503685788,True,False
7.639446107064701,0.10445526061680739,0.1484462086077518,70.66109560368196,0.32881582415973437,10.635487068805189,1.4957604132568858,16.43297662985375,3.2487663602365258,12.863181313280318,40.79140752456718,18.531269484570323,3.3208409849058054,2.499718444368214,2.3118392582178875,False,False
7.573016251118474,0.09665915355241315,0.07804173934551115,74.14906276236546,0.30421091426467917,10.43259766445633,1.9486985426052659,16.477667230984842,2.9480770369694893,11.487298776641158,39.650882765380494,20.39476232529814,0.9660145995790931,5.603709279275819,2.471587985870968,True,False
7.163796130250337,0.09406779609208761,0.587917997615288,46.00634000913456,0.441352556014315,9.967370605533212,2.135474515985096,17.593564715417344,3.2487663602365258,10.37973387620442,38.829993360767325,22.270934924607168,2.1600008407257407,5.0920901272008186,0.42491579484065234,False,False
7.513887163211828,0.08686695108835453,0.47693999940521514,54.28966816780541,0.4422328483331452,10.567002745826159,1.8970013477728502,18.826651572976857,1.0251524029487797,10.37973387620442,42.7156039181,20.39476232529814,0.18989093121373055,5.0920901272008186,1.3761148460572539,False,False
7.630795717262588,0.09276828286613886,0.23849127918031837,60.33333716054656,0.2662804024916773,10.336520542858482,2.0360906029259316,16.477667230984842,1.0251524029487797,10.37973387620442,44.94761579849238,20.39476232529814,2.1600008407257407,2.8888988900431305,1.7261686353025645,False,False
6.975651842814325,0.11563362061197832,0.29038316690219707,56.48906281805483,0.1901011114431529,9.19757152749388,2.176589364888928,18.826651572976857,2.883091210627681,11.03749153095346,40.842771250093485,14.98620801697656,5.539584966307458,5.517796831869328,0.3664046201951726,False,False
7.743806544914906,0.09853421343375525,0.17446766203656439,73.54955278822638,0.39740269876403,10.97220125906124,1.3918231278339592,16.43297662985375,3.2487663602365258,12.863181313280318,39.52897799339551,20.39476232529814,1.8281665761813546,2.962334027700966,2.740834774053439,False,False
7.501748039116321,0.10317165027845074,0.0,81.79393184193496,0.1655117740679266,10.080036022384338,2.0496625989129202,16.477667230984842,1.0251524029487797,12.243739730689626,39.354133416023615,20.39476232529814,2.1600008407257407,5.603709279275819,2.740834774053439,False,True
7.466601690998085,0.11567196057946758,0.0,78.79728044171402,0.05002602909640613,9.719774348707187,1.875878105654796,14.041349730330177,2.9480770369694893,12.863181313280318,41.000042044739615,18.531269484570323,5.804522687523979,2.499718444368214,2.3118392582178875,False,True
7.014658984155623,0.10078174201647423,0.5352398003849335,48.29572334458555,0.41837994604835044,9.782820870549001,2.0697868118160634,17.192881399907503,0.6009417439144984,14.24096046827841,37.40566637170311,21.780214283894676,3.3208409849058054,5.0920901272008186,0.3664046201951726,False,False
7.165264320690016,0.09832528463592513,0.4826586821635983,47.08932035962718,0.3457265973294339,9.794563470469896,1.3212362919821616,18.826651572976857,1.0251524029487797,10.37973387620442,41.375599016876905,20.39476232529814,3.3208409849058054,4.283371886239026,0.39388793455007065,False,False
7.492342614614771,0.08994978265055954,0.37915813887680727,60.596358376212685,0.42888595477538305,10.573763503597924,2.2771400064539398,18.826651572976857,0.6009417439144984,11.487298776641158,40.87362439780307,20.684125807392192,0.2833922341003332,5.517796831869328,1.7261686353025645,False,False
7.028054668216442,0.11377033476043538,0.2678101497985846,58.16132556072352,0.23656376981357763,9.4029238463116,1.9317841977411898,16.43297662985375,3.2487663602365258,12.624973944279542,37.84476103110272,19.278987659382835,5.690043675112832,4.191410997916028,0.6880797021157649,False,False
6.969703683258294,0.10625404988613882,0.30838734239072174,55.15527071823357,0.05682660888776203,8.769626332522918,2.288466085338928,15.50259190539136,1.0251524029487797,10.37973387620442,41.7829372524882,20.56224537494587,4.883543747896727,5.517796831869328,0.34599860825531353,True,False
7.171509557983325,0.12101018934942437,0.002132976240473517,77.8433218521121,0.0,9.13845462991512,2.369968180748174,16.43297662985375,2.5699552203442484,12.050574529238276,40.716051844246046,15.158727760775154,5.827748548370634,5.517796831869328,1.7261686353025645,False,False
7.201793810614533,0.09432800706185587,0.4565042932963126,47.96846625764356,0.33065354933816843,9.699095629584656,1.4312695619537494,15.769632142186651,3.540415588881809,10.37973387620442,41.726830152586764,20.39476232529814,2.1600008407257407,5.603709279275819,0.42491579484065234,False,False
7.668787594041853,0.07711191857855448,1.1802302971647602,26.18612342707953,0.7839842320562762,11.457008557169157,2.25872872552096,18.826651572976857,2.883091210627681,11.03749153095346,45.33462512140706,20.39476232529814,0.2833922341003332,1.0601669323828313,0.17981907225363664,False,False
7.38064301332858,0.10923406757420703,0.07524863362482981,72.42674022333105,0.131995701338242,9.756755979190467,1.8693154465857746,16.43265077025188,1.9980656391989138,11.487298776641158,40.80343137476799,19.01333559599693,4.360283206796508,3.972269122623099,1.9326655137235216,False,False
8.213149111552978,0.09040507860232426,0.17962903324177354,79.0860174372263,0.466245388004912,11.910246814258352,2.1552883289997875,18.826651572976857,2.9480770369694893,10.37973387620442,42.84799323967491,19.88983341460832,0.2833922341003332,1.0601669323828313,3.7641516930828356,False,False
7.635887034306111,0.08832027102348679,0.33278386669930005,59.812040476609894,0.36879170177855414,10.537629213963525,1.5346936627046888,16.43297662985375,2.9480770369694893,10.37973387620442,44.012362269229115,19.278987659382835,0.2833922341003332,4.93830165895749,1.7261686353025645,False,False
7.767109240261223,0.09827999594407126,0.04162676251782482,74.91752832369781,0.267785317951997,10.658440017033818,0.9027100303422186,16.43297662985375,3.2487663602365258,10.37973387620442,41.75402630358485,20.39476232529814,2.1600008407257407,2.8888988900431305,2.740834774053439,False,False
7.394170176974423,0.09372357574058701,0.8900702877236197,35.135732510142134,0.6053159451531144,10.719116989976845,1.1024294092170617,18.826651572976857,3.2487663602365258,11.187185898096331,41.781806853849865,20.39476232529814,3.3208409849058054,1.0601669323828313,0.17981907225363664,False,False
7.531218413288393,0.09665923908327495,0.13516956493131516,67.98765525432134,0.24338410633996627,10.142720506950715,1.6458299928611153,16.477667230984842,2.9480770369694893,10.37973387620442,42.93893121149134,18.307427729670206,1.4117881216803703,5.603709279275819,1.9326655137235216,False,False
7.68242920689623,0.07998532134758246,1.2734442904973615,28.02832940948398,0.9085596734151041,11.804329307917063,2.159147156948681,19.701481697473728,6.170853799122741,10.37973387620442,41.736705818109236,20.39476232529814,0.18989093121373055,1.0601669323828313,0.3664046201951726,False,False
7.180020763892803,0.11650227883751446,0.10979349604198588,69.86757473359326,0.2169685069558478,9.688772569283898,2.188681762682333,18.826651572976857,3.2487663602365258,12.050574529238276,39.0019502245376,15.158727760775154,4.736099863672416,5.517796831869328,1.4594328566938435,False,False
7.636523726366676,0.0934042263398728,0.2551289162680455,60.29494933917056,0.2937427877865488,10.388766350837868,1.8023053878989321,15.769632142186651,2.5699552203442484,10.37973387620442,44.110848069895106,20.39476232529814,2.1600008407257407,2.8888988900431305,1.7261686353025645,False,False
7.246893580900859,0.08857669465356893,0.8788600991427373,40.361796218015826,0.6679130673344447,10.67320855237322,1.9560744029186254,21.271357542056464,2.9480770369694893,10.37973387620442,38.64347320641073,20.39476232529814,0.4442056074518693,5.551985785413723,0.3664046201951726,False,False
7.278795241876168,0.08989777505261369,0.7250571919359688,45.92404313247201,0.584862424109315,10.519091208597311,2.1006645338480565,17.060143271282318,1.9980656391989138,14.24096046827841,39.12556511376188,20.700816477222862,0.686682583829727,5.517796831869328,0.6699696145565659,False,False
7.687581639424464,0.09936517756837805,0.01591864374561902,76.82204684727529,0.2760867130667536,10.558313839461649,1.4352098515821237,16.43297662985375,4.077464499429789,10.37973387620442,40.07866189391643,20.39476232529814,1.8281665761813546,4.067399425062675,2.740834774053439,False,False
7.597431043393339,0.0815110992173877,1.0419307641339235,29.22937054048257,0.6814168144500204,11.123026928658119,1.8899758905967377,18.826651572976857,2.605139674930397,10.37973387620442,45.313345618300495,20.39476232529814,1.2403809276532185,1.0601669323828313,0.17981907225363664,False,False
7.757914766064521,0.07885267900095413,1.0843780443319972,34.70626123350182,0.8041945691886963,11.745785046762794,2.252669003285669,19.701481697473728,2.883091210627681,11.03749153095346,42.89016137727862,21.746910884615804,0.18989093121373055,0.6814430823786158,0.8695292854583642,False,False
7.349844683101537,0.08390148741132912,0.6820835004788559,41.17516267165873,0.4718968292606563,10.212324418425364,2.1930231114346066,16.43297662985375,2.9480770369694893,10.37973387620442,43.37080229358465,20.700816477222862,0.2833922341003332,5.517796831869328,0.3664046201951726,False,False
7.53702370884273,0.08001532490191289,0.9775532223218599,33.586653586632686,0.6755501570428688,11.030090897357848,2.123052543827144,16.477667230984842,1.0251524029487797,14.24096046827841,44.416263131037795,20.39476232529814,0.18989093121373055,2.8888988900431305,0.3664046201951726,False,False
7.123145729232497,0.10386364109839322,0.39300961388752176,48.88625177519443,0.24847241784138385,9.485074525728184,2.2447841462675635,15.50259190539136,1.0251524029487797,12.77901127445966,41.613215203661326,20.56224537494587,4.883543747896727,3.288241482440969,0.34599860825531353,False,False
6.939274277921465,0.1128420351955297,0.2861978402824434,56.79912175877984,0.10192811014938485,8.93440307534043,2.1149340019813545,18.826651572976857,0.6009417439144984,10.37973387620442,41.498842289025774,17.2700440995065,5.539584966307458,5.517796831869328,0.3664046201951726,False,False
7.684917825636377,0.09369729453025681,0.0191862105183978,76.57997773669877,0.27330130260106505,10.529772489623008,1.8512940045364763,15.769632142186651,1.737147153228866,12.243739730689626,41.65296179353276,19.88983341460832,0.3621417124245273,5.603709279275819,2.740834774053439,True,False
7.394484030839895,0.08626666894978743,0.6176827344453998,47.90914394615122,0.4998520014122881,10.450284499620354,2.044953306478947,16.965574700738735,1.9980656391989138,12.050574529238276,41.70775160505979,20.700816477222862,0.18989093121373055,5.517796831869328,0.8695292854583642,False,False
7.684818911649469,0.10541746890332394,0.012780461313060069,83.65417095817321,0.29022014462011925,10.707201462488081,1.5524013265576864,16.43297662985375,3.2487663602365258,12.863181313280318,37.740073547706395,20.39476232529814,2.606417842334059,3.5451028098607082,3.168719171430108,False,False
7.697513214702464,0.1032166584612473,0.15763425742575393,76.17177088195015,0.4169862128248807,10.972116628233374,1.6357731823784685,16.605593941476876,4.077464499429789,14.24096046827841,39.265143916692345,17.17443639882512,1.8281665761813546,4.067399425062675,2.740834774053439,False,False
7.15710145171743,0.09764833321304656,0.37110272532063626,50.5091661330777,0.17886678993057303,9.30394396022821,1.932387294947189,15.769632142186651,1.0251524029487797,10.37973387620442,43.59287234641474,20.39476232529814,3.3208409849058054,5.0920901272008186,0.42491579484065234,False,False
7.666666931712184,0.07606620625357301,1.223995432147965,25.095325841946586,0.8146225058594867,11.531681046707863,2.365738533009584,18.826651572976857,2.883091210627681,11.03749153095346,44.361200412093616,21.746910884615804,0.2833922341003332,0.6814430823786158,0.17981907225363664,True,False
7.501631734359103,0.09457655695898975,0.22643224036092707,61.226699409708914,0.2569705490926091,10.118870768747499,1.7551393818897338,15.769632142186651,1.0251524029487797,11.487298776641158,43.28054211944789,20.702081345058104,2.1600008407257407,3.972269122623099,1.6030232503685788,False,False
7.45623763533849,0.10535355976671062,0.1757508276992138,66.48831726668118,0.29819806193210036,10.312955058459297,2.1632249774436105,16.43265077025188,0.6009417439144984,13.871812771589557,39.142181573129,21.780214283894676,4.360283206796508,1.8792501367003591,1.9326655137235216,False,False
7.2242873157877945,0.09249700097408445,0.5278712160877752,44.215828658582154,0.3525047013951464,9.76120635310063,1.418877195910477,15.769632142186651,3.2487663602365258,10.37973387620442,42.69914918503843,20.39476232529814,2.1600008407257407,5.0920901272008186,0.2558651431092664,False,False
7.595658057231597,0.0817717316125374,1.0549550778267422,29.17514865665879,0.6943852967581466,11.151132364555343,1.757200247152566,18.826651572976857,2.9480770369694893,10.37973387620442,44.97040825626141,20.39476232529814,1.2403809276532185,1.0601669323828313,0.17981907225363664,False,False
7.321277241655361,0.09141804268568472,0.5934780184878203,43.580678002725776,0.4126747584635689,10.10215055750546,1.6635161995142764,16.43265077025188,1.9980656391989138,11.487298776641158,43.13003673042042,20.39476232529814,2.1600008407257407,3.972269122623099,0.42491579484065234,False,False
7.734423374006997,0.10622731044313635,0.0,95.71166413304485,0.08528868746213814,10.307962577577165,1.9269759741116266,16.43297662985375,2.9480770369694893,10.37973387620442,39.33313638135462,19.88983341460832,2.1600008407257407,5.0920901272008186,3.7641516930828356,False,True
7.277462118327026,0.10647165687806505,0.12622169593370658,68.65053465065097,0.25200954757736327,9.90510632800479,1.4139887529743072,18.911899580341526,2.1956810747997624,10.37973387620442,37.965664667066946,20.39476232529814,3.4877881820291496,4.93830165895749,1.7261686353025645,False,False
7.255734319668809,0.0908090042586022,0.7760874881323405,39.74389026609293,0.5506884234266654,10.380309801555484,1.8659033987874265,16.43297662985375,0.34507787259914535,15.278845881735059,41.39690614616061,20.39476232529814,1.8281665761813546,4.067399425062675,0.2558651431092664,False,False
7.771953476779978,0.07944788473634612,1.0132695902808668,35.93737653218687,0.7467073448455395,11.611796091139544,1.8462117718730766,19.701481697473728,2.9480770369694893,10.37973387620442,44.456357914999295,20.39476232529814,0.18989093121373055,1.0601669323828313,0.8695292854583642,False,False
7.270676719037607,0.08760647538443693,0.8210008616631612,40.65407286770762,0.6110338554792827,10.547747844812877,2.323248623401368,21.271357542056464,2.9480770369694893,9.103129574714961,39.92007750790019,20.39476232529814,0.4442056074518693,5.551985785413723,0.3664046201951726,False,False
7.844512679079646,0.08024228895977172,0.8684204044187009,41.839541817098386,0.6779436224926471,11.574562674517432,2.0471450379811507,18.826651572976857,2.9480770369694893,10.37973387620442,44.94716827159006,20.39476232529814,0.18989093121373055,1.0601669323828313,1.2535490533644715,True,False
7.058151835636085,0.09907689461425029,0.5321901363216737,45.298137975509384,0.37247422523403007,9.701830958678409,2.020248095814133,18.826651572976857,0.5307325730925379,11.487298776641158,40.205893057609416,20.56224537494587,3.3208409849058054,4.88651858757472,0.17981907225363664,False,False
8.108696712013444,0.09630700632579206,0.16413910676331445,81.69625456757117,0.44990351557013764,11.766051280528744,1.7846105028810493,18.826651572976857,2.9480770369694893,11.421323481329951,40.84941494099649,19.88983341460832,1.2403809276532185,1.0601669323828313,3.7641516930828356,False,False
7.71869989556955,0.09173900980923913,0.027388171937900593,75.97235694610248,0.24011101903483933,10.500564895620384,1.5020798350252207,17.192881399907503,1.0251524029487797,10.37973387620442,43.06387636919448,19.88983341460832,0.18989093121373055,5.517796831869328,2.740834774053439,True,False
7.813092846204952,0.08237976533163796,0.9427511620790409,43.234211879486935,0.776223934180355,11.800451153878758,2.263057166644112,16.477667230984842,2.9480770369694893,15.026617655963948,42.22064888920503,20.700816477222862,0.18989093121373055,1.0601669323828313,1.3761148460572539,False,False
7.44381460556871,0.093743797910977,0.5064964182791879,60.35995071094679,0.5598611806983198,10.866689064393148,1.9632076557688873,21.271357542056464,2.9480770369694893,10.37973387620442,37.28370919130334,20.39476232529814,0.4442056074518693,5.551985785413723,1.7261686353025645,False,False
8.102646848220024,0.09031713465912314,0.4762668037089852,68.72409412218717,0.6470819000041796,12.193147012609364,2.0908771275742346,21.271357542056464,2.1956810747997624,11.858913890272255,42.05670726904088,18.235409319997252,0.18989093121373055,1.0601669323828313,3.1318730402368247,False,False
7.292473791206535,0.10653007104667622,0.12528618060874905,68.71983984879711,0.24221691111566945,9.898694351093814,1.3214266552571867,18.826651572976857,2.1956810747997624,10.37973387620442,38.55584158512144,19.88983341460832,3.4877881820291496,4.93830165895749,1.7261686353025645,False,False
7.349811779406141,0.08991383419291792,0.7715988422930051,47.344891976672784,0.6541980371085208,10.796431820252284,1.5882058554312264,18.826651572976857,4.797707857400584,11.487298776641158,37.65537806660751,20.56224537494587,0.2833922341003332,5.517796831869328,0.8695292854583642,False,False
7.55651718816914,0.1052125669227744,0.2697955228112936,64.13816905916602,0.3639469804586182,10.627718925846143,1.3889721363767245,18.826651572976857,1.9980656391989138,11.487298776641158,39.94010603298207,20.39476232529814,4.360283206796508,1.0601669323828313,1.9326655137235216,False,False
7.478250412038907,0.09158079048060053,0.49314047871971617,55.56245473899892,0.4774499852786711,10.627656512874028,1.9544042831421529,18.826651572976857,1.9980656391989138,11.487298776641158,41.49303043460676,19.01333559599693,0.7134130073213077,5.0920901272008186,1.3761148460572539,False,False
7.4508905570139925,0.11072881217274527,0.18519358927164326,64.7595676551453,0.2835412182745253,10.26605080500249,1.8161377025293226,18.826651572976857,2.9480770369694893,10.37973387620442,39.62978356524806,19.88983341460832,5.539584966307458,1.0601669323828313,1.7261686353025645,False,False
7.661804320033106,0.09536191703429321,0.12219261580390689,75.70605028004007,0.3729629985693097,10.7853594251709,2.2179526945969994,18.826651572976857,2.9480770369694893,10.37973387620442,39.33493078089363,19.88983341460832,0.3621417124245273,5.517796831869328,2.740834774053439,False,False
7.09627414666929,0.09909020104991484,0.6450541736095403,46.477277607819694,0.5083377987825887,10.057224962147554,1.9044427734376799,18.826651572976857,4.995533604740131,10.37973387620442,36.868201232727536,20.56224537494587,2.5038388982805517,5.517796831869328,0.34599860825531353,False,False
7.532940241657634,0.08249333481526229,1.1062865617359006,32.10451075352334,0.7902567764453401,11.365664438102192,2.127089362090145,21.271357542056464,2.9480770369694893,10.37973387620442,41.86218211556768,20.39476232529814,0.4442056074518693,2.3332768762567766,0.3664046201951726,False,False
7.269283489845418,0.08750099239812396,0.8255229356911333,40.551597524169345,0.6143453020574814,10.55426028329049,2.3001367045362846,21.271357542056464,2.9480770369694893,9.103129574714961,39.78678341179685,20.56224537494587,0.4442056074518693,5.517796831869328,0.3664046201951726,False,False
7.226120283498729,0.08564504241805587,0.9083977924994484,37.37053714655962,0.6564771007947574,10.547868692644778,2.0278340152581182,18.826651572976857,2.883091210627681,11.613975186144804,38.94836300741155,21.746910884615804,0.2833922341003332,5.517796831869328,0.17981907225363664,True,False
7.469531609440029,0.09619791672847697,0.2961856859522346,60.59375661282592,0.3413129654775501,10.341573139281763,1.2176567166595231,18.911899580341526,1.0251524029487797,10.37973387620442,41.55315860148972,20.39476232529814,2.1600008407257407,3.972269122623099,1.6030232503685788,False,False
7.380111463485304,0.10157284883981141,0.1327812480381428,68.16458744463537,0.14545664302603173,9.696236434437958,1.3473344617047236,15.769632142186651,2.1956810747997624,10.37973387620442,41.578097795344654,20.39476232529814,3.0176224919063137,4.93830165895749,1.7261686353025645,False,False
7.364280686838389,0.0974976043294651,0.17291206973700776,65.19160081853867,0.19822476069748052,9.786374171810722,1.7000142984606321,15.769632142186651,1.0251524029487797,11.487298776641158,41.73501441020166,20.702081345058104,2.1600008407257407,5.517796831869328,1.6030232503685788,True,False
7.668787594041853,0.07711191857855448,1.1802302971647602,26.18612342707953,0.7839842320562762,11.457008557169157,2.25872872552096,18.826651572976857,2.883091210627681,11.03749153095346,45.33462512140706,20.39476232529814,0.2833922341003332,1.0601669323828313,0.17981907225363664,False,False
7.5803400997883035,0.09677935818999606,0.16175951801391186,66.017808349708,0.24144532312372752,10.248631949238781,1.9219374923880963,16.477667230984842,1.0251524029487797,11.487298776641158,43.931610516355924,19.01333559599693,2.1600008407257407,3.972269122623099,1.9326655137235216,False,False
7.621658147558296,0.08095734810852682,1.3833034729099523,25.19024035704141,0.9840441573532903,11.90574608420127,2.1894364085599425,20.303440736945277,6.466077743991292,11.03749153095346,40.27484942407503,20.39476232529814,0.2833922341003332,1.0601669323828313,0.17981907225363664,False,False
7.471133092048185,0.09833400449843427,0.3451280774389725,62.02888985005177,0.4133847830371908,10.549472276814653,1.5072254340186324,18.911899580341526,1.9980656391989138,11.487298776641158,39.70597738858259,20.038320016584414,2.1600008407257407,3.972269122623099,1.7261686353025645,False,False
7.349844683101537,0.08390148741132912,0.6820835004788559,41.17516267165873,0.4718968292606563,10.212324418425364,2.1930231114346066,16.43297662985375,2.9480770369694893,10.37973387620442,43.37080229358465,20.700816477222862,0.2833922341003332,5.517796831869328,0.3664046201951726,False,False
7.732475869933986,0.08637943797170954,1.2020416146892792,40.03873907540752,1.0042689405080771,12.35044121179374,2.2482319835814395,21.313496871035113,3.2487663602365258,15.30917293047711,38.34596926190738,19.278987659382835,0.18989093121373055,1.0601669323828313,1.2535490533644715,False,False
7.9432283375095505,0.08394126139481055,0.7486220136323262,49.006261590336244,0.6536168879122837,11.744307110473542,2.2202058825488793,18.826651572976857,2.057735765386296,12.276136284423519,45.99430839118009,17.775440184247508,0.2833922341003332,1.0601669323828313,1.7261686353025645,False,False
8.061864135384456,0.08666280871066014,0.43214332124660715,65.03468187470213,0.5479910606753484,11.77219115994949,2.190847007922864,18.826651572976857,2.9480770369694893,10.37973387620442,43.29545044410505,20.39476232529814,0.2833922341003332,1.0601669323828313,2.8117655779628774,False,False
7.137554398585866,0.09615853066623106,0.5928808822665971,46.849523647451704,0.45859609650010924,10.021074229746125,1.874815394180305,18.826651572976857,1.9980656391989138,11.487298776641158,39.19050821844922,20.39476232529814,2.1600008407257407,5.517796831869328,0.42491579484065234,False,False
7.49529948793361,0.09252069945534444,0.48668566502804567,60.28131667586872,0.5378410162801185,10.812441327333836,1.708474186060414,18.826651572976857,4.913368477186776,10.37973387620442,37.923937093517196,20.39476232529814,0.2833922341003332,5.551985785413723,1.7261686353025645,False,False
7.17301130743141,0.09740442774749344,0.5993661525407512,46.4627755743248,0.459930414489397,10.016565727568732,1.774076785439107,17.463333341355593,4.995533604740131,10.37973387620442,38.78953732281969,20.39476232529814,2.491121467831133,5.0920901272008186,0.39388793455007065,False,False
7.344694566154485,0.0919217955383699,0.7776874839502581,40.793351691001845,0.5673216983325414,10.553647782038098,1.4675975966899906,16.43265077025188,1.9980656391989138,14.24096046827841,41.21713166997847,20.39476232529814,2.1600008407257407,3.131512491427796,0.42491579484065234,False,False
7.554756633618543,0.09633501657784069,0.203693548466468,62.91123573454256,0.2707644609322769,10.25130882671274,1.6827271420515695,17.060143271282318,1.9980656391989138,10.37973387620442,43.690283018666015,19.01333559599693,2.1600008407257407,3.972269122623099,1.7261686353025645,False,False
7.506241419677816,0.08619641593932892,0.32540595366613684,56.544766847627024,0.3144790737037908,10.184867428465342,1.9067498061766457,16.43297662985375,1.0251524029487797,10.37973387620442,44.50152340738823,20.39476232529814,0.18989093121373055,5.6998455810356985,1.3761148460572539,True,False
7.055462654981035,0.10575505157154012,0.5421684159577217,48.73983602068735,0.4320142014268574,9.87683148209944,0.8656457668322417,15.769632142186651,2.1956810747997624,15.567381492727622,37.357089416231595,20.39476232529814,4.360283206796508,3.972269122623099,0.38290121933662136,False,False
7.513887163211828,0.08686695108835453,0.47693999940521514,54.28966816780541,0.4422328483331452,10.567002745826159,1.8970013477728502,18.826651572976857,1.0251524029487797,10.37973387620442,42.7156039181,20.39476232529814,0.18989093121373055,5.0920901272008186,1.3761148460572539,False,False
7.639766394728525,0.0942618594086278,0.5477680789397423,53.565913305658256,0.506649548789912,11.029663853646182,2.2065318028437,19.764145219746425,1.0251524029487797,11.03749153095346,41.33278304273274,21.746910884615804,2.8090505862555966,0.6814430823786158,1.6030232503685788,False,False
7.805286724853697,0.0814374506430078,0.947996635162127,41.43002069585981,0.756064594986934,11.737227612847864,1.720392041526483,18.826651572976857,2.9480770369694893,12.050574529238276,42.970273466631475,20.700816477222862,0.18989093121373055,1.0601669323828313,1.2535490533644715,False,False
7.106439814585976,0.10735925483729618,0.4271606946330341,51.531599010153414,0.350438283924653,9.748690036411842,1.4373789158252233,18.826651572976857,3.2487663602365258,11.487298776641158,40.4579993787457,16.41398722889874,4.048290760459554,5.0920901272008186,0.42491579484065234,False,False
7.117869113572687,0.10489467553980411,0.36617696908423064,50.87407785913539,0.16506292242316362,9.273492736619215,2.06997615429188,17.060143271282318,1.0251524029487797,10.37973387620442,43.31982337479241,19.01333559599693,4.883543747896727,3.972269122623099,0.34599860825531353,False,False
7.205065516333644,0.11644218763759966,0.05163925022829984,74.17577944348383,0.05653643201942837,9.377458056051207,1.666909685253049,18.911899580341526,1.0251524029487797,10.37973387620442,40.092912812262306,17.775440184247508,5.539584966307458,4.549107542385443,1.7261686353025645,False,False
7.653739022139726,0.08609132566921264,0.8130923609559189,47.872726275024164,0.7054905368254412,11.410716270224688,2.1575255523400605,16.477667230984842,2.9480770369694893,15.026617655963948,40.42753733226541,20.700816477222862,0.2833922341003332,2.759777186435855,1.3761148460572539,False,False
7.255248867664437,0.11662895097677917,0.02462329146009971,76.17718586151665,0.06943576462446577,9.443168184045168,1.8843249946950287,15.769632142186651,3.2487663602365258,11.487298776641158,38.44393201953303,19.46647400002557,5.690043675112832,3.972269122623099,1.921583903641137,False,False
7.43644743563414,0.08665363307563007,0.5977373185001016,48.04897362088987,0.48080088855286307,10.458264994460285,2.1417485063428163,16.965574700738735,1.9980656391989138,12.050574529238276,43.293670153595116,19.11489792868754,0.18989093121373055,5.517796831869328,0.8695292854583642,False,False
7.226120283498729,0.08564504241805587,0.9083977924994484,37.37053714655962,0.6564771007947574,10.547868692644778,2.0278340152581182,18.826651572976857,2.883091210627681,11.613975186144804,38.94836300741155,21.746910884615804,0.2833922341003332,5.517796831869328,0.17981907225363664,True,False
7.569251172891078,0.09814970939121305,0.2633538586828433,61.24131506301775,0.31589720537893523,10.4156685299901,1.0310206303882423,17.49146778694104,2.1956810747997624,10.37973387620442,42.35982539853296,20.39476232529814,3.0176224919063137,2.4347384110148016,1.7261686353025645,False,False
7.178929549843118,0.09637125177848006,0.6419104161232101,46.54922642387344,0.5060457508109591,10.212180271392592,1.5385601281171413,19.975185842272747,2.9480770369694893,10.37973387620442,38.55571799821591,20.39476232529814,2.1600008407257407,5.0920901272008186,0.4944319531127279,False,False
7.612082588159186,0.11262062265235923,0.12071980746470157,69.05812762144454,0.22697053785304017,10.39669683255395,2.2881219528080052,18.826651572976857,2.1129570576095045,11.461781753591298,43.926463736503166,15.158727760775154,5.433912678180048,1.0601669323828313,2.0193385079811392,False,False
8.04758166713024,0.09575848708742586,0.0,81.6072366443419,0.2468514061640899,11.127662733727053,2.2233505102207607,16.43297662985375,1.0251524029487797,11.03749153095346,43.34083257598529,21.746910884615804,2.1600008407257407,0.6814430823786158,3.5751920525385628,False,True
7.843002547037564,0.0852542602787486,0.8238778594675638,48.83662518786304,0.7305960295598113,11.833035040433671,1.689604266121199,21.271357542056464,2.9480770369694893,10.37973387620442,41.77552804433422,20.39476232529814,0.4442056074518693,1.0601669323828313,1.7261686353025645,False,False
7.778490261384852,0.0965870301434993,0.0370387503532184,75.25741916640462,0.1837605081474471,10.47609065398329,2.0658045339631985,16.43297662985375,1.0251524029487797,10.37973387620442,43.97843478535504,20.39476232529814,2.1600008407257407,2.8888988900431305,2.7400402495709955,False,False
7.49086788643993,0.09247983359123037,0.4887920273580002,60.26654977603133,0.5398529345364668,10.81159853650153,1.7216245132968764,18.826651572976857,4.913368477186776,10.37973387620442,37.75645404386946,20.56224537494587,0.2833922341003332,5.551985785413723,1.7261686353025645,False,False
7.556463586956628,0.08564792473531509,1.2907481622828298,29.270393569195296,0.9445033745074477,11.793036903931748,1.8957604624693327,18.826651572976857,4.49380473745432,14.24096046827841,38.55819189452751,21.780214283894676,1.3757834299050369,0.35798899276802176,0.3664046201951726,False,False
7.564027577456329,0.09796145404017224,0.1916825061494236,65.69462595857479,0.30370310103762727,10.389539260517063,1.519568046346136,17.060143271282318,1.9980656391989138,11.487298776641158,42.376221239808324,19.01333559599693,2.1600008407257407,3.972269122623099,1.9326655137235216,False,False
7.6000214847494005,0.10132953615440365,0.2969465515930503,60.40674819595197,0.33945250983201614,10.53998119767708,1.6637015719320494,17.619251251676573,2.9480770369694893,10.37973387620442,41.897507620042994,20.39476232529814,3.9743323221229807,1.0601669323828313,1.7261686353025645,False,False
7.963291781756593,0.08852813581014164,0.21136666934509946,69.41804265601561,0.37749471264469886,11.14743336505811,2.2314488059855995,16.43297662985375,3.2487663602365258,10.37973387620442,44.74720410060801,19.278987659382835,0.2833922341003332,2.8888988900431305,2.7400402495709955,False,False
7.497163846218583,0.09264129838913487,0.3651514566601175,65.08047948159921,0.4779668428561062,10.742077694756201,2.2335755329552143,18.826651572976857,1.9980656391989138,12.050574529238276,38.38420097545239,20.700816477222862,0.18989093121373055,5.830461366715838,2.0193385079811392,False,False
6.921837346222423,0.10864060266293732,0.3199347132366702,54.299814048315575,0.18740797090390238,9.084773446493287,2.286918121658585,18.826651572976857,1.9980656391989138,9.222961994472087,38.642736230384905,20.56224537494587,4.883543747896727,5.517796831869328,0.34599860825531353,True,False
7.8604573986786725,0.08491881034979026,0.8578664289798525,48.24938368782671,0.7580911206164856,11.932294786080572,1.6162718176569737,21.797792845386134,2.9480770369694893,10.37973387620442,41.9148350250459,19.88983341460832,0.2833922341003332,1.0601669323828313,1.7261686353025645,False,False
7.606261096147682,0.10216160404748624,0.29262290582069683,62.676686554391345,0.36721703760492896,10.653829214243371,2.0784062627182363,17.060143271282318,2.883091210627681,11.487298776641158,40.09822466728734,21.746910884615804,4.110222593443564,0.6814430823786158,1.9326655137235216,False,False
7.692026461489579,0.09288941113411303,0.07190202568220172,72.67466489157934,0.26204929173362923,10.457632138902527,1.191798967713816,15.769632142186651,2.9480770369694893,10.37973387620442,42.33466156888499,20.39476232529814,0.7311214261601305,4.93830165895749,2.503709965338684,True,False
7.125724208413763,0.10227079454031664,0.3640624600253538,51.03072571449139,0.23440289250590396,9.40713099589017,1.5503557306951274,15.769632142186651,3.2487663602365258,10.37973387620442,41.14554781025347,20.39476232529814,4.048290760459554,4.588350930520592,0.42491579484065234,False,False
6.985564071713261,0.10659480105927713,0.2925211117707292,56.33067878223386,0.0485436385931029,8.781698231860863,2.320666432442222,15.50259190539136,1.0251524029487797,10.37973387620442,41.871503115550595,20.39476232529814,4.883543747896727,5.517796831869328,0.42491579484065234,True,False
7.118061008270166,0.09744536761863191,0.40985506713647457,47.63830057211477,0.22287112482471338,9.342267922058946,1.7833769476140262,15.769632142186651,1.0251524029487797,11.03749153095346,43.12007822114566,20.39476232529814,3.3208409849058054,5.0920901272008186,0.23995226536067515,False,False
7.108264540183626,0.10226606336327804,0.3873624057763779,49.30461037037092,0.24700896686354729,9.47174337659036,2.121944683948942,17.060143271282318,0.5307325730925379,11.487298776641158,41.66062305442334,20.56224537494587,4.360283206796508,3.972269122623099,0.3664046201951726,False,False
7.481601656804801,0.10748847149025917,0.1131636491714784,69.61790578195645,0.18241637421402285,10.01729418896339,1.7755959835961588,16.43265077025188,2.3185182034425407,11.487298776641158,41.80581505459259,18.773869584508674,4.360283206796508,2.8888988900431305,1.9326655137235216,False,False
7.535145446814811,0.0961584333918199,0.1762691078390563,64.94290345929747,0.2612922317767266,10.227604959736205,1.5342561664025731,16.43265077025188,1.0251524029487797,11.487298776641158,42.660896080963894,20.39476232529814,2.1600008407257407,3.972269122623099,1.8669696805473033,False,False
7.811195006291989,0.08318590288981154,0.9275044224036331,43.676376407331155,0.7664354463798605,11.82917358830597,1.6097584626665873,21.271357542056464,2.9480770369694893,10.37973387620442,42.25466088485415,20.39476232529814,0.2833922341003332,1.0601669323828313,1.4078491681341792,False,False
7.4910394440256685,0.1106700516001756,0.12592971225079458,68.67216549566206,0.17990568111828042,10.040348100265241,2.0349505192229733,15.769632142186651,2.9480770369694893,11.487298776641158,40.72843520776776,20.39476232529814,5.690043675112832,1.0601669323828313,1.921583903641137,False,False
6.887238863922382,0.10924632548714495,0.3238008992993239,54.01339779836882,0.23280717735686735,9.187050135639074,2.0268842910785128,18.826651572976857,0.5307325730925379,11.487298776641158,37.845732514322215,20.56224537494587,4.883543747896727,5.517796831869328,0.34599860825531353,True,False
7.225789931132916,0.09401130507642658,0.573836495836386,45.186440812522086,0.41482046595601535,9.92188764256407,1.2679754450538328,15.769632142186651,4.995533604740131,10.37973387620442,40.716278591831234,20.56224537494587,2.138487674635566,5.0920901272008186,0.34599860825531353,False,False
7.251880984214303,0.106513825883599,0.18424746346262727,67.64112825289185,0.3235790831529598,10.104137387267766,2.305365689165995,21.31093751294592,1.0251524029487797,10.37973387620442,36.90410260343688,20.39476232529814,3.3208409849058054,4.93830165895749,1.7261686353025645,False,False
7.912298202778979,0.10292830200523481,0.0,85.56927764897029,0.1308316698284273,10.6628124515538,2.074190285378371,15.769632142186651,1.0251524029487797,11.487298776641158,43.043326609838715,20.56224537494587,3.3208409849058054,1.3036117275660148,3.4878919809670093,False,True
7.151278573607608,0.12191153311272629,0.005986807901477009,77.55782084559482,0.03707821116007182,9.24926939372487,2.2551497273888486,18.826651572976857,2.9480770369694893,10.37973387620442,39.58090678398717,15.158727760775154,5.827748548370634,5.551985785413723,1.7261686353025645,False,False
7.666666931712184,0.07606620625357301,1.223995432147965,25.095325841946586,0.8146225058594867,11.531681046707863,2.365738533009584,18.826651572976857,2.883091210627681,11.03749153095346,44.361200412093616,21.746910884615804,0.2833922341003332,0.6814430823786158,0.17981907225363664,True,False
7.820690958851503,0.09247784106440442,0.48196237184455026,67.67408921817916,0.638137705435596,11.730035724058823,2.346170907796154,22.04195049414344,3.2487663602365258,10.37973387620442,37.85497252075529,20.56224537494587,0.2833922341003332,2.8888988900431305,2.7400402495709955,False,False
7.5186908031162965,0.09038320147676959,0.41291226656508556,60.47229172019068,0.4627297381586564,10.644218578528747,2.049649293512964,16.965574700738735,2.9480770369694893,12.050574529238276,40.17296605582534,20.39476232529814,0.18989093121373055,5.551985785413723,1.7261686353025645,False,False
7.834481681484267,0.09023085208485195,0.059052956401602824,73.62655447449538,0.2585671823732536,10.684952269852552,1.869732063625036,16.43297662985375,1.6539792101601698,10.37973387620442,44.79979309789689,19.278987659382835,0.2833922341003332,4.431097042830605,2.7400402495709955,True,False
7.385911709820292,0.08447693752856503,0.6756215588368786,41.252982594529634,0.46618770687289546,10.244122195279365,2.3006242741848673,16.43297662985375,3.2487663602365258,10.37973387620442,44.49194178815764,19.278987659382835,0.2833922341003332,5.517796831869328,0.3664046201951726,False,False
7.737943016450316,0.11333407447294834,0.0,96.70889595073851,0.0009377523983497005,10.163432262848687,1.9701205409717804,16.43265077025188,2.3185182034425407,10.37973387620442,39.965929945570366,19.88983341460832,4.360283206796508,2.8888988900431305,3.7641516930828356,False,True
7.818820221040256,0.09482207648295209,0.20515457670848647,71.70031987065782,0.4034426454414626,11.101048072837644,2.244054300503326,16.43297662985375,1.0251524029487797,14.24096046827841,42.16401935526504,19.278987659382835,1.228964344657057,2.8888988900431305,2.7400402495709955,False,False
7.645794463021904,0.09485537626337459,0.30644375458535655,60.045275237943635,0.3443243573248792,10.540220886036298,1.5524246899458283,16.43297662985375,3.2487663602365258,10.588763649985111,43.67543733447034,19.278987659382835,2.1600008407257407,2.8888988900431305,1.7261686353025645,False,False
7.767483715325697,0.08484158637676796,0.7768669570258195,44.44119057675465,0.6184045655082964,11.34494963299536,1.9060935161056747,18.826651572976857,2.883091210627681,10.37973387620442,44.141613527704145,20.39476232529814,1.060431501441449,1.0601669323828313,1.2535490533644715,False,False
7.471454530865498,0.08519437273891678,0.8882391969706729,36.22476135847896,0.6188928996020557,10.817790570650523,1.8559497492851995,18.826651572976857,2.9480770369694893,10.37973387620442,43.0821815986204,20.39476232529814,1.094732912253084,2.9074560574824395,0.3664046201951726,False,False
7.30838305236782,0.08776132201321439,0.7702667681646418,41.53479643313061,0.570051686512018,10.472741542652743,1.9644648398656552,18.826651572976857,3.2487663602365258,10.37973387620442,40.59525135354723,20.700816477222862,0.7317744377706412,5.0920901272008186,0.42491579484065234,False,False
7.160872291558183,0.11858979801175679,0.04212712640575064,74.88046017796813,0.11200270672942614,9.445996306176815,2.2736654476390337,18.911899580341526,2.883091210627681,10.37973387620442,37.84577988801135,17.775440184247508,5.539584966307458,4.93830165895749,1.7261686353025645,True,False
7.17991456581676,0.09585643305216142,0.6839088171935606,44.57669436319687,0.5222634243885375,10.16636667974452,2.125591024442866,16.641864454313975,4.995533604740131,11.93530153214924,38.28847862375908,20.56224537494587,2.138487674635566,5.0920901272008186,0.34599860825531353,False,False
7.440092521326462,0.08388660631691865,0.4828712281113361,48.58736699822687,0.36728437154956073,10.155103838376442,2.2490654094383973,16.477667230984842,1.0251524029487797,10.37973387620442,44.839412964097676,20.700816477222862,0.18989093121373055,5.517796831869328,0.8695292854583642,True,False
7.5083037858648165,0.10587159614239186,0.0,84.48343557634436,0.011175267721350468,9.695390441865943,2.2349721920129304,16.25194829752035,1.0251524029487797,10.37973387620442,41.86332834310132,19.278987659382835,2.943012339401978,5.517796831869328,2.7400402495709955,False,True
7.433817592334824,0.08538184038772997,0.5541586483105656,48.29555080922082,0.4383368735503408,10.313394454509929,1.7698919213221802,16.477667230984842,2.9480770369694893,10.37973387620442,43.05505943235396,20.56224537494587,0.18989093121373055,5.517796831869328,0.8695292854583642,False,False
7.349811779406141,0.08991383419291792,0.7715988422930051,47.344891976672784,0.6541980371085208,10.796431820252284,1.5882058554312264,18.826651572976857,4.797707857400584,11.487298776641158,37.65537806660751,20.56224537494587,0.2833922341003332,5.517796831869328,0.8695292854583642,False,False
7.355722475125098,0.10317274843829173,0.23815743468037476,60.358069154348634,0.14178491691683093,9.643380780593484,2.010973490765734,16.477667230984842,1.0251524029487797,10.1245364121725,43.179253929590715,20.56224537494587,4.488696705949691,2.8888988900431305,1.2535490533644715,False,False
7.431200251013218,0.09240855871151549,1.2481185832220312,32.777969064024965,0.9494802142059671,11.757854311520827,2.163263565419119,21.718508734681283,1.9980656391989138,15.578791853828264,36.99938979769162,20.39476232529814,2.1600008407257407,0.7255650137353913,0.42491579484065234,False,False
6.875559035466296,0.11230745852087529,0.2891917651235254,56.57732469270264,0.13290649016611322,8.928074189260645,1.8663023636150518,18.826651572976857,0.6009417439144984,10.436582473087583,39.074036281136024,19.638001510513085,5.539584966307458,5.517796831869328,0.3664046201951726,False,False
7.889620067526476,0.0822438981967435,0.8127198640374923,47.871325554885274,0.7050776050555869,11.782565270370045,2.2850722220191475,18.826651572976857,3.2487663602365258,11.03749153095346,42.44295188630904,21.746910884615804,0.2833922341003332,0.6814430823786158,1.7323924484293687,False,False
7.8979903266246705,0.10706528751174701,0.0,87.55211484444817,0.12004419286489953,10.665513981246823,2.3833852925729673,16.43265077025188,1.0251524029487797,11.487298776641158,42.251876093332775,20.39476232529814,4.151624496610087,0.6814430823786158,3.5751920525385628,False,True
7.281163116600959,0.11051086513715828,0.1738759997601139,66.6859173503909,0.29903412226268605,10.038679969977476,1.4468112550453802,18.826651572976857,2.9480770369694893,11.487298776641158,37.79222225570016,19.01333559599693,4.360283206796508,3.972269122623099,1.5998624322957935,False,False
7.652718276753937,0.08033928683587488,1.1308504179515433,27.35066007184887,0.7484725139537018,11.36443195472896,1.9347211176882424,18.826651572976857,2.9480770369694893,11.03749153095346,45.44719384384912,19.88983341460832,0.9894904460104977,0.6814430823786158,0.17981907225363664,False,False
7.924323425860013,0.10243774003306165,0.0,85.71705847981409,0.10207242000618144,10.599377046703404,2.089453865969477,15.769632142186651,1.0251524029487797,10.841822497465937,43.68880288901393,20.56224537494587,3.3208409849058054,1.3036117275660148,3.4878919809670093,False,True
7.676375576329425,0.0793418634765209,1.2891796442320278,27.43003911516383,0.9166402770085793,11.83842520552567,2.3586671407300885,16.477667230984842,2.883091210627681,16.3295125733357,42.58372672307952,20.39476232529814,0.2833922341003332,0.6814430823786158,0.3664046201951726,False,False
7.09627414666929,0.09909020104991484,0.6450541736095403,46.477277607819694,0.5083377987825887,10.057224962147554,1.9044427734376799,18.826651572976857,4.995533604740131,10.37973387620442,36.868201232727536,20.56224537494587,2.5038388982805517,5.517796831869328,0.34599860825531353,False,False
7.261543328407457,0.09922028641668748,0.6099545644116937,42.88545479744489,0.4201569075451551,10.150448526712177,1.911077472992455,18.826651572976857,0.6009417439144984,11.487298776641158,41.54910358993973,21.115693355508633,4.360283206796508,1.6936231340274461,0.3664046201951726,False,False
7.864365693824713,0.08362626354551872,0.7704297084393636,48.81684513920335,0.6739265444526004,11.68020102693066,2.309784691107038,18.826651572976857,2.9480770369694893,11.03749153095346,42.44197655892848,21.746910884615804,0.5850568847479314,0.6814430823786158,1.7323924484293687,False,False
7.2244083165167305,0.09731124857144105,0.7828719091578158,43.41926595284714,0.6101866596268545,10.50986230865457,1.8614216317911845,18.827257176457632,4.995533604740131,11.487298776641158,37.22664125147091,20.56224537494587,2.5038388982805517,3.972269122623099,0.42491579484065234,False,False
7.442502791937718,0.10606125341600386,0.1332871369049319,68.12710999534363,0.14034324004074789,9.787722969386838,1.8251188655351458,15.769632142186651,3.2487663602365258,10.37973387620442,42.659308585363306,18.442525298417834,4.048290760459554,3.7255743418291485,1.7261686353025645,False,False
7.3098083368503,0.11548798119355158,0.010013898527648188,77.25948440325816,0.13684375788566105,9.73367178382637,1.8004593440927223,18.826651572976857,2.3185182034425407,11.487298776641158,40.31138513951731,15.158727760775154,4.360283206796508,5.517796831869328,2.0193385079811392,False,False
7.433817592334824,0.08538184038772997,0.5541586483105656,48.29555080922082,0.4383368735503408,10.313394454509929,1.7698919213221802,16.477667230984842,2.9480770369694893,10.37973387620442,43.05505943235396,20.56224537494587,0.18989093121373055,5.517796831869328,0.8695292854583642,False,False
7.055405626962816,0.11478889989025506,0.24678524832810725,59.71890021881974,0.27087218768814914,9.590376811987337,2.128204708191243,18.826651572976857,2.9480770369694893,11.487298776641158,37.20532656309762,19.01333559599693,5.690043675112832,3.972269122623099,0.856997656582011,False,False
7.620745836087471,0.09317826191568745,0.2530292317283063,60.209831776909844,0.2903154695712187,10.38953563261989,1.8367380147240011,16.477667230984842,1.0251524029487797,10.919179994031483,44.40816968066532,20.39476232529814,2.1600008407257407,2.8888988900431305,1.7261686353025645,False,False
7.011144102451762,0.1065286359347871,0.3197975093620779,54.309978437354815,0.09368792392997666,8.885734656451698,1.9403618877888742,14.43326482430209,2.9480770369694893,10.37973387620442,41.27444011579009,20.56224537494587,4.96415003633191,5.0920901272008186,0.34599860825531353,False,False
7.877145725923761,0.08289682505891667,0.7664868591023957,48.867321193890426,0.6704856630470671,11.6794643275155,1.8822188718018626,18.826651572976857,2.9480770369694893,11.03749153095346,43.14701478429702,20.971037273017437,0.2833922341003332,1.0601669323828313,1.7261686353025645,False,False
7.5372366358639304,0.08314358789471953,1.3320447240571034,29.618017053643886,0.9930217198210447,11.85945077519372,2.060015298796985,17.192881399907503,3.990126566590947,17.24151555773794,38.577685412708476,20.56224537494587,0.18989093121373055,1.8792501367003591,0.3664046201951726,False,False
7.104851780492728,0.10225578287607709,0.3916023620543889,48.990504334756956,0.25197732797300565,9.476093082726798,2.0578422178504288,17.060143271282318,0.6192356759484732,11.487298776641158,41.59252596350726,20.56224537494587,4.360283206796508,3.972269122623099,0.34599860825531353,False,False
6.883500129049042,0.11336584511782685,0.25854966181723243,58.84736451418128,0.06972463575220916,8.71671506949509,2.2914101509216045,15.769632142186651,2.9480770369694893,10.37973387620442,38.70314449071629,20.39476232529814,5.827748548370634,5.551985785413723,0.42491579484065234,True,False
7.4182990328309435,0.10106345816641335,0.221828518572768,65.19838532957752,0.328440229026404,10.295300516256203,2.0581844975049166,20.611456834469674,1.0251524029487797,10.39715575944733,41.14940627750833,17.775440184247508,2.223129778874995,5.0920901272008186,1.7261686353025645,False,False
7.599750439266408,0.08683179949286515,0.6108355384361819,51.85789036975616,0.5488619280384116,10.945934063946659,1.4598227187876371,18.826651572976857,2.9480770369694893,10.37973387620442,41.78726466369349,20.39476232529814,0.2833922341003332,3.972269122623099,1.4078491681341792,False,False
7.190950457837297,0.11578110009753088,0.07705009792583455,72.2932834674623,0.1481236397249724,9.601894595354509,1.7098198932606867,18.911899580341526,1.0251524029487797,11.487298776641158,37.87115251580985,19.46647400002557,5.539584966307458,3.972269122623099,1.7261686353025645,False,False
6.921837346222423,0.10864060266293732,0.3199347132366702,54.299814048315575,0.18740797090390238,9.084773446493287,2.286918121658585,18.826651572976857,1.9980656391989138,9.222961994472087,38.642736230384905,20.56224537494587,4.883543747896727,5.517796831869328,0.34599860825531353,True,False
7.162200347729321,0.10604189389322319,0.49341928403905333,47.624604720294776,0.3647019654572152,9.861742866475801,1.6191020049315352,18.77775979360102,3.2487663602365258,10.37973387620442,40.140937039970325,19.278987659382835,4.918511760366579,2.8888988900431305,0.3664046201951726,False,False
7.460471411814575,0.09700580542484419,0.7824128654309894,39.52947812390035,0.5543082737608824,10.681407923051898,1.3858887184240298,18.826651572976857,4.995533604740131,10.37973387620442,43.65202702823513,16.73783689390958,3.250432356224687,1.8117860594538813,0.34599860825531353,False,False
7.497853597782191,0.08268471700762131,1.083484184620479,33.05120536211295,0.7796820555493619,11.287563030717152,2.3291250482296992,21.271357542056464,2.9480770369694893,10.37973387620442,41.46737347513286,20.39476232529814,0.2833922341003332,2.8888988900431305,0.3664046201951726,False,False
7.4642891744776065,0.08713730383218334,0.7069383108752085,46.76476338439844,0.5777196209199724,10.664711511874685,2.2971983221330725,15.769632142186651,7.024597805079318,10.37973387620442,40.112280457710824,20.56224537494587,0.18989093121373055,5.0920901272008186,0.8695292854583642,False,False
7.6311324371383735,0.07673273481557363,1.200785540878231,25.876256853380617,0.8012572340704832,11.4483599088187,2.2975301223743334,18.826651572976857,2.883091210627681,11.03749153095346,43.99543959222291,21.746910884615804,0.2833922341003332,1.0601669323828313,0.16685604212012473,False,False
7.401449618637838,0.0840785984628591,0.5226987138656661,48.360403432889235,0.40607020269347616,10.207673051511723,2.14632345230669,16.477667230984842,1.0251524029487797,10.968206483236443,43.20484594967271,21.746910884615804,0.18989093121373055,5.517796831869328,0.8695292854583642,True,False
7.679052625747944,0.09562408334851974,0.25112431766691856,63.00419584558857,0.3281000554509466,10.589720281877606,1.1213012101445206,16.43265077025188,2.3185182034425407,11.487298776641158,44.02761058675354,18.773869584508674,2.138487674635566,2.8888988900431305,1.9326655137235216,False,False
7.457398205357091,0.08609951035845662,0.6637405699271672,46.867500106883945,0.5336090680135744,10.572080752925899,1.5569595034382202,16.477667230984842,4.995533604740131,10.37973387620442,41.294738466974835,20.700816477222862,0.18989093121373055,5.0920901272008186,0.8695292854583642,False,False
7.225789931132916,0.09401130507642658,0.573836495836386,45.186440812522086,0.41482046595601535,9.92188764256407,1.2679754450538328,15.769632142186651,4.995533604740131,10.37973387620442,40.716278591831234,20.56224537494587,2.138487674635566,5.0920901272008186,0.34599860825531353,False,False
7.150765060436738,0.09903849441346026,0.6604169180554723,44.64900026301092,0.49850917216982443,10.149367003101634,1.8514419117998946,18.826651572976857,3.2487663602365258,11.03749153095346,37.72102872315286,21.746910884615804,3.3208409849058054,3.731905322963514,0.3664046201951726,False,False
7.4726658714794425,0.10913598574741183,0.1676428093027862,65.58196015176918,0.18454257630944376,9.998775799773439,1.7123765202958505,16.477667230984842,2.9480770369694893,10.37973387620442,41.23960122913045,20.56224537494587,5.606339684079527,1.0601669323828313,1.7261686353025645,False,False
7.541818634321922,0.08082723831403966,1.033125706350365,30.81610494331441,0.6947240106627784,11.067832960508785,2.3179179694122825,18.826651572976857,2.3185182034425407,11.487298776641158,45.254514696167185,18.773869584508674,0.2833922341003332,2.8888988900431305,0.16685604212012473,False,False
7.424677732557154,0.09502224379339462,0.8341712066571769,37.74831837093869,0.5835479988496388,10.73881558606537,1.3129710783963,18.826651572976857,3.2487663602365258,11.03749153095346,41.53783331509401,20.700816477222862,3.600593040942502,0.6814430823786158,0.3664046201951726,False,False
7.210456965351394,0.12264013133192109,0.0,82.04766689126004,0.0,9.235801679990415,2.3137412520291205,16.43297662985375,3.2487663602365258,12.050574529238276,39.74407083167519,15.158727760775154,5.827748548370634,5.517796831869328,2.0193385079811392,False,True
7.397677956909893,0.08416679602047195,0.5288927580933682,48.28424848459811,0.41152040405219337,10.22478468528898,2.0811868608884523,17.192881399907503,1.0251524029487797,10.37973387620442,43.044800988503205,21.780214283894676,0.18989093121373055,5.517796831869328,0.8695292854583642,True,False
7.246249504748289,0.0929836472796281,0.485885529354606,46.62326363865231,0.3424938521321179,9.789960419179074,1.288091889219112,15.769632142186651,3.2487663602365258,10.37973387620442,42.3841286497495,20.56224537494587,2.138487674635566,5.0920901272008186,0.42491579484065234,False,False
7.79428587120299,0.07935612422533149,0.9551953883572826,36.52485682623352,0.6938053122375054,11.493045736905074,2.260569088147982,18.826651572976857,2.883091210627681,10.37973387620442,45.80760147364119,19.88983341460832,0.2833922341003332,1.0601669323828313,0.8695292854583642,False,False
7.5799705618285245,0.10966833479692545,0.0,82.08753755614849,0.06491375294856966,9.922788966273522,1.8737560758328748,15.769632142186651,3.2487663602365258,10.37973387620442,41.71007664301552,18.442525298417834,4.048290760459554,3.7255743418291485,2.675400577650348,False,True
7.666666931712184,0.07606620625357301,1.223995432147965,25.095325841946586,0.8146225058594867,11.531681046707863,2.365738533009584,18.826651572976857,2.883091210627681,11.03749153095346,44.361200412093616,21.746910884615804,0.2833922341003332,0.6814430823786158,0.17981907225363664,True,False
7.189658486092129,0.09294139105977495,0.5429539272305919,45.00354281367898,0.37963472324854897,9.877025940675805,1.6630846683575529,18.826651572976857,0.5307325730925379,10.37973387620442,42.12406019268862,20.56224537494587,2.138487674635566,5.0920901272008186,0.34599860825531353,False,False
7.38327659502389,0.1083850484420498,0.1452873529455073,67.23810547740447,0.2740244091023448,10.108837694279602,1.5700616597806958,18.827257176457632,3.2487663602365258,10.37973387620442,39.60168355109232,18.442525298417834,4.048290760459554,3.7255743418291485,1.7261686353025645,False,False
7.721617842836585,0.09194371982309052,0.016774010755165613,76.7586792267748,0.18767834286552876,10.35736829532784,1.6105052591743563,16.25194829752035,1.0251524029487797,10.37973387620442,43.832558690370846,19.88983341460832,0.3621417124245273,5.517796831869328,2.740834774053439,True,False
7.963291781756593,0.08852813581014164,0.21136666934509946,69.41804265601561,0.37749471264469886,11.14743336505811,2.2314488059855995,16.43297662985375,3.2487663602365258,10.37973387620442,44.74720410060801,19.278987659382835,0.2833922341003332,2.8888988900431305,2.7400402495709955,False,False
7.562897202775883,0.09041929358162853,0.32253824116173496,63.59467399430116,0.4118506873195838,10.597589143248367,1.6248641498350138,17.060143271282318,2.9480770369694893,11.10980458128978,40.67937645870596,20.56224537494587,0.18989093121373055,5.517796831869328,1.9326655137235216,False,False
7.117221979722892,0.0975687064379603,0.4102014298157878,47.61264120184062,0.22900818731629868,9.355568230634486,1.7600409842543752,15.769632142186651,1.1874403231177064,11.03749153095346,42.95779030097674,20.39476232529814,3.3208409849058054,5.0920901272008186,0.23995226536067515,False,False
7.665675875467255,0.1057511221382552,0.0,94.26078586794483,0.059887134529169495,10.10993012409366,2.1380335111689384,15.769632142186651,2.9480770369694893,10.37973387620442,39.22061594066327,20.39476232529814,2.1600008407257407,5.551985785413723,3.5751920525385628,False,True
6.95038383986769,0.10855105037145368,0.33159607793456264,53.435912442985355,0.2687968560609814,9.265609554409757,2.1720858608608222,16.477667230984842,4.995533604740131,10.37973387620442,36.9662757513923,20.700816477222862,4.6161776193308075,5.517796831869328,0.34599860825531353,False,False
7.290720353480465,0.09325413791302742,0.5582919033452184,44.604194858725535,0.3901292121930628,10.013563703750345,1.595927788074224,16.43265077025188,1.9980656391989138,11.487298776641158,42.786198672865616,20.39476232529814,2.5038388982805517,3.972269122623099,0.42491579484065234,False,False
7.126012578845193,0.09512209692995853,0.5758029721895398,46.11583810621495,0.43013055606989703,9.93147347733527,2.2847613570760616,18.826651572976857,1.0251524029487797,11.487298776641158,39.9158784774201,20.700816477222862,2.1600008407257407,5.517796831869328,0.3664046201951726,False,False
7.4703787365450935,0.10824232350054054,0.2182582266513736,61.83224976754574,0.15601293642547837,9.867534006456621,1.8401964034926102,15.769632142186651,2.9480770369694893,10.37973387620442,43.44078208827414,19.278987659382835,5.690043675112832,1.0601669323828313,1.4325765894868028,False,False
7.080956906004789,0.10322286162204224,0.34661844553438714,52.32301975661781,0.21525567432439285,9.298759228992813,1.6075597754753532,15.769632142186651,3.2487663602365258,10.37973387620442,40.64180861357324,20.39476232529814,4.048290760459554,5.0920901272008186,0.42491579484065234,False,False
7.951037756648618,0.08902803162775091,0.2411780653318833,69.26745002256226,0.4068011601869596,11.212075745372639,2.254597268283707,16.43297662985375,3.2487663602365258,11.03749153095346,44.08944644585897,19.278987659382835,0.2833922341003332,2.8888988900431305,2.7400402495709955,False,False
7.481601656804801,0.10748847149025917,0.1131636491714784,69.61790578195645,0.18241637421402285,10.01729418896339,1.7755959835961588,16.43265077025188,2.3185182034425407,11.487298776641158,41.80581505459259,18.773869584508674,4.360283206796508,2.8888988900431305,1.9326655137235216,False,False
7.786978317926941,0.09222106455822034,0.15394807328092835,72.8903373674631,0.366366709158356,10.961557003517642,2.1375403182223454,18.826651572976857,0.6009417439144984,11.487298776641158,42.8826508296385,18.74792755032705,0.2833922341003332,4.431097042830605,2.7400402495709955,False,False
6.919099082126951,0.11028580879132453,0.3417839659527553,53.12473121541855,0.2830534778311114,9.345279105918497,2.1046218222042268,18.826651572976857,2.2577696618228,11.03749153095346,37.05079937539415,20.39476232529814,5.064100433779432,5.022426491519853,0.34599860825531353,False,False
7.647127425934382,0.09402702211492267,0.16944440287762594,73.85677521513344,0.3964782854144461,10.80649358399334,2.268276818984419,18.826651572976857,2.9480770369694893,10.37973387620442,39.06187691252691,20.39476232529814,0.18989093121373055,5.551985785413723,2.647021559396731,False,False
7.543062990864516,0.08246447886388741,0.8936475172862721,34.94845543054207,0.6064229274450492,10.877994963874167,1.8974167613027706,17.192881399907503,1.9980656391989138,11.487298776641158,44.05817517660112,21.780214283894676,1.1791987922156195,1.8792501367003591,0.42491579484065234,False,False
7.933454640329353,0.096106100491829,0.10186319136221125,74.60680849300954,0.3358612591113611,11.165449337465297,2.29116597731907,18.826651572976857,1.0251524029487797,10.37973387620442,42.783527646756,20.700816477222862,2.1600008407257407,1.0601669323828313,3.0639502507825074,False,False
7.2143357447207075,0.10804933359134461,0.0725890144453153,72.62377113165732,0.06460834177056796,9.317401562682083,2.1261841778545354,15.769632142186651,1.0251524029487797,11.487298776641158,39.724843973369104,20.700816477222862,4.048290760459554,5.517796831869328,1.7261686353025645,True,False
7.307046100708769,0.09814424022645848,0.43219991686175296,53.900184296328305,0.3894854588584031,10.18599134367281,1.5575392411918234,20.611456834469674,1.0251524029487797,10.39715575944733,41.91762152486488,17.775440184247508,2.223129778874995,5.0920901272008186,0.9579533879460153,False,False
7.196920170259084,0.11397455555475336,0.031124162771814724,75.69558586805698,0.17791703937478232,9.675679651431132,1.9603710619501984,18.826651572976857,1.9980656391989138,11.487298776641158,36.863902862796785,19.01333559599693,4.360283206796508,5.517796831869328,1.9326655137235216,False,False
7.19261368474126,0.09301893390514641,0.5373658563350172,45.30365560885812,0.3780131859344828,9.879929507467207,1.6669373178462703,18.826651572976857,0.5307325730925379,10.37973387620442,42.10365418074876,20.56224537494587,2.138487674635566,5.0920901272008186,0.3664046201951726,False,False
7.225699489993848,0.09650175592536543,0.41895791166073465,47.268198774442155,0.2810696747673307,9.682814996020836,1.899771417732383,16.43265077025188,0.5307325730925379,11.487298776641158,43.43652965234673,20.39476232529814,3.3208409849058054,3.972269122623099,0.42491579484065234,False,False
7.358657231477534,0.09568779768806687,0.7138056569591363,39.45709190020392,0.4808968235664161,10.427403020723968,2.3601281773422733,18.826651572976857,0.5307325730925379,11.487298776641158,42.26471205934782,21.746910884615804,4.095846430752033,0.6814430823786158,0.3664046201951726,False,False
7.607938064521998,0.08990604077359705,0.5008811901277777,57.256336798166515,0.509738847467525,10.925731925430435,1.7088734303750956,18.023875533049114,1.9980656391989138,12.050574529238276,41.029390810319605,20.700816477222862,0.7455340338395113,3.7255743418291485,1.7261686353025645,False,False
8.052210906242335,0.09730599910865002,0.0,82.61285380796468,0.23796769967175885,11.101127710046397,1.9645197209486944,16.639404995384204,2.1367444503813853,10.37973387620442,43.65399452708471,20.39476232529814,2.1600008407257407,1.0601669323828313,3.5751920525385628,False,True
7.278551140205147,0.10099711886573688,0.40904861585718044,47.69804439908973,0.2651385204217947,9.697974627011346,1.5799323383184718,15.769632142186651,3.2487663602365258,10.37973387620442,43.64878207030928,19.278987659382835,4.360283206796508,2.8888988900431305,0.42491579484065234,False,False
7.2498414059205745,0.09684199154868897,0.9326728323802304,42.102326787744744,0.7494722295101793,10.917627021398909,2.1366978465850672,18.826651572976857,3.2799605754525083,16.76921307753949,38.90295487367553,15.158727760775154,1.1441017339715724,5.551985785413723,0.3664046201951726,False,False
7.450542161695165,0.11157438240498287,0.0,84.31885402852713,0.15585271045565985,10.029946490060398,1.6056648334257837,18.826651572976857,2.9480770369694893,10.37973387620442,38.49613571899611,17.79570699130023,3.3208409849058054,5.517796831869328,2.7150569867777707,False,True
7.798512564435206,0.11580404564435076,0.0,101.80153524446584,0.008525234236513413,10.32866817646144,2.296970379460219,16.43265077025188,2.3185182034425407,11.487298776641158,39.617506066673755,18.773869584508674,4.360283206796508,2.8888988900431305,4.120974501642359,False,True
7.455771564056395,0.08759986860460432,0.4765904294662402,53.682438836202266,0.4332165574798603,10.450434568799748,1.9377994504307694,18.826651572976857,1.052275865863814,10.37973387620442,42.35841439512212,20.39476232529814,0.2833922341003332,5.451220677069852,1.2535490533644715,False,False
7.49313909158087,0.10126403348113272,0.2301255743288637,64.26111622423325,0.3238460635743908,10.322369632316821,1.5118627311046826,17.060143271282318,3.2487663602365258,11.487298776641158,41.30437342209637,18.47631896344359,2.7184376352475814,3.972269122623099,1.7323924484293687,False,False
7.483105759534473,0.11786829046851402,0.0,85.56013781371055,0.019313722141491907,9.74933749655648,2.027816059881599,16.43297662985375,3.2487663602365258,10.37973387620442,39.34396316190968,19.278987659382835,5.827748548370634,2.747783514471161,2.7400402495709955,False,True
7.243846548036583,0.1177624153237879,0.026948878804177952,76.00490082525087,0.11953368502325945,9.582555941145142,1.7744949256850644,17.060143271282318,3.2487663602365258,11.487298776641158,37.59547768438362,19.01333559599693,5.690043675112832,3.972269122623099,1.9326655137235216,False,False
7.690490081470564,0.09321355871939625,0.021937674425329377,76.37614275273364,0.26212278846958015,10.521573327619864,1.8259366483301227,16.25194829752035,1.0251524029487797,12.050574529238276,42.16171803733698,19.88983341460832,0.3621417124245273,5.517796831869328,2.740834774053439,True,False
7.4259130551733605,0.10051771634063711,0.2583306989146896,64.69592248801423,0.35979450423796855,10.351340317892621,1.6206197360017174,19.19749871582255,2.2577696618228,11.03749153095346,40.20537657631193,18.442525298417834,2.1107430898490107,5.022426491519853,1.7261686353025645,False,False
7.4098304169043505,0.08512248035636476,0.5565709134123875,48.21782431703787,0.43977491772568766,10.314615420710851,2.2119520012821434,16.43297662985375,1.0251524029487797,12.050574529238276,43.213262912194914,20.700816477222862,0.18989093121373055,5.517796831869328,0.8695292854583642,False,False
7.963291781756593,0.08852813581014164,0.21136666934509946,69.41804265601561,0.37749471264469886,11.14743336505811,2.2314488059855995,16.43297662985375,3.2487663602365258,10.37973387620442,44.74720410060801,19.278987659382835,0.2833922341003332,2.8888988900431305,2.7400402495709955,False,False
7.151278573607608,0.12191153311272629,0.005986807901477009,77.55782084559482,0.03707821116007182,9.24926939372487,2.2551497273888486,18.826651572976857,2.9480770369694893,10.37973387620442,39.58090678398717,15.158727760775154,5.827748548370634,5.551985785413723,1.7261686353025645,False,False
7.053896365995253,0.11144545589639122,0.3306545828389535,53.505660636749866,0.21636697153685785,9.331316564857786,1.9487454485187863,15.769632142186651,3.2487663602365258,12.050574529238276,39.80029977393263,19.278987659382835,5.827748548370634,3.5990751918117954,0.42491579484065234,False,False
7.138546439762827,0.10193330125946773,0.2759439943483395,57.55875102969031,0.2352350064334786,9.508624505210742,1.9195472911039873,16.43265077025188,1.7092114051310632,11.487298776641158,39.96185546851954,20.700816477222862,3.3208409849058054,5.517796831869328,0.8695292854583642,True,False
7.642151469868985,0.09327005498135275,0.5261719782720283,55.533569365085654,0.5118868634718207,11.059078766849014,2.3584480643912387,20.611456834469674,1.0251524029487797,10.39715575944733,41.02826321245077,21.53474832764929,2.223129778874995,1.4539250488565962,1.7261686353025645,False,False
7.254385287588962,0.08427233918728563,0.85961115685007,37.462494130943455,0.6063167507638796,10.443305848034264,2.2864127142237787,18.826651572976857,2.883091210627681,10.37973387620442,40.241916666694145,21.746910884615804,0.18989093121373055,5.551985785413723,0.17981907225363664,True,False
7.068702880896816,0.10372275743965151,0.34865121825836465,52.172427123164454,0.24456212186665355,9.363401609307342,1.661087011500271,15.769632142186651,3.2487663602365258,11.03749153095346,39.984050958824206,20.39476232529814,4.048290760459554,5.0920901272008186,0.42491579484065234,False,False
7.170557604430863,0.12350879174070606,0.0,81.54945437158969,0.05360029220348528,9.384686533470887,1.883173921731381,18.826651572976857,1.9980656391989138,12.050574529238276,38.6010966095897,15.158727760775154,5.827748548370634,5.517796831869328,2.0193385079811392,False,True
8.286157241193147,0.09081972104062726,0.18934684434857427,82.43847055160607,0.47649767872258675,12.079217003558913,2.370387269631473,18.826651572976857,3.2487663602365258,10.37973387620442,42.19881170868723,20.39476232529814,0.2833922341003332,0.5869833312774984,4.080898591219,False,False
7.521647220112664,0.09204873547938344,0.41978674192757437,62.99463495024767,0.5059027572540169,10.820208503432507,1.8009737958238563,18.826651572976857,2.9480770369694893,11.487298776641158,38.53537396166004,20.56224537494587,0.18989093121373055,5.517796831869328,1.9326655137235216,False,False
7.885603653428302,0.09236845571660453,0.32771210534789424,67.37964150279116,0.4712104726578532,11.341739887467574,1.9617843685014378,18.826651572976857,2.9480770369694893,10.37973387620442,41.745304700238385,20.39476232529814,1.1791987922156195,1.8792501367003591,2.647021559396731,False,False
7.856616110160868,0.08270751189768667,0.7762446880391984,48.79891279117119,0.6798059750850727,11.675560056795218,2.2729796415966743,18.826651572976857,2.9480770369694893,11.03749153095346,42.37114117269866,21.746910884615804,0.2833922341003332,1.0601669323828313,1.7261686353025645,False,False
7.519517962639526,0.08498301430408613,0.7908512395746179,37.75914330982492,0.5379995904921382,10.673370923607058,2.2382771821001364,17.192881399907503,1.9980656391989138,11.487298776641158,45.54975304777019,19.278987659382835,1.1791987922156195,2.8888988900431305,0.42491579484065234,False,False
6.983084753876175,0.11295424446959036,0.31951413512073856,54.33097147447735,0.247380823510025,9.366407153866405,2.138617389664504,20.095944344305966,3.2487663602365258,8.92241449507512,38.18840508564495,19.14248279768401,5.690043675112832,4.287027447099942,0.42491579484065234,False,False
7.244294762268737,0.09281100435030899,0.7286290908102464,41.95032905283669,0.5320414970152384,10.341035307787832,1.7612813706872905,18.826651572976857,1.9980656391989138,11.487298776641158,39.957922176956025,21.23138725068304,2.1600008407257407,3.972269122623099,0.3664046201951726,False,False
7.500360030475249,0.0849691429659221,1.0431548271058388,33.240595109582195,0.7398316645682159,11.215539427139404,1.7979440737801164,20.434504427354316,1.9980656391989138,11.487298776641158,41.9544611304716,20.700816477222862,1.1791987922156195,1.8792501367003591,0.3664046201951726,False,False
7.700815571291883,0.10344471489190438,0.06797239152341777,76.1807450822185,0.3225207450216801,10.748756365753396,1.2656329340496628,16.43297662985375,3.2487663602365258,12.758551798293741,39.913577665227514,19.278987659382835,2.738200747391505,2.8888988900431305,2.7400402495709955,False,False
7.257691647430338,0.1049652643535393,0.5300906079305681,42.91114943727126,0.3362663483545473,9.885201590881925,1.9586233948896217,17.060143271282318,2.883091210627681,11.03749153095346,43.02388111842472,19.06536318896252,5.690043675112832,1.0601669323828313,0.17981907225363664,False,False
7.442502791937718,0.10606125341600386,0.1332871369049319,68.12710999534363,0.14034324004074789,9.787722969386838,1.8251188655351458,15.769632142186651,3.2487663602365258,10.37973387620442,42.659308585363306,18.442525298417834,4.048290760459554,3.7255743418291485,1.7261686353025645,False,False
7.380008304842907,0.08766636544505836,0.6511543720032678,47.89091274696648,0.5349049502799356,10.535997262675354,2.0116374479286314,18.826651572976857,2.9480770369694893,10.37973387620442,40.61257378747534,20.56224537494587,0.2833922341003332,5.517796831869328,0.8695292854583642,False,False
7.733404230544903,0.09156290425679194,0.104485990649438,73.36765128368901,0.32098159360192113,10.673667339440255,1.6037816906519429,15.769632142186651,3.2487663602365258,11.03749153095346,41.62034502351394,20.39476232529814,0.18989093121373055,5.0920901272008186,2.647021559396731,False,False
7.853263749269039,0.09456158559970229,0.34228498510330896,64.04881962426802,0.4391509464591676,11.178638537500344,2.112056659398331,18.826651572976857,1.9980656391989138,12.050574529238276,45.88997131590732,14.939121109292996,1.1791987922156195,2.8888988900431305,2.2275181511268896,False,False
7.165901942781495,0.10012395861862253,0.3956413384638966,48.69128736534898,0.23337526758155303,9.45912394653682,1.867886626428024,15.769632142186651,2.1489503631506133,10.577679310072694,42.41595720408936,20.700816477222862,4.048290760459554,3.972269122623099,0.3664046201951726,False,False
7.64869126403016,0.09379713489001137,0.15795648584606664,73.90460088313819,0.3850396136890299,10.781703570228458,2.2523941479830003,18.826651572976857,2.6455938462967192,10.37973387620442,39.36436010319968,20.39476232529814,0.18989093121373055,5.551985785413723,2.647021559396731,False,False
7.823597225567304,0.0888872818153825,0.0988048108435364,72.27733382358319,0.29946084271700457,10.77383740127818,1.636485308890154,16.43297662985375,1.6539792101601698,10.37973387620442,43.30622142680419,21.23138725068304,0.2833922341003332,3.972269122623099,2.7400402495709955,True,False
7.529977480804173,0.09916824965512105,0.4673672016118947,52.26439794882457,0.4032918680643174,10.583554320739802,1.8220919866669583,18.933779632624653,1.052275865863814,11.03749153095346,42.62105552454287,20.39476232529814,4.037544642036489,0.6814430823786158,1.2416473963019723,False,False
7.35818449419317,0.08337191591133333,0.6612947919417876,41.84042388450891,0.45943866276674605,10.215460285700267,2.157979345628639,16.965574700738735,1.9980656391989138,10.37973387620442,43.78901679516697,20.700816477222862,0.18989093121373055,5.551985785413723,0.42491579484065234,True,False
7.52637725661039,0.09151149003692055,0.9135936655710251,36.63496969834508,0.6514836015299004,11.006954881544917,1.567341364585002,18.826651572976857,4.995533604740131,10.37973387620442,42.39295523140894,19.291232151827046,2.5038388982805517,1.185138869721404,0.42491579484065234,False,False
7.611509038089535,0.0915757078687794,0.1452275355309037,70.51379735656226,0.32332246387911046,10.553060508801938,2.0066172866349143,18.826651572976857,0.5307325730925379,10.37973387620442,41.51767503654505,20.56224537494587,0.2833922341003332,5.517796831869328,2.3817725002656065,False,False
7.252874856474151,0.11533217541539777,0.021663469605800265,76.39645649730106,0.01986850182752098,9.30500591046742,2.067817242505173,15.769632142186651,2.9480770369694893,10.37973387620442,38.92389791796423,20.39476232529814,5.690043675112832,3.972269122623099,1.921583903641137,False,False
7.299758824766531,0.102834507638842,0.6861444885387387,41.83167273714194,0.48553046842770253,10.36039229530627,1.9356898812640064,18.826651572976857,3.2487663602365258,11.03749153095346,40.400786086121656,20.39476232529814,5.064100433779432,0.6814430823786158,0.34599860825531353,False,False
7.190947038782581,0.11654750099889423,0.07092376072094787,72.74713708435951,0.12628310732771836,9.54883768425778,1.5798344350161397,18.826651572976857,0.9406885682873661,11.487298776641158,38.34844757261196,19.01333559599693,5.690043675112832,3.972269122623099,1.721265115749796,False,False
7.448892518186178,0.08433174414359418,0.8244198661636786,37.52380652114901,0.5700630829476485,10.65993955411282,1.748422839291297,17.192881399907503,1.9980656391989138,11.487298776641158,42.88061304575401,21.948127661399017,1.1791987922156195,2.8888988900431305,0.42491579484065234,False,False
7.258466507292912,0.0954317408435612,0.6072184624060426,43.218947263994735,0.42201955410276926,10.072812688505964,1.9927049618434567,15.092653057836916,1.0251524029487797,14.24096046827841,41.644726539530666,21.42036303626112,3.3208409849058054,2.8888988900431305,0.3664046201951726,False,False
7.220490438762787,0.09639638445682111,0.46403571360937906,46.01850176726984,0.31082994081716186,9.739034879799828,1.7512993104951418,16.43297662985375,1.0251524029487797,11.487298776641158,42.94824587876765,20.56224537494587,3.3208409849058054,3.856835331741812,0.3664046201951726,False,False
6.964679395505506,0.10664886671345558,0.32433621364262843,53.973740439859085,0.18661976701971955,9.032762783299704,2.343252018500292,14.310645359150346,4.995533604740131,10.37973387620442,38.08720321583385,21.746910884615804,4.6161776193308075,5.517796831869328,0.34599860825531353,True,False
7.618407772841259,0.07916713404352774,1.302793519152684,25.566993803902143,0.9044714657769624,11.722771972335288,1.8514562033494533,18.826651572976857,2.883091210627681,13.741722405918273,42.63039424644224,20.39476232529814,0.2833922341003332,1.0601669323828313,0.17981907225363664,False,False
7.666666931712184,0.07606620625357301,1.223995432147965,25.095325841946586,0.8146225058594867,11.531681046707863,2.365738533009584,18.826651572976857,2.883091210627681,11.03749153095346,44.361200412093616,21.746910884615804,0.2833922341003332,0.6814430823786158,0.17981907225363664,True,False
7.427021879877389,0.0840770632647591,0.5663302107381134,47.52091141587305,0.4401463067394943,10.297015176133492,2.193471686314635,15.769632142186651,2.9480770369694893,10.37973387620442,42.20439114803555,22.45315414984438,0.2833922341003332,5.0920901272008186,0.8695292854583642,True,False
7.477757476466758,0.08201684022088385,0.8218478409898724,37.8355138994952,0.5717885912149016,10.657087045714587,1.922281524435875,16.43265077025188,2.883091210627681,11.487298776641158,43.905505258620984,20.61087683229422,0.2833922341003332,3.972269122623099,0.42491579484065234,False,False
7.648911119667676,0.07960954865791077,1.1911839263147344,29.629482419023347,0.8445768553696014,11.654151840154645,1.7896023044742622,18.826651572976857,1.9980656391989138,13.687301420258017,43.20568246616118,20.39476232529814,0.2833922341003332,1.179228547165914,0.42491579484065234,False,False
7.257898782716118,0.11569670964555845,0.021147920458054963,76.43464960315978,0.016748812380983802,9.359799447315355,2.266087232674532,17.060143271282318,0.5307325730925379,11.487298776641158,40.313511471527605,19.01333559599693,5.690043675112832,3.972269122623099,1.9326655137235216,False,False
7.2697467339822275,0.10562448282253112,0.6168144848709461,44.380394934205505,0.4486834224807179,10.251480996996905,1.9472810436553496,18.826651572976857,3.2487663602365258,11.03749153095346,39.855559934243274,20.39476232529814,5.530409399072475,0.6814430823786158,0.42491579484065234,False,False
7.517983263804588,0.08281430715123372,1.1174238735309907,33.004354175002376,0.8148212240958571,11.331920668521049,2.0220452627553267,16.477667230984842,4.70802378363406,14.24096046827841,40.73339175035252,20.39476232529814,0.18989093121373055,2.8888988900431305,0.3664046201951726,False,False
7.268257225235187,0.11720257785884014,0.08692549212012902,71.5616908006742,0.1981223904936601,9.757297434352362,1.3119823398704202,16.477667230984842,5.208672500692854,11.487298776641158,37.33375588394152,18.588884281317448,5.690043675112832,3.492412535559542,1.721265115749796,False,False
7.437302981745704,0.0867502863984197,0.6007502106919347,48.03043250975799,0.48371544763308166,10.468707748223931,2.1647225083290897,17.060143271282318,1.9980656391989138,12.050574529238276,43.30066391574214,19.01333559599693,0.18989093121373055,5.517796831869328,0.8695292854583642,False,False
7.113584802939837,0.09515400658364633,0.5288853444043716,45.05952081734091,0.36558954573856806,9.614529352284663,2.33658934007939,14.899324693474314,4.995533604740131,10.37973387620442,39.650462562001415,21.87349046117621,2.5038388982805517,5.517796831869328,0.17981907225363664,True,False
7.1113314779512935,0.10205002902897639,0.39015259342447134,49.097906639649246,0.24135376936395814,9.44227296850243,1.8982135682746906,16.4279864151437,1.0251524029487797,11.487298776641158,41.680194990368584,20.700816477222862,4.360283206796508,3.972269122623099,0.34599860825531353,False,False
7.236212850438759,0.10047327646997145,0.5746807433503034,47.04141159754367,0.4421276078037372,10.077060753761874,1.887245908680971,18.826651572976857,4.995533604740131,10.37973387620442,42.23752989335385,15.158727760775154,2.5038388982805517,5.551985785413723,0.34599860825531353,False,False
7.5638489844298435,0.08245586403943349,1.0295305759145799,31.676900039933017,0.7031896483172188,11.186980363456284,2.0967603144032703,17.192881399907503,0.5307325730925379,14.24096046827841,43.65149182317178,21.780214283894676,1.4076223655452935,0.8296924659146293,0.3664046201951726,False,False
7.4098304169043505,0.08512248035636476,0.5565709134123875,48.21782431703787,0.43977491772568766,10.314615420710851,2.2119520012821434,16.43297662985375,1.0251524029487797,12.050574529238276,43.213262912194914,20.700816477222862,0.18989093121373055,5.517796831869328,0.8695292854583642,False,False
7.211219579035518,0.10769953807060834,0.5482072287870081,46.28461791892482,0.40342062387635724,10.068754549682298,2.2523315028782105,18.826651572976857,2.9480770369694893,11.03749153095346,39.48018625820793,20.39476232529814,5.827748548370634,1.0601669323828313,0.42491579484065234,False,False
7.179176049803661,0.0986026125773196,0.5407100437397856,46.53006262501343,0.3990064481281733,9.961718612216593,1.6285858585030146,18.702516008756376,1.0251524029487797,11.487298776641158,40.67224458398599,20.39476232529814,3.3208409849058054,3.972269122623099,0.42491579484065234,False,False
7.616967746627133,0.08440203681204542,0.5330366257510419,51.882284766940636,0.4671314734220353,10.755246578965739,2.3705090392929398,17.060143271282318,0.6192356759484732,12.050574529238276,44.15015324554383,20.56224537494587,0.18989093121373055,3.972269122623099,1.395487849204404,False,False
7.445192733074132,0.0957159405091336,0.6174888562732794,41.30432547957965,0.4055888747611783,10.274800516631368,1.7569463367375775,15.769632142186651,3.2487663602365258,11.03749153095346,44.22046203317231,20.39476232529814,4.048290760459554,0.8556790528527113,0.42491579484065234,False,False
7.774869149768158,0.10514794650177041,0.02205314434261703,76.36758846689348,0.16877239928851995,10.490927408983323,2.3345632309029662,16.965574700738735,1.9980656391989138,10.37973387620442,43.38842670031439,19.278987659382835,4.121150324071741,1.1280208505179719,2.7400402495709955,False,False
7.852193784631833,0.08545911481813173,0.9679242096661442,46.914528403856835,0.8551925333968224,12.185041385590724,2.2910476800855544,22.173281660071673,3.2487663602365258,11.487298776641158,39.99866311284419,20.39476232529814,0.2833922341003332,0.6814430823786158,1.7323924484293687,False,False
7.174988137220955,0.09292502913597879,0.44830779418993466,46.89078134877285,0.30665903553963003,9.639274878554183,1.8989174900729429,16.43019272654397,0.5307325730925379,11.487298776641158,42.806757153709235,20.700816477222862,2.1600008407257407,5.517796831869328,0.3664046201951726,False,False
7.926772706676856,0.10046343286320644,0.22909988842394524,74.76201130653311,0.4723062028667122,11.491383441455431,2.1534414173634397,18.826651572976857,4.995533604740131,10.37973387620442,38.937728561210605,20.56224537494587,2.5038388982805517,0.6814430823786158,3.1128250292629587,False,False
7.415542048701135,0.09554454035381432,0.42496983155367524,55.32497096408348,0.40214796889779836,10.362628824310937,1.0046340047145987,18.826651572976857,1.9980656391989138,10.37973387620442,41.01496756960836,20.39476232529814,2.1600008407257407,3.972269122623099,1.2535490533644715,False,False
7.483254388714099,0.08853266106737875,0.5558833437018995,52.909524401596684,0.5058635817982818,10.655591127014192,1.9394566895529348,18.826651572976857,2.9480770369694893,10.37973387620442,41.410969984595646,19.64173639034614,0.18989093121373055,5.349391154329245,1.2535490533644715,False,False
7.430883625988055,0.09999302565039793,0.719784270594923,40.93573797011834,0.5082615175628292,10.51630141976708,2.040332804280642,16.43265077025188,6.359427609549349,10.37973387620442,41.13111410209861,20.39476232529814,4.6161776193308075,0.2612179024261468,0.42491579484065234,False,False
7.246293902522922,0.09276848859605653,0.7302185426676264,41.89262003529842,0.5328965401507988,10.345874785486144,1.7492968311709678,18.826651572976857,1.9980656391989138,11.487298776641158,39.980417285026085,21.23138725068304,2.1600008407257407,3.9497740145530367,0.3664046201951726,False,False
7.889620067526476,0.0822438981967435,0.8127198640374923,47.871325554885274,0.7050776050555869,11.782565270370045,2.2850722220191475,18.826651572976857,3.2487663602365258,11.03749153095346,42.44295188630904,21.746910884615804,0.2833922341003332,0.6814430823786158,1.7323924484293687,False,False
7.151278573607608,0.12191153311272629,0.005986807901477009,77.55782084559482,0.03707821116007182,9.24926939372487,2.2551497273888486,18.826651572976857,2.9480770369694893,10.37973387620442,39.58090678398717,15.158727760775154,5.827748548370634,5.551985785413723,1.7261686353025645,False,False
7.452551848032836,0.08076122635904591,0.8676721500890241,34.34020251663575,0.5703568437470544,10.57836974836596,2.1494147591105013,16.43265077025188,2.883091210627681,11.03749153095346,44.67256984458157,20.538716214608353,0.2833922341003332,3.972269122623099,0.17981907225363664,True,False
7.741640521654201,0.0974473300336987,0.39127852712260003,59.913519890919105,0.43194872711398713,10.988818672562006,1.8026386436985846,18.826651572976857,2.9480770369694893,10.37973387620442,42.973948502589685,19.01333559599693,2.86542096915626,1.0601669323828313,1.9326655137235216,False,False
7.088367076251918,0.1014179026048676,0.3559750146271267,51.629862886130624,0.21665513967282873,9.321099892385691,1.758602257218124,15.769632142186651,1.9980656391989138,11.03749153095346,41.16833143687449,20.700816477222862,3.8086568515221577,5.0920901272008186,0.42491579484065234,True,False
7.565923235986419,0.0883874007409072,0.8035925779688344,37.3143612514813,0.545107603940631,10.752411825869157,1.7060591986562967,15.769632142186651,3.2487663602365258,12.410406265295027,45.585634651741216,18.840108926162035,2.1600008407257407,1.5605350188121512,0.42491579484065234,False,False
7.3157092964685795,0.10589753212802544,0.4216462197305124,53.91776648074835,0.3786016945839419,10.146909441122848,1.2793144176199915,18.826651572976857,4.427267656228498,10.37973387620442,41.031946499925546,16.951014543961175,4.048290760459554,3.4655658047855855,0.8695292854583642,False,False
7.294757087752952,0.10144021866703556,0.815327282816537,40.10292256464539,0.5971993512857047,10.612147862085894,1.2570257135782452,18.826651572976857,4.995533604740131,11.03749153095346,37.749793096749016,21.746910884615804,4.6161776193308075,0.6814430823786158,0.34599860825531353,False,False
7.489536824192674,0.08559865343043052,0.7261950760010999,44.45049507871244,0.5650782355456045,10.772097050975189,2.033747311043636,18.826651572976857,1.6539792101601698,11.487298776641158,43.21780086894939,19.278987659382835,0.2833922341003332,4.431097042830605,0.8207926349586488,False,False
7.524938930714269,0.09281613451136407,0.3846270673424528,64.55365765048359,0.49101119304704816,10.802880762674194,1.8166545821291258,18.826651572976857,2.883091210627681,11.487298776641158,38.371554033509284,20.61087683229422,0.2833922341003332,5.517796831869328,2.0193385079811392,False,False
7.361592265564971,0.10084219417272468,0.1020035738544121,70.44467067884389,0.1717980201089871,9.814907015020202,2.363386664954269,18.826651572976857,0.5307325730925379,9.370903286475125,40.63787864890783,20.700816477222862,2.502091309265883,5.517796831869328,1.9131293001895777,True,False
7.465088120045048,0.09549461767913162,0.5504071392110507,55.51977460696247,0.5372585084374824,10.73918800402045,1.819118408842528,17.060143271282318,4.995533604740131,12.050574529238276,38.319436882069674,20.56224537494587,1.6443093658962253,3.972269122623099,1.395487849204404,False,False
7.457168230533157,0.09781170897017546,0.19857618513512343,63.484028436000756,0.2794950254467782,10.19898383800953,1.5744064974217267,18.826651572976857,0.28045802876246106,10.37973387620442,41.75353801045695,20.56224537494587,2.5038388982805517,3.972269122623099,1.721265115749796,False,False
7.678994834525472,0.07813750918240511,1.1558385975072674,28.790009240769578,0.7953326766043152,11.531549252248285,2.1261189545726777,18.826651572976857,2.9480770369694893,11.487298776641158,44.3271923495113,20.700816477222862,0.2833922341003332,1.0601669323828313,0.3664046201951726,False,False
7.373288724889824,0.09420846788997939,0.5237811980045898,49.72168188800348,0.4265980591452227,10.310527589893848,1.1536564118725163,18.826651572976857,1.9980656391989138,10.37973387620442,41.90391624820429,19.88983341460832,2.1600008407257407,3.972269122623099,0.8695292854583642,False,False
7.039604722812839,0.11891905273984786,0.03378773315612295,75.49826224509115,0.018477725976297044,9.045648426162156,2.070131110652401,18.826651572976857,0.9406885682873661,10.37973387620442,37.87219816083853,19.01333559599693,5.827748548370634,5.551985785413723,1.587657891911537,True,False
7.666666931712184,0.07606620625357301,1.223995432147965,25.095325841946586,0.8146225058594867,11.531681046707863,2.365738533009584,18.826651572976857,2.883091210627681,11.03749153095346,44.361200412093616,21.746910884615804,0.2833922341003332,0.6814430823786158,0.17981907225363664,True,False
7.120486218593426,0.11862680007551245,0.0,80.39766969665966,0.0,9.028278013609324,2.360366301479437,17.060143271282318,0.5426313355643904,11.487298776641158,38.756084999809524,19.01333559599693,5.690043675112832,5.517796831869328,1.9326655137235216,True,True
7.7728926723562335,0.08888941044188932,0.2100346384881881,68.91834214431572,0.3689732331156695,10.84176195235094,1.7095377905434237,16.43265077025188,2.883091210627681,10.37973387620442,41.774006671445655,21.746910884615804,0.2833922341003332,3.972269122623099,2.527945230131137,False,False
7.1550649059513205,0.09495487509735663,0.42408364444791047,47.67722582844305,0.2923022378337677,9.55446139000216,1.79829920294407,15.769632142186651,1.9980656391989138,11.03749153095346,42.12635987203293,20.700816477222862,2.5038388982805517,5.517796831869328,0.34599860825531353,True,False
7.072884303502086,0.10559087896423441,0.26079164646417696,58.68127296436712,0.26256862714404455,9.517941263283692,1.9636253780643786,16.965574700738735,1.9980656391989138,12.050574529238276,38.088985684751364,20.700816477222862,3.8086568515221577,5.517796831869328,0.8695292854583642,True,False
7.83789507753169,0.08821427341881356,0.12941811832835654,71.74663440914266,0.3242002427430033,10.841897345834509,1.7992070079889113,15.769632142186651,1.9980656391989138,11.03749153095346,43.141929338103104,21.23138725068304,0.10918472668073677,3.972269122623099,2.7400402495709955,True,False
7.24879698778396,0.09372733087505264,0.6037720151793657,44.164943422119116,0.43185539267344997,10.123374628388207,1.7102973695803387,18.826651572976857,0.28045802876246106,11.487298776641158,41.94232243092936,20.56224537494587,2.5038388982805517,3.972269122623099,0.42491579484065234,False,False
7.465783184528679,0.08840180072783445,0.47552644437354336,55.70466983538722,0.4608924505668405,10.527699476883853,1.8739913290726786,17.060143271282318,1.9980656391989138,12.050574529238276,41.05303551722577,20.700816477222862,0.18989093121373055,5.551985785413723,1.395487849204404,False,False
7.257898782716118,0.11569670964555845,0.021147920458054963,76.43464960315978,0.016748812380983802,9.359799447315355,2.266087232674532,17.060143271282318,0.5307325730925379,11.487298776641158,40.313511471527605,19.01333559599693,5.690043675112832,3.972269122623099,1.9326655137235216,False,False
7.835993339612639,0.09013898417457104,0.13067724065504172,71.97068259930117,0.32871926554674763,10.922481165091694,2.373054951663917,18.826651572976857,0.28045802876246106,10.37973387620442,44.238467256379,19.278987659382835,0.2833922341003332,3.972269122623099,2.7400402495709955,False,False
8.0236098225273,0.09512947859763737,0.0,79.1727954633725,0.2600049180344679,11.104109714055019,2.1178034023063437,16.43297662985375,1.0251524029487797,11.03749153095346,43.50636112592963,21.746910884615804,2.1600008407257407,0.6814430823786158,3.4096635025942224,False,True
7.181865237142545,0.09426375941606109,0.6992416167193461,43.562488749124306,0.5239963231849465,10.241172981463366,2.1847313528462893,16.43019272654397,0.5307325730925379,15.569223857995244,39.65791820026351,20.700816477222862,2.1600008407257407,4.584710703960964,0.3664046201951726,False,False
7.021977411236687,0.10283012731283904,0.4938566387972641,50.57131294537725,0.4071271634354629,9.751036461331287,1.6207165744226195,18.826651572976857,3.2487663602365258,11.03749153095346,37.06756260392325,20.39476232529814,3.193113612406697,5.806736199364416,0.42491579484065234,False,False
7.608112226163809,0.0788339036618046,1.1887295318954472,28.89402324532957,0.8315138658289298,11.574341446053282,1.7073487019679403,19.141939730867076,0.5307325730925379,14.24096046827841,43.534307264490465,20.56224537494587,0.18989093121373055,1.4539250488565962,0.34599860825531353,False,False
7.215125224427165,0.09957880156910673,0.3946781958661757,48.76263925750645,0.23988198995524673,9.585779204306473,1.6795611692413221,17.060143271282318,0.5307325730925379,11.03749153095346,44.15245525968885,19.01333559599693,3.8086568515221577,3.972269122623099,0.42491579484065234,False,False
7.067596509028865,0.11260159409285034,0.18341822645364309,64.41327976534389,0.12788249655172235,9.283605661248554,1.9730979280373908,18.826651572976857,0.6009417439144984,10.37973387620442,38.664504359874115,20.56224537494587,5.539584966307458,4.312175510182845,1.1141625955939307,False,False
6.952832927106172,0.10599955091173342,0.3254899683220648,53.88826755177571,0.14930406877936603,9.00854476869333,2.289505313825711,16.477667230984842,0.5307325730925379,11.487298776641158,40.32351188260316,20.700816477222862,4.6161776193308075,5.517796831869328,0.34599860825531353,True,False
7.5213558158024,0.10285255490291023,0.39019401257378683,60.028608709790404,0.4324435330765932,10.703613748118709,2.1035441576371428,18.826651572976857,2.9480770369694893,11.03749153095346,38.59866120917364,21.746910884615804,4.055872197625345,1.0601669323828313,1.7261686353025645,False,False
8.041731363709005,0.09661849300621478,0.012233753748097098,81.42832127586078,0.2896433681390833,11.220401939104308,2.3811106344226376,16.43297662985375,2.1567391381973513,11.03749153095346,42.20924584073671,21.746910884615804,2.1600008407257407,0.6814430823786158,3.5751920525385628,False,False
7.57168567015135,0.11699808558204629,0.0,93.47826472836633,0.051334553815062356,9.982404104052724,1.988473021475156,16.02770944339224,4.995533604740131,10.37973387620442,37.67600392824148,19.01333559599693,4.6161776193308075,3.972269122623099,3.319236809470903,False,True
7.534221921301948,0.0830600154212004,1.0026181367408462,33.45312260348064,0.7000920398537298,11.08862523057539,2.063656982527067,18.826651572976857,3.907267579057649,10.37973387620442,42.82111718841879,20.56224537494587,0.7621243819097817,2.394861418231315,0.34599860825531353,False,False
7.649341592933424,0.09077112219695593,0.17530697815136417,69.4216881028811,0.3395036528938585,10.644644781117885,1.9382404201504393,18.826651572976857,0.5307325730925379,10.37973387620442,41.94338174121356,20.56224537494587,0.2833922341003332,5.0920901272008186,2.3817725002656065,False,False
7.063798438795981,0.10347112154336298,0.4040405191857626,51.0658178726731,0.3194133544020198,9.56719711883958,1.3717109598905668,17.122275796709204,3.2487663602365258,11.03749153095346,38.871041213239046,20.39476232529814,3.8086568515221577,5.0920901272008186,0.42491579484065234,False,False
6.900545492974279,0.1100405851804576,0.32025540556055565,54.276056398966716,0.24437093300557478,9.235532034982501,1.833099685264296,18.840575380338255,1.052275865863814,11.487298776641158,37.776803133105915,20.082239350491285,4.94318219629456,5.451220677069852,0.3664046201951726,False,False
7.3825582800177765,0.11402318341907405,0.0,79.21874199093907,0.08497545293559133,9.782242688456938,2.0586792596045016,18.826651572976857,0.5307325730925379,10.37973387620442,38.941431556498266,20.56224537494587,5.378573501638368,2.9988590443780825,2.3817725002656065,False,True
8.05766113256775,0.09707129042291364,0.0,82.2889967334512,0.22129921104398959,11.081902420737684,2.3763230101041772,16.43297662985375,1.0251524029487797,11.03749153095346,44.188882732426194,20.700816477222862,2.35804509167778,0.6814430823786158,3.5751920525385628,False,True
7.434070732743046,0.10058613402048826,0.15407246113704398,66.58728378832379,0.12870930754065896,9.75842420564216,1.8740716840317035,16.43265077025188,0.5307325730925379,10.37973387620442,43.247745231874326,20.39476232529814,3.3208409849058054,3.972269122623099,1.721265115749796,False,False
7.78254542289088,0.09106185807676999,0.11912908639522087,73.22019826540782,0.3343301953479326,10.816385232000703,1.4851192379600724,16.43297662985375,1.9980656391989138,11.487298776641158,42.2323671025061,20.39476232529814,0.2833922341003332,4.431097042830605,2.7400402495709955,False,False
7.897051904919218,0.08203517878115113,0.7110572266059706,49.11596830479181,0.6155483603792203,11.57591985086665,2.35529769673462,18.826651572976857,1.6539792101601698,11.03749153095346,44.9405719168831,20.47157796724068,0.2833922341003332,1.0601669323828313,1.7261686353025645,False,False
7.559517430241092,0.09263636263097559,0.35829084477683104,64.90262625685486,0.46819610663411465,10.72931340900278,2.0841764433050787,16.477667230984842,4.995533604740131,11.487298776641158,38.60809598138884,20.61087683229422,0.2833922341003332,5.517796831869328,2.0193385079811392,False,False
7.433392792567665,0.08378695867219736,0.9263980440704902,37.25939984097238,0.673884670511612,10.889987190806329,1.7776042067743856,17.41781106269325,2.883091210627681,12.816950175449627,41.58494670707293,20.61087683229422,0.2833922341003332,3.978015982921312,0.42491579484065234,False,False
7.097442311241106,0.10069901898335305,0.6200934503358322,47.67129885497126,0.4990081775857877,10.069065461862929,1.850715162848578,18.826651572976857,4.359624060437838,11.03749153095346,36.655559350586316,20.700816477222862,2.9028510857812027,5.0920901272008186,0.42491579484065234,False,False
7.146133136729471,0.11562114012015322,0.0900148830450491,71.33282138026979,0.0938957191527694,9.379060651422487,2.154895662601451,18.826651572976857,0.9406885682873661,10.37973387620442,38.17220938502105,20.29304103460504,5.827748548370634,3.972269122623099,1.587657891911537,True,False
7.405664677181884,0.08664495392918094,0.5529063664366363,48.64722137628676,0.44202382292978626,10.330251427767255,2.180859160354422,16.965574700738735,1.0251524029487797,12.050574529238276,43.319397122713674,19.88983341460832,0.3621417124245273,5.517796831869328,0.8695292854583642,False,False
7.108031011510731,0.09694833341517983,0.3896715874775785,49.13354070311089,0.2572565909189715,9.445160835618761,1.6981863239533634,16.43019272654397,0.5307325730925379,11.487298776641158,42.05332938606859,20.700816477222862,2.91342860836639,5.517796831869328,0.3664046201951726,True,False
7.067596509028865,0.11260159409285034,0.18341822645364309,64.41327976534389,0.12788249655172235,9.283605661248554,1.9730979280373908,18.826651572976857,0.6009417439144984,10.37973387620442,38.664504359874115,20.56224537494587,5.539584966307458,4.312175510182845,1.1141625955939307,False,False
7.382558065274513,0.0968429111963678,0.7586768448419643,40.24732016028789,0.5394894915080926,10.58741568690168,1.3299742440486504,18.826651572976857,2.9480770369694893,11.03749153095346,41.19322380313169,20.700816477222862,3.8086568515221577,1.0601669323828313,0.42491579484065234,False,False
7.7680441099483275,0.08430749205001052,0.8276306129258115,43.72109593287578,0.6617054238473066,11.457060299643889,1.7400803677342183,18.826651572976857,2.883091210627681,11.03749153095346,43.526955428471666,20.538716214608353,0.8733780566146712,1.0601669323828313,1.2535490533644715,False,False
7.3902159886974905,0.08520224034064272,0.5798997297807744,48.10946627268341,0.4628437024959213,10.334188795765193,2.043725634813075,16.43265077025188,1.9980656391989138,11.487298776641158,41.8559314110909,21.64883635427573,0.18989093121373055,5.517796831869328,0.8695292854583642,False,False
6.891507961087424,0.11015862389534599,0.3096132090952244,55.064455599988264,0.24979885670511975,9.247148921101381,2.2266172639438246,18.901488709612376,1.052275865863814,11.487298776641158,37.04017420700291,20.699443772674684,4.94318219629456,5.451220677069852,0.42491579484065234,False,False
7.36494553060397,0.10355889051123922,0.18813582606496118,65.57283448198278,0.29822693283231827,10.152290463659268,1.8496498186836179,18.826651572976857,0.9406885682873661,11.487298776641158,39.33622353351778,20.39476232529814,3.3208409849058054,3.972269122623099,1.721265115749796,False,False
7.021977411236687,0.10283012731283904,0.4938566387972641,50.57131294537725,0.4071271634354629,9.751036461331287,1.6207165744226195,18.826651572976857,3.2487663602365258,11.03749153095346,37.06756260392325,20.39476232529814,3.193113612406697,5.806736199364416,0.42491579484065234,False,False
7.77066701648064,0.10300904797659938,0.1317285114671685,73.63558870512499,0.3535381241393837,10.956963440972224,1.8214666898558247,18.826651572976857,3.2487663602365258,10.37973387620442,40.2766996577934,19.88983341460832,3.193113612406697,1.4443667317203464,2.740834774053439,False,False
7.277092452927121,0.11594884848065926,0.061749885935006375,73.42675952650006,0.041062855278633015,9.392678445022101,2.0117722434927736,16.43265077025188,1.9980656391989138,11.487298776641158,41.39483162386495,17.303575276557375,5.690043675112832,3.972269122623099,1.721265115749796,False,False
6.98943120089064,0.1122362748477592,0.3306460225128034,53.506294806051216,0.2681340655514122,9.437950133169844,1.6439903420126476,18.826651572976857,1.8593248138015084,11.487298776641158,38.38492180263393,19.35457444136997,5.690043675112832,3.972269122623099,0.42491579484065234,False,False
7.243867025830972,0.09041942136465082,0.5162448474387636,45.33411918010152,0.3561643503400173,9.799624697695517,1.6623234083620604,15.769632142186651,2.9480770369694893,10.37973387620442,42.69706295097518,20.700816477222862,1.5862871108325067,5.551985785413723,0.3664046201951726,False,False
7.4563608679439835,0.0807963511080376,0.8658617038956254,34.35289486173646,0.5686275734800946,10.57909413819789,2.175884374541051,16.43265077025188,2.883091210627681,11.03749153095346,44.81652373389178,20.39476232529814,0.2833922341003332,3.972269122623099,0.17981907225363664,False,False
7.559021347326899,0.09019845869809842,0.24447803336560078,65.18345261242511,0.35212281174263776,10.50148985858504,1.9592605406659838,18.826651572976857,0.5307325730925379,10.37973387620442,41.880109028829516,20.56224537494587,0.2833922341003332,5.517796831869328,2.0193385079811392,True,False
7.954652556404599,0.08394694931152748,0.6267777175076072,54.70856889138253,0.6062771658868902,11.671383703660263,1.968933105376868,18.826651572976857,2.9480770369694893,10.37973387620442,43.78015895274728,20.61087683229422,0.2833922341003332,1.0601669323828313,2.1109425623245657,False,False
7.402132133618293,0.08640001359158574,0.9005736416982266,43.370755353973024,0.733671152679408,11.097240116967264,1.818700330433743,18.826651572976857,2.883091210627681,13.07803767590546,37.279538230496826,22.71320120731049,0.2833922341003332,4.066558583123987,0.8695292854583642,False,False
6.98505827641828,0.10472020846840957,0.3311382146081518,53.46983204613263,0.16104492407871712,9.06853276017449,2.1342390671854834,16.43297662985375,1.0251524029487797,11.03749153095346,40.55727115275764,20.700816477222862,4.3620903541990135,5.517796831869328,0.3664046201951726,False,False
7.027476704984122,0.11217958828505152,0.4865947147424861,49.821282809291155,0.38878472645392415,9.82426826463528,2.11327393451134,18.826651572976857,0.9406885682873661,14.24096046827841,37.8953117358515,19.01333559599693,5.827748548370634,2.8888988900431305,0.3664046201951726,False,False
7.54187641042129,0.0892315288382132,0.32003159121479996,60.908507355663815,0.3709527306164895,10.443405135675192,1.8314506242786963,18.826651572976857,2.883091210627681,8.261079325757272,41.89584687662452,20.61087683229422,0.2833922341003332,5.517796831869328,1.721265115749796,False,False
7.668787594041853,0.07711191857855448,1.1802302971647602,26.18612342707953,0.7839842320562762,11.457008557169157,2.25872872552096,18.826651572976857,2.883091210627681,11.03749153095346,45.33462512140706,20.39476232529814,0.2833922341003332,1.0601669323828313,0.17981907225363664,False,False
7.383279937577416,0.08782113674417909,0.6430803701994519,48.18414783443125,0.5305628110829371,10.531330409146127,2.0470530039528643,18.826651572976857,2.9480770369694893,10.37973387620442,40.73289727494507,20.39476232529814,0.2833922341003332,5.551985785413723,0.8824998940919777,False,False
7.4803584908347736,0.11990902453115748,0.0,88.89929273040701,0.02479487491218685,9.863393262896434,1.699789883979194,18.826651572976857,0.6009417439144984,11.487298776641158,39.93118278536198,17.303575276557375,5.690043675112832,3.2241977808397313,2.9361083885955694,False,True
6.950784125239943,0.10805636565971005,0.3103840189411858,55.007352175082026,0.12984919345677903,8.96437524369336,2.2699172266176086,16.679567467147596,1.052275865863814,11.03749153095346,40.38761829198427,20.082239350491285,4.94318219629456,5.451220677069852,0.3664046201951726,False,False
7.893556388111992,0.0990547137403431,0.19459863751750955,74.78639360667961,0.43625460915411335,11.376411244850042,2.2656571607308957,18.826651572976857,2.883091210627681,11.03749153095346,39.211458405795575,21.746910884615804,2.5038388982805517,0.6814430823786158,3.1091144143714637,False,False
7.09496787700974,0.09931022494739114,0.3718005555331471,50.457469212824016,0.26977409189278256,9.48463511321878,2.0823961911699884,17.2758025564138,1.052275865863814,11.03749153095346,41.170417637153584,20.39476232529814,3.193113612406697,5.451220677069852,0.42491579484065234,False,False
7.135880479948297,0.11976174336626558,0.016134177474887705,76.80607959648245,0.04643847667747697,9.216324835002805,2.0871093058807784,16.43265077025188,2.9480770369694893,12.015570102658028,38.49358592889873,17.303575276557375,5.690043675112832,5.395232093801865,1.721265115749796,False,False
7.249471399406653,0.11564754335518325,0.08076185535440315,72.01830765766567,0.18577981944437238,9.779949348647948,2.345733070237567,16.477667230984842,0.9406885682873661,14.24096046827841,37.39175058749095,20.39476232529814,5.827748548370634,2.8888988900431305,1.837523381246532,False,False
7.577810817528407,0.0862291864457103,0.9053506982997456,34.25355346207074,0.6088737512487035,10.895091937782045,1.656222348716876,16.477667230984842,4.995533604740131,10.37973387620442,44.02632951149938,20.700816477222862,2.013753758710223,1.0601669323828313,0.34599860825531353,False,False
7.675738460752474,0.08811916065195496,0.4038793200723566,60.964975872509456,0.46021624728401317,10.94283449552581,2.069281552883228,18.826651572976857,0.5307325730925379,11.487298776641158,42.31807183763901,20.56224537494587,0.2833922341003332,3.972269122623099,2.0193385079811392,False,False
6.887784024431592,0.11595002472390069,0.26535719579684003,58.3430462216245,0.1720029119636321,8.993570580470474,2.0270175145836067,16.965574700738735,4.708860115423118,10.37973387620442,37.12784558301178,19.01333559599693,5.827748548370634,5.551985785413723,0.42491579484065234,False,False
7.666666931712184,0.07606620625357301,1.223995432147965,25.095325841946586,0.8146225058594867,11.531681046707863,2.365738533009584,18.826651572976857,2.883091210627681,11.03749153095346,44.361200412093616,21.746910884615804,0.2833922341003332,0.6814430823786158,0.17981907225363664,True,False
7.670694531546594,0.10300573115747268,0.0,92.34496782814074,0.0,9.83829805026198,1.9809263801308707,15.769632142186651,1.6539553059603156,8.943273759887028,41.94811860422178,20.563370059010538,2.1600008407257407,5.551985785413723,3.4096635025942224,False,True
7.285169283130487,0.08608061274002096,0.82403078544478,40.02211400978099,0.6052307596929094,10.524145925286431,2.269016533293253,18.826651572976857,2.3872620627527077,11.487298776641158,40.54072308111008,20.61087683229422,0.2833922341003332,5.517796831869328,0.34599860825531353,False,False
7.783159195913501,0.0889840828435512,0.2051549085504973,68.95255206261831,0.36431229819100197,10.843714413993995,1.5721980576950212,16.43265077025188,2.883091210627681,10.37973387620442,42.1620083176009,21.35890923846056,0.2833922341003332,3.972269122623099,2.527945230131137,False,False
7.66618739374519,0.0768147921559744,1.2267778544569246,25.316083686106783,0.8207017526433108,11.534402448111829,2.3818574972147104,18.826651572976857,3.9587657997440795,10.37973387620442,43.86257766643745,21.746910884615804,0.3640980453891385,0.6814430823786158,0.17981907225363664,False,False
7.444019389445437,0.10990644135223451,0.0,89.08977445138798,0.05187338122669133,9.789380399541853,2.1393838937779357,16.43265077025188,0.5307325730925379,12.293388876729445,38.470093295223684,20.39476232529814,3.3208409849058054,5.551985785413723,3.005545389084787,False,True
6.993756105920461,0.10076720070431038,0.519461529743816,48.87140970311448,0.40993216464079385,9.73068085227733,2.235420359635777,17.192881399907503,0.5307325730925379,14.24096046827841,37.23658377198032,21.780214283894676,3.201002205581531,5.451220677069852,0.3664046201951726,True,False
7.654943345240805,0.09615266125784043,0.2397130135259097,60.24282817726829,0.22107014171440992,10.28985752129434,1.9234599777725925,16.43265077025188,0.5307325730925379,10.37973387620442,45.733090258292236,20.39476232529814,3.3973132565817625,1.4104518245292348,1.721265115749796,False,False
6.972196672397639,0.1080876209170367,0.32845301111324526,53.6687583013339,0.23416461768019642,9.192791121669899,2.1214541529571362,15.769632142186651,4.995533604740131,10.37973387620442,37.98036499211521,20.39476232529814,4.6161776193308075,5.517796831869328,0.34599860825531353,False,False
7.193172266983149,0.09620180723244742,0.43441826326172944,47.15981216863552,0.2958368224670693,9.676629050512673,1.2733353291940386,16.43265077025188,0.5307325730925379,11.487298776641158,42.20723173055157,21.6240602470933,3.3208409849058054,3.972269122623099,0.42491579484065234,False,False
7.434659378460695,0.10058213568076795,0.15350309439443197,66.62946382948596,0.1290281897941929,9.753435731301973,1.859265395483815,15.769632142186651,0.5307325730925379,11.03749153095346,43.25300620519051,20.39476232529814,3.3208409849058054,3.972269122623099,1.721265115749796,False,False
7.071071429678147,0.09778903092317964,0.5402470135340656,47.543138066149204,0.41294506128022973,9.80847723539464,1.9022261201292974,18.78023795963042,1.9980656391989138,11.03749153095346,38.826814687094064,20.700816477222862,2.5038388982805517,5.806736199364416,0.34599860825531353,False,False
7.355202513561019,0.1053251493286016,0.11841314535340344,69.22901063149781,0.07051859536265465,9.529778953592418,2.1643426503777703,16.43265077025188,0.5307325730925379,10.37973387620442,42.360289181665834,20.39476232529814,4.208297035114297,3.972269122623099,1.721265115749796,False,False
7.352496128843887,0.11916326553051575,0.0,85.66347312552466,0.0,9.427062887859304,2.2316434907460034,16.43265077025188,2.883091210627681,10.37973387620442,38.96322564579422,19.01333559599693,5.827748548370634,3.972269122623099,2.527945230131137,False,True
7.385441561165977,0.09623809603229656,0.32539040505853845,56.97169419427708,0.32054250124646516,10.072225271134323,1.3762243637910607,16.43265077025188,2.883091210627681,10.37973387620442,40.76537081410735,21.746910884615804,2.5664242682053056,3.972269122623099,1.2535490533644715,False,False
7.623815583874785,0.09742250015414616,0.26267556760708816,59.86029170322712,0.2955145873184613,10.454062553586365,1.469210082818943,16.43265077025188,0.5307325730925379,12.050574529238276,44.06224960525838,20.39476232529814,3.3973132565817625,1.4104518245292348,1.721265115749796,False,False
7.065826483093974,0.10280663108290305,0.4071636012997907,50.93893493712437,0.32090127833831233,9.619594139669937,1.698320824613669,18.826651572976857,1.052275865863814,11.487298776641158,40.24428936745276,19.01333559599693,3.500012349157986,5.451220677069852,0.42491579484065234,False,False
7.481433459989063,0.08290593131420937,0.8988272489554587,37.263620596656665,0.6448575890414161,10.82702316208421,1.3936814412632637,16.965574700738735,5.313433922817761,10.37973387620442,42.053365174338744,20.700816477222862,0.18989093121373055,3.972269122623099,0.42491579484065234,False,False
7.295467431774205,0.10865422319111245,0.2509665849906413,59.5479716328994,0.27871389054485085,9.98416404824934,2.2960507329288844,17.192881399907503,0.6009417439144984,13.30428133341707,39.82827745611186,20.56224537494587,5.378573501638368,1.8792501367003591,1.2535490533644715,False,False
7.127077167212839,0.09773615478673278,0.49131849589024806,47.82902031763216,0.36539669684128645,9.757200823716634,1.5853941091301078,18.826651572976857,1.9980656391989138,10.37973387620442,41.125639609722604,19.01333559599693,2.5038388982805517,5.806736199364416,0.34599860825531353,False,False
7.867530800572987,0.08548482889771775,0.8867464474836451,48.36644055035586,0.7902265356702292,11.955256446023316,2.3328735377494434,18.826651572976857,5.743185275744352,11.487298776641158,40.40155860561123,20.47157796724068,0.2833922341003332,1.0601669323828313,1.7261686353025645,False,False
7.64531253437074,0.08652805066817547,0.4929669750517305,56.31762518356625,0.4880212486518853,10.925354280229772,2.16344438039612,18.826651572976857,0.5307325730925379,11.487298776641158,42.877129582404685,20.39476232529814,0.18989093121373055,3.972269122623099,1.721265115749796,False,False
7.373743093038736,0.08305039224423591,0.7044830057681483,40.918362818988854,0.4918712453127829,10.297447132666504,2.310640450578162,15.769632142186651,2.883091210627681,11.03749153095346,42.92653467186331,21.582852288227095,0.2833922341003332,5.0920901272008186,0.42491579484065234,True,False
7.717314788774851,0.0877268728946423,0.40110986765339796,60.98192444161697,0.45753583792622265,10.92324377697271,1.6766859597265253,16.43265077025188,3.065534954898796,11.487298776641158,42.27077156144433,20.56224537494587,0.18989093121373055,3.972269122623099,2.0193385079811392,False,False
7.636755046152123,0.09538410532985492,0.13755744558270713,75.67816666259381,0.3887758060690002,10.807063154260339,2.379367362564577,16.965574700738735,1.0251524029487797,14.192930508202341,39.305735655154535,19.88983341460832,0.3621417124245273,5.517796831869328,2.740834774053439,False,False
7.495393584634427,0.09060237297334152,0.29533392767979,61.648212519288684,0.35543076575002364,10.387754874124484,1.944819097421504,18.826651572976857,0.5307325730925379,10.37973387620442,42.06556672508909,20.39476232529814,0.5634909797198394,5.517796831869328,1.721265115749796,True,False
7.155292512829493,0.09588768699748892,0.5674284991368965,47.075948359921895,0.4349683248732666,9.962276982891732,1.7155366078207483,18.60884981745891,2.9480770369694893,10.37973387620442,39.54107354831761,20.39476232529814,2.1506018154970645,5.551985785413723,0.42491579484065234,False,False
6.862592715441061,0.1110361689722004,0.3005448566044955,55.73626069976847,0.15158450066418333,8.950417311909067,2.2134947023645983,18.826651572976857,0.5307325730925379,10.37973387620442,38.40963620366896,20.61087683229422,5.378573501638368,5.517796831869328,0.34599860825531353,False,False
7.732557599516429,0.0794522823682787,1.0108305264174495,36.20025164660835,0.7478777117165933,11.553669038807671,2.3305225551484505,18.826651572976857,2.9480770369694893,11.03749153095346,43.22778052254286,21.746910884615804,0.2833922341003332,1.0601669323828313,0.8695292854583642,False,False
7.122415538700883,0.09523367459937214,0.5821841884217213,46.17101586342845,0.437648520333747,9.939206080494477,2.0872308928873413,17.192881399907503,0.5307325730925379,13.716936381477357,39.95573207207335,20.559515280659006,2.1600008407257407,5.517796831869328,0.3664046201951726,False,False
7.675010909311838,0.08732401572752232,0.41676312056235953,60.7956839637456,0.4713977869941335,10.923255003060795,1.912173863064788,17.192881399907503,2.1662612287478047,11.487298776641158,41.19184574899089,21.780214283894676,0.18989093121373055,3.972269122623099,2.0193385079811392,False,False
7.317876174981992,0.08467268435300353,0.8062547243072524,40.01883738857022,0.5864303531449788,10.466891545506464,2.0707199231227937,17.192881399907503,4.175725626203513,10.668642322763649,40.376104404071384,21.635118601843182,0.18989093121373055,5.395232093801865,0.3664046201951726,False,False
7.616057370109163,0.08668221518065623,0.5275439395638216,56.01519247004384,0.5201930309971518,10.968073090021251,2.1880408965378955,18.826651572976857,0.9406885682873661,11.487298776641158,41.19937582826169,21.746910884615804,0.2833922341003332,3.7895134998142312,1.7261686353025645,False,False
7.535362955590716,0.09494342561350726,0.6599018033529035,45.17606893932215,0.5054716605362493,10.748707509703964,1.4433159781930385,18.826651572976857,2.9480770369694893,10.37973387620442,42.83289426899302,19.88983341460832,3.193113612406697,1.0601669323828313,0.8695292854583642,False,False
7.039022214908248,0.10214226083398431,0.4528248777205128,50.79381672642074,0.3670073104667642,9.660419265468395,1.5686930598399447,18.57932175554862,3.2487663602365258,10.37973387620442,37.972650076100535,20.39476232529814,3.193113612406697,5.806736199364416,0.42491579484065234,False,False
7.1171681542702,0.10183789531684191,0.35500460625296554,51.70175304427097,0.21353215050689855,9.338396653198725,1.3394906549182901,15.769632142186651,2.9480770369694893,10.37973387620442,41.687060756467496,19.88983341460832,3.8086568515221577,5.0920901272008186,0.42491579484065234,True,False
7.3816242990796725,0.08398696396111034,0.6169717845788965,44.22083420481408,0.44657708465622614,10.238490561206588,2.0004762143553934,16.965574700738735,1.9980656391989138,10.37973387620442,43.62716204522565,20.700816477222862,0.18989093121373055,5.551985785413723,0.586770544781973,True,False
7.165181678653977,0.10085848330606333,0.40108677690348404,48.28787634686529,0.24244697538845988,9.494850859235378,1.8195366600018865,16.43265077025188,1.9980656391989138,10.37973387620442,42.456490572419064,20.39476232529814,4.208297035114297,3.7840011732579675,0.34599860825531353,False,False
7.409370936861588,0.08595479942142067,0.5572774534020885,48.47931182922975,0.44424413595175294,10.315322119056766,1.8469436998150632,16.43265077025188,1.9980656391989138,11.487298776641158,42.800389630185805,20.61087683229422,0.2833922341003332,5.517796831869328,0.8695292854583642,False,False
7.586613957482644,0.1004755510202778,0.10103659684573013,74.13228965927668,0.328231624777913,10.537781680311689,1.964873520947676,16.43297662985375,4.284284826551515,11.03749153095346,37.83812093454549,21.746910884615804,2.1600008407257407,3.972269122623099,2.527945230131137,False,False
7.145151256232622,0.10222750769042892,0.27619622902516666,57.5400648854974,0.24248176011513134,9.53383765162414,1.795094372812852,16.43265077025188,1.9980656391989138,11.487298776641158,39.979055386376416,20.39476232529814,3.3208409849058054,5.517796831869328,0.8695292854583642,False,False
7.131671092923958,0.09917762155413247,0.6840220210381436,42.59555474425402,0.4941696354826907,10.092148090623896,1.067466596119248,18.826651572976857,2.883091210627681,11.487298776641158,38.93526693467363,20.39476232529814,3.3208409849058054,3.972269122623099,0.17981907225363664,False,False
7.369321059354588,0.08338197600220405,0.6598613921154071,41.77970008800543,0.4570616641983608,10.224355608971777,2.204684842515828,16.965574700738735,1.9980656391989138,10.37973387620442,44.129259900636086,20.39476232529814,0.18989093121373055,5.517796831869328,0.42491579484065234,True,False
7.328850189610765,0.10611416671322647,0.12209323848041136,68.95638058839819,0.12246235431246405,9.637539484588139,1.9898482308083416,16.43265077025188,0.5307325730925379,11.487298776641158,41.036609774233014,20.61087683229422,4.208297035114297,3.972269122623099,1.721265115749796,False,False
7.477757476466758,0.08201684022088385,0.8218478409898724,37.8355138994952,0.5717885912149016,10.657087045714587,1.922281524435875,16.43265077025188,2.883091210627681,11.487298776641158,43.905505258620984,20.61087683229422,0.2833922341003332,3.972269122623099,0.42491579484065234,False,False
7.151450814686735,0.09549605441592032,0.49796137554677034,46.80295108354166,0.35779278150282534,9.728705750228203,1.6653590275958599,15.769632142186651,1.9980656391989138,12.313808740730074,41.076932482820624,20.700816477222862,2.5038388982805517,5.290907011305013,0.34599860825531353,False,False
7.432745888078476,0.10830602706042716,0.0,86.04472684671367,0.07696685980255236,9.816218232705216,2.2249962157384413,17.213971318073124,0.5307325730925379,11.487298776641158,38.68557655464935,20.56224537494587,3.161830080116216,5.517796831869328,2.840548490612412,False,True
7.732557599516429,0.0794522823682787,1.0108305264174495,36.20025164660835,0.7478777117165933,11.553669038807671,2.3305225551484505,18.826651572976857,2.9480770369694893,11.03749153095346,43.22778052254286,21.746910884615804,0.2833922341003332,1.0601669323828313,0.8695292854583642,False,False
7.402570628412006,0.09287227710519498,0.46191589886964013,60.85257134813368,0.5198440958835422,10.70873592560945,2.2771814590866613,18.826651572976857,0.9406885682873661,13.366087099465423,37.31220542776283,21.746910884615804,0.5634909797198394,5.517796831869328,1.7261686353025645,False,False
7.119515565215554,0.10361921035436665,0.38580185951944085,56.24577937965168,0.37393890257484724,9.866141131622982,1.3018829799057434,18.826651572976857,2.9480770369694893,11.03749153095346,37.279153958867134,20.39476232529814,3.193113612406697,5.451220677069852,0.8695292854583642,False,False
7.355202513561019,0.1053251493286016,0.11841314535340344,69.22901063149781,0.07051859536265465,9.529778953592418,2.1643426503777703,16.43265077025188,0.5307325730925379,10.37973387620442,42.360289181665834,20.39476232529814,4.208297035114297,3.972269122623099,1.721265115749796,False,False
7.207857022330303,0.09729700333450594,0.5162982344829519,46.479895512159004,0.372537564328201,9.89824394103809,1.7460032196755375,16.43265077025188,1.052275865863814,12.909586507930108,41.62042600078562,20.39476232529814,3.193113612406697,3.972269122623099,0.42491579484065234,False,False
7.630003298908115,0.09666745153998098,0.4172767998185519,57.11430392392928,0.4195135391760552,10.80925144330234,1.8477049845744935,18.826651572976857,0.9406885682873661,11.03749153095346,41.724708260132296,21.746910884615804,3.3208409849058054,0.6814430823786158,1.721265115749796,False,False
7.575027057761758,0.09082882833773333,0.31302708627731707,63.99432334498512,0.40750778692057954,10.642854674132499,1.6781589668032035,18.826651572976857,1.9980656391989138,10.37973387620442,41.415918161197375,19.703904902630956,0.18989093121373055,5.517796831869328,1.9680380847084187,False,False
7.444685414521076,0.11400396972919054,0.17718637470904608,66.18553890958901,0.29540072653561694,10.282941090186029,1.829394412483848,16.43265077025188,2.9480770369694893,14.24096046827841,40.20950260822362,17.303575276557375,5.690043675112832,1.4539250488565962,1.721265115749796,False,False
7.618023797746344,0.09857837524287448,0.421954098678197,57.982567510261724,0.43681294778160284,10.836855813434843,1.4489220144383177,18.826651572976857,1.6539792101601698,11.487298776641158,41.4582194399427,20.47157796724068,3.3208409849058054,1.0601669323828313,1.721265115749796,False,False
7.7728926723562335,0.08888941044188932,0.2100346384881881,68.91834214431572,0.3689732331156695,10.84176195235094,1.7095377905434237,16.43265077025188,2.883091210627681,10.37973387620442,41.774006671445655,21.746910884615804,0.2833922341003332,3.972269122623099,2.527945230131137,False,False
7.02519251086725,0.10023128802363308,0.4058774378812914,47.932972798563725,0.24869781806643898,9.280961087766654,1.7103691620797352,15.769632142186651,1.9980656391989138,11.03749153095346,40.36733375206856,21.746910884615804,3.8086568515221577,5.0920901272008186,0.17981907225363664,False,False
7.726520876807451,0.0907088510519603,0.318640884639821,68.2222863802119,0.47364035954733846,11.093182221528378,2.1215761261816795,18.826651572976857,2.883091210627681,10.37973387620442,39.380005868720666,21.746910884615804,0.2833922341003332,3.972269122623099,2.527945230131137,False,False
6.912413205745833,0.11597629856758461,0.17739615778685477,64.85940892118681,0.0860719629693163,8.939055448886748,2.1520089749888847,18.826651572976857,0.9406885682873661,10.37973387620442,37.71382894868032,19.88983341460832,5.827748548370634,5.551985785413723,0.8695292854583642,True,False
7.808627815887877,0.09232315240306153,0.5325886892677172,58.655015605255095,0.5631087095643161,11.416713804038757,1.832516053045755,18.826651572976857,2.9480770369694893,11.487298776641158,41.26164765395807,20.61087683229422,1.694338632452795,1.0601669323828313,2.1109425623245657,False,False
7.276411696009266,0.0861922416268261,0.8650469216084161,39.94207558015232,0.6473629637594409,10.617831304062824,2.164916293485329,17.192881399907503,1.9980656391989138,14.24096046827841,39.79318363211409,20.700816477222862,0.18989093121373055,5.517796831869328,0.3664046201951726,False,False
7.578431605383014,0.07799020114771267,1.082652321827139,30.733466512003776,0.7457977440305308,11.28067591379346,2.2126576386118537,17.192881399907503,0.6009417439144984,14.24096046827841,43.74945641589565,21.780214283894676,0.18989093121373055,1.8792501367003591,0.3664046201951726,False,False
7.37931147583716,0.08567760711265421,0.5715648654022213,48.37914825388417,0.45789093575929446,10.309605486319914,2.067482169830211,16.43265077025188,1.9980656391989138,11.487298776641158,41.66435557786423,21.746910884615804,0.2833922341003332,5.517796831869328,0.8695292854583642,True,False
7.260914786627415,0.08847031728063742,0.9788868451304661,39.46814541743495,0.7607148891640141,10.863488829561307,2.3282437617484253,17.192881399907503,4.995533604740131,14.24096046827841,36.795715666572875,20.700816477222862,0.18989093121373055,5.517796831869328,0.3664046201951726,False,False
7.179327694445066,0.09832119653543642,0.5275641578123677,46.57214301033832,0.3857368011989996,9.934235265198275,1.7081876661477065,18.826651572976857,0.5307325730925379,11.487298776641158,41.04252884962175,20.39476232529814,3.3208409849058054,3.972269122623099,0.42491579484065234,False,False
7.168664270182323,0.09543506637370264,0.5754190086604084,46.12451023202814,0.42984897345713563,9.898421915642679,1.8213268381070922,16.477667230984842,4.995533604740131,10.37973387620442,39.422452529997365,20.700816477222862,2.1600008407257407,5.517796831869328,0.34599860825531353,False,False
7.234032668283299,0.0953943338021663,0.4272715734001324,46.34804440482955,0.23996122586121726,9.567465519557937,2.3169111925489663,16.477667230984842,0.5307325730925379,10.37973387620442,44.57799527863584,20.39476232529814,3.3208409849058054,3.972269122623099,0.34599860825531353,False,False
7.3514737028243395,0.09556578806887023,0.7409294486488529,40.12624166618109,0.5190417213232261,10.533107355762246,2.2254738017310016,20.424091594749004,0.9406885682873661,10.37973387620442,41.25229436047667,21.746910884615804,3.7644518027344644,1.0601669323828313,0.4316619805494366,False,False
7.186455610494947,0.09528141752482691,0.6304188813525043,46.07557218625607,0.4871769171395128,10.10541761977646,1.8562859429383105,17.192881399907503,4.175725626203513,11.487298776641158,38.96746442442552,20.39476232529814,1.9617195588816465,5.395232093801865,0.42491579484065234,False,False
7.084443585346587,0.11174472972351014,0.321132982929304,54.21104338228264,0.18000110394903263,9.286079391665961,1.7937048511517735,16.43265077025188,2.9480770369694893,11.487298776641158,41.74116954700352,17.303575276557375,5.690043675112832,3.972269122623099,0.42491579484065234,False,False
7.37320140434761,0.08839052891613662,0.6575682924432102,48.9621444783908,0.5569269445054034,10.61063999018386,1.9757287437435298,18.826651572976857,2.3872620627527077,11.487298776641158,39.93285040318491,20.61087683229422,0.2833922341003332,5.517796831869328,0.9538712861804874,False,False
7.7107825105037,0.10240487952458804,0.1283794319041876,74.88755544417238,0.3678339832399805,10.95277545820154,2.0839439950773406,17.192881399907503,0.5307325730925379,14.24096046827841,38.79890765524165,21.780214283894676,3.161830080116216,1.4539250488565962,2.840548490612412,False,False
7.323258539341392,0.08445311393361851,0.7931605945132177,40.084982546258836,0.5735580130475693,10.438498520288555,2.025505985188381,17.192881399907503,4.175725626203513,10.37973387620442,40.66501285063062,21.635118601843182,0.18989093121373055,5.395232093801865,0.3664046201951726,False,False
7.6237907275414285,0.08822583376724315,0.5701841950787347,55.36929228880586,0.5559802981436345,11.040580619341132,1.474854968230024,18.826651572976857,2.883091210627681,11.03749153095346,40.946196076131386,20.39476232529814,0.2833922341003332,3.972269122623099,1.656145927289046,False,False
7.5263706812634465,0.09611073394616972,0.37715540100714046,60.413031086529145,0.4241623200049194,10.586705693180466,1.6512999425427386,16.43297662985375,3.88465437698492,11.487298776641158,39.302331662599926,21.746910884615804,2.1600008407257407,3.264561712828903,1.721265115749796,False,False
6.976977840955081,0.10379573699392508,0.40244234755099273,51.03262711381385,0.3172546169194513,9.496801471765721,2.0851513590876416,18.826651572976857,0.6009417439144984,11.74021597029874,38.43851593200039,20.700816477222862,3.8086568515221577,5.517796831869328,0.3664046201951726,False,False
7.238274821518972,0.10558381673608229,0.6168370134744015,43.58224161096936,0.43734076536917443,10.182618482366975,2.348237195781696,18.826651572976857,2.3872620627527077,11.487298776641158,40.01304825708042,20.61087683229422,5.647420807620701,0.6814430823786158,0.34599860825531353,False,False
7.09176976715014,0.09995344518226752,0.39673128901176935,50.33465252111935,0.30128966104867144,9.552084461373926,1.6694460146852987,17.192881399907503,1.9815394366811732,11.03749153095346,40.32407522284253,20.39476232529814,3.193113612406697,5.451220677069852,0.42491579484065234,False,False
7.201818806587325,0.0942099048225535,0.5708250185198169,45.78689277804147,0.42019433613548396,9.926250828359683,1.4299168745569015,16.477667230984842,4.175725626203513,10.668642322763649,40.50056318166377,20.39476232529814,2.021002599089052,5.395232093801865,0.3664046201951726,False,False
7.179610598409505,0.0934115460431142,0.4653898313789644,46.82578998098057,0.32375504894981505,9.686320974166154,1.968608020626574,16.477667230984842,1.0251524029487797,11.487298776641158,42.57091697133684,20.39476232529814,2.1600008407257407,5.517796831869328,0.3664046201951726,False,False
7.225241398458764,0.09821275982367443,0.8398704407602295,42.279255583282364,0.6540853323286906,10.605385394332739,1.740404147010132,15.769632142186651,4.193211298136089,16.430749505929434,37.770964828591936,19.01333559599693,2.5038388982805517,3.972269122623099,0.34599860825531353,False,False
7.848236201173706,0.08304936540440933,0.7966311963863142,48.69593009353864,0.6998471746890588,11.71976571648468,2.286174234798016,18.826651572976857,2.9480770369694893,11.487298776641158,41.92133392701096,21.746910884615804,0.2833922341003332,1.0601669323828313,1.7261686353025645,False,False
7.973731365236567,0.08412288390544284,0.617709464353215,54.77214294230751,0.597615510759919,11.67501206356533,1.8616286856044095,18.826651572976857,2.9480770369694893,10.37973387620442,44.501202370433184,19.88983341460832,0.2833922341003332,1.0601669323828313,2.1109425623245657,False,False
6.850582478219897,0.11534238209531042,0.26804200736465544,58.14414900131339,0.16022116817513682,8.989050157991395,1.760313693440326,18.826651572976857,0.9406885682873661,11.487298776641158,37.92737535747268,19.01333559599693,5.827748548370634,5.551985785413723,0.42491579484065234,True,False
7.482005658477802,0.10766906815744819,0.0015534127778391576,77.8862572905219,0.27455609246507984,10.368228545877434,1.8784308300621437,18.826651572976857,2.100262760429623,11.487298776641158,37.3269384834332,20.39476232529814,3.3208409849058054,3.972269122623099,2.5709759736921174,False,False
7.088367076251918,0.1014179026048676,0.3559750146271267,51.629862886130624,0.21665513967282873,9.321099892385691,1.758602257218124,15.769632142186651,1.9980656391989138,11.03749153095346,41.16833143687449,20.700816477222862,3.8086568515221577,5.0920901272008186,0.42491579484065234,True,False
7.6457793260502225,0.07724244236589926,1.1805198196213946,28.465692078929926,0.8167527963939414,11.543190809400139,2.3289472426363997,17.192881399907503,1.6539792101601698,14.24096046827841,43.5155021539675,21.780214283894676,0.18989093121373055,1.0601669323828313,0.3664046201951726,False,False
7.614155398855602,0.09364171099495783,0.33111891926037607,65.97282068463068,0.45477026123399084,10.83643213541341,2.0424961214613697,18.826651572976857,3.349398499939156,11.03749153095346,40.75121451864342,18.189688403992356,0.2833922341003332,5.451220677069852,2.1109425623245657,False,False
7.991089013149748,0.09707633975252358,0.07737976083413477,78.52296740832115,0.35837240561485306,11.358128706494654,2.333840753103273,18.826651572976857,1.0251524029487797,11.03749153095346,41.63591650294037,21.223680564481956,2.1600008407257407,0.6814430823786158,3.4096635025942224,False,False
7.358603828826051,0.10322600571164621,0.1790817963554602,65.59956726216367,0.2890556304428169,10.122906414355743,2.0036911124979344,18.826651572976857,0.6009417439144984,11.487298776641158,39.36991620596593,20.700816477222862,3.3208409849058054,3.972269122623099,1.721265115749796,False,False
7.480571590966912,0.0935915603577799,0.42484165167927346,61.11248470065674,0.4844321661780405,10.723569952596327,2.2508483946155122,18.826651572976857,0.9406885682873661,13.366087099465423,40.26008761048792,18.799028701890705,0.5634909797198394,5.517796831869328,1.7261686353025645,False,False
6.996013486421281,0.10319972821692522,0.5215783151257765,47.08162766769706,0.3866772592178829,9.64324422884386,1.5562883899890336,18.826651572976857,2.883091210627681,10.66543752595586,37.84343716224012,20.700816477222862,3.8086568515221577,5.0920901272008186,0.17981907225363664,False,False
7.285169283130487,0.08608061274002096,0.82403078544478,40.02211400978099,0.6052307596929094,10.524145925286431,2.269016533293253,18.826651572976857,2.3872620627527077,11.487298776641158,40.54072308111008,20.61087683229422,0.2833922341003332,5.517796831869328,0.34599860825531353,False,False
7.518106829017687,0.09859697309799532,0.27145881274227496,66.15864209961818,0.3944751137741729,10.54236902962131,1.9435791688047357,16.43297662985375,4.284284826551515,11.487298776641158,38.04915632890998,21.746910884615804,2.1600008407257407,3.8200332047209145,2.0193385079811392,False,False
7.513116688466292,0.11290413919925933,0.0,94.03122044441314,0.10236218526711566,10.106891351686132,2.2551860223559865,18.826651572976857,1.0251524029487797,11.487298776641158,37.202800767526185,19.37148075332507,3.3208409849058054,5.356111239081928,3.4096635025942224,False,True
7.857942358456199,0.0804763044302677,0.9129551616093621,41.005973971086526,0.7130570317244482,11.691265982920521,1.9272934288107395,18.826651572976857,2.883091210627681,11.03749153095346,44.63961899030044,20.39476232529814,0.2833922341003332,0.6814430823786158,1.2535490533644715,False,False
7.027350697704864,0.11941894855745713,0.035820505880100426,75.3476696116378,0.04778417351855779,9.110290806476687,2.089742210433179,18.826651572976857,0.9406885682873661,11.03749153095346,37.21444050608949,19.01333559599693,5.827748548370634,5.551985785413723,1.587657891911537,True,False
7.244642803111782,0.09150240928150362,0.7476797778136962,39.40368722198248,0.5158734901766434,10.201785287060533,1.8022541140536912,16.43297662985375,4.284284826551515,11.03749153095346,40.199474023696595,21.746910884615804,2.1600008407257407,3.972269122623099,0.16659214098003436,False,False
7.493466988206209,0.08862268947923285,0.3602756155709571,58.92240086255542,0.38512622457258827,10.432710892730933,2.019731830652039,18.826651572976857,0.5307325730925379,10.37973387620442,42.27760069135472,20.56224537494587,0.2833922341003332,5.551985785413723,1.587657891911537,True,False
7.493540608465294,0.11266175626524058,0.17165999546419386,65.28435745571615,0.2719854899261506,10.30491325419835,1.844357986954118,18.826651572976857,2.9480770369694893,11.03749153095346,41.401890029010644,17.309510587291317,5.690043675112832,1.0601669323828313,1.7261686353025645,False,False
6.993145219946442,0.1135303205874167,0.19414988371847697,63.61825309572782,0.08513357383176667,9.035319697856213,1.6107321925663778,18.826651572976857,0.5307325730925379,10.37973387620442,39.954691763534484,18.542290595225637,5.378573501638368,5.517796831869328,0.8695292854583642,False,False
7.676169483920921,0.08777301885427659,0.5277421358562643,56.373237756805636,0.5255010166128137,10.990563268424768,1.0198244373943495,16.43297662985375,4.284284826551515,11.487298776641158,41.49426772558909,20.47157796724068,0.2833922341003332,3.8200332047209145,1.7261686353025645,False,False
7.882424766877333,0.08338222617861321,0.7941471950441485,48.94249268662232,0.7007378274709982,11.698940066257192,2.157052646232972,16.685912883493614,5.976597675040271,11.03749153095346,41.483359224111126,21.746910884615804,0.2833922341003332,1.0601669323828313,1.7261686353025645,False,False
7.112028072688783,0.11241742869306476,0.17726012800606122,64.86948633056768,0.186976421768841,9.521141813163466,1.8704545197404299,18.826651572976857,0.5307325730925379,11.487298776641158,37.98868002471764,20.56224537494587,5.378573501638368,3.972269122623099,1.2535490533644715,False,False
7.225857110491197,0.11479346776517863,0.07695146765750284,72.3005902320952,0.12039444349217143,9.556457483690593,1.7611713625639938,18.826651572976857,1.6539792101601698,10.37973387620442,38.90453348738907,19.052395760393836,5.378573501638368,4.0779639559347185,1.7261686353025645,False,False
6.903763806332511,0.1094225142796259,0.3024627698716011,55.59417712779717,0.19240133631039624,9.107477674153829,2.19709558148023,18.901488709612376,0.9406885682873661,10.37973387620442,38.158561296672225,20.699443772674684,4.94318219629456,5.551985785413723,0.42491579484065234,True,False
7.715721725932368,0.08610940208037447,0.4768140409031486,55.34781495274038,0.45716892880906396,10.93616395713571,2.22134727769709,18.826651572976857,0.9406885682873661,10.200153298363205,44.25103139454754,20.447004203661212,0.5634909797198394,3.0448113471414167,1.7261686353025645,False,False
7.7804611912516215,0.08040380523518315,0.9298559809160934,40.18259428625343,0.7191617251131535,11.574194477589138,2.3095929656896117,18.826651572976857,3.5241818985202484,10.37973387620442,43.04270200265295,21.746910884615804,0.2833922341003332,1.0601669323828313,1.136260598546555,False,False
7.495800449859107,0.11405001739252268,0.10360304451219998,70.69004921894101,0.2819186116919156,10.395294496830141,1.5156838994066375,18.826651572976857,2.9480770369694893,11.487298776641158,38.863483847595326,19.01333559599693,5.690043675112832,1.0601669323828313,2.1109425623245657,False,False
7.1541020837391525,0.1190184036517701,0.013111466255774062,77.0300092258434,0.0028601037814509622,9.120202309399144,2.031221138027223,16.43265077025188,2.9480770369694893,11.03749153095346,39.4716645006033,17.303575276557375,5.690043675112832,5.395232093801865,1.721265115749796,False,False
7.440585340290154,0.10063840103496557,0.5507658185032894,48.35068823551349,0.43554264489379463,10.473939650560919,1.5570168475685207,18.826651572976857,2.9480770369694893,10.37973387620442,41.76641947096712,19.88983341460832,4.2595884104326,1.0601669323828313,0.8695292854583642,False,False
7.690501185582824,0.07834874436974465,1.0903562201449362,31.92924673648509,0.770954348039915,11.512347414997715,2.3574331069958854,18.826651572976857,2.9480770369694893,11.03749153095346,43.51818525899919,21.746910884615804,0.2833922341003332,1.0601669323828313,0.5791245490020339,False,False
7.696025050623632,0.09411443389467003,0.4795757353783846,55.84945414610129,0.4672263120346882,10.993126981370057,1.632560183159152,18.826651572976857,1.6539792101601698,11.03749153095346,42.6785391240893,20.47157796724068,2.5454250268941347,1.0601669323828313,1.7261686353025645,False,False
7.137916262765876,0.11968186753036675,0.015721693896747883,76.83663736005121,0.041843452158082994,9.205287154491941,2.0867904436964806,16.32755098617448,2.9480770369694893,12.015570102658028,38.598685712976135,17.303575276557375,5.690043675112832,5.395232093801865,1.721265115749796,False,False
7.427463003935211,0.09137654980358681,0.49057935394135,60.018789917640774,0.5382102397437768,10.780900905808686,2.3860609572134015,18.826651572976857,0.9406885682873661,13.366087099465423,37.59230417338233,21.746910884615804,0.2833922341003332,5.517796831869328,1.7261686353025645,False,False
7.614774002468887,0.1212536957470464,0.0,101.94698238331675,0.0,9.85069196326241,2.316079918957972,17.213971318073124,0.5307325730925379,11.487298776641158,39.20457440682007,19.01333559599693,5.690043675112832,3.024278275584675,3.835765378678666,False,True
7.790297030077713,0.08096733440620764,0.9016493613741121,42.063932554454354,0.7161956990114235,11.610399672865556,2.2520106081163687,18.826651572976857,2.9480770369694893,11.03749153095346,42.82908261782472,21.746910884615804,0.2833922341003332,1.0601669323828313,1.268227190176504,False,False
7.319989795503529,0.106204129800621,0.014847551300456252,76.90139592063035,0.16133836905425614,9.761053466876046,2.2127338566237844,16.43265077025188,1.9980656391989138,11.487298776641158,37.42916389231098,21.746910884615804,3.161830080116216,5.517796831869328,2.226283124995722,True,False
7.844512679079646,0.08024228895977172,0.8684204044187009,41.839541817098386,0.6779436224926471,11.574562674517432,2.0471450379811507,18.826651572976857,2.9480770369694893,10.37973387620442,44.94716827159006,20.39476232529814,0.18989093121373055,1.0601669323828313,1.2535490533644715,True,False
7.508140490851307,0.10183662844565643,0.15069256767900646,66.83767432664315,0.1176386099862689,9.829899059556176,2.11213139469694,15.864419676339983,0.6009417439144984,11.487298776641158,45.7833331123686,17.244727947904288,3.3208409849058054,3.972269122623099,1.7261686353025645,False,False
7.402570628412006,0.09287227710519498,0.46191589886964013,60.85257134813368,0.5198440958835422,10.70873592560945,2.2771814590866613,18.826651572976857,0.9406885682873661,13.366087099465423,37.31220542776283,21.746910884615804,0.5634909797198394,5.517796831869328,1.7261686353025645,False,False
7.954652556404599,0.08394694931152748,0.6267777175076072,54.70856889138253,0.6062771658868902,11.671383703660263,1.968933105376868,18.826651572976857,2.9480770369694893,10.37973387620442,43.78015895274728,20.61087683229422,0.2833922341003332,1.0601669323828313,2.1109425623245657,False,False
7.694634886216965,0.0904191171413091,0.4596769446507543,61.999558201675974,0.5338161287593388,11.152040039545508,1.4500288624700912,18.826651572976857,2.883091210627681,11.487298776641158,40.54652110609799,19.88983341460832,0.2833922341003332,3.972269122623099,2.1109425623245657,False,False
7.383890605094004,0.0912695060066395,0.5219223310656078,54.56732632977341,0.4936433114415465,10.522691410505242,1.9540279023684317,18.826651572976857,1.9980656391989138,11.487298776641158,39.61236330560281,20.638355318862736,0.6659195014837315,5.517796831869328,1.2535490533644715,False,False
7.495211968861458,0.09494830469760503,0.2301205761942661,62.28397674909749,0.29568453724412425,10.240117562405956,1.4420501528342786,16.43297662985375,1.0251524029487797,11.487298776641158,41.631978330097965,21.746910884615804,2.1600008407257407,3.7895134998142312,1.7261686353025645,False,False
7.578431605383014,0.07799020114771267,1.082652321827139,30.733466512003776,0.7457977440305308,11.28067591379346,2.2126576386118537,17.192881399907503,0.6009417439144984,14.24096046827841,43.74945641589565,21.780214283894676,0.18989093121373055,1.8792501367003591,0.3664046201951726,False,False
7.163999500886236,0.10885932358886422,0.16178851158016438,66.01566043742855,0.013148665394309422,9.06344568085319,2.126518363427711,14.52527431002804,0.5307325730925379,11.487298776641158,41.105391777996516,21.746910884615804,5.378573501638368,3.972269122623099,1.2535490533644715,False,False
7.283094305246311,0.10020981608232898,0.40073765816740464,52.29558747631132,0.33344186679457277,9.997350719926825,1.0862774851025692,18.826651572976857,0.5307325730925379,11.487298776641158,42.516943620548226,18.542290595225637,3.3208409849058054,3.972269122623099,0.8029727539866767,False,False
7.338704705488271,0.09700634237702997,0.5907330211023647,52.96871517162673,0.5434729215246141,10.591145238131546,1.5750822774957098,18.826651572976857,4.284284826551515,11.03749153095346,36.83613062300697,21.746910884615804,2.1600008407257407,3.972269122623099,1.136260598546555,False,False
7.96585938953256,0.09989513390118433,0.2145026569626166,77.90468273662509,0.5016606055573865,11.669436605693642,2.0448542726182772,18.826651572976857,4.284284826551515,11.487298776641158,37.926976833649945,21.223680564481956,2.1600008407257407,0.6814430823786158,3.4096635025942224,False,False
7.982040826024099,0.08362358694802839,0.62727776994669,54.49381377699363,0.6037464142601706,11.699101852530614,1.8932155194100893,18.826651572976857,2.9480770369694893,10.37973387620442,44.594703673319785,19.88983341460832,0.18989093121373055,1.0601669323828313,2.1109425623245657,False,False
7.5449255842914855,0.09674327635627615,0.16733520341705957,65.60474832668461,0.27449907395156486,10.271292079628388,1.2030657303535595,16.477667230984842,1.9550415501051004,11.03749153095346,42.08691134792467,20.39476232529814,2.1600008407257407,3.972269122623099,1.915856051384951,False,False
7.882297242554986,0.08536041123973828,0.6977623116500411,54.03863651694559,0.6716254701311175,11.731208471030513,1.768542327799436,18.826651572976857,3.5408412466410857,11.487298776641158,41.80735602607714,20.56224537494587,0.18989093121373055,1.5663775635230128,2.0193385079811392,False,False
7.572783311309271,0.08476322273682188,0.6258211870691864,49.413021211535764,0.5298546405714724,10.863714270897919,2.3575545562381692,18.826651572976857,0.6009417439144984,11.487298776641158,43.107153424320316,20.56224537494587,0.18989093121373055,3.972269122623099,1.2535490533644715,False,False
7.2641822841058,0.0899550841881374,0.6656677276665093,39.80978678981045,0.43513400219801723,10.020287292286026,1.9143381349050201,15.798216175558867,2.883091210627681,11.03749153095346,42.23542809391532,21.746910884615804,2.1600008407257407,3.972269122623099,0.16659214098003436,False,False
7.483366334318314,0.09888209373944118,0.19797031892166475,65.16688298936916,0.3028212065943848,10.223714016350726,1.8351630010444946,16.43265077025188,2.9480770369694893,12.015570102658028,42.40363267549507,17.303575276557375,1.7799969285164992,5.395232093801865,1.721265115749796,False,False
6.897793350679561,0.11433327693972624,0.32806400313743483,53.69757693650185,0.19673456042617815,9.067938037865668,1.4051704183883222,18.041375233516582,2.9480770369694893,11.03749153095346,39.41761301210836,17.303575276557375,5.690043675112832,5.395232093801865,0.16659214098003436,False,False
7.4308610756558116,0.09708777506260358,0.3273778745828108,61.97602350092427,0.39390545442551006,10.452539217749713,2.0429544631761782,18.90256627002873,0.9406885682873661,11.487298776641158,39.06900042132831,21.746910884615804,2.1600008407257407,3.972269122623099,1.721265115749796,False,False
7.581988464251218,0.08221994487157915,1.364244104848828,28.595145960382855,1.0124254575964913,11.914979954941174,2.3763253150349692,17.192881399907503,7.224110349034455,14.24096046827841,37.55161289861945,21.780214283894676,0.18989093121373055,1.4539250488565962,0.3664046201951726,False,False
7.583626141623157,0.10509725380511666,0.0,81.68927895867569,0.1414991630338217,10.181466053920403,1.7800099205743591,17.213971318073124,0.5307325730925379,11.487298776641158,40.38334018179776,20.56224537494587,3.161830080116216,3.8200332047209145,2.840548490612412,False,True
7.479098144857075,0.09517621100220312,0.25856660844813784,61.91564446456836,0.32044971659801275,10.317706444712663,1.5234716788163678,18.826651572976857,0.5307325730925379,10.069213649570486,41.14178525463919,21.780214283894676,2.135720530709453,3.7895134998142312,1.7261686353025645,False,False
7.161369426574446,0.11868625337995214,0.011822952925828483,77.12546535495585,0.0,9.078312082591488,2.0991345726943944,16.43265077025188,2.883091210627681,10.66543752595586,39.908704331942715,17.303575276557375,5.690043675112832,5.395232093801865,1.721265115749796,False,False
7.578240360395971,0.10081715687370303,0.1214083222453666,74.02940170532756,0.34825857760800105,10.581953117912034,2.056174930694204,16.43265077025188,4.284284826551515,11.487298776641158,37.38863954845967,21.746910884615804,2.1600008407257407,3.972269122623099,2.527945230131137,False,False
7.271219063665456,0.10265978934111418,0.4144946903208365,56.69370074204586,0.4105886441550794,10.211815504594286,1.1703804087051322,18.826651572976857,2.6826832988758165,11.487298776641158,38.179233320132575,20.39476232529814,3.3208409849058054,3.972269122623099,1.136260598546555,False,False
7.415613449389993,0.08893573732620075,0.6037505461175219,52.87989270728891,0.5559414982351932,10.70337335049284,1.7502330664839556,18.826651572976857,2.9480770369694893,11.03749153095346,38.612996416770166,21.746910884615804,0.2833922341003332,5.276253133437384,1.268227190176504,False,False
7.516891416745911,0.10191732481445019,0.15029895622136177,66.86683399868369,0.113665746543467,9.83156328864552,2.223292307320187,15.864419676339983,0.6009417439144984,11.487298776641158,46.1140559352939,16.914005124978992,3.3208409849058054,3.972269122623099,1.7261686353025645,False,False
6.975255184690846,0.10371245047373612,0.38124973304342197,51.33510439423395,0.29920395850186166,9.445368531775806,2.1221358526924243,18.826651572976857,0.6009417439144984,11.410573886551061,38.67967046894423,20.700816477222862,3.8086568515221577,5.606284378673158,0.3664046201951726,False,False
7.648286847651418,0.08628237041718752,0.45525915590658683,57.11657191734911,0.459617223125311,10.770612960691956,2.3770006729542805,14.52527431002804,2.9480770369694893,12.800691662253264,41.99721611410741,21.746910884615804,0.2833922341003332,3.972269122623099,1.7261686353025645,False,False
7.730277698048418,0.09205626874053081,0.5190175001722743,54.70214615448824,0.49249867101911055,11.092428135688444,1.8323615888917983,18.826651572976857,1.6539792101601698,11.03749153095346,43.06396331025769,20.47157796724068,2.1600008407257407,1.0601669323828313,1.7261686353025645,False,False
7.508140490851307,0.10183662844565643,0.15069256767900646,66.83767432664315,0.1176386099862689,9.829899059556176,2.11213139469694,15.864419676339983,0.6009417439144984,11.487298776641158,45.7833331123686,17.244727947904288,3.3208409849058054,3.972269122623099,1.7261686353025645,False,False
7.6812969188388465,0.1075350619087665,0.14199953061496726,75.23902142686109,0.38720838066983465,10.94391007512981,1.5898998173166015,16.965574700738735,2.883091210627681,14.192930508202341,38.05708475478317,19.88983341460832,3.8086568515221577,1.4619937854641516,2.740834774053439,False,False
7.279926138400353,0.08922844279251282,0.6237371060513125,40.06184534398693,0.39448673804576934,9.92438513786585,1.931940844932472,15.037597824142848,2.6876024625376846,11.03749153095346,43.19153519342133,21.746910884615804,2.1600008407257407,3.972269122623099,0.16659214098003436,False,False
7.039604722812839,0.11891905273984786,0.03378773315612295,75.49826224509115,0.018477725976297044,9.045648426162156,2.070131110652401,18.826651572976857,0.9406885682873661,10.37973387620442,37.87219816083853,19.01333559599693,5.827748548370634,5.551985785413723,1.587657891911537,True,False
7.268612923560868,0.09629869493086357,0.25239849686897536,59.30305742930044,0.27004055024275986,9.7965325009361,1.60817079153816,16.43265077025188,1.0251524029487797,11.487298776641158,40.40818338686268,21.746910884615804,2.1600008407257407,5.517796831869328,1.2220061060846243,True,False
7.390318112126233,0.08524575148128115,0.5457864922345258,48.54436145172863,0.43304753734389534,10.249929309760699,2.0859410051527387,15.864419676339983,1.9980656391989138,11.487298776641158,42.23258667177612,21.746910884615804,0.2833922341003332,5.517796831869328,0.8695292854583642,False,False
7.4774391047746915,0.10155351664661283,0.1520734978195281,66.73537174061211,0.1315768395926185,9.824060347126514,1.9554048718501411,15.864419676339983,0.6009417439144984,11.487298776641158,44.62303885399313,18.405022206279764,3.3208409849058054,3.972269122623099,1.7261686353025645,False,False
7.582380645453787,0.08962200507967744,0.5675275814112698,57.276365535017526,0.5803360175887071,11.039349058949213,2.0305853008940855,16.477667230984842,2.9480770369694893,14.24096046827841,39.55287611109142,20.39476232529814,0.18989093121373055,4.474500780414168,1.721265115749796,False,False
7.131671092923958,0.09917762155413247,0.6840220210381436,42.59555474425402,0.4941696354826907,10.092148090623896,1.067466596119248,18.826651572976857,2.883091210627681,11.487298776641158,38.93526693467363,20.39476232529814,3.3208409849058054,3.972269122623099,0.17981907225363664,False,False
7.670927126304031,0.09569922201757469,0.12131528516489154,75.7920342306859,0.37326190392480196,10.813561914564922,2.3701116447922077,16.965574700738735,1.0251524029487797,14.192930508202341,40.59719749007164,18.59837157969121,0.3621417124245273,5.517796831869328,2.740834774053439,False,False
7.733754555985766,0.1154949001217932,0.0,89.7118149471745,0.07725861511775245,10.393400016446037,1.6417759955300915,18.826651572976857,0.5307325730925379,11.03749153095346,41.08898312358032,18.542290595225637,5.378573501638368,1.1856135999385966,3.4096635025942224,False,True
7.039604722812839,0.11891905273984786,0.03378773315612295,75.49826224509115,0.018477725976297044,9.045648426162156,2.070131110652401,18.826651572976857,0.9406885682873661,10.37973387620442,37.87219816083853,19.01333559599693,5.827748548370634,5.551985785413723,1.587657891911537,True,False
7.594540164334994,0.1028906034289688,0.0,80.24099174656868,0.14302300924297817,10.156888352678221,1.6921592318409904,16.965574700738735,1.0251524029487797,11.03749153095346,41.324675139174246,19.88983341460832,2.610445387676671,4.405992649846346,2.740834774053439,False,True
6.887938727875264,0.11112655655104986,0.3319563822295384,53.409220244696314,0.15267005289138513,8.965259056439422,1.7308744423391673,18.826651572976857,0.5307325730925379,10.66543752595586,40.35869832698777,18.542290595225637,5.378573501638368,5.517796831869328,0.17981907225363664,False,False
7.666666931712184,0.07606620625357301,1.223995432147965,25.095325841946586,0.8146225058594867,11.531681046707863,2.365738533009584,18.826651572976857,2.883091210627681,11.03749153095346,44.361200412093616,21.746910884615804,0.2833922341003332,0.6814430823786158,0.17981907225363664,True,False
7.3331395509388395,0.08848856866755178,0.72049342367163,37.819203031254574,0.4646273994367189,10.187217628602458,1.9832770568058378,15.798216175558867,2.883091210627681,11.03749153095346,43.01136223179131,21.746910884615804,2.1600008407257407,3.1963349847471068,0.16659214098003436,False,False
7.494743669747297,0.08056064446150929,0.8111888425785905,36.6124719657419,0.543126125224503,10.581024255790867,2.3832619650554494,16.477667230984842,3.065534954898796,10.37973387620442,45.00665990087393,20.56224537494587,0.18989093121373055,3.972269122623099,0.34599860825531353,True,False
7.110741284327345,0.11240556261747175,0.17731800698352315,64.86519851839135,0.18756061531605522,9.5208970949875,1.9009126315932248,18.826651572976857,0.5307325730925379,11.487298776641158,37.94004856736929,20.61087683229422,5.378573501638368,3.972269122623099,1.2535490533644715,False,False
7.575724913003517,0.08801194960580265,0.7457606305900801,42.09046343267086,0.5521109117218163,10.912584010625261,2.186308898703965,18.826651572976857,1.0251524029487797,11.03749153095346,43.27409654993816,21.746910884615804,2.1600008407257407,1.0601669323828313,0.8695292854583642,False,False
7.497916391840918,0.10555107569977201,0.31873257996883625,61.647701420120626,0.3801090654008225,10.5554126162436,1.9165947393649465,18.826651572976857,2.6876024625376846,11.03749153095346,39.11906813837097,20.979625739938548,4.563224987537082,1.0601669323828313,1.7261686353025645,False,False
7.465720752011403,0.10294122892342297,0.06697761130615654,73.03947720943314,0.20004295784539872,10.049344404123358,1.7342733004096473,16.43265077025188,1.9980656391989138,11.03749153095346,39.424498847244905,21.746910884615804,3.161830080116216,3.972269122623099,2.226283124995722,False,False
7.4243553801848705,0.10242793029927671,0.14656463057600444,67.14348171560425,0.2592816226790545,10.052636558009796,1.6969728185811273,16.43265077025188,2.9480770369694893,12.015570102658028,41.73961833844721,17.303575276557375,2.444011265564355,5.395232093801865,1.721265115749796,False,False
7.364515940984351,0.09426041168431551,0.23477525541257036,60.60862903088683,0.10983538383802782,9.490529862403362,2.3411196487783372,16.43265077025188,1.0251524029487797,8.267292420626756,44.78131230526717,20.56224537494587,2.1600008407257407,5.517796831869328,1.2535490533644715,True,False
7.390318112126233,0.08524575148128115,0.5457864922345258,48.54436145172863,0.43304753734389534,10.249929309760699,2.0859410051527387,15.864419676339983,1.9980656391989138,11.487298776641158,42.23258667177612,21.746910884615804,0.2833922341003332,5.517796831869328,0.8695292854583642,False,False
7.304999077695163,0.0882056068363102,0.5627400609755908,40.36997266733999,0.3345228670973224,9.7921204768082,2.356833645036481,15.037597824142848,2.6876024625376846,9.691654746476305,44.53737197789849,21.746910884615804,2.1600008407257407,3.972269122623099,0.16659214098003436,True,False
7.034846545406063,0.11932313462068088,0.04437006049024855,74.71429829156406,0.04605144072913242,9.097256387487404,2.202617309276802,18.826651572976857,1.6389858067399086,10.37973387620442,37.43529068558507,18.799028701890705,5.827748548370634,5.551985785413723,1.5405750228186776,True,False
7.250898256952421,0.11301571045123232,0.0499839414827483,74.29840864852513,0.03930861056443258,9.305864156097357,2.076355576488886,16.43265077025188,2.9480770369694893,10.37973387620442,41.08072347306691,17.303575276557375,4.6161776193308075,5.517796831869328,1.721265115749796,False,False
6.9585827634251345,0.10734579274985637,0.3282114480074056,53.68665387019139,0.2088259451792368,9.135639944131702,1.8488745790951946,16.477667230984842,3.409668313164729,10.37973387620442,38.552141042967705,20.700816477222862,4.6161776193308075,5.517796831869328,0.34599860825531353,False,False
7.168878756573235,0.09408536658909884,0.5232450962422941,46.450976790379556,0.3794546747460091,9.741920392295107,2.14015493456683,15.037597824142848,4.995533604740131,10.37973387620442,39.816427529446415,21.746910884615804,2.1600008407257407,5.517796831869328,0.34599860825531353,False,False
7.779791433317432,0.08125341099304458,0.9260553944261196,41.74507736396707,0.7374032777497465,11.652516783811018,2.2404574252012117,18.826651572976857,2.9480770369694893,11.487298776641158,42.39395350894905,21.746910884615804,0.2833922341003332,1.0601669323828313,1.2535490533644715,False,False
7.564814051455924,0.08845550243311145,0.5997827363142063,56.05388850881101,0.5969560281389054,11.113397502745462,2.082419143460952,18.826651572976857,0.9406885682873661,13.366087099465423,39.13783188262856,21.746910884615804,0.2833922341003332,3.972269122623099,1.7261686353025645,False,False
7.68268518373094,0.09494899129082304,0.054002862841577286,76.29028072017744,0.30934277875812916,10.672330212812568,2.173763320981686,18.826651572976857,1.0251524029487797,11.03749153095346,41.76802283685144,18.59837157969121,0.3621417124245273,5.64133359010028,2.740834774053439,False,False
7.694575073469001,0.0926434523469127,0.00477763699493062,77.64739909945672,0.24465722657802708,10.507909811838532,1.8185806471367139,17.213971318073124,0.5307325730925379,11.03749153095346,41.98729419083284,20.56224537494587,0.2833922341003332,5.544324287389423,2.840548490612412,True,False
7.844512679079646,0.08024228895977172,0.8684204044187009,41.839541817098386,0.6779436224926471,11.574562674517432,2.0471450379811507,18.826651572976857,2.9480770369694893,10.37973387620442,44.94716827159006,20.39476232529814,0.18989093121373055,1.0601669323828313,1.2535490533644715,True,False
7.24401911868526,0.10061983214529525,0.8166997594994203,38.3734422722843,0.5740179515142316,10.4619970681351,1.5133385608561014,18.826651572976857,4.284284826551515,11.03749153095346,38.3205036965493,21.746910884615804,4.557398414990193,1.0601669323828313,0.16659214098003436,False,False
7.870316274198283,0.08237329361624246,0.8692457920269141,46.17146105250785,0.7405048520321307,11.825393321494165,2.3363420446438896,18.826651572976857,3.9587657997440795,11.03749153095346,41.84090090851905,21.746910884615804,0.2833922341003332,0.6814430823786158,1.6244439867117948,False,False
7.399073441087898,0.08487007029847933,0.5234091779337776,48.61963504843446,0.4105114348148702,10.205485118362654,1.857311968625988,16.477667230984842,1.9980656391989138,10.37973387620442,42.726904017568,21.746910884615804,0.2833922341003332,5.517796831869328,0.8695292854583642,False,False
7.364577052989191,0.08403281351357544,0.9346457717000807,34.76228065406917,0.6470247887478766,10.66091906884776,1.7034668218066231,16.43297662985375,4.284284826551515,11.769234997453715,40.97067452769603,21.746910884615804,0.6570568702260446,3.972269122623099,0.16659214098003436,False,False
7.248389698993152,0.10562741587943501,0.1967756376565436,63.423731004955044,0.08711287391281697,9.370884474933474,2.1560525629869205,16.477667230984842,0.5307325730925379,10.37973387620442,42.20130866685086,20.61087683229422,4.6161776193308075,3.9299541478778397,1.2535490533644715,False,False
7.381739742992282,0.08493861766096035,0.5289913517625887,48.63403876359265,0.41660575012789863,10.215592905623733,2.2164736938076866,16.43265077025188,0.9406885682873661,11.487298776641158,42.687543695231376,21.746910884615804,0.2833922341003332,5.551985785413723,0.8695292854583642,True,False
7.453716255081437,0.08350572577685894,0.9862217609648545,36.68337381519131,0.7287955605476424,11.067198344062831,2.026274382845904,18.826651572976857,4.1020484600246965,11.03749153095346,40.007309290026,21.746910884615804,0.2833922341003332,3.5084780051032474,0.4877180221995935,False,False
7.7302018883365085,0.0885790737888323,0.42323660379932204,60.84812746411243,0.47897415465898646,11.010627829459525,1.7282430491541472,17.213971318073124,3.065534954898796,11.487298776641158,42.54845625069621,19.50324013787274,0.18989093121373055,3.972269122623099,2.0193385079811392,False,False
7.458636456044061,0.10206260976305895,0.3558279554660979,64.44350439228782,0.45905944805125243,10.578180761881605,1.8470637933399152,17.175559609278896,6.304938248795459,12.015570102658028,38.568988792549874,17.038449108649587,1.7799969285164992,5.395232093801865,1.721265115749796,False,False
7.625000880736504,0.09828302103362163,0.03908767266964981,75.1056301327693,0.20514191312021135,10.26343089463538,1.4938032179252876,15.037597824142848,2.6876024625376846,11.03749153095346,40.80875144576111,21.746910884615804,2.1600008407257407,3.972269122623099,2.549375888640253,True,False
8.006912214469459,0.09610479133613618,0.030332908915866107,87.63242892838616,0.3087379768410796,11.260070722710001,2.2244265525349576,18.826651572976857,1.6539792101601698,11.03749153095346,42.39215272026161,18.011702895237143,0.2833922341003332,3.972269122623099,3.8223607136873303,False,False
7.1939073771349635,0.09731507820351838,0.5205054677127594,46.892493854528496,0.3828519687361357,9.918914532850312,1.5683245576491551,18.826651572976857,0.6009417439144984,12.015570102658028,43.04761332433185,17.303575276557375,2.444011265564355,5.395232093801865,0.3664046201951726,False,False
7.499241130995051,0.10609983289022125,0.31969977779690906,61.788726491986736,0.38313778360794015,10.56452002816762,1.8742932783023885,18.826651572976857,2.9480770369694893,11.03749153095346,39.08445019486113,20.700816477222862,4.6161776193308075,1.0601669323828313,1.7261686353025645,False,False
7.1268312365850885,0.09287613155861277,0.556464345293653,43.77468819864021,0.37638821380288867,9.68779069534925,2.1259518186463997,15.798216175558867,2.883091210627681,11.03749153095346,40.68990038466909,21.746910884615804,2.1600008407257407,5.517796831869328,0.16659214098003436,False,False
7.403124584959407,0.10341189057036118,0.17419183677710331,67.12520837719734,0.3056232316204828,10.13417486305476,1.7614921643552477,14.474995856320696,2.9480770369694893,15.027094921438142,40.6514751857707,17.303575276557375,2.478284513391932,5.395232093801865,1.721265115749796,False,False
7.0667755167460795,0.10403924746344737,0.5103436377622134,46.07335604922504,0.3604659753572273,9.710723346804675,1.5732800729886416,18.826651572976857,1.6539792101601698,11.03749153095346,39.41833827453125,20.700816477222862,4.6161776193308075,3.5344434337062793,0.21210188111831557,False,False
7.432951612882502,0.09922662697885133,0.07200428146429831,72.66708954027217,0.2754826830423034,10.168987500247697,2.024423575157307,16.43265077025188,1.9980656391989138,12.015570102658028,38.282725717893825,21.746910884615804,1.7799969285164992,5.517796831869328,2.226283124995722,True,False
7.2528976509337335,0.09028893068485312,0.6870398642940463,39.65613893832581,0.4554935220498399,10.070929163472275,1.736840357690982,16.43297662985375,2.6876024625376846,11.03749153095346,41.796156387710425,21.746910884615804,2.1600008407257407,3.972269122623099,0.16659214098003436,False,False
7.690376910064349,0.1054448818608178,0.04536745462082571,86.67653170218983,0.324599422559812,10.879656012451763,2.2657872671240455,16.43297662985375,0.5307325730925379,16.265136422895775,37.52530592496356,19.70391498325131,2.1600008407257407,3.972269122623099,3.4096635025942224,False,False
7.278069709703702,0.09334323279246867,0.6277952632778616,42.42447231854032,0.43241403765891384,10.01508030380243,1.839305700713822,16.477667230984842,4.995533604740131,10.37973387620442,43.49591821990047,17.303575276557375,1.7799969285164992,5.395232093801865,0.17234276929440145,False,False
6.993145219946442,0.1135303205874167,0.19414988371847697,63.61825309572782,0.08513357383176667,9.035319697856213,1.6107321925663778,18.826651572976857,0.5307325730925379,10.37973387620442,39.954691763534484,18.542290595225637,5.378573501638368,5.517796831869328,0.8695292854583642,False,False
7.59385812847697,0.09941064387217569,0.049235801759486976,74.35383261687538,0.2752442380717185,10.422946839576378,1.5836301356939382,16.43297662985375,2.883091210627681,11.03749153095346,39.239314550469324,21.746910884615804,2.1600008407257407,3.972269122623099,2.527945230131137,False,False
7.366140400283286,0.0913533694077073,0.4239148373232247,50.421127522207186,0.3311997866990739,9.976072450058364,1.8046864804560725,15.037597824142848,2.9480770369694893,10.37973387620442,41.88465410966163,22.74813790421441,2.1600008407257407,3.972269122623099,0.8695292854583642,False,False
7.417720959143574,0.09272468441814966,0.2990367958510902,55.84798142367635,0.27564197350025343,9.99869192909638,1.4902798693024486,16.43265077025188,1.0251524029487797,10.37973387620442,42.961389127713176,21.746910884615804,2.1600008407257407,4.072155991455568,1.2220061060846243,True,False
7.163999500886236,0.10885932358886422,0.16178851158016438,66.01566043742855,0.013148665394309422,9.06344568085319,2.126518363427711,14.52527431002804,0.5307325730925379,11.487298776641158,41.105391777996516,21.746910884615804,5.378573501638368,3.972269122623099,1.2535490533644715,False,False
7.420294995158655,0.08668434599184464,0.9581587238350701,32.788690007904876,0.643725238484429,10.776477436722043,2.384999842728089,15.037597824142848,2.6876024625376846,14.24096046827841,41.608611585533104,22.644709628945577,2.1600008407257407,1.4539250488565962,0.16659214098003436,False,False
7.468085862098204,0.08774578135902272,1.0387280833702839,31.878167937056514,0.715759255467738,11.0551877208519,1.7361491746866993,18.54213162397043,4.284284826551515,11.03749153095346,40.964450845729516,21.746910884615804,2.1600008407257407,1.0601669323828313,0.20456251507069473,False,False
7.543281800537332,0.09446071152558093,0.5222876168642582,60.05120570043917,0.5721240871757098,11.012559909555312,2.1656088804430524,18.826651572976857,2.9480770369694893,13.789812009049388,40.228877493935485,16.679224185796556,0.2833922341003332,5.517796831869328,1.7261686353025645,False,False
7.625038554948678,0.10838126610126823,0.0,82.5055537624757,0.16382797871373228,10.27647640436313,1.4277485170855337,17.213971318073124,2.9480770369694893,11.03749153095346,40.86180372909324,17.808745730465446,3.3170930412097306,3.972269122623099,2.840548490612412,False,True
6.9218794984618945,0.11138371526762945,0.2933726712048431,56.26759323596859,0.11343400730112918,8.938417795125607,1.8612553400897813,18.826651572976857,0.22187521547788502,10.37973387620442,40.76667378641233,18.542290595225637,5.378573501638368,5.517796831869328,0.3664046201951726,False,False
7.5069089250046135,0.10284647152101054,0.09406377142585662,71.21362873045987,0.2793109241028955,10.303291456685447,1.6071304962475323,16.43265077025188,2.9480770369694893,11.487298776641158,38.63770643206215,21.746910884615804,3.161830080116216,3.359242894347574,2.226283124995722,False,False
7.128746760772132,0.09292639389745246,0.5528422250133346,43.9692176994492,0.37533715283742675,9.689672752387704,2.1230117733621565,15.798216175558867,2.883091210627681,11.03749153095346,40.67667345339549,21.746910884615804,2.1600008407257407,5.517796831869328,0.17981907225363664,False,False
7.798277225524762,0.10393975522321057,0.002205091868007398,78.59213464694955,0.27906312985558873,10.82622485987575,2.241186341136265,17.162288452707315,3.5241818985202484,10.37973387620442,39.510601902145666,21.746910884615804,3.5654089357109244,1.0601669323828313,3.05070711771279,False,False
6.996662694366319,0.10511825319253058,0.3795854865341018,49.880743026537665,0.12192137495115168,8.962587538049915,2.1969118480512813,15.037597824142848,0.5307325730925379,11.487298776641158,41.680025176266156,21.746910884615804,5.378573501638368,3.972269122623099,0.16659214098003436,False,False
7.35234743670199,0.09696909484253206,0.5394631677194957,54.978685857475774,0.5180070256212389,10.541639710908623,1.6664531632713355,15.037597824142848,2.9480770369694893,15.527300881466894,37.35429435609166,21.746910884615804,2.1600008407257407,3.972269122623099,1.2535490533644715,False,False
7.178837415669803,0.09793514596012809,0.5324869301124429,46.104970086998506,0.3842773612611174,9.848756274595667,1.150693549175303,16.477667230984842,3.065534954898796,11.487298776641158,40.576575365213216,20.56224537494587,3.161830080116216,4.3228496089445905,0.34599860825531353,False,False
7.327760908592911,0.0861932156059546,0.8385370615199147,40.213557903810916,0.6232612150527804,10.553672635486617,2.202272863678848,17.192881399907503,6.188665227732687,10.101445124847759,39.58697624295404,20.85593962127979,0.18989093121373055,5.517796831869328,0.3664046201951726,False,False
8.050497926437075,0.0859558545534426,0.4263948339319121,64.96606300086565,0.5409492117690654,11.685409429528272,2.3655020745786874,16.43297662985375,4.284284826551515,11.03749153095346,42.362287880858915,21.746910884615804,0.2833922341003332,1.0601669323828313,2.79248908068339,False,False
7.682136255730215,0.0827184096168896,0.9088487335665029,38.450184244001825,0.6723279942007253,11.307325769760656,2.189647249986846,18.826651572976857,2.9480770369694893,10.37973387620442,43.18029041208214,21.746910884615804,0.9886399993101005,1.0601669323828313,0.8695292854583642,False,False
7.648286847651418,0.08628237041718752,0.45525915590658683,57.11657191734911,0.459617223125311,10.770612960691956,2.3770006729542805,14.52527431002804,2.9480770369694893,12.800691662253264,41.99721611410741,21.746910884615804,0.2833922341003332,3.972269122623099,1.7261686353025645,False,False
7.265218720372222,0.09621981511477809,0.4861483049632562,52.441495634743085,0.42562796322930274,10.149806463983811,1.5975366272020894,18.826651572976857,2.9480770369694893,10.37973387620442,39.7931256719581,19.88983341460832,1.8978170480225915,5.395232093801865,0.8695292854583642,False,False
7.233013594620428,0.08871869984323169,1.0355606125024805,36.57108831673422,0.7792490019249045,10.877478941621074,2.1451694359373605,20.52370505618421,5.343197741112301,11.03749153095346,37.030937070164136,20.096887394636198,0.2833922341003332,5.517796831869328,0.16659214098003436,False,False
7.71122780574442,0.09850121795289717,0.2565111153826505,65.31557237982582,0.36669921818387213,10.797902409875826,1.6312066160023388,16.43265077025188,2.9480770369694893,11.487298776641158,40.93678239402689,21.746910884615804,3.161830080116216,1.0601669323828313,2.226283124995722,False,False
7.744863669779807,0.08813735490383992,0.46367739137220954,59.906559162466955,0.5082304018322376,11.083879015579077,1.0611155879064456,16.43265077025188,4.1020484600246965,11.487298776641158,41.60454787095168,20.56224537494587,0.2833922341003332,3.5084780051032474,2.0193385079811392,False,False
7.333169691598484,0.09397135329995604,0.23618519112235323,60.504177643364926,0.12406637719278368,9.484568511490545,2.2527340285038377,16.43265077025188,1.0251524029487797,8.267292420626756,43.59664679559724,21.746910884615804,2.1600008407257407,5.517796831869328,1.2535490533644715,True,False
7.324063393608785,0.08705829995498002,0.8061852407015951,40.63814118201756,0.5951764937596636,10.549654130443137,2.1574123034965114,18.826651572976857,2.883091210627681,11.410573886551061,41.71101899495789,18.912583101917843,0.2833922341003332,5.606284378673158,0.3664046201951726,False,False
7.568730182422919,0.10019318499224428,0.3499262612097971,62.26481197523036,0.4218066112322539,10.643777768593106,1.546481811911616,16.43265077025188,4.7443137694613675,12.646644150597396,41.53778170815569,16.785074522435032,2.1600008407257407,3.972269122623099,1.721265115749796,False,False
7.438064094975503,0.09480798033619399,0.3697400364503507,56.707279541338366,0.3635658586977657,10.21872692808358,1.7141652054326748,15.037597824142848,4.284284826551515,11.03749153095346,40.44588994860996,21.746910884615804,2.1600008407257407,3.972269122623099,1.3155550217775749,False,False
7.094402575426196,0.10770917694781718,0.13890255153260622,67.7111067369669,0.004393363111290016,8.927373682780711,1.8488788683173718,14.52527431002804,0.5307325730925379,11.487298776641158,40.32225995105785,21.746910884615804,4.6161776193308075,5.517796831869328,1.2535490533644715,True,False
7.443023320790517,0.09106182157645608,0.6683256900398638,50.35810131711664,0.5881556861841057,10.797194757377255,1.8749073451756555,18.826651572976857,3.5241818985202484,12.271737868660834,40.97165174424258,17.502915365528583,0.2833922341003332,5.574826818669584,1.0446424973009774,False,False
6.95038383986769,0.10855105037145368,0.33159607793456264,53.435912442985355,0.2687968560609814,9.265609554409757,2.1720858608608222,16.477667230984842,4.995533604740131,10.37973387620442,36.9662757513923,20.700816477222862,4.6161776193308075,5.517796831869328,0.34599860825531353,False,False
7.788206773835404,0.08024976329677544,0.999852291379486,36.33894442695413,0.7382707843105923,11.589411791567219,1.866625487213263,18.826651572976857,4.058932094106565,10.37973387620442,44.63176059016231,19.88983341460832,0.2833922341003332,1.0601669323828313,0.8695292854583642,False,False
7.330758504064135,0.10546012349126643,0.40692221715491245,51.981114384699595,0.3354881954438952,10.045543452830044,2.082800955452591,16.43297662985375,4.420000627387213,10.37973387620442,39.71210826245924,21.746910884615804,5.378573501638368,1.0601669323828313,0.8695292854583642,False,False
7.358457298365561,0.09325722747194021,0.7907492407224463,40.203562022922,0.5727027137321348,10.542945086992141,1.4132564305544155,16.477667230984842,4.835937485141502,12.015570102658028,40.57674808011484,20.39476232529814,2.444011265564355,2.8888988900431305,0.3664046201951726,False,False
7.732557599516429,0.0794522823682787,1.0108305264174495,36.20025164660835,0.7478777117165933,11.553669038807671,2.3305225551484505,18.826651572976857,2.9480770369694893,11.03749153095346,43.22778052254286,21.746910884615804,0.2833922341003332,1.0601669323828313,0.8695292854583642,False,False
7.039611456840125,0.10716816079341342,0.45695744281266504,50.12903367881932,0.3619000551316525,9.63222947651341,2.003605253689039,16.477667230984842,4.995533604740131,11.487298776641158,37.192229176157284,20.56224537494587,4.6161776193308075,4.3228496089445905,0.34599860825531353,False,False
7.744239424888498,0.0892722411023223,0.15585763929459434,67.18222367902706,0.28709260271165943,10.55463858481436,2.1785492555597608,16.43265077025188,1.9980656391989138,10.37973387620442,45.4694443026169,18.34209223260102,0.18989093121373055,4.961839122917418,2.226283124995722,False,False
7.687618874463176,0.09113459993152187,0.39161509738447653,58.86492974710352,0.41737093725262964,10.760099860650262,2.033048213745478,16.43265077025188,2.9480770369694893,12.015570102658028,44.701962147137486,17.303575276557375,0.7934313903961695,4.083468160279771,1.721265115749796,False,False
7.337453583262003,0.10893128757232447,0.4161293588631486,52.42115031850778,0.35146823939999705,10.156235609528709,2.0188212727067096,18.826651572976857,3.5241818985202484,10.37973387620442,40.864014957000414,18.798783202988105,5.690043675112832,1.0601669323828313,0.8564238848142918,False,False
7.087189832518982,0.10372749733538883,0.3976207095822343,50.467046509242095,0.3041134098147137,9.609531867184518,1.7211178717479736,18.826651572976857,0.6009417439144984,12.015570102658028,41.84678577154712,17.303575276557375,3.644838818349089,5.395232093801865,0.3664046201951726,False,False
7.4659702801894126,0.08300582995924967,0.9564103649780707,36.83396644864466,0.6994891130053816,11.002555963748302,2.1116093127378734,18.826651572976857,4.1020484600246965,10.37973387620442,40.66506694477505,21.746910884615804,0.2833922341003332,3.5084780051032474,0.4877180221995935,False,False
7.603094074920814,0.09457483386516449,0.13857679646323487,69.89598632869769,0.30750774667530323,10.451023540549372,1.679204305951682,16.477667230984842,1.9980656391989138,12.015570102658028,42.302552839019505,18.698870214257415,0.7631940170162476,5.517796831869328,2.226283124995722,False,False
7.557324803989831,0.10132050375394253,0.15173927982274843,73.69063413381876,0.37543338141568405,10.67620274197877,1.9312939727278993,18.826651572976857,2.883091210627681,11.03749153095346,37.21722536551532,21.375325126446704,2.1600008407257407,3.972269122623099,2.527945230131137,False,False
7.4173959570948345,0.1005127558088506,0.05371372172810561,74.02209766563686,0.20700160663662215,9.974994528365002,2.1438745426323687,16.43297662985375,1.9980656391989138,11.03749153095346,38.88047451778728,21.746910884615804,2.1600008407257407,5.517796831869328,2.226283124995722,True,False
7.130496267467154,0.11060927321694135,0.2476700543423962,59.65335168689807,0.14387936222689524,9.367816294792988,1.7822870146842922,18.826651572976857,0.5307325730925379,10.37973387620442,41.500219472780714,18.542290595225637,5.378573501638368,3.972269122623099,0.8695292854583642,False,False
7.413171570132198,0.09957866105309293,0.478607111656905,59.7225628197462,0.5213609824946069,10.760430421717867,1.5975349606501137,21.38562150280605,2.9480770369694893,10.37973387620442,37.14617179719207,20.39476232529814,2.1600008407257407,3.972269122623099,1.613363498180997,False,False
7.137195285273901,0.10407213688279247,0.44208928851742146,46.686509296758715,0.2971894933892242,9.560419257255491,1.5524478923285296,16.43297662985375,4.284284826551515,10.37973387620442,41.76078528838133,18.542290595225637,4.461067520180218,3.972269122623099,0.16659214098003436,False,False
7.2404175487455635,0.11742272227973881,0.05188785782012614,74.15736200236609,0.06810453199215377,9.404740888492823,1.918217690356417,16.43265077025188,3.065534954898796,11.487298776641158,39.976781821843566,17.303575276557375,5.690043675112832,4.3228496089445905,1.721265115749796,False,False
7.6444485918419955,0.10022397161503374,0.04979571055520746,74.31235324289192,0.25244453779725234,10.49767126226379,1.8996208689427498,18.826651572976857,0.5307325730925379,11.03749153095346,42.40261853427153,18.542290595225637,2.1600008407257407,3.972269122623099,2.527945230131137,False,False
7.402336635571137,0.11767538307418937,0.0,98.97063389879592,0.0,9.440787472548811,2.3286079735338276,16.477667230984842,1.0251524029487797,11.03749153095346,37.2152344040957,20.700816477222862,4.6161776193308075,5.517796831869328,3.4096635025942224,False,True
7.7159382588250365,0.08822420405493826,0.3593382842854329,63.92102353532411,0.4553222452725379,10.946728528482735,1.955543131124954,16.43265077025188,3.065534954898796,11.487298776641158,40.87916143475981,21.746910884615804,0.18989093121373055,3.972269122623099,2.226283124995722,False,False
7.567170866595526,0.0906730571424964,0.4566920998313634,59.54299413070619,0.4956834245713267,10.756552554983687,1.9269302873322822,16.43265077025188,5.343197741112301,11.03749153095346,39.71843065844387,20.35864772443955,0.2833922341003332,5.104924224948809,1.721265115749796,False,False
7.444827330856757,0.09492511231595152,0.3256655249782046,58.459053450242536,0.3420140930177453,10.220273043955046,1.5639138907290304,15.979565557036006,2.883091210627681,11.03749153095346,40.78244644983514,21.746910884615804,2.1600008407257407,3.972269122623099,1.4382244035830622,False,False
7.57323682455421,0.08829635598546627,0.2879167927670196,59.52302297884586,0.3173410683636654,10.309340186923329,1.8223518253181565,16.43265077025188,1.9980656391989138,10.37973387620442,44.753178206922264,19.01333559599693,0.2833922341003332,5.551985785413723,1.587657891911537,False,False
7.411971265847761,0.0851952861166504,0.8189506796699558,39.94373871268817,0.5987551130250115,10.663745642941743,1.5287546764395399,16.477667230984842,3.065534954898796,12.646499404731102,41.929220480625034,20.56224537494587,0.5151817064023371,4.3228496089445905,0.4808012384674347,False,False
7.396793201359798,0.09100381343911142,0.5426474869364227,42.95866484447414,0.3501905180543339,9.993436896193407,2.1382458216391003,15.037597824142848,3.0039787877143604,11.03749153095346,46.19239200678201,18.25027127880317,2.1600008407257407,3.972269122623099,0.34599860825531353,False,False
7.78681188634831,0.0865915685748413,0.7179829985166871,50.03343883874034,0.6359206594667565,11.468830223783993,2.337163301189742,18.826651572976857,3.730608879421377,10.37973387620442,41.55749699629021,21.746910884615804,1.0441210246322485,1.0601669323828313,1.654309833476256,False,False
7.330207791187315,0.0942241919802177,0.5971059941597292,43.36296732312444,0.4134018759272665,10.173126339138785,1.5443862144739908,18.826651572976857,0.6009417439144984,11.487298776641158,44.998847621527496,17.303575276557375,2.444011265564355,3.972269122623099,0.3664046201951726,False,False
7.844512679079646,0.08024228895977172,0.8684204044187009,41.839541817098386,0.6779436224926471,11.574562674517432,2.0471450379811507,18.826651572976857,2.9480770369694893,10.37973387620442,44.94716827159006,20.39476232529814,0.18989093121373055,1.0601669323828313,1.2535490533644715,True,False
7.451461940369653,0.09612262581322456,0.181884550308462,64.52689813833912,0.2710515305935215,10.096815163926928,1.417905925020644,16.43265077025188,1.9980656391989138,11.03749153095346,41.566958065941094,20.35864772443955,1.7799969285164992,5.104924224948809,1.721265115749796,False,False
7.83716675584643,0.07996470009449891,0.9505701802993372,40.58894406218718,0.7468019935787256,11.732066174551191,2.3635700171531244,18.826651572976857,3.9587657997440795,10.37973387620442,42.963054799502025,21.746910884615804,0.18989093121373055,0.6814430823786158,1.2535490533644715,False,False
7.624094685381324,0.08856381188627756,0.6002976798557165,55.85683964573324,0.5946931396489197,11.151670930101757,1.8633539585599441,18.826651572976857,3.065534954898796,11.684900450382452,39.97724247720941,20.56224537494587,0.18989093121373055,3.972269122623099,1.721265115749796,False,False
7.747284508210903,0.0885132624392977,0.3444392553483934,64.02547492284602,0.4410912519177821,10.952689879395551,1.686039646971914,16.43265077025188,3.065534954898796,11.487298776641158,42.06382694442974,20.56224537494587,0.18989093121373055,3.972269122623099,2.226283124995722,False,False
7.164662921596669,0.11223387818169071,0.02776135887442133,75.94471037111741,0.0705491390440744,9.256940391831476,2.36205292903908,14.52527431002804,3.5241818985202484,11.487298776641158,36.73678963969634,21.746910884615804,4.6161776193308075,5.517796831869328,1.8455700392982823,True,False
7.025921627278404,0.11383256712517174,0.19267562035232894,63.72747002888188,0.07025329807079361,9.041553032612216,1.92672755341482,18.826651572976857,0.5307325730925379,10.37973387620442,41.193407082202754,17.303575276557375,5.378573501638368,5.517796831869328,0.8695292854583642,False,False
7.199752381345028,0.1016659910040903,0.20453503977962795,62.84889605860037,0.18928777526965096,9.513795317362295,2.037336003581729,16.43265077025188,1.9980656391989138,10.37973387620442,39.50946286437897,21.746910884615804,3.161830080116216,5.517796831869328,1.2535490533644715,True,False
7.37931147583716,0.08567760711265421,0.5715648654022213,48.37914825388417,0.45789093575929446,10.309605486319914,2.067482169830211,16.43265077025188,1.9980656391989138,11.487298776641158,41.66435557786423,21.746910884615804,0.2833922341003332,5.517796831869328,0.8695292854583642,True,False
7.532382486376811,0.08607625159525993,0.4735668461782978,52.915214246627535,0.41910070544727573,10.453156603663627,1.5083040039410402,16.43265077025188,2.9480770369694893,10.37973387620442,43.33252638260765,20.35864772443955,0.18989093121373055,5.104924224948809,1.2535490533644715,False,False
7.423554399448753,0.08124916919030428,0.8928584325951155,35.786534278245,0.6175254434418826,10.744236309685373,2.3425739220286803,18.826651572976857,1.1438193105781818,11.03749153095346,42.826712170870266,21.746910884615804,0.2833922341003332,3.7890236876497885,0.34599860825531353,False,False
7.567170866595526,0.0906730571424964,0.4566920998313634,59.54299413070619,0.4956834245713267,10.756552554983687,1.9269302873322822,16.43265077025188,5.343197741112301,11.03749153095346,39.71843065844387,20.35864772443955,0.2833922341003332,5.104924224948809,1.721265115749796,False,False
7.669635979878473,0.08727421998885783,0.4755193925625123,56.72198068694017,0.47537243699809884,10.924359238122744,2.2265663413119015,18.826651572976857,0.759983682488362,11.487298776641158,43.90503517289629,19.01333559599693,0.18989093121373055,4.0965391520368755,1.721265115749796,False,False
7.4248192588889275,0.08329353372436353,0.975106884530363,35.66798751604568,0.7026093471832757,10.948654647700224,1.9748833923105007,18.304263547014546,2.9480770369694893,12.26650240291223,41.41075297606572,20.56224537494587,0.18989093121373055,3.972269122623099,0.34599860825531353,False,False
7.036651478872962,0.11361842460697112,0.20983636286231938,62.456161448187316,0.09882120570180297,9.13534851118083,1.548450721631756,18.826651572976857,0.6009417439144984,10.37973387620442,40.37811644372715,18.542290595225637,5.659070031536147,4.743666450956932,0.8695292854583642,False,False
7.204318304234115,0.11574405149387353,0.0769694174139517,72.29926047148714,0.13614872198740857,9.58760204829564,1.4988332421662818,18.826651572976857,0.9406885682873661,11.487298776641158,38.498906281417334,19.01333559599693,5.539584966307458,3.972269122623099,1.721265115749796,False,False
6.95038383986769,0.10855105037145368,0.33159607793456264,53.435912442985355,0.2687968560609814,9.265609554409757,2.1720858608608222,16.477667230984842,4.995533604740131,10.37973387620442,36.9662757513923,20.700816477222862,4.6161776193308075,5.517796831869328,0.34599860825531353,False,False
7.75891655285207,0.08628406365295467,0.7970164702101914,50.850110469211494,0.7309311143256535,11.655674359819779,2.0407305785574446,18.75643916898469,5.343197741112301,11.03749153095346,39.083805798738865,21.746910884615804,0.2833922341003332,2.0274975257447596,1.721265115749796,False,False
7.34667534802271,0.0844882081908441,0.7705886718602396,40.23496268871409,0.5518804874470189,10.425052909915419,1.9961002743483551,16.43265077025188,2.9480770369694893,12.015570102658028,42.25741211961169,20.39476232529814,0.18989093121373055,5.395232093801865,0.3664046201951726,False,False
7.121657879026158,0.09424162485225582,0.43517828779897866,47.63215773514631,0.3033652761827297,9.56685018040835,1.4625793857503266,16.43265077025188,0.6009417439144984,11.487298776641158,41.40398510694781,21.746910884615804,2.444011265564355,5.517796831869328,0.3664046201951726,True,False
7.38689758778893,0.08456243398241334,0.5158374694976701,48.61114853104304,0.40240242673600546,10.189350186097977,2.36941680013601,16.43265077025188,0.5307325730925379,11.487298776641158,43.1316886439706,21.746910884615804,0.2833922341003332,5.517796831869328,0.8695292854583642,True,False
7.381654601715879,0.0889200242228442,0.8689283058357151,37.72799681757919,0.6199273411941357,10.747180247354821,1.80334738578249,16.43265077025188,0.22187521547788502,15.954284761633703,42.13094582890784,20.35864772443955,1.7799969285164992,2.7551941505774793,0.3664046201951726,False,False
8.09309934361187,0.09463146430958919,0.0,86.07554324806887,0.24355201950262784,11.194307994871162,2.178619319934032,18.826651572976857,1.9980656391989138,8.729777844718342,44.42722705506705,18.698870214257415,0.7631940170162476,2.752091909919354,3.804121746845822,False,True
7.656739886843885,0.07746286579490712,1.1541964397983226,28.500645503061087,0.7894793990352639,11.47917597798389,2.3071715494338796,18.826651572976857,2.9480770369694893,11.03749153095346,43.751311199745906,21.746910884615804,0.2833922341003332,1.0601669323828313,0.34599860825531353,False,False
7.299765492869517,0.08686185051688096,0.6778826449002706,42.07865543573722,0.48033148026926903,10.204215884031946,1.8409051126138045,16.477667230984842,1.9980656391989138,12.015570102658028,42.58910397084679,20.39476232529814,0.7631940170162476,5.395232093801865,0.3664046201951726,False,False
7.409795963808287,0.09408007630980089,0.8568206283890681,35.49503476840589,0.5753543434926848,10.597848295226457,2.3017538039102607,16.43297662985375,5.94496187305774,10.37973387620442,40.9788640091155,21.746910884615804,3.6552905725205322,0.6814430823786158,0.17981907225363664,False,False
6.8278621067119545,0.11284667605969884,0.2937038749006712,56.2430568792102,0.1924884865516428,9.025987138400192,2.3774052889851967,18.826651572976857,0.6009417439144984,11.487298776641158,36.96050501087267,20.700816477222862,5.539584966307458,5.517796831869328,0.3664046201951726,True,False
7.7080789762676725,0.07713046464010326,1.2095094016117702,25.608727956677946,0.8066510538310853,11.514716502785335,2.3024776119087242,16.477667230984842,4.995533604740131,11.771457582575355,44.82916490445542,20.700816477222862,0.3640980453891385,0.6814430823786158,0.17981907225363664,False,False
7.168629031609248,0.09309260495813947,0.4039299473998119,48.07724752085412,0.22658810011564579,9.39546696450082,2.375090334450108,16.43297662985375,1.9980656391989138,8.577980740022845,42.915853388679835,21.746910884615804,2.444011265564355,5.517796831869328,0.3664046201951726,True,False
7.303390152650832,0.09031663822914221,0.6470320318669525,39.94043451805675,0.41733388487456985,10.027743746168701,1.686428101086651,15.798216175558867,2.883091210627681,11.03749153095346,43.71720695049242,20.2651320280387,2.1600008407257407,3.972269122623099,0.16659214098003436,False,False
7.391033170925093,0.08398225685454358,0.9991815216189379,35.76009313591674,0.7293197565946313,10.962190754695385,1.9874815849926841,18.826651572976857,4.284284826551515,11.03749153095346,39.503001219923625,21.746910884615804,0.2833922341003332,3.972269122623099,0.34599860825531353,False,False
7.330207791187315,0.0942241919802177,0.5971059941597292,43.36296732312444,0.4134018759272665,10.173126339138785,1.5443862144739908,18.826651572976857,0.6009417439144984,11.487298776641158,44.998847621527496,17.303575276557375,2.444011265564355,3.972269122623099,0.3664046201951726,False,False
7.61659322735284,0.07713297776186327,1.110038347564,29.653437043039425,0.7593094052865857,11.366424093605207,2.328032003512334,17.192881399907503,0.5307325730925379,14.24096046827841,44.24499067456138,21.780214283894676,0.18989093121373055,1.4539250488565962,0.3664046201951726,True,False
7.432951612882502,0.09922662697885133,0.07200428146429831,72.66708954027217,0.2754826830423034,10.168987500247697,2.024423575157307,16.43265077025188,1.9980656391989138,12.015570102658028,38.282725717893825,21.746910884615804,1.7799969285164992,5.517796831869328,2.226283124995722,True,False
7.63300974316231,0.07678199433008097,1.1972356884317545,26.066905139720227,0.8002271436673802,11.450204415424034,2.298151668085836,18.826651572976857,2.883091210627681,11.03749153095346,43.982476562089396,21.746910884615804,0.2833922341003332,1.0601669323828313,0.17981907225363664,False,False
7.263881493047838,0.08591593992228828,0.8311745624935316,40.24665029752433,0.615965044179242,10.517762883814699,1.9726536539836765,18.826651572976857,2.883091210627681,11.03749153095346,39.33826111466137,21.746910884615804,0.2833922341003332,5.517796831869328,0.3664046201951726,False,False
7.833320161045008,0.09546107153048085,0.01836176914886773,85.3616803346514,0.29610842438689633,10.888180815577767,2.3714091262756947,16.43265077025188,3.065534954898796,11.487298776641158,39.88281867127773,20.35864772443955,0.18989093121373055,5.104924224948809,3.4782339463283467,False,False
7.164662921596669,0.11223387818169071,0.02776135887442133,75.94471037111741,0.0705491390440744,9.256940391831476,2.36205292903908,14.52527431002804,3.5241818985202484,11.487298776641158,36.73678963969634,21.746910884615804,4.6161776193308075,5.517796831869328,1.8455700392982823,True,False
7.620460527906253,0.07713760484144294,1.181882174948494,26.755546628976496,0.7938360642251172,11.374716324490679,2.2101101300104213,17.192881399907503,4.278852779431295,11.487298776641158,43.483648038353884,21.746910884615804,0.18989093121373055,1.4539250488565962,0.16659214098003436,False,False
7.535507195610409,0.08723920121990203,0.3372853911661494,56.43492503700789,0.3254476335950772,10.263098824323421,2.352954556071717,16.48577422922992,0.9406885682873661,11.03749153095346,45.32963164885911,18.993548107382935,0.2833922341003332,5.551985785413723,1.3774878957731518,False,False
7.389432030186387,0.08563654928264568,0.6014684050421507,48.05152183195898,0.48477347368372353,10.37510435246897,2.2421441034108907,16.085585592752256,2.9480770369694893,11.487298776641158,41.15491066047987,21.746910884615804,0.18989093121373055,5.517796831869328,0.8695292854583642,False,False
7.290607252001361,0.11482579603868126,0.0,81.69168450164648,0.027218339628976906,9.378366870141821,2.063018510393914,14.52527431002804,3.5241818985202484,12.015570102658028,38.87584589834041,18.698870214257415,4.6161776193308075,5.517796831869328,2.226283124995722,False,True
7.1199636675708025,0.10540287845404715,0.1746501797311864,65.06283750025545,0.13390401104646715,9.308900894035695,2.0542435404944666,16.43265077025188,0.5307325730925379,11.487298776641158,39.11823641284528,21.746910884615804,3.9128246973195417,5.517796831869328,1.2535490533644715,True,False
8.07870029403017,0.0960884091042478,0.015969158532188044,78.67887766036759,0.29358422018629926,11.242837272115688,2.0352125169583895,16.43265077025188,2.9480770369694893,10.37973387620442,43.81025139681789,20.35864772443955,2.1600008407257407,0.5009748519968091,3.4096635025942224,False,False
7.683884394056541,0.08620688948208005,0.8186482464517723,43.41747799764009,0.647905233373665,11.29421064676546,2.172804227307404,18.826651572976857,3.5241818985202484,10.37973387620442,41.955982106230316,21.746910884615804,1.3701121305229709,1.0601669323828313,1.136260598546555,False,False
7.84686220394979,0.09066212347028015,0.44700668244260827,59.93835966182617,0.4910956717674332,11.300110241521379,2.250089606388323,18.826651572976857,1.9980656391989138,10.37973387620442,42.36091489111317,21.746910884615804,1.7799969285164992,0.6814430823786158,2.226283124995722,False,False
7.507489404123365,0.08435692482197439,1.1945115143066936,32.68342846628778,0.8915784129315425,11.498269682940467,1.8414834650777343,16.477667230984842,6.737783876713896,14.24096046827841,38.70363165727269,20.39476232529814,0.18989093121373055,2.8888988900431305,0.3664046201951726,False,False
6.95038383986769,0.10855105037145368,0.33159607793456264,53.435912442985355,0.2687968560609814,9.265609554409757,2.1720858608608222,16.477667230984842,4.995533604740131,10.37973387620442,36.9662757513923,20.700816477222862,4.6161776193308075,5.517796831869328,0.34599860825531353,False,False
7.791635700962405,0.08758120285985327,0.4435437439435076,61.70637221278914,0.512620368515297,11.183483710878798,1.4212445655064863,16.477667230984842,4.284284826551515,11.03749153095346,40.90339790146619,21.746910884615804,0.2833922341003332,3.040572266332126,2.226283124995722,False,False
7.423554399448753,0.08124916919030428,0.8928584325951155,35.786534278245,0.6175254434418826,10.744236309685373,2.3425739220286803,18.826651572976857,1.1438193105781818,11.03749153095346,42.826712170870266,21.746910884615804,0.2833922341003332,3.7890236876497885,0.34599860825531353,False,False
7.50077137542294,0.10752389542386157,0.2018998327386686,63.04411845769691,0.23994373759333887,10.22551955263047,2.143662722629861,18.826651572976857,1.0251524029487797,10.37973387620442,42.03566888542817,19.984701940211654,5.378573501638368,0.6814430823786158,1.688074738213133,False,False
6.895236965052439,0.11348659619673301,0.2991000996231586,55.84329172982575,0.22587120673301408,9.172256979887074,1.9163649773628104,17.47773841594249,1.9980656391989138,12.719405200443486,37.99972519548661,18.542290595225637,5.378573501638368,5.517796831869328,0.3664046201951726,False,False
7.191167090561672,0.09077560508422333,0.589872913696836,41.85428441381667,0.3842859676844491,9.826127761718574,1.4308516307893857,16.43265077025188,1.0251524029487797,11.487298776641158,42.27723767893838,21.746910884615804,2.1600008407257407,4.690929573624625,0.17981907225363664,False,False
7.2536821234043805,0.08690330422501893,0.8899781392460815,39.7249945447465,0.6705739681995027,10.629694157758609,1.784796045264631,18.826651572976857,4.284284826551515,11.03749153095346,37.957473510677396,21.746910884615804,0.2833922341003332,5.517796831869328,0.34599860825531353,False,False
7.6157294973510306,0.09085010671768116,0.6707548036285809,55.89785314741712,0.6696094745661204,11.306475093552024,2.0753469977007635,18.826651572976857,6.010630258812727,11.03749153095346,37.67181867799029,20.47157796724068,0.2833922341003332,3.972269122623099,1.7261686353025645,False,False
7.2357143054148345,0.0963118187699249,0.7161616321095342,44.37976624121546,0.553485709660963,10.365634542277745,1.0101510869206154,18.826651572976857,3.9587657997440795,12.015570102658028,40.35555812918091,17.303575276557375,1.778242404885714,5.395232093801865,0.3664046201951726,False,False
7.5316806499855815,0.10627550858925539,0.31646488520023935,62.18287436782414,0.3853379939478122,10.511019310059096,1.984674093819466,14.52527431002804,6.665567483383977,12.015570102658028,38.18243042782505,21.2086444890887,4.6161776193308075,1.0601669323828313,1.7261686353025645,False,False
7.222853129940687,0.11889699005020363,0.0,83.96113961093789,0.0,9.181942271277522,2.1798008075814908,14.52527431002804,3.5241818985202484,12.015570102658028,38.11345001603284,18.698870214257415,5.378573501638368,5.517796831869328,2.226283124995722,False,True
7.178619838353346,0.09549246447277643,0.5702069851234752,42.82196692693087,0.37731908673212405,9.772203367168707,1.7747309964157643,15.037597824142848,3.440760403584802,11.487298776641158,40.98674076729604,21.746910884615804,3.161830080116216,3.972269122623099,0.16659214098003436,False,False
7.1846153305722895,0.09315951860572189,0.8556278457786168,38.56742864982201,0.6178496239027359,10.463321315435104,2.1467178628874226,20.489891161805843,3.065534954898796,10.37973387620442,38.01906701814626,21.746910884615804,2.1600008407257407,3.972269122623099,0.16659214098003436,False,False
7.5882902563183015,0.09624590168598351,0.11626793484557409,69.38793292314178,0.2411511019707594,10.29678039646785,1.5480899324566821,16.43297662985375,1.0251524029487797,11.03749153095346,41.71975815790885,21.746910884615804,2.1600008407257407,3.6514264279978907,2.226283124995722,False,False
7.603302619816583,0.09657273703803318,0.2309027291355461,69.55555638005414,0.400063575455085,10.649473599480691,1.9674608216307738,16.43297662985375,5.649654776335484,11.03749153095346,39.673732874718596,18.698870214257415,0.7631940170162476,5.517796831869328,2.226283124995722,False,False
7.230254397253515,0.10677428149509076,0.17241817552613228,65.2281896752199,0.09460144802255949,9.382689209579947,2.235254399271804,18.826651572976857,0.6445902000653442,9.357373442571447,43.18363892527564,17.303575276557375,3.9128246973195417,5.517796831869328,1.2535490533644715,False,False
7.152130443134728,0.10123602740478903,0.42647577893169475,46.50460292959531,0.27812672967940166,9.501283011723954,1.2374633507945254,14.52527431002804,3.5241818985202484,12.015570102658028,42.73375494737824,18.698870214257415,3.930870155058112,4.404886231119881,0.16659214098003436,False,False
7.940313421058046,0.08644505599261595,0.6063196124484383,56.855008274992265,0.615261102077669,11.665366804659024,2.2918475612674487,16.477667230984842,4.30681910966783,12.015570102658028,41.782112447682906,21.746910884615804,0.7631940170162476,0.6814430823786158,2.226283124995722,False,False
7.656739886843885,0.07746286579490712,1.1541964397983226,28.500645503061087,0.7894793990352639,11.47917597798389,2.3071715494338796,18.826651572976857,2.9480770369694893,11.03749153095346,43.751311199745906,21.746910884615804,0.2833922341003332,1.0601669323828313,0.34599860825531353,False,False
7.0507537873712955,0.10388634732982574,0.41965840610863836,48.83470697235201,0.30411718914335795,9.563289852959715,2.152304419138823,18.826651572976857,1.1438193105781818,10.37973387620442,39.15168444038883,21.746910884615804,4.6161776193308075,3.7890236876497885,0.34599860825531353,False,False
7.57973790335031,0.10861300949983793,0.034870725245886885,75.41803161778935,0.07903783304858447,9.92011596510579,2.2598924039138892,16.43297662985375,1.9980656391989138,11.03749153095346,45.07874078113035,15.521979358132489,4.0530365077374215,3.6514264279978907,2.226283124995722,False,False
7.81157019381882,0.0902978933077882,0.5318140111261762,61.16444677363537,0.5980279922832015,11.48020720544129,1.7618475038626034,19.143115733499794,4.322694389416443,11.03749153095346,40.91166409119376,19.034786629508357,0.2833922341003332,3.040572266332126,2.226283124995722,False,False
7.522720769457384,0.08938034782463282,0.42229500934112457,59.12644783722844,0.4534624983612306,10.675487440604677,2.295171943907038,18.826651572976857,1.0251524029487797,11.03749153095346,40.42507896007404,21.746910884615804,0.5216164395038754,4.690929573624625,1.7261686353025645,False,False
7.174210197039369,0.103690000257606,0.5613816118388562,42.62173723776906,0.3651568661519289,9.892719226927671,2.316594042724188,18.826651572976857,0.5307325730925379,11.487298776641158,41.610280543684496,20.47157796724068,5.378573501638368,1.5282929237458613,0.16659214098003436,False,False
7.641592704456656,0.09132937766922086,0.13882351917500318,67.71696164180652,0.17261290687077324,10.095774394378521,2.375471737430635,16.43265077025188,1.9980656391989138,8.729777844718342,46.04605585057679,18.48764451118886,0.7631940170162476,5.517796831869328,2.024814535179636,False,False
7.474738021574705,0.10055092664611884,0.0994008237293165,72.6468267439954,0.30535154948954385,10.263871839658254,2.1217178856743506,16.477667230984842,4.995533604740131,10.37973387620442,37.9221719254662,20.700816477222862,1.7799969285164992,5.517796831869328,2.226283124995722,False,False
7.457501022968335,0.09859650925469814,0.06890404612979652,72.89676234030574,0.22502382382553077,10.087868423438222,2.3842773590793813,16.43265077025188,0.5307325730925379,12.368253470806067,40.28678544165193,20.857500858816035,1.7799969285164992,5.517796831869328,2.226283124995722,False,False
7.055461248123492,0.09978860559538894,0.4373899958000688,49.0242871987248,0.3255238100563805,9.583229660672112,2.0674354225081473,18.826651572976857,1.290673054667916,10.37973387620442,39.8641373218705,20.61087683229422,3.1641319018614484,5.517796831869328,0.34599860825531353,False,False
7.79074723417863,0.08771180919557257,0.45007039956396777,61.67920091062636,0.5191190462914503,11.19756771603181,1.430628356225238,16.477667230984842,4.456135268287446,11.03749153095346,40.731547459730265,21.746910884615804,0.2833922341003332,3.040572266332126,2.226283124995722,False,False
7.57991034733114,0.09658775519270618,0.11765804546379292,69.28495022550923,0.2611923015747455,10.340986056157314,1.6402392568372746,16.43297662985375,1.0251524029487797,11.487298776641158,41.26995091222115,21.746910884615804,2.1600008407257407,3.6514264279978907,2.226283124995722,False,False
7.199752381345028,0.1016659910040903,0.20453503977962795,62.84889605860037,0.18928777526965096,9.513795317362295,2.037336003581729,16.43265077025188,1.9980656391989138,10.37973387620442,39.50946286437897,21.746910884615804,3.161830080116216,5.517796831869328,1.2535490533644715,True,False
7.124798214125141,0.09800872754973712,0.36187399713960544,51.19285224506335,0.19918057376559034,9.295640492249207,1.7557700629206088,15.42037398212344,1.9980656391989138,10.37973387620442,42.24284492794682,20.843778601902102,3.161830080116216,5.517796831869328,0.4355760606387564,True,False
7.300047607052675,0.08508411126824537,0.7813866760419277,40.420955565166906,0.5659210885417318,10.378308110670286,2.0492479079338777,16.43297662985375,4.284284826551515,11.03749153095346,40.3511484538005,21.746910884615804,0.2833922341003332,5.517796831869328,0.34599860825531353,False,False
7.01148146353713,0.11635530835833281,0.1793466777121976,64.71490977049677,0.08592468027354438,9.016846747047328,1.5321666878650746,16.43265077025188,2.9480770369694893,11.487298776641158,39.75102834713958,17.303575276557375,5.690043675112832,5.517796831869328,0.8695292854583642,False,False
7.641435877305327,0.0787024447412793,1.3280772554831777,26.824758977857257,0.9490575205995717,11.896979446943826,2.0259502046241544,18.826651572976857,2.883091210627681,14.24096046827841,41.031343830434864,21.780214283894676,0.18989093121373055,0.6814430823786158,0.3664046201951726,False,False
7.280560802987809,0.11632900363624224,0.062387335302566835,73.37953576271093,0.0569471842646217,9.426330981601815,1.7276814843262278,16.43265077025188,2.9480770369694893,11.03749153095346,40.89462747178207,17.303575276557375,5.690043675112832,3.972269122623099,1.721265115749796,False,False
7.174905383502744,0.09579350425129458,0.743425171374261,42.96896866798749,0.5621577108968967,10.331754205510922,1.6426192679981702,17.192881399907503,1.9980656391989138,14.24096046827841,37.91636283238511,21.746910884615804,2.591756664070901,3.9466574913481995,0.3664046201951726,False,False
7.5882902563183015,0.09624590168598351,0.11626793484557409,69.38793292314178,0.2411511019707594,10.29678039646785,1.5480899324566821,16.43297662985375,1.0251524029487797,11.03749153095346,41.71975815790885,21.746910884615804,2.1600008407257407,3.6514264279978907,2.226283124995722,False,False
7.502492588098105,0.09313897989232581,0.1948079398266841,67.47473228591181,0.332350756738903,10.351605868609406,2.0284455561107855,16.5303002956067,1.9980656391989138,11.487298776641158,39.83957767909565,21.746910884615804,0.8185034817819349,5.517796831869328,2.0615464111905193,True,False
6.8503386903330865,0.11153606478980967,0.30257762932847276,55.58566806631513,0.18089094820644414,9.015059692223597,2.187445101133068,18.826651572976857,0.5307325730925379,11.03749153095346,37.75187854891991,20.61087683229422,5.378573501638368,5.517796831869328,0.34599860825531353,False,False
8.015229913540137,0.09547133210436003,0.003136833842287321,79.06981276573995,0.280046117638454,11.148315373744483,2.117726851379775,16.43297662985375,1.0251524029487797,11.487298776641158,43.05655388024193,21.746910884615804,2.1600008407257407,0.6814430823786158,3.4096635025942224,False,False
6.9893759218800575,0.113342554535902,0.22794422552470628,61.11468795615576,0.09165528262247657,8.971551645276952,1.9031677973644097,16.43265077025188,1.9980656391989138,11.487298776641158,40.377325094204295,18.07837801017238,5.438382260782707,5.517796831869328,0.6701026168793426,False,False
7.482489644639321,0.08106054027911855,0.8410002385653744,36.46187933228854,0.5724325727667636,10.645666636105396,2.0585043640427885,16.477667230984842,3.065534954898796,11.03749153095346,44.348902246124894,20.56224537494587,0.18989093121373055,3.972269122623099,0.34599860825531353,True,False
7.449236461869641,0.09787798464353131,0.0677118570070415,72.98508254327405,0.2048171492251889,10.014933538857896,2.239590520345169,16.43265077025188,0.7518075766368025,11.487298776641158,40.05725510647281,21.746910884615804,1.7799969285164992,5.517796831869328,2.226283124995722,True,False
7.856616110160868,0.08270751189768667,0.7762446880391984,48.79891279117119,0.6798059750850727,11.675560056795218,2.2729796415966743,18.826651572976857,2.9480770369694893,11.03749153095346,42.37114117269866,21.746910884615804,0.2833922341003332,1.0601669323828313,1.7261686353025645,False,False
6.9343107894997456,0.10320642266683587,0.35402875264603545,51.77404659819323,0.07840732969648195,8.734684114457176,1.8209328405596343,14.601462723158493,0.5307325730925379,11.03749153095346,41.42067298625802,22.10907359435732,4.6161776193308075,5.517796831869328,0.16659214098003436,True,False
7.028934452199163,0.1126212040183764,0.28712757436434333,56.73024484885619,0.09088694999705144,8.954984195105446,2.2365292613051078,16.43265077025188,3.3138883607776237,10.37973387620442,42.96619984707585,15.64475219198737,5.378573501638368,5.517796831869328,0.3664046201951726,False,False
7.575240702194178,0.09811903070943646,0.13552639730162164,70.8577715363994,0.3179862662926162,10.549295101880691,1.9704172667032687,18.826651572976857,0.5307325730925379,11.03749153095346,39.752359109279595,21.746910884615804,2.1600008407257407,3.5620294735512643,2.383824014804735,False,False
7.100901333924537,0.09778836327275497,0.3629488646407372,51.11322350659221,0.21002960195865816,9.29109584364249,1.5215378801251396,15.42037398212344,1.9980656391989138,10.37973387620442,41.33971264523312,21.746910884615804,3.161830080116216,5.517796831869328,0.4355760606387564,True,False
7.071567917975873,0.10016579270491183,0.41701874970953673,50.51349134788042,0.32523975863356197,9.577798816384396,2.0602664840822356,15.898505618927091,1.9980656391989138,12.73984586463067,39.40460130271692,20.843778601902102,3.161830080116216,5.517796831869328,0.4355760606387564,False,False
7.769745970099675,0.09274043188602449,0.21754565488808564,64.58653548699711,0.31520851301851777,10.699304709668317,1.7986864931020348,15.161557945611456,1.9980656391989138,11.487298776641158,43.48404322064063,21.746910884615804,2.1600008407257407,1.7358395675705736,2.226283124995722,False,False
7.146404064979906,0.09208907567399256,0.509511759454296,44.03513845468209,0.33056228281412714,9.583466964104513,2.0035680964295715,15.42037398212344,2.883091210627681,10.37973387620442,41.72550023285355,21.746910884615804,2.1600008407257407,5.517796831869328,0.16659214098003436,False,False
7.279739591681611,0.09409199575812191,0.6165625157488698,44.80131330269847,0.4544118531000363,10.10299947436293,1.5157393494875924,16.477667230984842,4.995533604740131,11.03749153095346,42.28444664189684,17.664908883971954,1.6761566673281318,5.517796831869328,0.34599860825531353,False,False
7.7437293257063775,0.07891957681487707,0.9255347354575363,37.390473021826956,0.6748404804997472,11.335953616842998,2.304424301816653,16.43265077025188,3.5241818985202484,11.487298776641158,44.32759310418382,21.746910884615804,0.2833922341003332,1.328443046228397,0.8695292854583642,True,False
7.587012515547096,0.08676669833118757,0.3619490763866667,59.013947921160394,0.38819543859874805,10.536979053385648,1.5493907439909513,16.43265077025188,1.6539792101601698,11.03749153095346,42.428477160991164,21.746910884615804,0.2833922341003332,4.690929573624625,1.7261686353025645,False,False
7.513541639380338,0.08295527176990287,1.1339311924128053,32.65878315379177,0.8273152018062007,11.352579972799955,2.1143076900484212,16.477667230984842,4.995533604740131,14.24096046827841,40.4662879411863,20.39476232529814,0.18989093121373055,2.8888988900431305,0.34599860825531353,False,False
7.668271801595466,0.10684980767640768,0.0,99.13475215467446,0.0,9.949272614744615,2.3733047583066833,16.477667230984842,2.6569802324175167,8.577980740022845,38.732652728392644,21.746910884615804,2.444011265564355,5.517796831869328,3.846000086132662,False,True
7.24825741306635,0.08732270057711304,0.9047765766976226,39.92212464229309,0.6889936304894226,10.676803384239474,1.8305073368546538,18.826651572976857,4.284284826551515,11.487298776641158,37.48726025304985,21.746910884615804,0.2833922341003332,5.517796831869328,0.3664046201951726,False,False
7.68256295928261,0.07547090890897842,1.1884185895004706,25.383512978510886,0.7811929821886504,11.442823371328661,2.2744696568631757,17.065287021542588,2.883091210627681,12.015570102658028,45.144486391823314,21.746910884615804,0.2833922341003332,0.6814430823786158,0.17981907225363664,True,False
7.845227305849485,0.08315436224753962,0.8029181275680544,48.62796312676043,0.7055119760422954,11.73730828568502,2.2284163758773485,19.41461255962548,2.9480770369694893,11.03749153095346,41.78318018605003,21.746910884615804,0.2833922341003332,1.0601669323828313,1.7261686353025645,False,False
7.4427933076861965,0.09882514077107851,0.07037168086340351,72.78803647200058,0.2519455097502634,10.117070634333498,2.105315979200856,16.43265077025188,1.9980656391989138,11.487298776641158,38.8109970439107,21.746910884615804,1.7799969285164992,5.517796831869328,2.226283124995722,True,False
7.451143395253455,0.08077148189475909,0.855899267502414,36.35742794476664,0.5866635661215195,10.63970528519258,2.1214234209411784,16.477667230984842,3.065534954898796,11.03749153095346,43.16423673645495,21.746910884615804,0.18989093121373055,3.972269122623099,0.34599860825531353,True,False
7.555409684646465,0.0979813305696085,0.0974895183450934,70.77908263679895,0.09727282051741298,9.827820386104385,2.2398682747932983,16.43297662985375,1.9980656391989138,8.729777844718342,45.07603596701066,18.48764451118886,2.1600008407257407,5.0906840321240905,2.024814535179636,False,False
8.010315767148084,0.09996144750037272,0.0,89.64806030723501,0.14239632057164237,10.826978031425725,1.8685663100097034,16.477667230984842,1.9980656391989138,10.37973387620442,44.02864399726437,18.698870214257415,1.86080538532487,2.752091909919354,3.804121746845822,False,True
7.456692541299849,0.08710364083891267,0.4161996660947405,54.71676969383839,0.38423410848614176,10.285543540268524,1.7666151364099705,16.43265077025188,1.4324427511977784,11.487298776641158,43.032912182489,20.35864772443955,0.18989093121373055,5.812607810402424,1.2535490533644715,True,False
8.084366713097886,0.09416503869707954,0.11482233131809742,84.01596728905491,0.39787431747543367,11.588925304093056,2.1521186463895936,18.826651572976857,1.9980656391989138,11.487298776641158,42.14950790606015,18.698870214257415,0.2833922341003332,2.752091909919354,3.804121746845822,False,False
7.084081122448936,0.0985255370674692,0.3794892989246254,49.887868833198574,0.2652852310701932,9.389091723131825,2.028996603550697,15.42037398212344,3.3138883607776237,10.37973387620442,40.093061364098,21.746910884615804,3.161830080116216,5.517796831869328,0.3664046201951726,True,False
7.735042840913647,0.08374818926116212,0.6544351140237672,51.963029489934755,0.5963567563918203,11.310480558746464,2.265731505217559,18.826651572976857,1.6539792101601698,11.03749153095346,41.60947831797174,22.619073947527212,0.2833922341003332,2.2437645510076565,1.7261686353025645,False,False
7.294323997239148,0.0864111522236631,0.8627893792381593,40.03989083125309,0.6463742341514795,10.617389441638926,2.1395337981870304,16.43265077025188,2.9480770369694893,14.24096046827841,39.909457015923856,20.39476232529814,0.18989093121373055,5.517796831869328,0.3664046201951726,False,False
7.3069909045026895,0.09070783433375514,0.9942994226274002,39.309332818688766,0.7747135234635374,11.001846894736612,2.1776495843042776,18.826651572976857,4.284284826551515,14.592932064240898,38.92004651606921,17.22889734593655,0.2833922341003332,5.517796831869328,0.34599860825531353,False,False
7.66394280602107,0.07612414028706245,1.221829567781815,25.173962954553247,0.8134573825182336,11.525086539142954,2.3583720015534793,18.826651572976857,2.883091210627681,11.03749153095346,44.33054748432143,21.746910884615804,0.2833922341003332,0.7120960101508039,0.17981907225363664,True,False
6.9887728352195575,0.11490592700040925,0.2769727513769139,57.48253826458909,0.10313529235324387,8.954795392926151,2.2132756023758433,16.43265077025188,2.9480770369694893,11.487298776641158,42.14961354550336,15.40811474345679,5.690043675112832,5.517796831869328,0.3664046201951726,False,False
7.225382662705324,0.10409529799358648,0.7350403923683126,40.30508846595808,0.5153757070389559,10.274255793321506,1.6769256950251425,16.694736817892675,5.116958672113051,12.015570102658028,38.18598786644983,21.746910884615804,5.378573501638368,0.6814430823786158,0.17981907225363664,False,False
7.722335133557286,0.08653252377705936,0.3808295381805271,59.72533795971766,0.41824516297872144,10.804639347290593,1.5637794651402723,16.477667230984842,3.065534954898796,10.37973387620442,43.43511271257128,20.56224537494587,0.18989093121373055,3.972269122623099,1.91754579655796,False,False
6.957099098838443,0.10814754544398864,0.334632301431055,53.21098179200973,0.27375152228801947,9.285077625273678,2.1490361100282636,16.477667230984842,4.995533604740131,10.37973387620442,37.041838471891374,20.700816477222862,4.540614898831734,5.517796831869328,0.34599860825531353,False,False
7.060801210777566,0.09537102451882468,0.7068144534724595,42.82209662910262,0.5214418129164683,10.034024273313284,1.9657989768267081,18.826651572976857,2.6876024625376846,11.487298776641158,37.4071464896534,21.746910884615804,2.1600008407257407,5.517796831869328,0.16659214098003436,True,False
7.632734642197728,0.07742596936248955,1.305120270050004,24.635573699643867,0.8936619237614236,11.712984333307384,2.310924038287828,19.6377349866888,2.883091210627681,12.015570102658028,42.5720384266771,21.746910884615804,0.2833922341003332,0.6814430823786158,0.17981907225363664,False,False
6.9318998735012824,0.10432692200063713,0.35678987651519317,51.569495981273406,0.12799480781827277,8.853391370289575,1.9854765940488805,14.52527431002804,1.5151816781988638,11.487298776641158,40.42476775833597,21.746910884615804,4.6161776193308075,5.517796831869328,0.16659214098003436,True,False
7.40686559524672,0.08710106076879146,0.4378014305997351,54.866255610853365,0.4091527846202435,10.260397542360728,2.20897791220987,16.43265077025188,2.883091210627681,10.37973387620442,40.58653503835455,22.3448466236303,0.18989093121373055,5.929702496352965,1.2535490533644715,True,False
7.020995296668925,0.10007565101166888,0.48109927995308704,48.793703846826425,0.36835338947829616,9.641112099639793,2.0602186163369565,18.826651572976857,1.9980656391989138,10.430932677418097,37.97181370554947,21.746910884615804,3.161830080116216,5.517796831869328,0.34599860825531353,False,False
7.764087781495285,0.09945379038790686,0.0,88.43352690881649,0.13372105055013128,10.412347566703751,2.141378480485941,16.464077253872333,1.0251524029487797,11.487298776641158,42.346804727804916,18.698870214257415,1.0503362900118518,5.517796831869328,3.4096635025942224,False,True
7.566489585317294,0.12112620587719307,0.0,100.98531548756492,0.0,9.855011334494206,1.860097308236965,16.43265077025188,2.9480770369694893,11.487298776641158,37.8811548767378,18.278562323148382,5.087260056653906,4.189779700888037,3.6952164587093446,False,True
6.890566449994878,0.11019049590940103,0.2754217618067952,57.597439257242044,0.09318762161437816,8.781486030091918,1.970511044745411,15.42037398212344,1.9980656391989138,11.03749153095346,38.45307169103899,21.746910884615804,5.390713379561308,5.517796831869328,0.4355760606387564,False,False
7.443042450272568,0.08713534050350759,0.8249001933596001,36.65902329088949,0.5582545332471591,10.65068774734956,2.327335651043879,15.798216175558867,0.5307325730925379,14.24096046827841,43.382815092384696,21.780214283894676,2.1600008407257407,1.740655945869896,0.3664046201951726,False,False
6.97265212290017,0.11031621640138024,0.37470495134886345,53.23094072334889,0.3192976368216395,9.440056150524441,1.8081971968499417,16.477667230984842,5.039554143764156,12.015570102658028,37.28836524888011,18.698870214257415,4.6161776193308075,5.517796831869328,0.34599860825531353,False,False
7.361940041184398,0.09053571181870704,0.7759451902946886,39.451160601643,0.5463695641825075,10.522509393214357,1.651544877362101,16.477667230984842,1.0251524029487797,14.24096046827841,42.44615322152578,20.39476232529814,2.1600008407257407,2.8888988900431305,0.3664046201951726,False,False
7.504502717108335,0.08581029206413396,1.0372640904484418,30.527089905649923,0.6949741705039582,11.06155406646036,1.6676617947460544,18.826651572976857,2.883091210627681,11.03749153095346,42.536465241576586,21.746910884615804,2.1081274046173664,0.6814430823786158,0.17981907225363664,False,False
7.12522222537996,0.09598810789651456,0.6230110872926025,45.66378768613185,0.4734975109050479,10.021062951728995,1.671237205639374,18.826651572976857,2.6876024625376846,11.03749153095346,38.81358132038739,20.61087683229422,2.1600008407257407,5.517796831869328,0.34599860825531353,False,False
7.38072549323958,0.09342529257064662,0.5645037012745767,48.97007398064234,0.45885672410217815,10.354650088815673,1.536713670627145,16.43265077025188,3.5241818985202484,11.487298776641158,40.51401425040176,21.360897750002962,2.1600008407257407,3.6514264279978907,0.8695292854583642,False,False
6.946627988308315,0.11223454109954505,0.31141022255278683,54.931328573177346,0.05839104689448921,8.716511468635206,2.3838081683543226,14.52527431002804,2.9480770369694893,11.487298776641158,42.361341951841744,17.303575276557375,5.690043675112832,5.517796831869328,0.16659214098003436,False,False
7.261492517741808,0.08902546863956554,0.6239021794819061,39.91898919604599,0.3926264898380961,9.934683047551006,1.7475937445199552,16.43297662985375,1.0251524029487797,11.03749153095346,43.45860644729933,21.746910884615804,2.1600008407257407,3.972269122623099,0.16659214098003436,False,False
7.37931147583716,0.08567760711265421,0.5715648654022213,48.37914825388417,0.45789093575929446,10.309605486319914,2.067482169830211,16.43265077025188,1.9980656391989138,11.487298776641158,41.66435557786423,21.746910884615804,0.2833922341003332,5.517796831869328,0.8695292854583642,True,False
7.49619503255287,0.10326449981793948,0.06574435103830091,73.13084006041944,0.18778011069246536,10.060033427082908,1.350561091189531,16.477667230984842,1.9980656391989138,11.03749153095346,40.56414789618188,20.56224537494587,3.161830080116216,3.972269122623099,2.226283124995722,False,False
7.206648306042462,0.08577379371422249,0.929268494804968,36.95450593780126,0.6725710312561848,10.595025520296609,2.357552015967597,20.52370505618421,1.9980656391989138,11.03749153095346,38.72604568209792,21.746910884615804,0.2833922341003332,5.517796831869328,0.16659214098003436,True,False
6.91074906734907,0.11318042612068206,0.23331207700940101,60.7170247636445,0.14829827289516312,9.021792987202826,2.3603769833911703,17.03238931943319,1.9980656391989138,11.487298776641158,37.24508772290114,20.61087683229422,5.438382260782707,5.517796831869328,0.6701026168793426,True,False
7.64057301539576,0.0907892288415522,0.18725993478730318,68.37116415467781,0.33715361153465495,10.51050734933892,2.2247256894210814,14.52527431002804,3.5241818985202484,12.015570102658028,41.66198388734309,20.33901891337181,0.18989093121373055,5.517796831869328,2.226283124995722,False,False
7.440934382255379,0.0828451695188377,0.9081845662712928,36.207833903487554,0.6396942019540978,10.803627063956291,2.2582237797875515,18.826651572976857,3.065534954898796,10.37973387620442,42.56417425599532,20.56224537494587,0.2833922341003332,3.972269122623099,0.34599860825531353,False,False
7.232429531583063,0.08988512736078784,0.45117344305418894,46.707626753014196,0.30707400809104474,9.672406569524002,1.915283269533158,15.42037398212344,1.9980656391989138,10.37973387620442,42.819719370320605,21.746910884615804,1.681823355028732,5.517796831869328,0.4355760606387564,True,False
7.288374075306421,0.0888969801157647,0.6039514000152248,40.188651630193114,0.3754186543157814,9.878581809662116,2.0439854965589275,14.601462723158493,2.6876024625376846,11.03749153095346,43.62767029440568,21.746910884615804,2.1600008407257407,3.972269122623099,0.16659214098003436,False,False
7.139039642427679,0.09202945089151149,0.5058397612524871,44.194967769043934,0.3289644386203556,9.586142210522837,1.6381200345829803,15.503053581275843,1.9980656391989138,11.03749153095346,41.85686161910727,21.746910884615804,2.1600008407257407,5.517796831869328,0.17981907225363664,True,False
7.519063782493642,0.10501367967233506,0.0359820161339054,75.33570454827222,0.10124255460138532,9.882134027553157,2.23139976614631,16.43265077025188,1.0251524029487797,11.487298776641158,43.785268359537966,17.19058691188365,3.161830080116216,4.690929573624625,2.226283124995722,False,False
7.821962021782899,0.09200899090893921,0.3540071683998356,61.98984488418824,0.42219618839354983,11.050482563257722,1.9876898793261883,16.43297662985375,2.9480770369694893,11.03749153095346,42.53806550118626,21.746910884615804,2.0100283590426726,1.0601669323828313,2.226283124995722,False,False
7.088004140308917,0.10144324802530715,0.48257345337737406,49.32954679909276,0.37753953043938226,9.706015397023705,1.8401268999287994,16.43265077025188,4.237085472461329,11.65227511356224,38.8506997252428,19.78125738630104,3.161830080116216,5.517796831869328,0.3664046201951726,False,False
7.13686420398022,0.09197028880733805,0.5089590763237997,43.963192593381876,0.3289546280133657,9.587466299784724,1.8494410461720932,16.149101044796275,1.9980656391989138,10.37973387620442,41.88179874160949,21.746910884615804,2.1600008407257407,5.517796831869328,0.16659214098003436,True,False
7.247198674915875,0.08465675668366149,0.8560806832349308,37.45858535174746,0.6025364365509402,10.424689231340446,2.2496730035201975,18.826651572976857,2.883091210627681,10.37973387620442,40.19583124862554,21.746910884615804,0.2833922341003332,5.517796831869328,0.16659214098003436,True,False
7.094402575426196,0.10770917694781718,0.13890255153260622,67.7111067369669,0.004393363111290016,8.927373682780711,1.8488788683173718,14.52527431002804,0.5307325730925379,11.487298776641158,40.32225995105785,21.746910884615804,4.6161776193308075,5.517796831869328,1.2535490533644715,True,False
7.690625372146689,0.09237187551236284,0.4125846690102567,63.91405121977691,0.5113978890814319,11.12290696358989,1.7912651009020255,18.826651572976857,2.6876024625376846,11.487298776641158,39.84049196228266,20.661244535664267,0.8119000200518018,3.4585275448498476,2.226283124995722,False,False
7.122068251157347,0.10522548028289604,0.3681599646402397,50.72717283656041,0.2484073022255261,9.425707814250673,1.6599386232372406,14.52527431002804,4.237085472461329,11.65227511356224,40.85888311243017,19.591536463606694,4.6161776193308075,4.152363288385554,0.3664046201951726,False,False
7.761176921659747,0.08736037990594057,0.2835264377141088,64.2971406293187,0.3806969945373562,10.821033980358086,1.563892543138533,16.43297662985375,1.9980656391989138,11.03749153095346,43.58077764621545,20.56224537494587,0.18989093121373055,3.972269122623099,2.226283124995722,False,False
7.357275045957838,0.0932115586631015,0.4701725059690701,50.34408815032263,0.37890451682751525,10.114841576100222,1.431573752234103,16.43265077025188,3.065534954898796,10.37973387620442,41.28640741766702,21.746910884615804,2.2469636882806148,3.972269122623099,0.8695292854583642,False,False
8.004006025946063,0.09536752554415882,0.00795597200233316,79.03248644813738,0.2851303083973024,11.146145420544956,2.1176875551276284,16.43265077025188,1.0251524029487797,11.487298776641158,42.63245799023818,22.17133263422142,2.1600008407257407,0.6814430823786158,3.4096635025942224,False,False
7.319989795503529,0.106204129800621,0.014847551300456252,76.90139592063035,0.16133836905425614,9.761053466876046,2.2127338566237844,16.43265077025188,1.9980656391989138,11.487298776641158,37.42916389231098,21.746910884615804,3.161830080116216,5.517796831869328,2.226283124995722,True,False
7.424145473988854,0.10414543267781673,0.020876277772279007,76.4547735387709,0.1204459222595794,9.734118253709498,1.684820153898534,14.52527431002804,3.5241818985202484,11.03749153095346,39.999698498231176,20.33901891337181,2.8302548920302155,5.517796831869328,2.226283124995722,False,False
7.691372135198475,0.08625352169640665,0.3950038666272552,59.65980731852833,0.4322658639251449,10.799054551420957,1.7098708174311892,16.477667230984842,3.065534954898796,10.37973387620442,42.247800807189044,21.746910884615804,0.18989093121373055,3.972269122623099,1.920192192270268,False,False
7.569966319124227,0.0973841548364018,0.08523438175472164,71.68697227478246,0.15740086262134567,10.053312645366274,1.7351711030140606,16.477667230984842,0.9328667143731412,10.218845974961813,43.16213054005091,20.39476232529814,2.1600008407257407,4.427443248609687,2.226283124995722,False,False
7.151046561080397,0.10070276774721514,0.7331949409406413,44.59799103126434,0.5745635687454341,10.345775321705554,0.6342113916380604,16.43265077025188,2.6876024625376846,16.070925350306073,37.527060207668846,19.78125738630104,3.161830080116216,3.972269122623099,0.3664046201951726,False,False
7.582868940407777,0.0953584311608054,0.09574240051270358,70.90851327714033,0.25129401313138056,10.29588150820734,1.897777684514201,16.464077253872333,1.0251524029487797,12.015570102658028,43.00191377938655,18.698870214257415,1.0503362900118518,5.517796831869328,2.226283124995722,True,False
8.219002920446556,0.09293792949873099,0.2649025048770581,79.35581686540272,0.5562089005801372,12.15263589920532,2.080090956794426,18.826651572976857,4.5151071682952875,11.487298776641158,41.293874186731934,18.698870214257415,0.2833922341003332,1.090684100151198,3.804121746845822,False,False
7.756053901251947,0.11907015266355978,0.0,106.62884462090284,0.0,10.014736193147602,2.16269995347831,16.43265077025188,2.9480770369694893,10.37973387620442,40.228596974629916,17.303575276557375,4.528128004789621,3.972269122623099,4.2069689379742,False,True
7.510436839371706,0.09277121379184187,0.5082275625325545,59.70440104832411,0.552351918126611,10.921189415202992,2.2555914494009897,18.826651572976857,1.9980656391989138,13.494529494258675,39.581993635656154,18.698870214257415,0.2833922341003332,5.395232093801865,1.721265115749796,False,False
7.439416647245675,0.09570302606246836,0.30790686579331994,66.22564656667896,0.43388201392052744,10.55171312993287,1.8349987320669465,18.80921779885825,2.883091210627681,10.893090775941324,37.17656387489111,21.746910884615804,0.9851192863702487,5.517796831869328,1.988209336826257,False,False
7.338659181689551,0.10508232804262217,0.023288689497802315,76.27605634602469,0.17511305408401967,9.815177505105751,2.14387149948672,16.43265077025188,1.9980656391989138,11.487298776641158,37.63923912789129,21.746910884615804,2.951754844535911,5.517796831869328,2.226283124995722,True,False
7.299155965218964,0.11548267975837856,0.05766729234632581,73.72920776017973,0.010614857777563713,9.3087931784015,2.299988764416117,14.601462723158493,2.6876024625376846,12.015570102658028,42.008211521602696,17.303575276557375,5.690043675112832,3.972269122623099,1.721265115749796,False,False
7.270152471515564,0.08964031983026018,0.648280625827728,39.964722000832154,0.41899702721180737,9.974704335265777,1.8191377305676721,14.601462723158493,2.6876024625376846,12.015570102658028,42.64959172270112,21.746910884615804,2.1600008407257407,3.972269122623099,0.16659214098003436,False,False
7.182292357959484,0.12018972893825082,0.01404659872310384,76.96073239070003,0.025367785909070573,9.225151329296962,2.209466659020682,16.43265077025188,2.9480770369694893,12.015570102658028,40.24762515834647,15.549536047109639,5.690043675112832,5.395232093801865,1.721265115749796,False,False
7.446414525058075,0.10477793006419231,0.01380779655509951,76.97842342272243,0.07864350372240803,9.682117892940559,1.9606971862425915,14.52527431002804,1.9980656391989138,12.015570102658028,42.06638493245664,18.698870214257415,2.951754844535911,5.517796831869328,2.226283124995722,False,False
7.3843414372685725,0.08493819305310409,0.5346148897289009,48.53297572882857,0.42109935371460205,10.229870369584889,2.1876678314975253,16.43265077025188,1.0251524029487797,11.487298776641158,42.63726881411436,21.746910884615804,0.2833922341003332,5.517796831869328,0.8695292854583642,True,False
7.707924955075676,0.0868693186872515,0.308837363475073,64.11969541954237,0.40487304103200583,10.81090665521314,2.031617372021204,16.43297662985375,1.9980656391989138,11.03749153095346,41.568231667981486,22.574791353179833,0.18989093121373055,3.972269122623099,2.226283124995722,False,False
7.796261648959492,0.09386385961337261,0.4715431054633378,60.77900872653954,0.5289532006138009,11.33938023550695,1.978246917666485,18.826651572976857,2.883091210627681,11.03749153095346,40.43812775272612,21.746910884615804,2.1600008407257407,0.6814430823786158,2.226283124995722,False,False
6.895571422610918,0.11346253705002117,0.2897172701960483,56.538394028280166,0.13440119215852692,8.96466967099681,1.6005550206660561,18.826651572976857,0.5307325730925379,11.03749153095346,40.0393319501403,18.07837801017238,5.623618922539822,5.517796831869328,0.34599860825531353,False,False
6.934218367033412,0.10487610829001198,0.35790200268529065,51.48710703207515,0.15228974618704055,8.90527147099344,2.0511786643227836,14.52527431002804,2.6876024625376846,11.03749153095346,39.70215421968484,21.746910884615804,4.6161776193308075,5.517796831869328,0.16659214098003436,False,False
7.893716950901952,0.08855028890468095,0.6752928453682008,56.911528067746374,0.6888327557461056,11.860505017431208,1.9271547717217332,19.41461255962548,2.9480770369694893,12.497532460665429,40.84845702838652,20.33901891337181,0.6658519436027077,1.0601669323828313,2.226283124995722,False,False
7.1659283137979655,0.0915915450744238,0.4471164536232123,45.414238953461876,0.2843748728589825,9.50071646031329,1.6691867840412413,14.601462723158493,1.9980656391989138,11.03749153095346,42.69337267851896,21.746910884615804,2.1600008407257407,5.517796831869328,0.2448988709592976,True,False
7.7397737675880105,0.09886799141286198,0.0,88.00889389486353,0.15326558435888527,10.428603831285324,2.0520288680033976,16.43265077025188,1.0251524029487797,11.487298776641158,41.14724065217385,20.052425511576395,1.0503362900118518,5.395232093801865,3.4096635025942224,False,True
7.243715977375865,0.09004802535184411,0.5267502106243793,45.532608437163404,0.37007417493945277,9.858526810048113,1.5966047835712809,15.42037398212344,1.9980656391989138,11.487298776641158,42.0713350695006,21.746910884615804,1.681823355028732,5.158616232252593,0.4355760606387564,False,False
7.51940195527486,0.0841344101739443,0.7408484307389394,37.56328108444947,0.4824573720377229,10.520879969224508,2.105742480719011,16.43265077025188,1.9980656391989138,10.37973387620442,45.25720318844674,21.746910884615804,1.681823355028732,2.0680362256147533,0.4355760606387564,False,False
7.634672243815446,0.0899182909904495,0.24746658681393396,63.8934530055053,0.3369049751739832,10.48189598862481,1.6600897053101094,16.477667230984842,3.065534954898796,10.37973387620442,43.750313768301204,18.698870214257415,0.18989093121373055,5.517796831869328,1.920192192270268,False,False
7.741886592190096,0.08686017886676942,0.2838756603610637,64.40403900318942,0.38258775390119715,10.766766012663666,2.3593256328017964,14.52527431002804,2.6876024625376846,12.015570102658028,42.518672045028275,21.86443790091542,0.18989093121373055,3.972269122623099,2.226283124995722,False,False
7.127281863361261,0.09671218493824553,0.35857270087327764,51.437420116666466,0.14693852818802378,9.151933388716749,2.019460147056073,15.42037398212344,1.9980656391989138,8.963709751849906,42.75573676958763,21.746910884615804,3.161830080116216,5.517796831869328,0.4355760606387564,True,False
7.4628117483638645,0.08448427569897313,0.4189260928289882,52.19793892207351,0.3512400616838928,10.152875414636853,1.9738932424900517,15.42037398212344,1.9980656391989138,10.37973387620442,43.636370877988924,21.746910884615804,0.18989093121373055,5.517796831869328,1.110856976785439,True,False
7.060801210777566,0.09537102451882468,0.7068144534724595,42.82209662910262,0.5214418129164683,10.034024273313284,1.9657989768267081,18.826651572976857,2.6876024625376846,11.487298776641158,37.4071464896534,21.746910884615804,2.1600008407257407,5.517796831869328,0.16659214098003436,True,False
7.248024956736534,0.10122146839343993,0.7419311378157547,39.117929045653426,0.5057392202458763,10.318004601624382,2.2017543002824835,18.826651572976857,2.883091210627681,11.03749153095346,39.65047716492752,21.746910884615804,4.994115481266427,0.6814430823786158,0.17981907225363664,False,False
6.987418120433665,0.10402704589249938,0.3522914738209616,51.90274834149423,0.1823824928848916,9.135618080342311,2.001272748707692,16.477667230984842,0.5307325730925379,11.20993311397555,39.94293385619113,22.10907359435732,4.6161776193308075,4.767483403812498,0.34599860825531353,True,False
7.198688492633677,0.09336979726690592,0.40257789066749095,48.1774110961997,0.21294130030810426,9.401183597237672,2.3766370046841945,16.43297662985375,1.9980656391989138,8.577980740022845,44.05188744100142,20.61087683229422,2.444011265564355,5.517796831869328,0.3664046201951726,True,False
7.809065083319655,0.0828506861458479,0.685090328040318,50.540934003347914,0.6084460819923088,11.440161136524516,2.382233340296268,18.826651572976857,1.6539792101601698,11.03749153095346,43.03150458120247,21.780214283894676,0.2833922341003332,1.66059795140947,1.7261686353025645,True,False
7.502690598640745,0.0883626645215442,1.008041208978612,41.23231021411455,0.8165960443891728,11.424512261131525,2.187952335689934,18.826651572976857,5.946822929709882,12.1841435657795,36.910655834523986,21.746910884615804,0.7631940170162476,2.752091909919354,0.8695292854583642,False,False
7.772731460775312,0.09736608234529584,0.0,88.95872248637724,0.04850505588278081,10.165717115140714,2.2708138994911553,14.601462723158493,1.0251524029487797,11.03749153095346,43.305671206887475,20.052425511576395,1.0503362900118518,5.517796831869328,3.4096635025942224,False,True
7.9188349361978965,0.08632920685691446,1.0422593630331665,45.52379640775142,0.913810839466543,12.445352395525784,1.9130678093634348,22.438176764018486,2.9480770369694893,13.039676904206301,41.240697393429734,18.07837801017238,0.2833922341003332,0.24543302180071525,1.7261686353025645,False,False
7.3486739645933365,0.08438462658337036,0.7464082456028365,40.373945765569815,0.5283493823892151,10.351881752354585,1.8253492747741051,16.477667230984842,3.5241818985202484,11.03749153095346,42.56795405483127,20.33901891337181,0.18989093121373055,5.517796831869328,0.34599860825531353,False,False
7.545242735816199,0.0910920733585375,0.38789950020932773,62.535687234468355,0.4657258869173814,10.677450456762843,2.2892123397148603,14.52527431002804,3.5241818985202484,14.24096046827841,39.742652943579586,20.39476232529814,0.18989093121373055,5.517796831869328,1.8644802912125256,False,False
7.569517191876112,0.0804547806550011,0.9801696544240449,33.684578495645724,0.6797050321311261,11.03418928100717,1.7957455929848476,16.43265077025188,4.237085472461329,11.65227511356224,43.838031876974384,20.39476232529814,0.18989093121373055,2.8888988900431305,0.3664046201951726,False,False
7.663334692691559,0.08848848021714506,0.12302662551517209,68.88723305904685,0.21911340827788994,10.253782489115109,2.3294866957128613,14.52527431002804,1.0251524029487797,11.487298776641158,44.68928470893143,20.33901891337181,0.18989093121373055,5.517796831869328,2.226283124995722,True,False
7.187008502531959,0.11392735010831898,0.05494581630381789,73.93082117189434,0.01493885214032964,9.159329240904048,1.9038647700032196,14.601462723158493,2.6876024625376846,11.03749153095346,38.398941811808555,21.746910884615804,5.690043675112832,4.116281796063375,1.721265115749796,False,False
7.239336082597007,0.08820060107795306,0.8338999658917023,37.67448793929805,0.5822104277588303,10.417140039144764,2.0366599124005327,17.065287021542588,0.5307325730925379,14.24096046827841,40.61375748437327,21.746910884615804,1.449519882398991,4.173012613444765,0.17981907225363664,False,False
7.4232156206561974,0.08538542915170165,0.5220710893422302,48.64898000371566,0.4095176500394308,10.24361781697106,1.8940799382994205,16.43265077025188,1.6539792101601698,11.03749153095346,43.733582169965786,20.47157796724068,0.2833922341003332,5.517796831869328,0.8695292854583642,False,False
7.227124331843659,0.12221432771668075,0.0,81.82070438339365,0.0853258617913068,9.531764296042333,2.135220209780129,18.826651572976857,3.065534954898796,11.487298776641158,38.485079612756884,15.060546775926538,5.438382260782707,5.517796831869328,2.118709214147736,False,True
7.330436039331958,0.08578259163610195,0.6285977579808856,38.86093989295074,0.38251274668843377,9.944508598419976,2.2610324653196097,14.601462723158493,1.9980656391989138,11.03749153095346,44.644266897280566,21.8980285907767,1.681823355028732,3.972269122623099,0.16659214098003436,True,False
6.921609734926651,0.10541092576136972,0.32613215021894126,53.84069319096991,0.15189479726900695,8.96947197498484,2.3203648245353587,16.43265077025188,0.5307325730925379,11.20993311397555,39.237636888867264,22.10907359435732,4.6161776193308075,5.517796831869328,0.34599860825531353,True,False
7.657788857920418,0.1030292150025826,0.0,89.00866790754093,0.1714939993511887,10.383222125802867,2.3801677178949885,16.43265077025188,1.9980656391989138,11.487298776641158,38.11842800816444,21.746910884615804,1.964014966989115,4.842967451544475,3.4096635025942224,False,True
7.509317581289937,0.08633459944803419,1.0141339711142507,31.638637322497246,0.6864013345702199,11.057449521265395,1.6582424412105863,18.826651572976857,2.883091210627681,11.03749153095346,42.419512006762545,21.746910884615804,2.1600008407257407,0.6814430823786158,0.2448988709592976,False,False
7.400379068334705,0.08283197815043068,1.0447390355952366,33.00618898672089,0.7381648494510278,10.939104334549548,2.046018794001675,17.065287021542588,5.087807506071957,11.814039958680443,40.0520686179558,21.746910884615804,0.2833922341003332,3.770674704779438,0.17981907225363664,False,False
7.5296884426828035,0.10395906752867162,0.0,81.59207697934335,0.1955278598081555,10.175759501039567,1.5499441830052156,16.43265077025188,2.6876024625376846,11.65227511356224,39.022223887911764,19.78125738630104,2.1600008407257407,5.517796831869328,2.746192706840322,False,True
7.387110330909468,0.10065260648124365,0.056089138516321316,73.84612114574989,0.23698785938050193,10.015034213822336,2.245683595879741,16.43297662985375,1.9980656391989138,11.487298776641158,37.60278680353555,22.574791353179833,2.1600008407257407,5.517796831869328,2.226283124995722,True,False
7.6768907797932595,0.0934731236354934,0.1598146450563101,68.85210599898885,0.315047877463527,10.574475377517993,2.368176168813174,17.60327140616462,1.9980656391989138,11.03749153095346,44.17940200893171,17.056054445051863,0.5041997509018499,5.395232093801865,2.226283124995722,False,False
7.31797817677397,0.08457473250925157,0.6738922138999139,42.641159961750546,0.48413214847239466,10.19227796987849,2.1989568638929304,15.42037398212344,3.681426600897865,11.03749153095346,41.67704394584815,21.746910884615804,0.2833922341003332,5.717784760822194,0.4355760606387564,True,False
7.233576454706898,0.1003464456648465,0.4827476921757904,46.07608925177667,0.3313911760384778,9.844636347325144,1.7867028101801332,16.43265077025188,1.9980656391989138,11.20993311397555,41.13048697663202,22.10907359435732,4.6161776193308075,2.0680362256147533,0.4355760606387564,False,False
7.298125017409891,0.0847577117076705,0.7339094920381081,41.738218723537045,0.5345916774910209,10.346409557998847,2.376421965441975,17.065287021542588,1.9980656391989138,11.814039958680443,41.138931369353834,21.746910884615804,0.2833922341003332,5.517796831869328,0.4355760606387564,False,False
7.277601690143861,0.08508447231366699,0.848110629731045,37.53419052826621,0.595204716158862,10.445602761651193,2.3786388433317036,18.826651572976857,3.065534954898796,10.37973387620442,41.19805301402437,20.56224537494587,0.2833922341003332,5.517796831869328,0.16659214098003436,False,False
7.412102562286347,0.08440367626383649,1.030123721389371,35.85802573028054,0.7633584260192321,11.07859364249555,2.1733434303600037,18.826651572976857,5.087807506071957,11.03749153095346,38.85061095230424,21.746910884615804,0.2833922341003332,3.770674704779438,0.39646061419792056,False,False
6.884280221542321,0.11461244926703446,0.32473019547225995,53.944553329781726,0.19464465247521534,9.054072295798687,1.7746701200047783,18.826651572976857,2.883091210627681,10.37973387620442,39.23251541567147,17.303575276557375,5.690043675112832,5.517796831869328,0.16659214098003436,False,False
7.93337395810787,0.09164341151252015,0.0,81.73976133833938,0.2762861940933735,10.967391005628112,1.9549276453410478,16.477667230984842,1.672041053469487,11.03749153095346,42.67873125321529,20.56224537494587,0.18989093121373055,3.972269122623099,3.4096635025942224,True,True
6.991939029886564,0.11011317188416198,0.34452359194928633,52.47821148777321,0.23880882710202245,9.295246365971252,1.7811649011796624,16.477667230984842,3.065534954898796,11.487298776641158,38.47352162623222,20.56224537494587,5.539584966307458,4.048148461734344,0.34599860825531353,False,False
6.991100195584315,0.10231294511819,0.5443816016786374,46.97712433112423,0.40924650455588735,9.687323166072158,1.5552064085587172,18.826651572976857,2.883091210627681,11.03749153095346,37.655076762330076,20.47157796724068,3.4284950517482824,5.517796831869328,0.17981907225363664,False,False
7.181371709919998,0.09244550343996712,0.49397171005702933,44.19685528063147,0.31647052448031027,9.58937413987714,1.637467771995898,14.52527431002804,2.6876024625376846,11.487298776641158,43.1164157238462,20.33901891337181,2.1600008407257407,5.517796831869328,0.16659214098003436,False,False
7.61371761794793,0.10819552429375041,0.0,95.01252806455106,0.0,9.610010351765174,1.8793942971895174,15.42037398212344,1.9980656391989138,8.963709751849906,41.59869943873904,20.052425511576395,3.161830080116216,5.395232093801865,3.4096635025942224,False,True
7.53658727328453,0.10936470651430644,0.04217443904918298,74.87695514492333,0.0004849965063765671,9.6794825876809,2.3834537422797495,14.52527431002804,0.6009417439144984,11.487298776641158,43.66260543306938,20.33901891337181,5.539584966307458,1.6189927316719297,2.226283124995722,False,False
7.177165801349841,0.10205867970335282,0.3128511586650292,54.82458060218134,0.230210798893831,9.515969469960678,1.6652603079481938,16.43265077025188,1.9980656391989138,11.487298776641158,42.49041026883898,18.07837801017238,3.3252970861480287,5.517796831869328,0.6701026168793426,False,False
6.924860444804811,0.1128280735411982,0.2952024889592293,56.13203598890284,0.15945068941249052,9.018166224247265,1.7115723839461336,16.43265077025188,1.9980656391989138,12.430870142519446,39.75785773695003,18.07837801017238,5.438382260782707,5.517796831869328,0.34599860825531353,False,False
6.993195140562364,0.10838944074638174,0.2472364226676863,59.68547615171063,0.16221169024196697,9.179877626975184,2.1755917827536004,17.75052210521582,0.6009417439144984,11.20993311397555,38.84203479915427,20.700816477222862,4.6161776193308075,5.517796831869328,0.7617773093168774,True,False
7.437557429226358,0.08500979397740308,0.4929175671475305,48.78536038583685,0.3807028640421363,10.19419152344986,2.2754264143622382,16.43265077025188,1.0251524029487797,11.03749153095346,44.781561432841464,20.052425511576395,0.2833922341003332,5.517796831869328,0.8695292854583642,True,False
7.6641075910488485,0.0776748918191322,1.0978649096331772,29.840491283690184,0.7491302497381648,11.339003506568869,2.2167018182259883,16.43265077025188,4.237085472461329,11.65227511356224,43.95283785858485,21.746910884615804,0.2833922341003332,1.328443046228397,0.3664046201951726,False,False
7.354846152824192,0.11491281349295371,0.09598876747069453,70.89026182750106,0.11234476367156565,9.670651003284629,1.7055856268110412,16.43265077025188,2.9480770369694893,11.487298776641158,41.375002051497134,17.303575276557375,5.690043675112832,3.042087297220338,1.721265115749796,False,False
6.921704781970318,0.110402861270059,0.27455750358610437,57.66146555979046,0.08033683659756785,8.790330395685954,2.3217094411045074,15.42037398212344,1.9980656391989138,11.03749153095346,39.60124562128351,20.61087683229422,5.378573501638368,5.517796831869328,0.4355760606387564,True,False
7.2315548662274685,0.09010535532853867,0.55877628175312,41.82884707239941,0.3511167702487714,9.741035034443367,1.8632154154014107,14.601462723158493,2.6876024625376846,11.03749153095346,42.988318329975016,21.746910884615804,2.1600008407257407,4.61162108705376,0.16659214098003436,False,False
7.261999547678726,0.09627661496200197,0.3047184540615964,55.42707068328239,0.22736780475492702,9.581298562925328,1.350287878813705,14.601462723158493,2.6876024625376846,11.03749153095346,42.378087965751995,20.47157796724068,2.436451233029999,5.517796831869328,0.8695292854583642,True,False
7.320498858282898,0.08509942470692265,0.7820434219157221,40.3980172026624,0.5662872924221177,10.462883344560447,2.117041426669346,16.43265077025188,1.0251524029487797,14.24096046827841,42.44588658894166,19.78125738630104,0.18989093121373055,5.517796831869328,0.3664046201951726,False,False
7.658868013611559,0.08338797366462374,0.9152891580064507,37.931020689158245,0.6717292836825177,11.237170950051027,2.1601477326237806,18.826651572976857,3.062508950285816,11.487298776641158,45.47069457672288,17.442848458133106,0.2833922341003332,2.752091909919354,0.6745135212205071,False,False
7.953816173981984,0.09415855733759851,0.09525135551701017,79.67737020845269,0.3772269380052866,11.322634880340393,2.1957336465042006,18.826651572976857,1.0251524029487797,11.487298776641158,41.683522306326985,20.052425511576395,0.7631940170162476,2.752091909919354,3.4096635025942224,False,False
7.784869223816591,0.11359844578142139,0.0,91.3015544104347,0.19018776334923398,10.697056381698882,2.378871731429781,16.43265077025188,4.237085472461329,11.65227511356224,37.40347459015598,20.667908894258584,4.6161776193308075,1.328443046228397,3.661984493750791,False,True
7.482489644639321,0.08106054027911855,0.8410002385653744,36.46187933228854,0.5724325727667636,10.645666636105396,2.0585043640427885,16.477667230984842,3.065534954898796,11.03749153095346,44.348902246124894,20.56224537494587,0.18989093121373055,3.972269122623099,0.34599860825531353,True,False
7.308309322750092,0.08793108364439835,0.519369860322748,41.60316501957652,0.3063290792094187,9.75347794051504,2.192328062195555,14.601462723158493,1.0251524029487797,11.03749153095346,45.21181362401532,21.746910884615804,2.1600008407257407,3.972269122623099,0.2448988709592976,True,False
6.960714705917343,0.10712852946515551,0.319506169669847,54.33156157400607,0.0771238915974114,8.831337748659625,2.2073177481511927,15.42037398212344,0.5307325730925379,11.03749153095346,40.85992876770215,21.746910884615804,5.390713379561308,4.667850273695981,0.34599860825531353,False,False
7.2287580005220855,0.09124464907185731,0.7381016759438678,39.35583604603581,0.5050871487049456,10.204213088156761,1.5111695430151237,16.477667230984842,1.0251524029487797,13.698045360035081,41.42219261270179,21.078080289000624,2.1600008407257407,3.972269122623099,0.16659214098003436,False,False
7.631796024010307,0.09031875294346764,0.1742998353699161,68.40986496546384,0.3240318411772714,10.468837308922952,2.117789759183837,14.52527431002804,3.0418849642864,12.015570102658028,41.71833726392607,20.764962471022677,0.18989093121373055,5.517796831869328,2.226283124995722,False,False
7.69674056738784,0.10325542802959156,0.0,88.38442236505311,0.1357341284815443,10.36481848674025,2.0387718837624367,16.43265077025188,1.0251524029487797,11.487298776641158,39.47304202123473,21.746910884615804,2.453012519090326,3.972269122623099,3.4096635025942224,False,True
7.496215896531774,0.08042481471298948,1.0315085892621745,33.31360782432898,0.7285846506986653,11.103021872347751,2.3067566445236176,16.477667230984842,1.9980656391989138,14.24096046827841,42.091201335470004,21.746910884615804,0.18989093121373055,2.8888988900431305,0.3664046201951726,False,False
7.2669061098688665,0.11452137908530027,0.0,78.98129614627247,0.09205787851296854,9.588547951144971,2.2992405378557237,17.825066568113108,1.9085969532656801,10.37973387620442,36.70256666077358,21.746910884615804,5.23857280940859,3.972269122623099,2.226283124995722,False,True
6.964770517689984,0.10491241704718643,0.322541231954397,54.106716948370284,0.10262006056047113,8.876545095864644,2.2829457074056827,17.187434338686668,1.9980656391989138,8.215610669749902,40.37200540829326,21.746910884615804,4.6161776193308075,5.517796831869328,0.34599860825531353,True,False
8.033224599689078,0.0949086224336694,0.009475124541894983,86.75703854178865,0.2867330143265401,11.187296081872422,2.3711731769548194,17.181032938347307,2.6876024625376846,11.03749153095346,43.17745534383446,17.99402062236147,0.18989093121373055,3.972269122623099,3.7602370481287912,False,False
7.739100453656116,0.09051237501529304,0.441367979424932,63.635472775774424,0.5377970727141965,11.16196191619649,1.906623099941084,16.477667230984842,6.100737024057844,11.03749153095346,39.43341566022543,20.56224537494587,0.18989093121373055,3.972269122623099,2.226283124995722,False,False
6.96592631861462,0.10433802810177385,0.315021386417547,54.66380497360751,0.07488914668672736,8.801142103434447,1.773976782284964,14.52527431002804,0.5307325730925379,11.487298776641158,41.209404384227156,21.746910884615804,4.6161776193308075,5.517796831869328,0.3664046201951726,True,False
6.848047293373241,0.10969240500043538,0.3302929781269913,53.532449173019174,0.14063753063678414,8.79972336861169,1.9211181152852386,15.42037398212344,2.6876024625376846,11.03749153095346,38.03251878735894,21.746910884615804,5.390713379561308,5.517796831869328,0.16659214098003436,True,False
6.967186958707973,0.11107322715357666,0.2900721809181382,56.512101398686156,0.08685443618061728,8.826635523830085,2.0432998075647326,14.52527431002804,3.5241818985202484,11.122567822377214,40.88673681305408,18.698870214257415,5.378573501638368,5.517796831869328,0.34599860825531353,False,False
7.33188111708619,0.085347421865109,0.629213833602994,42.97133110307019,0.44169839275923584,10.142619137781328,2.115378198340886,16.43265077025188,1.9980656391989138,11.03749153095346,43.425068039883094,20.61087683229422,0.54247429491035,5.517796831869328,0.4355760606387564,True,False
7.555804278441709,0.08888668500549919,0.3593871454609387,60.35707493348155,0.40461994420449426,10.525598056865737,1.408936963180752,16.477667230984842,2.9480770369694893,11.03749153095346,41.668130685380945,20.56224537494587,0.18989093121373055,5.395232093801865,1.721265115749796,False,False
7.041749913937727,0.09530763156427387,0.7151396554138405,42.87136114408999,0.5309264721891366,10.036818032404403,2.180781250967109,16.43297662985375,1.0251524029487797,15.460011997049474,37.490558271957084,21.746910884615804,2.1600008407257407,5.517796831869328,0.16659214098003436,True,False
7.047158518328486,0.1020433786068036,0.3557353288217557,51.64761938010876,0.17890376989437495,9.188078178505144,2.097821622530515,16.477667230984842,0.5307325730925379,11.20993311397555,42.05946142163704,20.052425511576395,3.928549446676457,5.395232093801865,0.34599860825531353,True,False
7.10660303329335,0.09984943067741098,0.4063330866380523,49.41611995165796,0.29833882347697355,9.524753781782637,1.4472651527844476,16.223886840785426,3.065534954898796,11.03749153095346,40.866203766820426,19.78125738630104,3.161830080116216,5.517796831869328,0.34599860825531353,False,False
7.88708008616905,0.08603412118682548,0.47012222896481626,60.00096805208195,0.5163741734184677,11.328096029935567,1.6937932510039435,16.477667230984842,3.5241818985202484,11.487298776641158,43.32645492038255,20.33901891337181,0.18989093121373055,2.42920420388993,2.226283124995722,False,False
7.16343427828299,0.10659488428430659,0.6220898310117241,45.60682223223158,0.47171434597307155,10.215583308641788,2.2318757929657584,18.826651572976857,0.5307325730925379,14.24096046827841,38.532044349338214,20.61087683229422,5.378573501638368,1.4539250488565962,0.42623565352478465,False,False
7.425294102701798,0.08180824974065554,0.9177525506707049,36.00878787947384,0.6469538301922008,10.777734450039876,2.0088787817077263,17.065287021542588,3.065534954898796,11.814039958680443,41.80006851817023,21.746910884615804,0.18989093121373055,3.972269122623099,0.34599860825531353,False,False
7.298125017409891,0.0847577117076705,0.7339094920381081,41.738218723537045,0.5345916774910209,10.346409557998847,2.376421965441975,17.065287021542588,1.9980656391989138,11.814039958680443,41.138931369353834,21.746910884615804,0.2833922341003332,5.517796831869328,0.4355760606387564,False,False
7.151365228472431,0.12140318368322557,0.020312951362620034,76.4965060977155,0.09517430803920118,9.392833152450443,2.266157189595966,18.029301750481782,2.9480770369694893,12.015570102658028,38.65097417811656,15.549536047109639,5.690043675112832,5.395232093801865,1.721265115749796,False,False
7.184560603932084,0.08937938301681451,0.8581977038399633,42.147580961132036,0.6715454292353031,10.604280617953366,2.357393670947642,18.860865713380605,1.9980656391989138,13.704378145997788,36.96278096046759,21.746910884615804,0.54247429491035,5.748948300790193,0.4355760606387564,False,False
7.56333919966131,0.08082499340338802,1.0646044146830238,32.01535698334584,0.7450124810295129,11.2455651663161,2.067974128754882,18.826651572976857,3.065534954898796,11.487298776641158,43.22290073586581,20.33901891337181,0.2833922341003332,2.42920420388993,0.34599860825531353,False,False
7.4310320944096455,0.0814560105880379,1.0019770243918025,33.06324401830681,0.693863442854269,10.842050977504146,1.8570390258837057,15.911773067623749,5.087807506071957,11.814039958680443,41.299083874761244,21.746910884615804,0.18989093121373055,3.770674704779438,0.17981907225363664,False,False
8.01347322413513,0.09492643919096148,0.21025302327324322,83.63887987166373,0.4985536974881125,11.732816953967887,1.4231970159249945,17.065287021542588,2.883091210627681,14.24096046827841,38.53583880796201,20.39476232529814,0.18989093121373055,2.8888988900431305,3.8012703450343097,False,False
7.477202672050671,0.08259155423352635,1.1049331195588197,33.25101372485004,0.805156133605101,11.257703310441388,1.8776495015088537,16.43265077025188,4.237085472461329,14.24096046827841,39.80369666005395,21.746910884615804,0.2833922341003332,2.8888988900431305,0.3664046201951726,False,False
7.511158023757348,0.08892749375816424,0.37148339403908637,60.53746297517178,0.41995037522414086,10.505969748667985,2.0145411900903754,16.477667230984842,2.9480770369694893,11.166728086317939,40.23166388227907,21.746910884615804,0.18989093121373055,5.517796831869328,1.721265115749796,False,False
7.297267565715702,0.0861153874266602,0.8557796981518313,39.671296768377424,0.6337299079711762,10.597451052436794,1.8832026199130067,18.826651572976857,3.5241818985202484,11.03749153095346,39.995743251265196,20.56224537494587,0.18989093121373055,5.517796831869328,0.34599860825531353,False,False
7.175628184347992,0.12116937534922463,0.016797662480095107,76.75692705079328,0.07411278992760567,9.330792032133438,2.050246181702515,16.43265077025188,4.237085472461329,12.015570102658028,38.958616722854636,15.549536047109639,5.690043675112832,5.395232093801865,1.721265115749796,False,False
6.9076366411604715,0.11132679525985116,0.2946486947376456,56.173062380705446,0.13956984538098172,8.897210766392192,2.2481341971431865,15.385268286649023,3.5241818985202484,11.03749153095346,38.459530550819515,20.33901891337181,5.390713379561308,5.517796831869328,0.34599860825531353,False,False
7.193215893115883,0.12051921942920758,0.014036631962157656,76.9614707520329,0.03517103324885068,9.244718031621481,2.0523021096808245,16.43265077025188,4.3596957283539775,11.03749153095346,39.814085038666555,15.549536047109639,5.690043675112832,5.395232093801865,1.721265115749796,False,False
6.953764142376434,0.11165840864507576,0.2754329044121546,57.59661378656113,0.10321974585569926,8.901000039564334,2.072436440658354,15.42037398212344,2.058168330936155,12.015570102658028,40.47507097587851,18.698870214257415,5.378573501638368,5.517796831869328,0.4355760606387564,False,False
7.456555858445577,0.08249400733176816,1.0441541889245947,33.89715093742458,0.7502359397482334,11.121034532926819,2.3222768784409773,16.477667230984842,1.9980656391989138,15.114248993132847,40.95471181063629,21.746910884615804,0.45309193119300006,2.8888988900431305,0.3664046201951726,False,False
7.705193188760054,0.09202341216336288,0.09293046085911766,72.52512653236201,0.2967921956407897,10.563043034500106,1.3726736184945525,16.477667230984842,3.065534954898796,10.37973387620442,42.594413847847825,19.26447321247933,0.18989093121373055,5.517796831869328,2.5104891145017287,True,False
7.983000717853428,0.09863876078704158,0.00894994734696313,79.83643980347644,0.286178952385887,11.140357200265512,2.296372297606747,17.065287021542588,1.672041053469487,11.051626035190926,41.93449137773035,21.746910884615804,2.739686427042471,0.38029369781414946,3.4096635025942224,False,False
7.115761561233934,0.09228836951676354,0.5350853054561654,43.78090790724321,0.35392190104695365,9.646392110303694,1.616131547003663,16.43297662985375,1.0251524029487797,11.487298776641158,41.4632714923654,21.746910884615804,2.1600008407257407,5.517796831869328,0.16659214098003436,True,False
7.598263795273883,0.08361766319534211,0.5713871499738555,49.963141141631525,0.48026093650387264,10.682548715062307,2.1345393219703652,15.235083155255294,3.065534954898796,11.487298776641158,43.049463121387646,21.746910884615804,0.18989093121373055,3.972269122623099,1.2535490533644715,True,False
7.157746063334381,0.0911098559174723,0.45765924736875796,44.20485237345895,0.2782747621747649,9.478116732108987,2.3731145939725193,16.43297662985375,1.9980656391989138,8.963709751849906,43.01394728090652,21.746910884615804,2.1600008407257407,5.517796831869328,0.16659214098003436,True,False
7.310398613103373,0.08399895312609738,0.7256145777463245,40.67444517061638,0.510691445955336,10.256466638379301,2.2851043248103298,16.223886840785426,3.065534954898796,11.03749153095346,41.778988114521546,21.746910884615804,0.2833922341003332,5.517796831869328,0.34599860825531353,True,False
7.194677659907414,0.1024269342982487,0.431870996577854,49.68500231138549,0.32911044631363984,9.726302298834632,1.644401336561598,16.43265077025188,4.237085472461329,11.65227511356224,42.8822008438557,15.749756267688142,3.161830080116216,5.517796831869328,0.3664046201951726,False,False
7.617474435297761,0.07714110379128733,1.1096195050253193,29.656373387716883,0.7589093426106998,11.36659167951707,2.3203636863645016,17.192881399907503,0.5307325730925379,14.24096046827841,44.27829407384024,21.746910884615804,0.18989093121373055,1.4539250488565962,0.3664046201951726,True,False
7.069478382825938,0.10950462582885054,0.1455471888168126,67.21885621866346,0.09901615748716314,9.14163321234238,1.9080997661349919,15.42037398212344,1.9980656391989138,11.487298776641158,37.95982721285608,21.746910884615804,4.6161776193308075,5.517796831869328,1.2535490533644715,True,False
7.1659283137979655,0.0915915450744238,0.4471164536232123,45.414238953461876,0.2843748728589825,9.50071646031329,1.6691867840412413,14.601462723158493,1.9980656391989138,11.03749153095346,42.69337267851896,21.746910884615804,2.1600008407257407,5.517796831869328,0.2448988709592976,True,False
7.053150429518164,0.1151500656986479,0.20622109340210026,62.723989200024036,0.19442214646352374,9.321365546341418,1.2804777425354892,16.43265077025188,4.896917622392187,11.487298776641158,38.384436797473235,17.303575276557375,5.230359377423939,5.395232093801865,0.8695292854583642,False,False
7.849827264609935,0.08569059554584195,0.4878286811646734,59.876834894935875,0.5332867121253383,11.321011381974253,1.6870969441282582,16.477667230984842,3.5241818985202484,11.487298776641158,41.91856294913856,21.746910884615804,0.18989093121373055,2.42920420388993,2.226283124995722,False,False
7.144721551436954,0.09874591072764702,0.5935370301634845,45.55876559153881,0.4409067710754421,9.949205757132779,1.8986513226108686,15.235083155255294,3.065534954898796,13.65174861281955,38.62178520068843,21.746910884615804,3.3606694608437153,3.972269122623099,0.34599860825531353,False,False
7.2660949130422186,0.08952853413169361,0.7145331631408933,42.40150254286443,0.5235954116459896,10.251812533297654,1.449827829432356,16.43265077025188,4.2183963029246,11.487298776641158,40.50784178316746,20.56224537494587,1.0503362900118518,5.395232093801865,0.34599860825531353,False,False
6.897329619536026,0.10989378131080921,0.2749666140597748,57.6311576838156,0.08038919727359556,8.7546279755815,1.9462718505681955,15.42037398212344,1.9980656391989138,10.73237620137014,38.77032689854525,21.746910884615804,5.378573501638368,5.517796831869328,0.4355760606387564,True,False
7.192197934631615,0.11922110106597923,0.0,83.57427526665093,0.004068071069173507,9.268527255643601,2.132797890486471,17.45593100391656,1.9980656391989138,11.03749153095346,37.68698815317023,18.698870214257415,5.378573501638368,5.517796831869328,2.226283124995722,False,True
7.50426799689319,0.11133231328271555,0.0,82.92567754295017,0.028015086915170684,9.709057487057942,2.0492600056553623,16.477667230984842,3.065534954898796,10.37973387620442,42.942383203354275,15.549536047109639,3.6794234791444347,5.395232093801865,2.5104891145017287,False,True
7.051771894179768,0.10044758938305258,0.5252066971483915,46.54967795141695,0.38292975745288904,9.665789559211285,1.5564510530985003,17.065287021542588,3.065534954898796,11.814039958680443,39.414434694337956,19.78125738630104,3.161830080116216,5.517796831869328,0.17981907225363664,False,False
7.0767147652357645,0.11316037030577603,0.21088801959781356,62.3782522183856,0.0853030778449756,9.035903441513986,1.858172193068565,16.223886840785426,4.896917622392187,9.196614878040837,40.8459942028643,17.303575276557375,5.230359377423939,5.517796831869328,0.7848549700666168,False,False
7.204730816421395,0.11883786408292664,0.032713855004272825,75.57781769021672,0.07521134625473913,9.395025981670907,2.113848805835882,18.029301750481782,2.9480770369694893,11.03749153095346,40.02450660554418,15.549536047109639,5.378573501638368,5.311248411553276,1.721265115749796,False,False
7.37931147583716,0.08567760711265421,0.5715648654022213,48.37914825388417,0.45789093575929446,10.309605486319914,2.067482169830211,16.43265077025188,1.9980656391989138,11.487298776641158,41.66435557786423,21.746910884615804,0.2833922341003332,5.517796831869328,0.8695292854583642,True,False
7.6553815221633545,0.0896248762004149,0.12742112376937614,68.65166806356916,0.2780182951259399,10.373734875265818,1.8562405340706685,14.52527431002804,3.0418849642864,11.03749153095346,42.89913293170745,20.56224537494587,0.18989093121373055,5.517796831869328,2.226283124995722,False,False
7.0815082822656406,0.10002496872268604,0.4023649832081448,50.5044330267118,0.3096510362931711,9.563138954721728,1.7143424621426469,17.340791513117317,1.9980656391989138,11.03749153095346,39.89757151181179,20.61087683229422,3.161830080116216,5.517796831869328,0.4355760606387564,False,False
7.387676927330721,0.0831090453845442,0.8105904748175017,38.72420346399588,0.5725678126042013,10.502625166028183,1.8947190982587536,15.42037398212344,4.094985820455881,11.65227511356224,41.76780707125115,21.746910884615804,0.2833922341003332,4.667850273695981,0.3664046201951726,False,False
7.314155464799668,0.09070128937335843,0.5597009211306687,50.10641965479229,0.4699723806137739,10.263449892806252,2.25022795187544,16.43265077025188,3.5241818985202484,11.487298776641158,39.49386000069883,21.746910884615804,1.0503362900118518,5.395232093801865,0.8695292854583642,False,False
7.2183547519178255,0.11421640849267842,0.05353588059403483,74.03527255941626,0.0007078587855737783,9.165290591816866,2.053360124802625,14.601462723158493,2.6876024625376846,11.03749153095346,39.58360732147849,20.56224537494587,5.690043675112832,4.116281796063375,1.721265115749796,False,False
7.551193281157052,0.08258634772095469,0.7476978648736963,42.842472907536674,0.5648639885681628,10.789560771647487,1.7196701149108098,16.477667230984842,3.5241818985202484,10.835877003473623,42.71971794547159,21.746910884615804,0.2833922341003332,3.5727502958775923,0.8395025069559718,True,False
7.486959565109751,0.09487294146056005,0.17179493370969431,68.368511293736,0.320800256259997,10.291383622293438,2.133449851218781,16.223886840785426,3.065534954898796,11.03749153095346,39.24709543119285,21.746910884615804,1.0968962196935779,5.517796831869328,2.0643873059907705,False,False
7.3199136866624155,0.1048352788197556,0.5562520243120402,42.013483816472764,0.35108307278054807,10.003487093569596,2.193630477197212,16.43265077025188,2.883091210627681,12.015570102658028,44.360859590426806,17.75652249629053,5.690043675112832,0.6814430823786158,0.17981907225363664,False,False
7.42955180074186,0.08328877848666498,1.0382224578714738,33.069768492599565,0.7321952895868422,10.965172110995233,1.512185624931239,17.065287021542588,5.087807506071957,12.015570102658028,41.0949541576313,20.50249520096272,0.2833922341003332,3.770674704779438,0.17981907225363664,False,False
7.563374766308025,0.10625649554196896,0.22242082917631836,61.523874281758786,0.1983911007547256,10.106026027942528,1.4498091195482148,16.43265077025188,4.2183963029246,8.600675449029739,42.84267013705523,20.56224537494587,5.539584966307458,0.20594870238046653,1.597828297104762,False,False
7.422648791952125,0.08155461351370599,0.973910571528379,33.409844549086266,0.6691892399401806,10.778182833081248,1.77085759229456,15.917901222969046,4.35292021760912,12.015570102658028,41.7328115610146,21.746910884615804,0.2833922341003332,3.770674704779438,0.17981907225363664,False,False
7.436583049711637,0.08001605880437157,0.8996221884128894,33.488629786226255,0.5919369687456214,10.6155755762726,2.341261332390285,17.065287021542588,2.883091210627681,10.37973387620442,43.704317927149695,21.746910884615804,0.2833922341003332,3.770674704779438,0.16659214098003436,True,False
7.889024644979672,0.09381500873166565,0.03202052390365769,82.63015663830916,0.31051841065319974,10.98770066754134,2.0735651608329233,16.477667230984842,3.065534954898796,11.03749153095346,40.86726784961643,20.56224537494587,0.2833922341003332,4.29673732190605,3.4096635025942224,False,False
7.843353835277428,0.10601204326482445,0.0,85.45886095551015,0.16322742297346288,10.662535282191088,1.9013117850268006,16.477667230984842,1.672041053469487,11.487298776641158,41.31027638917179,20.56224537494587,3.7523646259642303,1.328443046228397,3.4096635025942224,False,True
7.61284733242677,0.0930501394999586,0.4131245514947364,62.93365956615693,0.49800580176116205,10.932881054342246,1.4425451588907767,16.223886840785426,3.065534954898796,13.386217037534326,38.80727645667702,21.746910884615804,1.0968962196935779,3.6088902998042904,2.0643873059907705,False,False
6.992699280381874,0.10429224664044252,0.35254223454095357,51.88417139152593,0.18843610348637224,9.160005704262922,1.980388386526977,16.43297662985375,0.5307325730925379,11.487298776641158,40.07242150439813,21.746910884615804,4.6161776193308075,4.767483403812498,0.34599860825531353,False,False
7.15675708176588,0.09184794924811662,0.4816339648776861,44.0622269824358,0.30153697465682944,9.567382899864171,2.165285158144677,16.43297662985375,0.5307325730925379,11.03749153095346,43.54353262023092,20.61087683229422,2.1600008407257407,5.517796831869328,0.16659214098003436,True,False
7.273287093032503,0.10408919660579413,0.10658517019828784,70.10525513538141,0.17536205485678663,9.630058923256005,1.877080581505046,15.42037398212344,3.065534954898796,11.03749153095346,38.30141703386368,21.746910884615804,3.161830080116216,5.517796831869328,1.7486447015592728,False,False
7.853943680539941,0.0901449299771319,0.5730379975956604,63.26777712135809,0.6714726233986366,11.760456915866293,1.3733911245396089,16.477667230984842,3.5241818985202484,15.475227763724838,39.05431994379287,20.33901891337181,0.18989093121373055,2.42920420388993,2.5104891145017287,False,False
7.61847542810772,0.07953642933041828,1.2088781046597001,29.279706763752685,0.858263092023909,11.579722095393658,2.222549610981728,16.43265077025188,4.237085472461329,14.101666575780751,41.50344639636635,21.746910884615804,0.2833922341003332,1.328443046228397,0.3664046201951726,False,False
7.506259186183317,0.09320497806951698,0.2564144220138003,62.82362643660879,0.33110964393306175,10.292928449656236,1.2351097163198757,16.43265077025188,2.9480770369694893,10.76388688750685,41.72010997638046,20.052425511576395,1.0503362900118518,5.311248411553276,1.721265115749796,False,False
7.042258101246107,0.11538171305359537,0.20197679182497374,63.038417145721326,0.1897634385515658,9.294997621607314,1.3543428858648285,16.43265077025188,4.896917622392187,11.487298776641158,38.261872059405775,17.303575276557375,5.230359377423939,5.517796831869328,0.8695292854583642,False,False
6.966101200619744,0.10858409691445342,0.30485461153346616,55.41698381424319,0.12549424436523854,8.964339004179708,1.6793594148640605,15.42037398212344,1.9980656391989138,11.03749153095346,39.303018249212336,21.746910884615804,5.390713379561308,4.667850273695981,0.4355760606387564,False,False
7.405500362691612,0.11441868457646862,0.11052606475585201,69.8133043026172,0.2673292139114046,10.227035543573587,1.606086919362912,20.01659976923623,2.6876024625376846,10.37973387620442,38.25521243176014,19.325003786684878,5.690043675112832,1.7008870999522678,1.94491689851155,False,False
7.607251047619369,0.08090182737886986,0.9866076298731183,36.26417711093038,0.7232329122576595,11.23428933446824,1.6185131976376341,16.477667230984842,4.828535971438266,11.814039958680443,41.873888894375895,21.746910884615804,0.18989093121373055,2.42920420388993,0.6398619248010823,False,False
7.410937285892989,0.08406888359481281,0.9811610217814876,35.83919244099974,0.7114345748698038,10.961867617105419,1.8843143005685044,18.826651572976857,3.065534954898796,11.98988397617168,40.95402415602805,20.56224537494587,0.2833922341003332,3.972269122623099,0.34599860825531353,False,False
7.397818926857751,0.08196972695550758,0.7895513196754806,38.565754919876696,0.548115053436591,10.460755263786043,2.1759090762163433,15.42037398212344,3.065534954898796,11.839592463827003,42.70344188943007,21.746910884615804,0.18989093121373055,4.667850273695981,0.3664046201951726,True,False
7.387676927330721,0.0831090453845442,0.8105904748175017,38.72420346399588,0.5725678126042013,10.502625166028183,1.8947190982587536,15.42037398212344,4.094985820455881,11.65227511356224,41.76780707125115,21.746910884615804,0.2833922341003332,4.667850273695981,0.3664046201951726,False,False
7.333307927331464,0.09996045572360271,0.3056979690125251,58.28509308072713,0.318470968566112,10.014917725236824,1.5080529468950425,15.911773067623749,3.065534954898796,11.487298776641158,39.538876682184,21.746910884615804,3.225381875892586,3.770674704779438,1.2535490533644715,False,False
7.716214132186959,0.08897359504828743,0.3982840134906447,63.521769590295754,0.4907242525139297,11.040435885689883,1.8547990656157936,16.477667230984842,3.5241818985202484,11.814039958680443,40.15684996332317,21.746910884615804,0.2833922341003332,3.770674704779438,2.226283124995722,False,False
6.976497192190021,0.1110214343311219,0.3435216749081415,52.55243588283129,0.2458763526987321,9.317286124606412,2.0014414686176085,18.029301750481782,2.9480770369694893,10.37973387620442,38.0723305554072,20.56224537494587,5.690043675112832,3.972269122623099,0.34599860825531353,False,False
7.577757574841091,0.07967357906629205,0.9410975204417387,33.861410085708656,0.6410021724635797,10.944515907088384,2.147992745447069,16.477667230984842,3.832726640922677,11.03749153095346,44.64467478074112,20.56224537494587,0.18989093121373055,2.8888988900431305,0.3664046201951726,True,False
7.225326088751469,0.09114347508444115,0.8109095528004234,41.81632931815146,0.61693910706816,10.471411222365335,1.6062081759897722,18.029301750481782,4.2183963029246,12.015570102658028,38.382919476920684,20.56224537494587,1.0503362900118518,5.395232093801865,0.34599860825531353,False,False
7.6091680449248535,0.07728903618524909,1.1782799240889275,26.75514148474209,0.7900299199481592,11.39248892164193,2.282389650278139,18.826651572976857,2.883091210627681,11.03749153095346,43.71420044824384,21.746910884615804,0.2833922341003332,1.328443046228397,0.17981907225363664,False,False
7.495683444490154,0.11401659184886785,0.12427730328522649,71.81665093022411,0.31977378142190793,10.54171722920783,0.984381547493051,20.576346702636727,1.9980656391989138,11.487298776641158,38.306118994403306,18.698870214257415,5.378573501638368,1.328443046228397,2.226283124995722,False,False
7.212118683457631,0.0864029165074284,0.6749485314452437,40.24308393113335,0.45109579314218706,9.997060395109475,2.07493706315241,16.43265077025188,1.0251524029487797,11.874489660144404,41.998373126872515,22.043946583715073,1.0503362900118518,5.395232093801865,0.17981907225363664,True,False
7.402414661517655,0.08845011272918145,0.5345540285470377,53.86428165167654,0.4969577605734838,10.54690028938144,2.362934624986665,18.826651572976857,1.6539792101601698,11.03749153095346,39.65466313427402,21.746910884615804,0.2833922341003332,5.517796831869328,1.2791146010500347,False,False
7.587930243668756,0.08393679928855195,0.5917619833792576,49.84949923790002,0.5001380223144513,10.72729422936441,2.1626988400427,15.309171485627765,2.883091210627681,12.015570102658028,42.62954720926942,21.746910884615804,0.18989093121373055,3.972269122623099,1.2535490533644715,False,False
7.103447666112911,0.10879929236950746,0.2582907086042574,58.8665483834959,0.12998134960241803,9.204807599887253,1.3215471230602376,15.42037398212344,2.883091210627681,10.37973387620442,39.53812260484525,21.746910884615804,5.4464803513372075,3.770674704779438,0.8146123854667585,False,False
7.571996892501077,0.09381117611719401,0.22516896177942386,63.042676395437155,0.30126515280275246,10.305430281398205,2.1326818383180672,16.43265077025188,2.9480770369694893,10.76388688750685,44.20452820456496,17.568007283391907,1.0503362900118518,5.311248411553276,1.721265115749796,False,False
7.6522517622467285,0.07767191811221708,1.1395031248940035,27.649555943851283,0.7618576671727268,11.310222667389368,2.300088672278699,15.911773067623749,5.087807506071957,11.814039958680443,44.589716462575964,20.605766032156094,0.18989093121373055,1.6211869694244185,0.17981907225363664,False,False
7.420633353659798,0.10959100864187658,0.15529406481700106,66.49678448506617,0.2445503280862028,10.087487159618394,2.235468188838597,16.477667230984842,3.5241818985202484,11.03749153095346,38.59372191858594,21.746910884615804,5.390713379561308,1.440022747037162,1.789290409741242,False,False
7.208867648864348,0.08688082488090906,0.6988305533599077,40.14366001918875,0.4748754398849843,10.048595904146605,2.1462354646127775,16.43265077025188,1.6539792101601698,11.874489660144404,41.36954631966112,22.043946583715073,1.0503362900118518,5.395232093801865,0.17981907225363664,True,False
7.033804874304884,0.11607678749072671,0.17632200108921342,64.93898500164644,0.06305758240880677,8.956121471150013,1.5993010943445125,15.42037398212344,4.043686244988119,11.03749153095346,40.117503172937084,17.303575276557375,5.690043675112832,5.517796831869328,0.8695292854583642,False,False
7.366574098399882,0.10466564724367379,0.507694783409327,49.325997390535576,0.40399198683686344,10.311691092383068,2.243113683041502,18.029301750481782,2.9480770369694893,11.03749153095346,40.10435290827627,21.33076413721882,5.378573501638368,0.3319366275058333,0.8395025069559718,False,False
7.381024219599372,0.08127250931244369,0.8419619439679392,35.58053349170776,0.5608960105320635,10.446090501726491,2.179146581605992,15.309171485627765,2.883091210627681,12.015570102658028,43.12480922363204,21.746910884615804,0.2833922341003332,4.457235786484706,0.17981907225363664,True,False
7.522600161317946,0.08079247587401411,1.0351213967666975,29.925326410167628,0.6841439725490813,11.03648636667394,2.2389275048600035,18.826651572976857,1.6539792101601698,11.03749153095346,43.897713341596166,21.746910884615804,0.9968364360344324,1.66059795140947,0.17981907225363664,False,False
6.989341772302278,0.11098850522347586,0.31630531617527624,54.56868840641585,0.20065367455408095,9.203524656451636,2.1100217510055823,15.42037398212344,2.6876024625376846,12.415397661215298,38.62384753001439,20.61087683229422,5.690043675112832,4.116281796063375,0.4355760606387564,False,False
6.9617080109978415,0.10773659962446701,0.30391147591841217,55.48685354158621,0.09275185372853362,8.89615885295529,2.2666818370144326,15.42037398212344,0.16613530911758995,11.839592463827003,40.344987524343054,21.746910884615804,5.378573501638368,4.667850273695981,0.4355760606387564,False,False
7.185812207133633,0.08947172969210729,0.8307929201419075,38.54491192505182,0.5913281188420031,10.38702204656536,2.3454408830020337,20.484975859743933,1.0251524029487797,11.487298776641158,40.378081033410396,20.052425511576395,1.0503362900118518,5.395232093801865,0.12649803186562567,False,False
7.653316154665252,0.0915135361399117,0.1972955374222115,68.12891093139199,0.34429126743779825,10.605345719884312,1.5363372608512522,17.45593100391656,1.9980656391989138,11.03749153095346,42.87567072359487,18.698870214257415,0.18989093121373055,5.517796831869328,2.226283124995722,False,False
7.386734788147156,0.1059280837253541,0.4706523096884121,45.69469979253354,0.31319921686980234,9.997041596287167,2.260846559055136,16.43265077025188,4.237085472461329,11.03749153095346,45.66981501116177,15.549536047109639,5.378573501638368,1.328443046228397,0.3664046201951726,False,False
7.298542046558671,0.09057028665085112,0.8700240982197578,36.51782560726846,0.6038494702287077,10.558288978072737,1.7780593161591476,18.826651572976857,2.883091210627681,11.03749153095346,40.21891521851296,21.746910884615804,2.218221620016472,2.8888988900431305,0.17981907225363664,False,False
7.381133489826942,0.09263360444855774,0.6277178464172142,42.76202213794488,0.43713937741667314,10.216446274263237,2.169895715693708,16.477667230984842,3.5241818985202484,11.487298776641158,45.0154854241599,16.867667391248236,1.9218417116873245,4.35985895850298,0.34599860825531353,False,False
7.302854982299021,0.08325330983446308,0.8353961253142455,37.05961984144978,0.5750325984457968,10.39581576257861,2.219246767931098,16.223886840785426,2.883091210627681,12.015570102658028,41.52987331180794,21.746910884615804,0.2833922341003332,5.137456343151153,0.17981907225363664,True,False
7.5369070254914785,0.09652209639763737,0.1475595486365251,70.69815933427591,0.3284082189163283,10.403298465295713,1.6996654028268912,16.223886840785426,3.5241818985202484,11.487298776641158,39.58463739412274,20.33901891337181,1.0968962196935779,5.517796831869328,2.226283124995722,False,False
7.546411325455224,0.0793845206819326,0.9559965493787783,33.75695869818674,0.6552331658183355,10.938554556175568,2.024183096157799,16.477667230984842,3.832726640922677,11.03749153095346,43.460009271071186,21.746910884615804,0.18989093121373055,2.8888988900431305,0.3664046201951726,True,False
7.607197930080506,0.07757864687803526,1.192752340341999,26.694890964735336,0.8044402972287126,11.423719248004762,2.264510082308802,18.826651572976857,3.2641579116621147,11.03749153095346,43.33313374720941,21.746910884615804,0.2833922341003332,1.328443046228397,0.17981907225363664,False,False
7.229922321034203,0.11763226723913586,0.04717008271514249,74.50686599202511,0.12234304600428836,9.534529506436948,1.97566880887877,18.029301750481782,3.633749760171481,11.03749153095346,39.662187461635135,15.549536047109639,5.055219922345434,5.311248411553276,1.721265115749796,False,False
7.3565184890012505,0.10221846276118064,0.2850021967036246,64.63783001709433,0.3871056451085545,10.29619615863968,1.8470656978635005,14.601462723158493,2.6876024625376846,15.27583767233551,36.9564815158551,21.746910884615804,2.8941578296842363,4.116281796063375,1.721265115749796,False,False
7.217588908661258,0.10368259004491959,0.38196868839553316,49.7041897699288,0.2644761581359072,9.607285959281734,2.0744234594452986,16.477667230984842,3.633749760171481,11.03749153095346,44.35321049379983,15.549536047109639,3.8348629249129313,4.767483403812498,0.34599860825531353,False,False
7.734907402127103,0.09062843424945932,0.45459726807651435,63.325473406360096,0.5473393010070875,11.196221213887267,1.5903914699275816,16.477667230984842,5.359647742904941,11.814039958680443,39.386487231395584,20.68180777215869,0.2833922341003332,3.770674704779438,2.226283124995722,False,False
6.968245405681067,0.11547223305594924,0.17927082711268,64.72052896313727,0.09282115478526887,8.943653536204641,2.253829227395559,15.42037398212344,4.043686244988119,11.03749153095346,37.63982106319342,19.78125738630104,5.690043675112832,5.517796831869328,0.8695292854583642,False,False
7.45268689708928,0.09361054387525425,0.3019312905011403,62.702466241706496,0.3774045094928929,10.333564622308787,2.068411338340148,16.223886840785426,3.633749760171481,11.03749153095346,39.22855123647718,21.746910884615804,1.0968962196935779,5.311248411553276,1.721265115749796,False,False
6.927870845274795,0.11206897533917182,0.30304748862406894,55.55085977326704,0.2710684346686787,9.414592791319166,1.8361214671795802,20.484975859743933,0.16613530911758995,11.487298776641158,37.23833127038127,20.052425511576395,5.378573501638368,4.667850273695981,0.5244094972052975,False,False
7.901789870125079,0.08222812541543467,0.8540672046846074,47.092666545585956,0.7376102413018298,11.88144283068936,2.323294090882363,18.826651572976857,3.5241818985202484,11.331140234602394,42.104773423268156,21.746910884615804,0.2833922341003332,0.45678111661364873,1.7261686353025645,False,False
7.436583049711637,0.08001605880437157,0.8996221884128894,33.488629786226255,0.5919369687456214,10.6155755762726,2.341261332390285,17.065287021542588,2.883091210627681,10.37973387620442,43.704317927149695,21.746910884615804,0.2833922341003332,3.770674704779438,0.16659214098003436,True,False
6.9617080109978415,0.10773659962446701,0.30391147591841217,55.48685354158621,0.09275185372853362,8.89615885295529,2.2666818370144326,15.42037398212344,0.16613530911758995,11.839592463827003,40.344987524343054,21.746910884615804,5.378573501638368,4.667850273695981,0.4355760606387564,False,False
7.401854519308723,0.08483902085021362,1.1303381944342992,32.36287123323663,0.8193105357100046,11.16285114762038,2.154017529550032,18.826651572976857,6.445244974280706,11.03749153095346,38.859076009634954,20.61087683229422,0.2833922341003332,3.770674704779438,0.16659214098003436,False,False
7.2687723116833665,0.10268133483493319,0.10363268746563135,70.32398207159606,0.11236561327698286,9.495329578744757,1.618943982300476,15.42037398212344,0.16613530911758995,12.084441478233447,40.1538667323649,21.746910884615804,3.161830080116216,5.517796831869328,1.7486447015592728,True,False
7.74553242704027,0.08494837181718795,0.41629082162394326,54.90357896943224,0.3869906105142091,10.770569828443852,2.2988184797663593,16.43265077025188,0.6009417439144984,10.76388688750685,45.193526621270664,22.088091713375242,1.0503362900118518,2.1493008579192288,1.721265115749796,True,False
7.36498065535224,0.09526132452019725,0.6528858024986383,40.8328286390845,0.4362181118257108,10.246926679473315,1.3706122514229504,16.43265077025188,2.883091210627681,11.03749153095346,42.348075653806056,21.746910884615804,3.8569322833215525,1.328443046228397,0.3664046201951726,False,False
7.5526063667426255,0.08355172880309991,0.9748645754521017,34.89063363487177,0.6912834891734817,11.192023739363668,2.383273011794511,20.484975859743933,0.6009417439144984,11.487298776641158,43.425468954857855,20.700816477222862,1.0503362900118518,1.7342028403447847,0.5159590572630699,False,False
7.03761017928902,0.10046495534262592,0.5406158570352326,46.285181402700104,0.3954197511965374,9.709651353141476,1.6592239645247864,18.243529137443026,1.9980656391989138,11.814039958680443,39.33901711560781,19.78125738630104,3.161830080116216,5.482441610398917,0.17981907225363664,False,False
7.508655016612373,0.09583564418633195,0.1447807587608084,70.72699043715629,0.32588717656342203,10.3464504532072,1.9463219860794996,15.42037398212344,3.5241818985202484,11.839592463827003,38.62796459435488,21.746910884615804,1.0968962196935779,5.517796831869328,2.226283124995722,False,False
7.7745843252571225,0.07948668105745268,1.0239881806573852,36.83302416578638,0.7707702895874098,11.695303430104994,2.2687580734571258,19.290894165785488,2.883091210627681,11.03749153095346,43.08968138945732,21.746910884615804,0.2833922341003332,0.6814430823786158,0.9870955020813036,False,False
6.873423717155033,0.110869008675788,0.27893227153753913,57.337372355083914,0.13756200930113544,8.880736288552763,2.18952583707628,15.42037398212344,1.9980656391989138,12.015570102658028,37.48713299725736,21.746910884615804,5.378573501638368,5.517796831869328,0.4355760606387564,False,False
7.530719490055867,0.08306034711787849,0.739697280682138,43.28381160485734,0.562708434229991,10.76386443452567,1.7476181233025707,17.065287021542588,3.5241818985202484,10.37973387620442,42.3903168732812,21.746910884615804,0.2833922341003332,3.770674704779438,0.8395025069559718,False,False
7.603847589371998,0.07987132764425973,1.2067438660644412,29.566791195191044,0.8600998121104324,11.566248351312847,2.2572429765953115,16.43265077025188,4.237085472461329,14.24096046827841,41.205367101961606,21.780214283894676,0.2833922341003332,1.4539250488565962,0.3664046201951726,False,False
7.755977577421611,0.08687639049421417,0.23989498358899697,64.70553644085354,0.34048173594802134,10.727933284449039,2.2384218805629326,16.477667230984842,0.5307325730925379,11.487298776641158,44.67054403696701,20.33901891337181,0.18989093121373055,4.078564412733184,2.226283124995722,False,False
7.327270321685836,0.0841308432870894,0.8026773538282004,37.873835189107005,0.5521094570627204,10.369771166296236,1.9865603498972242,16.477667230984842,3.065534954898796,11.814039958680443,42.97399363379819,19.78125738630104,0.18989093121373055,5.517796831869328,0.17981907225363664,False,False
7.497324456631467,0.0934356199110099,0.1297937353221438,68.38590948525061,0.2503276460469449,10.095871025263564,1.8072769326395355,15.42037398212344,2.883091210627681,10.37973387620442,40.80862911792466,21.746910884615804,1.023634117391612,5.720708478873456,2.0169183322389284,True,False
7.4953506417044355,0.08863434215283889,0.8831167960952186,41.905228038232266,0.6943837468752897,11.152169738483693,1.656338498159102,20.484975859743933,2.6876024625376846,11.487298776641158,40.512415003688794,20.052425511576395,1.0503362900118518,2.9203997749852273,0.8045463208149586,False,False
6.931352382161391,0.10635807766103579,0.3597568617257081,51.349694667039735,0.09323519552345272,8.802488429781771,2.2506784755601283,15.42037398212344,0.5307325730925379,11.03749153095346,41.062679242470495,21.746910884615804,5.390713379561308,4.667850273695981,0.14324813348697157,False,False
7.868092845510952,0.08411216917434183,0.46552986754377296,59.25117663006143,0.5008515245195908,11.28608209280046,2.360092469064611,17.45593100391656,1.9980656391989138,10.76388688750685,43.12854984187375,22.088091713375242,0.18989093121373055,2.1493008579192288,2.226283124995722,False,False
7.25254689323022,0.11868952655179406,0.006601068268330282,77.51231497807734,0.12153929605532104,9.59966174709858,2.1147237645219463,18.029301750481782,3.5241818985202484,11.487298776641158,39.11176981949591,15.549536047109639,5.055219922345434,5.311248411553276,1.9314433738525536,False,False
7.083754982658112,0.11119065696455131,0.24007868260882242,60.21573854274163,0.15353587871035024,9.244986344134283,1.5156700886184158,15.42037398212344,4.043686244988119,10.37973387620442,38.07904734671758,21.746910884615804,5.690043675112832,3.770674704779438,0.8695292854583642,False,False
7.568508359254836,0.0898908759744316,0.25768288710156856,65.69743764176104,0.37337354385224397,10.51011338438005,1.9202310094682356,16.223886840785426,2.883091210627681,11.03749153095346,40.3365444639438,21.746910884615804,0.18989093121373055,5.517796831869328,2.0643873059907705,True,False
7.138419792944533,0.09820049928181221,0.6939668411423126,45.30570652212361,0.5432564317649375,10.249057888341671,1.1613224429612268,16.43265077025188,1.9980656391989138,15.27583767233551,37.10051934721152,21.746910884615804,2.8941578296842363,4.116281796063375,0.4355760606387564,False,False
7.56323881391488,0.0974601616243277,0.4320584526166079,58.39132505543129,0.4532941181132208,10.795990876368812,1.4998659049360243,18.826651572976857,1.6539792101601698,11.487298776641158,39.90985801496099,21.780214283894676,2.9552315546541097,1.66059795140947,1.7261686353025645,False,False
7.507180366057956,0.10179811428432842,0.09734851419879675,74.74413456448706,0.3330539220933324,10.474562707290367,1.7407381746951898,17.192881399907503,2.883091210627681,12.015570102658028,36.99955602295446,21.746910884615804,2.215938304697937,4.457235786484706,2.4888162880538927,False,False
7.16030759203503,0.09706999287807308,0.6560230764858326,44.71179196531484,0.494767879913224,10.103413367300126,1.6787367886471931,14.601462723158493,2.6876024625376846,15.27583767233551,38.31134201140973,21.746910884615804,2.8941578296842363,4.116281796063375,0.3664046201951726,False,False
7.298628686602171,0.10383931914927523,0.11063782316810904,69.80502497388859,0.13454208532448675,9.607905074267201,2.2412045477470763,16.43265077025188,0.16613530911758995,12.084441478233447,41.1882169949659,19.72766341969585,3.161830080116216,5.517796831869328,1.721265115749796,False,False
7.742622222421445,0.08453299056504016,0.5849756695965702,53.682996749966236,0.5475709310136659,11.131337347515121,1.3672919769785137,16.477667230984842,3.832726640922677,11.03749153095346,42.10514877551656,21.746910884615804,0.18989093121373055,2.8888988900431305,1.721265115749796,False,False
7.2403734423894335,0.09255725628179315,0.6024513608120707,44.02233577032378,0.4284312404487378,10.004034802382721,1.8486715150374433,15.42037398212344,3.065534954898796,12.015570102658028,40.970247810534715,21.494111717360873,2.210521025744274,4.457235786484706,0.3664046201951726,False,False
7.506259186183317,0.09320497806951698,0.2564144220138003,62.82362643660879,0.33110964393306175,10.292928449656236,1.2351097163198757,16.43265077025188,2.9480770369694893,10.76388688750685,41.72010997638046,20.052425511576395,1.0503362900118518,5.311248411553276,1.721265115749796,False,False
7.294842390028256,0.08437554530924556,0.6992514375869013,39.20989330243209,0.46202179064912857,10.106227534153312,2.364511074356818,16.43265077025188,1.9980656391989138,11.03749153095346,43.68082502826822,20.61087683229422,0.54247429491035,5.517796831869328,0.17981907225363664,True,False
7.28231905067781,0.08620172044396698,0.7321214849066949,41.56377924684627,0.5302211541402876,10.27741978242682,2.039913603968464,16.43265077025188,3.832726640922677,11.03749153095346,40.52354442628134,21.746910884615804,0.54247429491035,5.517796831869328,0.3664046201951726,True,False
7.467428036483195,0.09446619379878574,0.3240823259109972,58.77792218524269,0.34488479701949304,10.2451577264792,1.0594600830480732,15.309171485627765,2.886310337103055,12.015570102658028,41.75902668047493,20.33901891337181,1.7898739452168555,4.457235786484706,1.443792749062851,False,False
7.39666614256584,0.10057169118958881,0.17517958001323775,65.14544222593673,0.27847164119402046,10.069542839438856,1.7763984848118455,16.477667230984842,2.6876024625376846,11.03749153095346,39.29082238725528,21.746910884615804,2.9219585918397577,4.116281796063375,1.721265115749796,False,False
7.446490425962285,0.0917267102495674,0.50263481881714,60.16274021855369,0.5529787375920304,10.790411649509341,2.0885650878581017,18.029301750481782,3.832726640922677,12.015570102658028,36.78647391965152,21.746910884615804,0.18989093121373055,5.677860654706674,1.721265115749796,False,False
7.375452670579182,0.08648926401585617,0.7174528764789505,46.44670227829663,0.5842830099798114,10.633872886642154,1.9372497024401993,18.029301750481782,3.5241818985202484,11.03749153095346,39.36100102070718,21.746910884615804,0.14715878250727904,5.311248411553276,0.8427057206609756,False,False
7.259242982894666,0.08788520579456431,0.6631888520089804,42.67245651411341,0.4732857928726299,10.123235531767303,2.152848881173447,16.477667230984842,2.9480770369694893,11.03749153095346,41.061863994716106,21.746910884615804,1.0503362900118518,5.311248411553276,0.3664046201951726,True,False
7.622706957871819,0.08770413204972982,0.1565215662904563,66.4058482592525,0.24584596666329517,10.22192285512398,1.6943671812553303,15.42037398212344,2.883091210627681,8.963709751849906,43.21383910170935,21.746910884615804,0.18989093121373055,5.517796831869328,2.0643873059907705,True,False
7.365132842534263,0.08366525401515236,0.8913713216498392,37.680528015827676,0.6429287242331818,10.705305316301807,1.9737715454215945,17.524592038957806,2.883091210627681,12.015570102658028,40.722803122360475,21.746910884615804,0.2833922341003332,4.457235786484706,0.3664046201951726,False,False
7.237193839057756,0.09109236434857454,0.5067336249318962,46.323700988276485,0.3602225500446792,9.835595905152616,1.9128968000185562,16.223886840785426,1.9980656391989138,11.03749153095346,42.511795702468866,20.626648787036846,1.6487386070484078,5.517796831869328,0.4355760606387564,False,False
7.245823060453555,0.08807421960842453,0.6365863139724381,43.262996567631525,0.45362993940607116,10.052761251035438,2.1962038830087964,16.477667230984842,2.9480770369694893,10.772540609194113,41.1202664961594,21.746910884615804,1.0503362900118518,5.517796831869328,0.3664046201951726,True,False
7.028192431959764,0.10436079149323932,0.3503200146663681,52.04879872004076,0.1622989426182207,9.13847893552386,2.063765123150744,16.43265077025188,0.5307325730925379,11.20993311397555,41.495975361583994,20.601048549697417,4.6161776193308075,4.767483403812498,0.34599860825531353,False,False
6.910772822204546,0.11610141224419675,0.33208109811470377,53.399980995586475,0.25357498705936804,9.255357534975124,1.8475862850672424,18.826651572976857,2.9480770369694893,12.015570102658028,39.40829733039125,15.549536047109639,5.690043675112832,5.395232093801865,0.16659214098003436,False,False
7.61659322735284,0.07713297776186327,1.110038347564,29.653437043039425,0.7593094052865857,11.366424093605207,2.328032003512334,17.192881399907503,0.5307325730925379,14.24096046827841,44.24499067456138,21.780214283894676,0.18989093121373055,1.4539250488565962,0.3664046201951726,True,False
7.629809359277369,0.10891742053443876,0.23562011713682268,62.51640682828526,0.30479656736393146,10.552779372759622,2.3021199714443568,18.826651572976857,2.883091210627681,11.03749153095346,44.245301517858515,15.549536047109639,5.055219922345434,0.6814430823786158,1.721265115749796,False,False
7.623450131480217,0.08138262221668775,1.2537211829515873,29.746115997070838,0.9122146287000897,11.792290814754477,2.062445300417683,20.600659474335426,4.237085472461329,11.65227511356224,40.851691766379304,20.61087683229422,0.2833922341003332,1.328443046228397,0.4355760606387564,False,False
7.695279003354196,0.0859176607410118,0.30193568968241796,62.20038895750842,0.370259116265371,10.697812517273693,2.1625824347598646,16.477667230984842,0.5307325730925379,11.487298776641158,43.42454788472797,21.746910884615804,0.18989093121373055,4.078564412733184,2.0643873059907705,True,False
7.234283102651677,0.09172265099586772,0.49837481605327133,45.0899254410893,0.3338339276536267,9.72943909694003,1.791508573322183,14.630706240373488,2.883091210627681,11.03749153095346,42.340269566894975,21.746910884615804,2.2480485544667856,4.767483403812498,0.34599860825531353,False,False
7.096368763490512,0.09961938910378679,0.362764940645066,51.12684903321242,0.2559708288476507,9.418844540559446,1.7380438687575113,15.42037398212344,1.9980656391989138,11.839592463827003,40.93267818564894,20.61087683229422,3.245040004399399,5.517796831869328,0.4355760606387564,False,False
7.33188111708619,0.085347421865109,0.629213833602994,42.97133110307019,0.44169839275923584,10.142619137781328,2.115378198340886,16.43265077025188,1.9980656391989138,11.03749153095346,43.425068039883094,20.61087683229422,0.54247429491035,5.517796831869328,0.4355760606387564,True,False
7.627956049125854,0.08860041832296811,0.125687578456263,68.69010334249386,0.2561073317629249,10.290228678698336,1.920690435071474,14.601462723158493,1.9980656391989138,11.03749153095346,42.682098333994546,21.746910884615804,0.18989093121373055,5.517796831869328,2.226283124995722,True,False
7.33188111708619,0.085347421865109,0.629213833602994,42.97133110307019,0.44169839275923584,10.142619137781328,2.115378198340886,16.43265077025188,1.9980656391989138,11.03749153095346,43.425068039883094,20.61087683229422,0.54247429491035,5.517796831869328,0.4355760606387564,True,False
7.33568403890132,0.1138556775022309,0.03901154219066355,75.11127005954586,0.15665563504185137,9.77218327361185,1.6722393325348266,18.029301750481782,3.5241818985202484,11.03749153095346,40.402774732382206,15.549536047109639,4.214022255146838,5.311248411553276,1.9314433738525536,False,False
7.759448159562412,0.08630877919673532,0.41744276201818675,60.19546771062438,0.4635671867391968,10.98687492258081,1.967362211230459,15.309171485627765,3.065534954898796,12.015570102658028,42.255546795653174,21.746910884615804,0.2833922341003332,3.25948623645533,2.0643873059907705,False,False
7.492234167634672,0.08228688274985255,0.9759579619430475,34.330871217110506,0.6844654891130784,10.942561042376514,1.7450054645095021,16.477667230984842,4.91516339273919,11.20993311397555,41.4939543084988,22.10907359435732,0.6004304710454126,2.847779280143571,0.34599860825531353,False,False
7.345458871346896,0.08389487231029574,0.6784662312325436,42.85641323630947,0.492023137959388,10.276943937687184,2.2985601841466883,16.110894588464497,2.883091210627681,11.03749153095346,42.004833966888924,21.746910884615804,0.18989093121373055,5.517796831869328,0.509090055366574,True,False
7.603801219141615,0.08919052337601177,0.6562627509076979,55.42997394872305,0.6476573362316674,11.237992634860479,2.0916630905061497,18.029301750481782,4.581539291438997,12.015570102658028,37.85134591617582,21.746910884615804,0.2833922341003332,3.770674704779438,1.721265115749796,False,False
7.411061087000872,0.0828281659125906,0.8207471957015813,39.46870780811743,0.5938855679682142,10.636763125986693,2.110362776056582,16.477667230984842,2.886310337103055,12.015570102658028,41.74016137706286,21.746910884615804,0.18989093121373055,4.457235786484706,0.4862533498769759,False,False
7.316324050868161,0.10274290015108065,0.2127602078671552,62.86660421125279,0.2856664903676739,9.947983645805778,1.3889004822208975,16.06239902309774,2.886310337103055,12.015570102658028,39.2787751649,20.61087683229422,3.245040004399399,4.457235786484706,1.443792749062851,False,False
7.538101886568631,0.0937281873168115,0.12324474842549973,68.87107399556902,0.23165609602606396,10.125230099577369,1.3378100499720307,15.42037398212344,1.9980656391989138,11.03749153095346,42.254111657876294,20.61087683229422,1.0968962196935779,5.517796831869328,2.0643873059907705,True,False
7.0306244732141625,0.11128789501155845,0.22103787711065118,61.6263266568089,0.13906123403402681,9.129092592332423,1.5710859019297405,15.42037398212344,4.043686244988119,10.37973387620442,37.48120207335256,21.746910884615804,5.390713379561308,4.667850273695981,0.8695292854583642,True,False
7.374359470800142,0.10559111077861996,0.006469780527296775,77.52204108588525,0.08067969393794827,9.60559280280374,2.0024153674820155,15.42037398212344,1.9980656391989138,11.03749153095346,39.98590135392946,20.61087683229422,3.2032107046354623,5.517796831869328,2.226283124995722,True,False
7.345948529079181,0.08268731512751731,0.8577274038578372,36.08863236463435,0.5847643579461933,10.486786527728617,2.023899739449095,17.065287021542588,2.883091210627681,11.20993311397555,42.29881306902078,21.31218087466693,0.2833922341003332,4.767483403812498,0.17981907225363664,True,False
6.826987903057659,0.11031964775265293,0.3182500080981782,54.42462100799452,0.13180171451940537,8.747563198983267,2.095459729209827,15.309171485627765,2.883091210627681,11.03749153095346,37.663617846731135,21.746910884615804,5.390713379561308,5.789184589629206,0.17981907225363664,True,False
7.579034305182229,0.11671211539573222,0.0,95.00135341709019,0.0,9.72844494280256,2.2867784628571997,15.42037398212344,1.672041053469487,11.03749153095346,39.51840974843555,20.56224537494587,5.378573501638368,3.001201305839601,3.4096635025942224,False,True
7.48892724921657,0.09909593653981082,0.19696151080533886,65.10673455786107,0.3009003459977245,10.243311652282216,2.058037193734481,18.029301750481782,2.9480770369694893,10.516397600234132,42.65289967302626,16.946952784519816,1.7898739452168555,5.395232093801865,1.721265115749796,False,False
6.952172234706081,0.10508054921057709,0.33615991513032517,53.09781253941252,0.20209441352041912,9.107098118453935,1.954179474455426,15.42037398212344,1.9980656391989138,11.839592463827003,38.74787950057712,21.746910884615804,4.383382089533076,5.517796831869328,0.34599860825531353,True,False
7.54318140762114,0.07966179862851089,1.0419131631847256,32.456409026820985,0.7273541904728584,11.154607270602975,2.206462217371228,17.671431893942987,3.065534954898796,11.839592463827003,42.578697385007096,21.746910884615804,0.18989093121373055,2.5415368662994084,0.3664046201951726,False,False
7.5693107702508815,0.10438875312065016,0.07213311074499398,72.65754556104763,0.054613933416501226,9.828185144506088,2.330785661225925,16.43265077025188,1.9980656391989138,8.03667131459137,42.72228814300135,22.088091713375242,4.6161776193308075,1.8797716752547173,2.226283124995722,False,False
7.082177579540411,0.1014709927841851,0.5879783368822624,48.27013058385083,0.47365463800640834,9.995284848536537,1.0145133840371534,15.42037398212344,1.9980656391989138,16.09967756647943,37.40595869020157,20.61087683229422,3.245040004399399,4.7844312246642655,0.4355760606387564,False,False
7.14543660896514,0.10417123968105689,0.6064662338698898,46.362929021700786,0.46599909512915744,9.97728132842233,1.8613689655000616,17.065287021542588,6.606469548637801,11.814039958680443,40.10522143979035,15.549536047109639,3.161830080116216,5.517796831869328,0.17981907225363664,False,False
7.381024219599372,0.08127250931244369,0.8419619439679392,35.58053349170776,0.5608960105320635,10.446090501726491,2.179146581605992,15.309171485627765,2.883091210627681,12.015570102658028,43.12480922363204,21.746910884615804,0.2833922341003332,4.457235786484706,0.17981907225363664,True,False
7.020435914613001,0.1033894135699131,0.3436598320422122,52.54220087406486,0.13018493106164475,9.029306129833758,1.6102646544942738,15.42037398212344,0.5307325730925379,11.20993311397555,41.341983802854195,21.746910884615804,4.6161776193308075,4.767483403812498,0.3664046201951726,True,False
7.505186274765452,0.11441377919479061,0.0,79.31492621348072,0.11366576804916717,9.992417686402305,1.9705495834489821,16.477667230984842,2.8508724440716176,11.03749153095346,39.073321167882284,20.56224537494587,5.690043675112832,1.7821007666906648,2.5262578093584196,False,True
7.919625693221054,0.08510277287708949,0.5300115103622635,58.023225968715735,0.5513925303085982,11.51857454723379,2.2468376917883033,18.826651572976857,1.6539792101601698,11.03749153095346,43.97258546203218,20.33901891337181,0.2833922341003332,1.66059795140947,2.226283124995722,False,False
7.663235622204452,0.07770910432928925,1.099907126498633,29.827402747154583,0.7510983959399874,11.343731178615602,2.20986340517657,16.477667230984842,4.237085472461329,11.65227511356224,43.90782139785188,21.746910884615804,0.2833922341003332,1.328443046228397,0.3664046201951726,False,False
7.723289735482649,0.0861759607651744,0.2886220487618666,62.29372579664047,0.35754242605229625,10.703139527899019,2.2036192541275956,16.477667230984842,0.5307325730925379,11.487298776641158,44.48315454113205,20.68830422821172,0.18989093121373055,4.078564412733184,2.0643873059907705,False,False
7.404329802376052,0.0904243216364976,0.8283783610384532,42.827542472398235,0.649769289129718,10.794607280686714,2.0930467047029846,16.477667230984842,6.226877248716028,12.015570102658028,38.96208992162247,20.56224537494587,1.1494584347566699,3.972269122623099,0.6338225636929901,False,False
7.413532922656817,0.1071020798104264,0.15080824393791534,66.8291047545254,0.15176984884697864,9.794172988466778,1.8167960063775224,14.52527431002804,2.7572140892807373,11.487298776641158,40.58639045299147,21.746910884615804,5.055219922345434,2.1204264483475512,1.721265115749796,False,False
7.593655621822543,0.09300562072421649,0.35667109545150366,66.82590886661217,0.4938765539489709,10.916196021786831,1.9197284920451099,18.373936191580036,3.633749760171481,11.487298776641158,38.438573890472775,20.33901891337181,0.18989093121373055,5.311248411553276,2.226283124995722,False,False
7.40227103858315,0.0820354270353278,0.7774268373937541,38.660313598143254,0.5366703256811943,10.407593155785504,2.1295819242458456,14.630706240373488,4.148202053928648,11.487298776641158,42.68350910115936,21.746910884615804,0.18989093121373055,4.767483403812498,0.34599860825531353,True,False
7.059432087742838,0.10248367028381412,0.36444464892455747,51.00241225272125,0.18534824989390764,9.229045186981656,1.8899033762368571,16.43265077025188,0.5307325730925379,11.20993311397555,41.847496187319045,20.601048549697417,4.264656793595753,4.767483403812498,0.34599860825531353,False,False
7.340070125480951,0.09964281699390994,0.14722585211875946,67.09449685259176,0.2740635118882421,9.954929972557379,1.6055121164076855,15.42037398212344,2.883091210627681,12.015570102658028,38.451673981848515,21.746910884615804,2.215938304697937,5.517796831869328,1.7486447015592728,True,False
7.731490453764569,0.08924943134521081,0.36282143255437616,64.13390794952812,0.4620286331846322,10.997385442255938,1.6866307025062706,17.065287021542588,3.065534954898796,11.487298776641158,41.548121864603004,20.33901891337181,0.18989093121373055,4.078564412733184,2.226283124995722,False,False
7.533195758666045,0.09946675895142051,0.03613980853923326,75.32401491195579,0.21282779637650506,10.206662644421309,2.165842060019438,16.477667230984842,0.5307325730925379,12.015570102658028,40.06712882941225,21.746910884615804,2.215938304697937,4.457235786484706,2.4888162880538927,True,False
7.1206471326931124,0.11977927086740779,0.04940275182749272,74.34146455914829,0.07101136918343898,9.17980170647709,2.185754807200711,15.42037398212344,5.63334265128531,11.03749153095346,37.87144031719378,17.303575276557375,5.690043675112832,5.517796831869328,1.525935734904473,False,False
7.1828854529755555,0.11632659167943922,0.11556608800766331,69.43992740454897,0.06163250735304704,9.207223092352255,1.8804108134566893,15.42037398212344,4.878641716150349,10.37973387620442,40.33721695596406,17.303575276557375,5.690043675112832,4.667850273695981,1.3225642441915373,False,False
6.981882866530851,0.11325241633592885,0.21143435153042378,62.33777865068126,0.1474885309382708,9.115278740695162,1.92981843741785,15.42037398212344,3.065534954898796,11.839592463827003,36.70016448026777,21.746910884615804,5.690043675112832,4.667850273695981,0.8695292854583642,False,False
7.030161258336957,0.1016120838290536,0.5905202487924464,46.17955011845774,0.44656459953074745,9.813599365812301,1.6699773064461145,18.029301750481782,3.633749760171481,11.814039958680443,37.882205160126084,19.78125738630104,3.161830080116216,5.517796831869328,0.17981907225363664,False,False
7.554848511131256,0.08132715420205877,0.8697669584078163,34.00424381780664,0.5677825109728752,10.76580443514139,2.0983562397109914,16.43265077025188,1.9980656391989138,11.20993311397555,45.235449123439885,21.746910884615804,1.1777210124157667,1.8532708478468864,0.34599860825531353,False,False
7.299791358853788,0.0841763553408408,0.8306485213275061,39.27113546005101,0.6015178576778603,10.500761372600135,2.3355505278800095,17.671431893942987,3.065534954898796,11.20993311397555,40.13696598162546,22.10907359435732,0.18989093121373055,5.27117092173084,0.34599860825531353,True,False
7.430894261149991,0.08885648597158445,0.8110108635222114,35.10140210902833,0.5214193566768941,10.47900423500507,1.632705481297198,15.309171485627765,3.065534954898796,12.015570102658028,43.514136332387835,21.746910884615804,2.7546868212642615,1.4141703462938724,0.17981907225363664,False,False
7.21383050076169,0.08908921145736366,0.5666378732574955,41.61113746984291,0.3563103677538134,9.778654481107914,1.7704127260201632,16.43265077025188,0.5307325730925379,11.03749153095346,43.35342549142953,21.746910884615804,1.9514862735906535,4.767483403812498,0.17981907225363664,True,False
7.585943262702795,0.09194364010883924,0.15051270407349016,66.85099904991282,0.25361175714926076,10.276300521592086,1.667652871486743,16.477667230984842,0.5307325730925379,11.03749153095346,43.18977405138028,20.835567684092034,1.0968962196935779,4.767483403812498,2.0643873059907705,True,False
7.485857971731127,0.07954069457054909,1.1149609941693046,29.690438739050034,0.7650297350528789,11.174239384126878,2.1796031001990364,17.671431893942987,1.7140451397993994,13.580041986596825,42.32158321659159,21.746910884615804,0.2446309399003444,2.5415368662994084,0.17981907225363664,True,False
7.342347054138985,0.08611689370779589,0.7017679680333817,42.200156669994435,0.5072607835776994,10.312127742031594,1.637123790777889,16.43265077025188,3.5241818985202484,11.03749153095346,42.105500200877806,20.61087683229422,0.54247429491035,5.311248411553276,0.4355760606387564,False,False
7.810928492278801,0.0807263675899002,0.8445629967304287,42.54376651116794,0.6628028535865799,11.40753418779042,2.2612326878773157,15.42037398212344,5.63334265128531,11.03749153095346,43.334460472439645,21.746910884615804,0.2833922341003332,1.328443046228397,1.215585198253613,False,False
7.511354756758432,0.09549839128276603,0.1280015364913945,70.84670737241943,0.3098899744416528,10.304802894374845,2.0055077709024056,14.601462723158493,3.065534954898796,12.67339684593195,39.071718414836326,21.746910884615804,1.0968962196935779,5.517796831869328,2.226283124995722,True,False
7.670866811682963,0.07700770308687696,1.0633125779428347,29.99097967345883,0.7148206305043516,11.264364122810617,2.215622816948612,16.43265077025188,3.5241818985202484,11.487298776641158,44.83071776944701,21.746910884615804,0.2833922341003332,1.328443046228397,0.3664046201951726,True,False
7.644043109879701,0.08828447697948398,0.31773812806128254,63.51698219876218,0.4056801666031043,10.69296635846784,1.7045164213826476,16.223886840785426,2.883091210627681,11.03749153095346,41.186491022117146,21.746910884615804,0.18989093121373055,4.667850273695981,2.0643873059907705,False,False
7.495060626558772,0.0889998669952134,0.3358860099134166,57.985462982773385,0.34605234828059583,10.24088529021915,1.6205339534468193,15.309171485627765,2.886310337103055,11.03749153095346,42.65208593817898,20.61087683229422,0.54247429491035,5.517796831869328,1.443792749062851,True,False
7.207782015380869,0.11801322484344766,0.04582112234367312,74.60680018160156,0.1367998581409438,9.556389913288982,2.120262231148623,18.029301750481782,2.9480770369694893,12.015570102658028,39.28579793088396,15.549536047109639,5.055219922345434,5.395232093801865,1.721265115749796,False,False
7.592281935730031,0.09136810263591924,0.44180077741321244,54.70610874855218,0.41109145942963166,10.579799194436829,1.7796860405541621,15.309171485627765,2.886310337103055,12.015570102658028,42.77845198432674,20.887930505961574,1.7898739452168555,2.8888988900431305,1.443792749062851,False,False
7.578768230556492,0.07790868292661729,1.1552294759118826,27.604316327475495,0.7778047144664864,11.320863299120402,2.3103189502399575,18.826651572976857,2.883091210627681,11.03749153095346,43.34874214378388,21.780214283894676,0.2833922341003332,1.66059795140947,0.17981907225363664,False,False
7.295803133159357,0.08621820074558062,0.670908025229932,41.23423894443651,0.46094800239751454,10.145638281017819,2.076213265889523,16.477667230984842,1.9980656391989138,11.03749153095346,42.167323772744076,22.10907359435732,1.0968962196935779,4.767483403812498,0.34599860825531353,True,False
7.741107124419653,0.079211076879419,0.9404341177403686,37.32385846111792,0.6896106772495255,11.368426032066282,2.3021757822836113,16.477667230984842,3.862718154289827,11.487298776641158,43.944040387681284,21.746910884615804,0.2833922341003332,1.328443046228397,0.8695292854583642,True,False
7.261239736050611,0.10194162057822821,0.6229481259677605,43.47545284230422,0.44226722045556643,10.145933782079563,2.0652939546380815,16.43265077025188,4.237085472461329,11.487298776641158,39.55000318892241,21.746910884615804,4.851203240683862,1.328443046228397,0.3664046201951726,False,False
7.237076127834061,0.08623603507628463,0.8275461071670629,38.59572153906407,0.5886263059848107,10.346993092909212,2.3006021595863637,16.43265077025188,3.832726640922677,12.015570102658028,39.7320514025183,21.746910884615804,0.54247429491035,5.517796831869328,0.17981907225363664,True,False
6.826987903057659,0.11031964775265293,0.3182500080981782,54.42462100799452,0.13180171451940537,8.747563198983267,2.095459729209827,15.309171485627765,2.883091210627681,11.03749153095346,37.663617846731135,21.746910884615804,5.390713379561308,5.789184589629206,0.17981907225363664,True,False
7.182893002473963,0.10801089236947028,0.2790950306206803,57.32531477547377,0.1984041973980994,9.480808189171166,1.580013820868702,15.309171485627765,4.043686244988119,10.37973387620442,39.28155205384373,21.746910884615804,5.390713379561308,2.9787027897004936,0.8695292854583642,False,False
7.121447928934605,0.11645464422458605,0.12201823919785747,68.9619367134552,0.06356073010063179,9.121368414531524,1.7672921965900223,15.42037398212344,4.043686244988119,11.487298776641158,40.526457585673676,16.384979001751145,5.420234710069062,5.517796831869328,1.199172866884077,False,False
7.375747282026567,0.08306305137131273,0.8387873489059476,38.239380900597325,0.5954112032247832,10.552629445484346,1.8094166178128066,16.43265077025188,4.148202053928648,11.03749153095346,41.33137181696867,21.746910884615804,0.18989093121373055,4.767483403812498,0.34599860825531353,False,False
7.564338083449382,0.08792197366412344,0.6377913778780356,48.19754697766116,0.5251737400951663,10.777071191431634,1.287006659410108,16.477667230984842,3.832726640922677,11.03749153095346,41.639448484756194,21.746910884615804,1.2413987196513188,2.8888988900431305,1.1354576180725744,False,False
7.1280569344082165,0.1140723271149498,0.21304823237351056,62.21821852309119,0.10336969999786472,9.184284923881687,1.6828662099989669,15.42037398212344,4.043686244988119,11.03749153095346,41.1780642183217,17.303575276557375,5.690043675112832,4.457235786484706,0.8695292854583642,False,False
7.28231905067781,0.08620172044396698,0.7321214849066949,41.56377924684627,0.5302211541402876,10.27741978242682,2.039913603968464,16.43265077025188,3.832726640922677,11.03749153095346,40.52354442628134,21.746910884615804,0.54247429491035,5.517796831869328,0.3664046201951726,True,False
6.950449525580037,0.10704471112599492,0.3000189359369386,55.775222152458554,0.058293057139270466,8.757248595722702,2.2052409916328046,14.954308850191532,0.6009417439144984,11.487298776641158,41.36823808279415,20.700816477222862,5.004194617171299,5.517796831869328,0.3664046201951726,True,False
7.452643464902142,0.08502325958191828,0.7140476991460265,45.612454587166184,0.5688101066802174,10.674093542170857,1.979367100331236,16.477667230984842,3.862718154289827,11.487298776641158,40.698134463100295,21.746910884615804,0.18989093121373055,4.667850273695981,0.8695292854583642,False,False
7.582002893750823,0.08675953186671181,0.42653209603561326,58.25170263237086,0.44547546240864316,10.658868090429877,2.056230385155134,16.223886840785426,2.9480770369694893,11.03749153095346,40.871599081722486,22.398875979738378,0.18989093121373055,4.608913482867234,1.721265115749796,False,False
7.221190912592711,0.11313156611321855,0.0,79.22007257504168,0.03126888088876573,9.28434272979484,2.2240172637119238,15.42037398212344,2.8012447475466793,11.03749153095346,37.9316511498913,20.61087683229422,4.6161776193308075,5.517796831869328,2.0643873059907705,True,True
7.415605282808511,0.08833871920089666,0.5316788539109296,53.57964653084363,0.4898709899248663,10.52135917777281,1.995439550459607,18.826651572976857,2.883091210627681,9.789636836960076,39.69897137548544,21.746910884615804,0.2833922341003332,5.517796831869328,1.2535490533644715,False,False
7.171104528607053,0.10559908088164463,0.5768849476342489,43.9425099865926,0.40032188322982587,9.950428947861267,1.9505333547979535,17.065287021542588,3.065534954898796,11.839592463827003,39.14890012402123,21.746910884615804,5.690043675112832,1.1849206235320653,0.25881025244968703,False,False
7.486039910456672,0.08081641021543351,0.9323107991356812,35.19307012434059,0.6506962241475376,10.850061728822132,1.8603539167113887,16.43265077025188,3.832726640922677,11.487298776641158,42.46037799038348,21.746910884615804,0.18989093121373055,3.483739385776103,0.3664046201951726,False,False
7.669886784880023,0.0854268288314704,0.41313575862266927,57.37723501357221,0.41888911709910864,10.670243924730158,2.0640821891825696,14.601462723158493,3.832726640922677,11.03749153095346,42.75397037732266,21.746910884615804,0.18989093121373055,4.116281796063375,1.721265115749796,True,False
7.392910599615245,0.08641268745895672,0.6919157457210393,41.384713670989925,0.48525404363859564,10.31380648697496,2.1790192398797,16.43265077025188,3.5241818985202484,11.03749153095346,44.464201251347774,18.321347222267846,0.54247429491035,5.311248411553276,0.3664046201951726,False,False
7.424984040544842,0.11416027814610773,0.09388366928159406,71.04621250326291,0.2567151303741386,10.160277026992603,1.5073186449452691,18.029301750481782,4.626623187002097,11.03749153095346,39.13751173573267,17.303575276557375,5.055219922345434,2.8788332230746305,1.9314433738525536,False,False
7.513472862268847,0.08278036900532387,1.0160167633264723,30.581300755272515,0.673330251891079,10.976495477423278,1.6344598255615759,17.671431893942987,3.065534954898796,11.03749153095346,43.08292166186169,22.15427812363418,1.4626098560121763,1.3459129064430728,0.17981907225363664,False,False
7.654628721363798,0.07757613004072811,1.1979717580652673,26.00458616372899,0.800116218581365,11.453900539118221,1.977849860018143,17.065287021542588,3.832726640922677,12.015570102658028,43.93576890071831,21.746910884615804,0.54247429491035,0.6814430823786158,0.17981907225363664,False,False
7.21919430394953,0.09246997049960548,0.6585173200663829,43.48319404680798,0.47990296197916205,10.098769887061373,1.9593443348302593,16.43265077025188,4.148202053928648,11.03749153095346,39.56977647459175,21.746910884615804,1.9514862735906535,4.767483403812498,0.34599860825531353,False,False
6.97240910333451,0.10463933000389807,0.3547812614869764,51.71829895522383,0.21827771656866035,9.214793582507673,2.2214625045651584,16.477667230984842,0.5307325730925379,12.015570102658028,39.13729686750865,22.10907359435732,4.6161776193308075,4.767483403812498,0.34599860825531353,False,False
7.650318553610159,0.08750608913811365,0.48187159574899524,58.27518973706947,0.5041931122075904,11.01173057282891,2.055824692095607,19.877702298228932,0.5307325730925379,11.03749153095346,41.96051902961802,20.56224537494587,0.18989093121373055,3.972269122623099,1.869149139324351,False,False
7.2770328878939905,0.08598123792078169,0.8527817725939874,39.964102110707735,0.6347369092545093,10.563780750561632,1.9627147189387546,17.5981998836967,3.5241818985202484,12.015570102658028,39.07010828241185,21.746910884615804,0.2833922341003332,5.395232093801865,0.3664046201951726,False,False
7.4026655849800616,0.08064349520416471,0.8792621556370785,34.65636249773829,0.5870867035139096,10.55012580270602,2.1102796700715962,16.43265077025188,3.065534954898796,11.03749153095346,43.09093111606313,21.746910884615804,0.18989093121373055,4.256770739749566,0.17981907225363664,True,False
7.612326040043714,0.09081089919142711,0.38973332313687714,63.60494212510067,0.48288772626749404,10.858703343826726,2.1746967881841597,17.065287021542588,4.149176441823292,11.20993311397555,39.148159604088036,21.31218087466693,0.2833922341003332,4.767483403812498,2.0643873059907705,False,False
7.01054770315499,0.1056400666377734,0.3024998055104278,55.591433439672684,0.1973508111190566,9.252265842432362,2.2315010319475825,16.477667230984842,0.5307325730925379,12.015570102658028,38.87394512175198,22.10907359435732,4.6161776193308075,4.767483403812498,0.6093503540119898,True,False
7.568508359254836,0.0898908759744316,0.25768288710156856,65.69743764176104,0.37337354385224397,10.51011338438005,1.9202310094682356,16.223886840785426,2.883091210627681,11.03749153095346,40.3365444639438,21.746910884615804,0.18989093121373055,5.517796831869328,2.0643873059907705,True,False
7.134812419868418,0.09229361010745278,0.7577602380270005,40.606720796142085,0.5436406612416413,10.197287274301344,2.3699716331871103,17.065287021542588,0.5307325730925379,14.621169292937903,39.13711147815438,21.746910884615804,1.9514862735906535,4.767483403812498,0.17981907225363664,False,False
7.575026550117238,0.09805051020684948,0.11803472505354504,69.25704490647391,0.2102588239918758,10.13068288715618,1.3125125032009333,16.477667230984842,3.862718154289827,8.950894251646861,42.785817540554525,19.17251457361689,2.033344101080618,4.667850273695981,2.0491938741304545,False,False
7.607496678067582,0.08174713189153915,0.9116251468961545,39.791887884622,0.6943641828962634,11.248759303876271,2.1645187578224996,18.826651572976857,2.883091210627681,11.03749153095346,41.88175140378468,21.746910884615804,0.18989093121373055,2.564683180369424,0.8695292854583642,False,False
7.0591720313853275,0.10248127218286054,0.36445634610531097,51.001545697777416,0.18546631378889078,9.22899573011729,1.8863939191871273,16.43265077025188,0.5307325730925379,11.20993311397555,41.83766790472224,20.61087683229422,4.264656793595753,4.767483403812498,0.34599860825531353,False,False
7.0387311213754025,0.09813804361409656,0.38661365925374525,49.36007929186042,0.27614090164996963,9.408269254436345,1.6366194806595296,16.477667230984842,0.5307325730925379,11.814039958680443,40.042861122644,22.10907359435732,3.161830080116216,5.517796831869328,0.34599860825531353,True,False
6.9720461219213625,0.10469268897372276,0.3549311052738273,51.70719817145084,0.22093273900266686,9.220547576001415,2.2392302509988133,16.477667230984842,0.6009417439144984,12.015570102658028,39.0670876966867,22.10907359435732,4.6161776193308075,4.767483403812498,0.34599860825531353,False,False
7.33188111708619,0.085347421865109,0.629213833602994,42.97133110307019,0.44169839275923584,10.142619137781328,2.115378198340886,16.43265077025188,1.9980656391989138,11.03749153095346,43.425068039883094,20.61087683229422,0.54247429491035,5.517796831869328,0.4355760606387564,True,False
7.517622116338183,0.09453173018594613,0.12847943126467165,68.56366596989903,0.27788158017292097,10.236268054504388,1.2808614861808512,16.477667230984842,1.9980656391989138,11.03749153095346,41.196818409014895,20.61087683229422,1.0968962196935779,5.517796831869328,2.0643873059907705,True,False
7.268232130942132,0.08950999152382469,0.4616327992536121,45.55887402172537,0.3017493516093954,9.739109673020176,1.9659025953347882,16.43265077025188,0.8170466787798939,10.026050465526062,43.82279546278445,21.746910884615804,1.9514862735906535,4.767483403812498,0.4355760606387564,True,False
7.487474464525808,0.08615862802434238,0.39620254041232233,53.96608507890391,0.35244671341704625,10.21404639350354,1.8469128749893537,15.42037398212344,1.9980656391989138,11.03749153095346,43.916417751206694,20.61087683229422,0.2833922341003332,5.517796831869328,1.215585198253613,True,False
7.68256295928261,0.07547090890897842,1.1884185895004706,25.383512978510886,0.7811929821886504,11.442823371328661,2.2744696568631757,17.065287021542588,2.883091210627681,12.015570102658028,45.144486391823314,21.746910884615804,0.2833922341003332,0.6814430823786158,0.17981907225363664,True,False
7.1334783216874005,0.10019639754970155,0.5309958789984732,48.33321062622883,0.41443646176167104,9.898484391898016,1.7056882993897922,15.42037398212344,1.9980656391989138,14.823421192559556,39.48619242719744,19.907057214353184,3.161830080116216,4.767483403812498,0.4355760606387564,False,False
7.404080485609529,0.08366925301523888,0.8885532971528498,35.79808844489157,0.6131480673273608,10.62527748830971,1.550101038056969,17.065287021542588,4.148202053928648,11.20993311397555,43.25732895576736,19.18205544750598,0.18989093121373055,4.767483403812498,0.17981907225363664,False,False
7.582849217772094,0.09083337414382793,0.7173075432552865,54.70987705418147,0.7018047614714209,11.398496692467344,1.7992948248106349,20.864507630230225,3.633749760171481,11.814039958680443,37.96952922381835,19.78125738630104,0.18989093121373055,4.078564412733184,1.668460696851552,False,False
7.161479578090631,0.09406159073080095,0.671683830717718,42.72302789800806,0.4829681776294016,10.028303604471965,1.8222027523375153,17.065287021542588,3.5241818985202484,11.814039958680443,40.216943243114244,19.78125738630104,1.900674587718478,5.517796831869328,0.17981907225363664,False,False
7.598588628634053,0.10153720540272936,0.08685411665012474,71.81896450962797,0.28032526698387306,10.386945908244249,1.8521071943858558,16.25803336973862,4.148202053928648,11.487298776641158,41.91062894025262,17.140285756314917,2.0617845743158063,4.767483403812498,2.226283124995722,False,False
7.6409425482480495,0.08997439441678945,0.36834117545109885,63.52127569027364,0.45912752479944874,10.827261043739162,1.88046285316547,16.477667230984842,3.862718154289827,11.487298776641158,40.31498651297514,20.835567684092034,0.18989093121373055,4.767483403812498,2.0643873059907705,False,False
7.350235814864741,0.09337343807809857,0.8501313861354021,36.30004933040421,0.5797613279452278,10.555536501667186,1.8473747960762925,18.826651572976857,5.080421744673971,8.963709751849906,40.346755542825264,21.780214283894676,3.161830080116216,1.66059795140947,0.17981907225363664,False,False
7.036508688915099,0.09818575884360925,0.4595878033991797,46.49809194077331,0.3129671931263718,9.497039193236319,2.2681723863760554,18.029301750481782,0.5307325730925379,11.03749153095346,40.626591042535665,21.010566108147756,3.161830080116216,5.423667842418941,0.17981907225363664,False,False
7.0142607091033495,0.11674279461093068,0.18008531356913707,64.66018987114573,0.1024395967493944,9.052328183886559,1.293562064244341,16.477667230984842,3.862718154289827,11.03749153095346,39.24117801477398,17.303575276557375,5.690043675112832,5.517796831869328,0.8695292854583642,False,False
7.312349672086813,0.09264355909744242,0.5212440270506858,46.85201301197192,0.38305466504827257,10.018358429757468,1.3694515125251616,16.43265077025188,2.6876024625376846,11.03749153095346,42.96744920344655,19.609294116649263,1.9514862735906535,4.767483403812498,0.5465422387580042,False,False
7.355140208009926,0.09847323228727095,0.5062039050735276,58.471147286240125,0.5326543111747551,10.62862585322356,1.597953998509537,16.477667230984842,2.886310337103055,15.34795658326891,36.94789683717918,20.33901891337181,1.7898739452168555,4.767483403812498,1.443792749062851,False,False
7.608665269034218,0.09032593272801843,0.2911278609908754,64.50583345126472,0.39168847052009387,10.624050942306702,1.763221531866831,16.43265077025188,2.883091210627681,11.03749153095346,40.62514372895407,21.746910884615804,0.54247429491035,4.667850273695981,2.0643873059907705,False,False
7.667007645663101,0.07619983998005299,1.2130712927682419,25.61961350845054,0.8105638690980532,11.486776764398678,2.2594489440789944,17.671431893942987,4.214593566463513,11.03749153095346,44.01442123419681,21.746910884615804,0.18989093121373055,0.9454408863600624,0.17981907225363664,True,False
7.191811773627971,0.11566653056662633,0.0,80.51845211707668,0.0,9.024018350289037,2.3227660019526284,14.601462723158493,1.888723137098186,11.03749153095346,38.303130469374466,21.746910884615804,5.690043675112832,4.667850273695981,2.0643873059907705,True,True
7.33655484269153,0.09709774048931734,0.4378490534077709,53.20242980077616,0.3855086431848097,10.104942595599695,1.786162398403821,16.477667230984842,3.862718154289827,11.814039958680443,42.25399867444135,17.303575276557375,1.900674587718478,5.517796831869328,0.8695292854583642,False,False
7.288106242095323,0.10691242763848711,0.10987493282699684,69.86154170305811,0.16962197525002348,9.634975473128266,1.9266242917943495,14.601462723158493,3.862718154289827,11.487298776641158,38.30263329835609,21.42172313933662,3.9350485187720268,4.667850273695981,1.721265115749796,False,False
8.00739424500445,0.08619830970791117,0.4369040728670117,64.3664304054527,0.5434971486681058,11.630060707804741,2.2282703070399807,16.477667230984842,3.862718154289827,11.487298776641158,42.10529490649914,21.746910884615804,0.2833922341003332,1.328443046228397,2.708274766640507,False,False
7.637556139092011,0.0820243242003056,0.8973377348960216,39.89205145996758,0.680717383088722,11.254475936613124,2.0405350714214796,18.826651572976857,2.883091210627681,11.03749153095346,43.01778545610626,20.61087683229422,0.18989093121373055,2.564683180369424,0.8695292854583642,False,False
7.369520572317771,0.10013504192770571,0.26539407920948227,65.24564176263702,0.37507486982085425,10.297564563365322,1.5116877556888284,18.826651572976857,2.7990011133903887,11.03749153095346,38.41095834148789,19.78125738630104,1.900674587718478,5.517796831869328,1.7261686353025645,False,False
7.10036240207346,0.12079758815165713,0.05388607207808263,74.00932954218976,0.1257139882595107,9.31280085011687,1.9744841818160614,16.25803336973862,5.63334265128531,11.487298776641158,36.74726320413337,17.140285756314917,5.690043675112832,5.517796831869328,1.525935734904473,False,False
6.873423717155033,0.110869008675788,0.27893227153753913,57.337372355083914,0.13756200930113544,8.880736288552763,2.18952583707628,15.42037398212344,1.9980656391989138,12.015570102658028,37.48713299725736,21.746910884615804,5.378573501638368,5.517796831869328,0.4355760606387564,False,False
7.571400674270734,0.0771985647044019,1.0661804168622604,29.025956840355306,0.7041034031192602,11.078938259268023,2.3593928555897885,17.065287021542588,3.5241818985202484,10.76388688750685,44.039541617668476,22.088091713375242,0.18989093121373055,2.1493008579192288,0.17981907225363664,True,False
7.378786488963661,0.08596269870334146,0.6763303329444272,46.15270522231626,0.5367119427244427,10.503838743280037,2.3328876582049918,17.065287021542588,2.883091210627681,11.487298776641158,40.52951417666351,21.746910884615804,0.2833922341003332,5.2107883464286315,0.793717349380298,False,False
7.125761808304295,0.10518990387280291,0.6321611303705028,42.81042511489516,0.4425163441314959,10.005174476899654,1.9995873257800256,18.826651572976857,2.883091210627681,11.03749153095346,38.27472439760179,21.746910884615804,5.390713379561308,1.66059795140947,0.17981907225363664,False,False
7.258980883313449,0.09247912217050375,0.6091542950689856,42.86226850513413,0.4189824296275815,9.96475970620173,2.1679867838934603,16.477667230984842,3.862718154289827,11.03749153095346,43.808507304004436,17.303575276557375,1.5410368413272169,5.789184589629206,0.17981907225363664,False,False
7.755977577421611,0.08687639049421417,0.23989498358899697,64.70553644085354,0.34048173594802134,10.727933284449039,2.2384218805629326,16.477667230984842,0.5307325730925379,11.487298776641158,44.67054403696701,20.33901891337181,0.18989093121373055,4.078564412733184,2.226283124995722,False,False
7.127281863361261,0.09671218493824553,0.35857270087327764,51.437420116666466,0.14693852818802378,9.151933388716749,2.019460147056073,15.42037398212344,1.9980656391989138,8.963709751849906,42.75573676958763,21.746910884615804,3.161830080116216,5.517796831869328,0.4355760606387564,True,False
7.57500839694621,0.10183127683339084,0.14718025569011065,67.51210236405468,0.28263573366706585,10.379608892749511,1.2594967265562451,16.477667230984842,3.065534954898796,11.03749153095346,40.837181848690186,20.61087683229422,3.3653234298883197,2.5415368662994084,2.0643873059907705,False,False
7.389474946902052,0.10431824530143015,0.5084295344752625,50.071888446518656,0.4153893120731166,10.327214839326395,1.746263088071566,16.477667230984842,4.629307547889521,11.487298776641158,39.99997649889427,20.700816477222862,5.004194617171299,0.8312095657376796,0.8695292854583642,False,False
7.3904043494225995,0.08609493197359169,0.6220929480494386,47.969679379503695,0.5053668560545675,10.420382647482384,2.2493678392734062,16.223886840785426,3.862718154289827,11.03749153095346,40.55177554081406,21.746910884615804,0.18989093121373055,5.517796831869328,0.8695292854583642,False,False
6.826987903057659,0.11031964775265293,0.3182500080981782,54.42462100799452,0.13180171451940537,8.747563198983267,2.095459729209827,15.309171485627765,2.883091210627681,11.03749153095346,37.663617846731135,21.746910884615804,5.390713379561308,5.789184589629206,0.17981907225363664,True,False
7.5325733066135445,0.0960152379531166,0.7559762371384677,48.6345553113104,0.6560821603058687,11.151958091036974,1.885766714516,18.826651572976857,5.63334265128531,11.03749153095346,37.51506198725271,21.780214283894676,2.663209729154987,1.328443046228397,1.215585198253613,False,False
7.546411325455224,0.0793845206819326,0.9559965493787783,33.75695869818674,0.6552331658183355,10.938554556175568,2.024183096157799,16.477667230984842,3.832726640922677,11.03749153095346,43.460009271071186,21.746910884615804,0.18989093121373055,2.8888988900431305,0.3664046201951726,True,False
7.684949004451248,0.09043472603136289,0.45599172280362044,62.13762484136716,0.5318944134607619,11.050968209445182,1.8701649249160668,16.477667230984842,5.950746500105509,11.03749153095346,39.39792918903669,20.56224537494587,0.18989093121373055,4.322252770404492,2.0617764723554117,False,False
7.327065510496385,0.08692561426224668,0.6724523568367319,41.26335153387105,0.4629918618316353,10.197383011071196,1.8568181792068688,16.477667230984842,1.9980656391989138,11.487298776641158,43.21571328911948,20.61087683229422,1.0968962196935779,4.767483403812498,0.34599860825531353,False,False
7.345948529079181,0.08268731512751731,0.8577274038578372,36.08863236463435,0.5847643579461933,10.486786527728617,2.023899739449095,17.065287021542588,2.883091210627681,11.20993311397555,42.29881306902078,21.31218087466693,0.2833922341003332,4.767483403812498,0.17981907225363664,True,False
7.067435818402153,0.09697230409863453,0.4189798060283544,46.962318233757856,0.2431606709962414,9.329357370082837,1.687183037170126,16.43265077025188,0.5307325730925379,11.03749153095346,42.22324202276557,21.010566108147756,3.161830080116216,5.423667842418941,0.17981907225363664,True,False
7.4691982515365964,0.07964734481160048,0.9734540975607833,32.266907812426034,0.6524312076530208,10.811391649546769,2.0946441455719866,17.065287021542588,3.5241818985202484,10.76388688750685,43.1291182215701,21.746910884615804,0.18989093121373055,3.4009050827770415,0.17981907225363664,True,False
7.320340498111786,0.10764765782184885,0.78470091884792,40.009858117958366,0.5635632154553444,10.609775262738635,2.2704427621607706,18.826651572976857,2.883091210627681,14.676979908653085,42.213303031491314,15.160138619980444,5.378573501638368,0.6814430823786158,0.17981907225363664,False,False
7.4808590529279355,0.09005094352387558,0.40828860610536305,60.20644008067156,0.45406580871876445,10.585472864339453,2.002518304180459,18.826651572976857,2.883091210627681,9.789636836960076,39.24838602733309,21.746910884615804,0.2833922341003332,5.517796831869328,1.7041344015168225,False,False
7.520365405983661,0.08719455922806642,0.35912392623176925,58.103064421752535,0.37224310078960066,10.326946340929691,2.1036607124623283,15.262602650696508,3.862718154289827,10.163621440225942,41.730523372184386,21.746910884615804,0.18989093121373055,5.517796831869328,1.525935734904473,False,False
7.095927181124819,0.10748505696117228,0.13827317304913572,67.75773259048546,0.0,8.903205582286848,1.834059079120887,14.52527431002804,0.2358378538229386,11.487298776641158,40.61715467032746,21.746910884615804,4.6161776193308075,5.517796831869328,1.2535490533644715,True,False
7.267127558015464,0.11557245963729824,0.0,81.46296738643109,0.0,9.19333099620447,2.2987868509472085,14.240990478217354,2.6876024625376846,11.03749153095346,38.25439604750377,21.746910884615804,5.690043675112832,4.116281796063375,2.226283124995722,False,True
7.396803969900029,0.0886334858223226,0.5555732542106686,53.429927417995486,0.512947446740304,10.573512834464188,2.1388799978302133,18.826651572976857,2.023087334300013,11.03749153095346,39.311120557819734,21.746910884615804,0.2833922341003332,5.517796831869328,1.2535490533644715,False,False
7.670233200770514,0.09824324221284526,0.22235362329971564,69.17670317721945,0.3856490567376171,10.70938489354205,2.319109434643278,16.25803336973862,6.038331962093163,11.03749153095346,41.29214305930511,17.140285756314917,1.2399477927865075,4.767483403812498,2.226283124995722,False,False
7.439641005654172,0.09693755999827158,0.15710463615821843,66.36265305801928,0.1958623159072087,9.87419333426426,1.4279803685126577,15.42037398212344,1.9980656391989138,11.03749153095346,42.61817140653278,19.78125738630104,1.900674587718478,5.517796831869328,1.7261686353025645,True,False
7.40227103858315,0.0820354270353278,0.7774268373937541,38.660313598143254,0.5366703256811943,10.407593155785504,2.1295819242458456,14.630706240373488,4.148202053928648,11.487298776641158,42.68350910115936,21.746910884615804,0.18989093121373055,4.767483403812498,0.34599860825531353,True,False
7.639097777221084,0.08974066197216825,0.35118513345631963,63.742153291022255,0.44417339718489773,10.750604440747466,2.3810883070401667,14.601462723158493,4.786499960852436,12.015570102658028,39.83392651492815,21.746910884615804,0.2833922341003332,4.667850273695981,2.0643873059907705,False,False
7.755977577421611,0.08687639049421417,0.23989498358899697,64.70553644085354,0.34048173594802134,10.727933284449039,2.2384218805629326,16.477667230984842,0.5307325730925379,11.487298776641158,44.67054403696701,20.33901891337181,0.18989093121373055,4.078564412733184,2.226283124995722,False,False
7.381822999134764,0.08542113577661807,0.5956051035367815,48.04057027201238,0.4784317304826052,10.363687552334909,2.2502603488257584,16.223886840785426,1.9980656391989138,12.015570102658028,41.43834948420041,21.746910884615804,0.18989093121373055,5.517796831869328,0.8695292854583642,False,False
7.036508688915099,0.09818575884360925,0.4595878033991797,46.49809194077331,0.3129671931263718,9.497039193236319,2.2681723863760554,18.029301750481782,0.5307325730925379,11.03749153095346,40.626591042535665,21.010566108147756,3.161830080116216,5.423667842418941,0.17981907225363664,False,False
7.340762599981311,0.08547220595489913,0.8370400542442973,41.75256073915338,0.6435986638849358,10.745026641356421,2.0724549422352143,18.917193736268516,1.9980656391989138,12.015570102658028,39.2998709355924,22.10907359435732,0.2833922341003332,4.767483403812498,0.6093503540119898,False,False
6.954457993330805,0.11298108987375277,0.32822937107483996,53.685326086768946,0.1927441092595259,9.053704299910805,1.7152548945895878,15.309171485627765,5.63334265128531,11.03749153095346,39.62808977189182,17.303575276557375,5.390713379561308,5.517796831869328,0.17981907225363664,False,False
7.276331191119002,0.1200288311212571,0.066996813601314,73.0380546577814,0.18936804638841426,9.766846488061177,2.3180161609100476,18.029301750481782,5.63334265128531,10.744925702089466,38.53236602490708,15.549536047109639,5.690043675112832,4.099219033264098,1.721265115749796,False,False
7.352720932732709,0.09623476170577887,0.18173514270033864,64.53796660895557,0.24112906854150196,9.90333132063447,2.1726208901946737,17.68190687765537,0.7877023787642443,10.163621440225942,40.56940954611799,21.746910884615804,1.900674587718478,5.517796831869328,1.6319774530328506,True,False
7.635615970148068,0.0782764288457242,1.331590339771345,24.399035201407045,0.9182193252910952,11.818332119735595,2.289072061822519,21.27705947189147,1.9980656391989138,12.015570102658028,42.953773565224786,20.61087683229422,0.2833922341003332,0.6814430823786158,0.17981907225363664,False,False
7.110321528352031,0.10247817738034218,0.2967473678416368,57.202852037147835,0.29361599361289203,9.613152337567357,1.980940522730899,16.223886840785426,2.571082502507853,12.015570102658028,38.0295930182313,21.482100836370094,3.2904405821196097,5.517796831869328,0.8695292854583642,True,False
7.729149494739622,0.09410023376493008,0.8878311173813045,48.96962034064313,0.7999606878511341,11.817883881954275,2.110256598201404,17.065287021542588,5.6512808209622465,15.306719359521185,38.22579527260771,19.78125738630104,1.900674587718478,0.5144424606735973,1.5545430906731463,False,False
7.560180775685401,0.08025670295897294,0.8599604502312417,37.510854872283375,0.6073739559518498,10.921914350265476,2.3063977200081673,18.826651572976857,1.9980656391989138,9.789636836960076,43.85329710134523,21.746910884615804,0.2833922341003332,2.892695376790799,0.6093503540119898,True,False
7.086149814404493,0.107884688575262,0.13568678298935316,67.94933851162264,0.0008636124365933862,8.907395568273541,1.9005710796158928,14.52527431002804,0.5307325730925379,11.487298776641158,40.229396656113515,21.746910884615804,4.6161776193308075,5.610660126813661,1.2535490533644715,True,False
7.100499179191741,0.09369339877703271,0.8412369402851464,40.18503720807299,0.6257034266624163,10.378296333292278,2.2412783105634384,17.065287021542588,0.5307325730925379,16.462996489753642,37.29528428133864,21.746910884615804,1.9514862735906535,4.767483403812498,0.17981907225363664,True,False
6.957594831962983,0.11362344309736294,0.31920499247119755,54.35387349650765,0.15062753695813402,9.015541156279072,2.2475945679350056,17.54586831972941,2.883091210627681,11.03749153095346,42.00030523719003,15.17352666005527,5.390713379561308,5.789184589629206,0.17981907225363664,False,False
7.1458449018212615,0.11063018686924203,0.14849222898391448,67.00068064538934,0.08722751544393592,9.279197621768995,2.3426407893157353,16.477667230984842,0.5307325730925379,11.487298776641158,39.342038917937344,21.42172313933662,5.30932782245842,4.078564412733184,1.3526471268158902,False,False
7.084247916981359,0.11813059571426239,0.07142442366484907,72.71004678385259,0.03239337649153501,9.072828933561826,2.0841809813918397,16.477667230984842,1.9980656391989138,12.015570102658028,39.58522635281682,17.303575276557375,5.690043675112832,5.517796831869328,1.4120548908018584,True,False
7.468237107111983,0.08237532307238705,1.066461742569084,33.59633139028168,0.7694864665755947,11.184275798492784,2.19747950373816,19.36710163540129,3.832726640922677,11.03749153095346,40.320705687745125,21.746910884615804,0.2833922341003332,3.0452667660661397,0.3664046201951726,False,False
7.01054770315499,0.1056400666377734,0.3024998055104278,55.591433439672684,0.1973508111190566,9.252265842432362,2.2315010319475825,16.477667230984842,0.5307325730925379,12.015570102658028,38.87394512175198,22.10907359435732,4.6161776193308075,4.767483403812498,0.6093503540119898,True,False
7.487044528543382,0.09337094571359467,0.21914172809306295,63.67520151804477,0.3039141507605372,10.170246304506174,1.4489903545254905,15.063111786924651,3.600884044527839,11.03749153095346,41.35167763798714,20.61087683229422,1.0968962196935779,5.517796831869328,1.721265115749796,True,False
6.929063842248291,0.10814879678978251,0.3580248899115521,51.47800325436198,0.17546014765237894,8.9946665376374,1.5428900290541518,15.309171485627765,2.883091210627681,11.03749153095346,38.81221623978427,21.746910884615804,5.390713379561308,4.640586196576071,0.17981907225363664,False,False
7.606885940982458,0.09891123617834943,0.4005641270826293,65.53161693317708,0.5217518152536729,11.044382821355253,2.287240280186872,14.240990478217354,2.6876024625376846,17.20771539827767,37.2007430546619,21.746910884615804,2.30445682139005,2.3852977753038216,2.226283124995722,False,False
7.202760787199947,0.11330929454055072,0.05175414050833257,74.16726809854879,0.0,9.073922937255123,2.2122529148996706,13.788231712937101,2.6876024625376846,11.03749153095346,39.21217282202995,21.746910884615804,5.690043675112832,4.116281796063375,1.721265115749796,False,False
7.344923181680866,0.0827137361670322,0.8561572724380137,36.07546397355729,0.5829203395061939,10.495218954285676,2.040617071478465,17.065287021542588,1.9980656391989138,12.015570102658028,42.733760514070575,20.95662201236343,0.2833922341003332,4.767483403812498,0.17981907225363664,True,False
7.14654225220592,0.09693064447345762,0.5550546929212126,46.378021745155785,0.41197485345288937,9.859154376045069,1.801674795886234,16.477667230984842,3.832726640922677,11.03749153095346,38.96052605683349,21.746910884615804,2.810789631682066,4.767483403812498,0.3664046201951726,False,False
7.518812551696427,0.10488039433214817,0.13003958331505816,73.34332432463688,0.3475941959776673,10.433121307089001,2.0281540519571664,16.25803336973862,6.681223830759465,11.487298776641158,38.62729373536498,17.140285756314917,2.0617845743158063,5.517796831869328,2.226283124995722,False,False
6.886390256714103,0.10987946775384481,0.27518159771596146,57.6152311837437,0.0895985153131631,8.758200617371111,2.0943596268347133,14.800423431204702,1.9980656391989138,11.44976641572643,38.31072452536618,22.10907359435732,5.378573501638368,5.517796831869328,0.4355760606387564,True,False
7.030951877122321,0.10679735064504858,0.3037409092987331,55.499489522054525,0.2407769772989466,9.342773201717755,1.3231170066614002,16.477667230984842,4.1542734027150985,9.914771387871209,37.35120300691624,22.10907359435732,4.6161776193308075,4.767483403812498,0.6093503540119898,False,False
6.9372674675986135,0.10456791888943466,0.37632133894489744,50.12255883587069,0.18313436772531,9.051789827303505,2.2392124910352753,16.477667230984842,0.5307325730925379,11.20993311397555,39.66434080345103,22.32446227453988,4.845561527890024,4.767483403812498,0.17981907225363664,False,False
7.335440879197134,0.08419379007894294,0.6710568600723921,42.755633858832816,0.4827710619538483,10.235960783717646,2.3131575253072807,15.988247487367524,2.883091210627681,11.03749153095346,42.062181710344966,21.746910884615804,0.2833922341003332,5.517796831869328,0.48088811012090005,True,False
7.42658628594359,0.09479318901394107,0.17150728104587432,65.29567090268922,0.12860671729864553,9.671539591343596,1.9983023402267521,15.42037398212344,0.7877023787642443,10.163621440225942,43.966976493971494,20.61087683229422,1.900674587718478,5.517796831869328,1.6319774530328506,True,False
7.283762408154315,0.09365675810483552,0.47452632854723586,51.418459558137776,0.3987978196386246,10.083138797714858,1.7275513560654276,16.43265077025188,1.9980656391989138,12.015570102658028,40.17167136921936,21.746910884615804,1.9514862735906535,4.814115675006995,0.8695292854583642,False,False
7.939334567026144,0.08700253516750661,0.39277089124008,65.62868809687527,0.514912332555236,11.46275511523945,1.8956429060619624,17.065287021542588,3.862718154289827,10.76388688750685,41.55180861526293,21.746910884615804,0.18989093121373055,2.1493008579192288,2.6701966476490453,False,False
7.317160907983018,0.0887829295373358,0.798383800950985,37.35946772814272,0.5402547011870231,10.370623275437188,1.7967630066499336,17.065287021542588,3.5241818985202484,10.76388688750685,41.41833456506536,21.746910884615804,1.900674587718478,3.4009050827770415,0.17981907225363664,False,False
6.94683141910277,0.11612099768122013,0.18311824304936983,64.43550324872152,0.13305205587015956,9.039504651011944,2.19043631121809,16.477667230984842,3.862718154289827,11.03749153095346,36.692829942189725,19.851923349141625,5.690043675112832,5.517796831869328,0.8695292854583642,False,False
7.34291685290041,0.09053497025192953,0.7661689249542707,39.424642743193715,0.5356779659740742,10.50460863773974,1.8547496013101739,19.36710163540129,0.6009417439144984,11.487298776641158,42.227139448900544,20.85219709479092,2.228277165882296,2.8706395142741243,0.3664046201951726,False,False
7.289420205086117,0.0906011372081346,0.5902655684698193,43.99702853995297,0.4152148316915163,10.087387716859725,2.1489823564172736,18.826651572976857,0.6009417439144984,11.03749153095346,44.549428421528205,17.79623284970018,1.3050524288623024,5.517796831869328,0.3664046201951726,False,False
7.685496228353495,0.07963889503937101,0.8936572784519908,38.69238405858599,0.6597501533434114,11.234499123004815,2.3455449494489664,17.065287021542588,2.883091210627681,11.487298776641158,43.78137923852635,21.746910884615804,0.18989093121373055,1.9766126513743256,0.8695292854583642,True,False
7.396980878243937,0.08956515145282065,0.6380109111792506,40.63240321595184,0.41767086229016237,10.210965965000208,1.9929305278116856,16.477667230984842,1.672041053469487,11.03749153095346,44.645492684113215,20.56224537494587,2.349758615294824,2.8888988900431305,0.3664046201951726,False,False
6.9714152762983295,0.11374385054269,0.28002459445082595,57.25645047820461,0.17571524604936056,9.111345727020629,0.9665578546689244,16.477667230984842,3.862718154289827,11.44976641572643,39.574326528295074,17.303575276557375,5.378573501638368,5.517796831869328,0.4355760606387564,False,False
7.332349791753754,0.08276570369034691,0.9338697835466099,35.26790094935487,0.6534066112902146,10.635950374383375,2.18410505874177,17.065287021542588,3.862718154289827,11.487298776641158,40.459044056987835,22.088091713375242,0.18989093121373055,4.667850273695981,0.17981907225363664,True,False
6.895973082013864,0.10996783545502174,0.27475056791636965,57.647162895465215,0.08524797495083936,8.760023054998173,2.1396748777578516,14.800423431204702,1.9980656391989138,11.44976641572643,38.672887235107694,21.746910884615804,5.378573501638368,5.517796831869328,0.4355760606387564,True,False
7.383309665962013,0.09456746627037403,0.43983289801503345,52.29872734682058,0.37473205942805915,10.122230517612273,2.015434758468154,16.477667230984842,3.862718154289827,11.03749153095346,43.393861224616046,17.303575276557375,1.5373604652707642,5.517796831869328,0.8695292854583642,False,False
7.88483449793096,0.08407497473534865,0.4765447841947791,57.479731195947856,0.4872452773628772,11.184296461924964,2.010032887955384,15.42037398212344,4.786499960852436,10.023713998803412,43.53292911362918,21.746910884615804,0.2833922341003332,2.1417925198846244,2.0643873059907705,False,False
7.21383050076169,0.08908921145736366,0.5666378732574955,41.61113746984291,0.3563103677538134,9.778654481107914,1.7704127260201632,16.43265077025188,0.5307325730925379,11.03749153095346,43.35342549142953,21.746910884615804,1.9514862735906535,4.767483403812498,0.17981907225363664,True,False
7.522337802103896,0.1251296975377065,0.0,97.67743823922655,0.015094997100753071,9.939203646580193,2.321781986278701,18.029301750481782,2.9480770369694893,12.015570102658028,38.385538762450906,15.549536047109639,5.690043675112832,3.972269122623099,3.4096635025942224,False,True
7.521119513325726,0.09818178346877134,0.05746049074130647,73.74452811445983,0.11505288905563726,9.88657005378702,1.8140519413657163,17.68190687765537,0.7877023787642443,9.0147062466083,43.42662462794874,19.444305324439817,1.900674587718478,5.517796831869328,2.226283124995722,True,False
7.4460020696968225,0.09088392707358268,0.48819323091981187,59.71600546890593,0.5313809557136995,10.768190230986052,2.3300768980680733,18.917193736268516,1.9980656391989138,12.015570102658028,37.56020748386523,22.10907359435732,0.2833922341003332,5.395232093801865,1.721265115749796,False,False
7.567945888517483,0.09640521335474482,0.07911390266597267,72.14039190851675,0.13052141846325416,9.965816867234354,2.093948992497306,15.374641370222529,0.5307325730925379,11.03749153095346,43.77286280996079,20.33901891337181,1.9514862735906535,4.767483403812498,2.226283124995722,True,False
7.809065083319655,0.0828506861458479,0.685090328040318,50.540934003347914,0.6084460819923088,11.440161136524516,2.382233340296268,18.826651572976857,1.6539792101601698,11.03749153095346,43.03150458120247,21.780214283894676,0.2833922341003332,1.66059795140947,1.7261686353025645,True,False
7.4279950260174346,0.09458610149825025,0.1709257335073334,65.33875332615654,0.11830250787016139,9.649208196606498,2.160758384230735,15.42037398212344,0.5152188054868656,10.163621440225942,44.23946006724888,20.61087683229422,1.900674587718478,5.517796831869328,1.6319774530328506,True,False
7.497342847302162,0.08428615870884103,1.1178779013540012,33.49711502139296,0.8223175833172267,11.358939138613032,1.668754721898676,17.68190687765537,3.832726640922677,14.497686130503384,40.84831140611711,19.444305324439817,0.2833922341003332,3.0452667660661397,0.3664046201951726,False,False
7.809946291264574,0.08285881217527194,0.6846714855016371,50.543870348025365,0.6080460193164228,11.44032872243638,2.3828169128387233,18.826651572976857,1.6539792101601698,11.03749153095346,43.06480798048134,21.746910884615804,0.2833922341003332,1.66059795140947,1.7261686353025645,True,False
7.562086934257605,0.08987360467887107,0.484455809358738,59.2876597011133,0.521337945043869,10.831873787750938,2.3513257195665767,16.76667067166391,4.961326621714235,11.03749153095346,38.625803561083714,21.780214283894676,0.2881974690319332,4.767483403812498,1.7728124578455764,False,False
7.460170606807622,0.07956409668938316,0.9777449822020237,32.23682606304707,0.6565296996469325,10.809674794765096,2.186819182095355,17.065287021542588,3.5241818985202484,10.76388688750685,42.78793739281066,22.088091713375242,0.18989093121373055,3.4009050827770415,0.17981907225363664,True,False
7.687557981213738,0.07545884087436233,1.2223346832002355,25.00382085702119,0.8115673020212743,11.51945375582934,2.2287811798525317,17.065287021542588,3.5241818985202484,12.015570102658028,44.59689700681736,21.746910884615804,0.18989093121373055,0.6814430823786158,0.17981907225363664,True,False
6.869290314303391,0.11080312353101902,0.2601950910552902,58.72546720652977,0.029596356962254045,8.591469339105696,2.3405609401578693,14.800423431204702,1.4371892750516075,11.03749153095346,38.972405600811996,22.10907359435732,5.690043675112832,5.517796831869328,0.4355760606387564,True,False
7.508007811059227,0.07912208664057864,1.0337499066528228,30.841980158122524,0.6957510284298166,10.973717737202142,2.0530639435759817,17.065287021542588,3.832726640922677,11.03749153095346,43.058975028454974,21.746910884615804,0.18989093121373055,2.8888988900431305,0.17981907225363664,True,False
7.379791315533972,0.11435958473811628,0.0,90.42475739521942,0.0,9.539060871344407,2.330125755814613,16.477667230984842,0.5307325730925379,11.487298776641158,37.73343774566043,21.42172313933662,4.6161776193308075,4.767483403812498,2.965479511141102,False,True
7.406582019363361,0.08898079100338652,0.34443088178048165,55.67307648848374,0.3221367142134538,10.043037700377374,1.8582208914770686,15.309171485627765,1.9980656391989138,11.03749153095346,42.29535601089626,21.746910884615804,0.8796224185848507,5.517796831869328,1.215585198253613,True,False
7.657176897515577,0.08307968159800289,1.031080996886893,38.358766626338834,0.7999811624941688,11.527606462899431,2.3784253409659954,17.065287021542588,6.753472264861116,11.487298776641158,39.81749688140632,21.746910884615804,0.2833922341003332,1.9766126513743256,0.8695292854583642,False,False
7.116232139019409,0.11311595182879071,0.14581558704998981,67.19897263981,0.10356267503471084,9.291295618393505,1.724994694450119,18.826651572976857,0.6009417439144984,11.03749153095346,40.93897853208716,16.98270306795753,4.879851521987552,5.517796831869328,1.215585198253613,False,False
7.152696678881761,0.10393958107352311,0.4378681257865912,45.56302662562554,0.2456305065588824,9.462468600030746,1.6716005912271277,15.42037398212344,3.5241818985202484,10.023713998803412,41.439117403378646,21.746910884615804,5.524090240420187,2.1417925198846244,0.17981907225363664,False,False
7.12979476502942,0.10822150687250755,0.3528796480199148,51.859174999278004,0.23920502690537643,9.465878671265148,2.035128597241444,16.667756592214566,2.9480770369694893,12.015570102658028,43.08940058964966,15.549536047109639,4.6161776193308075,4.767483403812498,0.34599860825531353,False,False
7.468237107111983,0.08237532307238705,1.066461742569084,33.59633139028168,0.7694864665755947,11.184275798492784,2.19747950373816,19.36710163540129,3.832726640922677,11.03749153095346,40.320705687745125,21.746910884615804,0.2833922341003332,3.0452667660661397,0.3664046201951726,False,False
7.034740479333794,0.115939251741796,0.17593577029212637,64.96759789681572,0.05621411260253739,8.94129022895954,1.6354961723698251,15.42037398212344,3.862718154289827,11.03749153095346,40.29847126363538,17.303575276557375,5.690043675112832,5.517796831869328,0.8695292854583642,False,False
7.400044602925621,0.0846777960621226,0.5512758777242783,48.26449990137334,0.43485335758657917,10.267565026731248,1.9726816407503782,16.223886840785426,1.9980656391989138,11.03749153095346,42.41642805590498,21.746910884615804,0.18989093121373055,5.517796831869328,0.8695292854583642,False,False
7.948476775688114,0.09357239935648899,0.03321260742527753,85.03305921599105,0.31177605876850867,11.131961505879483,2.180123551201001,17.45593100391656,1.9980656391989138,11.03749153095346,41.12767218629457,20.56224537494587,0.18989093121373055,3.972269122623099,3.656434210853794,False,False
7.24563152132108,0.10341179159915817,0.4529317977460136,44.4470740141559,0.2531514092283884,9.615016054555014,2.268350874678174,15.309171485627765,2.883091210627681,11.03749153095346,44.11141322889773,19.27339770804594,5.390713379561308,1.8149023840324818,0.17981907225363664,False,False
7.217807098846103,0.11529019002365404,0.12346705698160068,68.85460484950681,0.08951736336807892,9.396146259940357,2.1171712373506644,16.477667230984842,1.9980656391989138,12.015570102658028,41.088086506577866,17.303575276557375,5.690043675112832,4.0149366781082865,1.4120548908018584,False,False
6.947180948631822,0.10776032226131944,0.36642756132052606,50.85551339083967,0.18932662112431908,9.055933014883802,1.4652624139077624,15.42037398212344,2.883091210627681,11.03749153095346,38.92911207501644,21.746910884615804,5.378573501638368,4.424627742771174,0.17981907225363664,False,False
7.54998572889376,0.09626408906968399,0.12569028087664594,70.65129716159096,0.3046687817310519,10.395635463885377,1.4743124806956367,17.68190687765537,1.9980656391989138,11.03749153095346,41.012743366524724,19.444305324439817,1.0814073043626662,5.517796831869328,2.226283124995722,False,False
7.274724750850275,0.1064900515592286,0.10980379037735151,69.86681210476905,0.160020054054906,9.604970624284848,1.8957254145184528,14.601462723158493,2.883091210627681,12.015570102658028,38.42880117072219,21.746910884615804,3.9350485187720268,4.667850273695981,1.721265115749796,False,False
7.446237365819211,0.09394545958479737,0.275423764299581,63.336029686639854,0.35846158549562024,10.269861503917287,1.89215221331214,15.629568186133062,3.600884044527839,11.487298776641158,39.52456768604863,21.42172313933662,1.0968962196935779,5.517796831869328,1.721265115749796,False,False
7.094867369350773,0.10053589030567224,0.4347434853710866,45.79450741204859,0.24278038170536198,9.405618151562033,2.036739653339519,16.477667230984842,0.5307325730925379,11.03749153095346,41.72526806882546,22.10907359435732,4.6161776193308075,3.323770310201944,0.17981907225363664,False,False
7.1427820927936,0.09107000068792949,0.590459756820635,43.20892052252341,0.4041963298482585,9.772526565394285,2.2873538154104804,15.988247487367524,2.883091210627681,11.03749153095346,40.68599218694749,21.746910884615804,1.6892630376051951,5.789184589629206,0.17981907225363664,True,False
7.300683271131898,0.09054569486019197,0.4540352022552464,51.354211731247496,0.37626473427087886,10.020411950974566,2.041931809974982,16.477667230984842,1.9980656391989138,11.03749153095346,41.099908770290234,21.746910884615804,1.2526298266290534,5.517796831869328,0.8695292854583642,False,False
7.125007624689371,0.10996087127755323,0.574795016546437,46.778876351058145,0.4385094268053199,9.95827604714942,1.973249984124235,16.477667230984842,4.465113078208535,14.621169292937903,40.238850332183645,15.398819233100447,4.845561527890024,3.773000232440964,0.17981907225363664,False,False
7.4109599995456925,0.08423250881406809,0.5247210756795168,48.398641810478374,0.4087483434683229,10.209984173633476,1.9186930059900607,16.223886840785426,1.9980656391989138,10.45158725719752,43.002332329660916,21.746910884615804,0.18989093121373055,5.517796831869328,0.8695292854583642,False,False
7.579670346939501,0.08854781465809512,0.48914463102049044,58.1205106574651,0.5096633945082182,10.822187820526679,2.0074758606840923,16.223886840785426,3.862718154289827,12.015570102658028,39.89709544227059,21.42172313933662,0.18989093121373055,4.667850273695981,1.721265115749796,False,False
6.98524019346817,0.11314360109937104,0.11483313151863768,69.49422656283024,0.021580753737688196,8.83502835326464,2.2545166172952573,14.800423431204702,1.9980656391989138,11.44976641572643,37.37193304775675,22.10907359435732,5.378573501638368,5.676579171863905,1.215585198253613,True,False
7.85939228037594,0.08552410770922278,0.4813708129834162,59.85077532777083,0.526102549401965,11.308822962859992,1.6047016242743013,16.477667230984842,3.832726640922677,11.03749153095346,42.0911102852928,21.746910884615804,0.18989093121373055,2.397919371020959,2.226283124995722,False,False
7.542631578160139,0.08293030317079018,0.7800040966849013,42.96429043468223,0.6006818548286154,10.88472785958934,1.6471811315468692,17.065287021542588,3.5241818985202484,11.03749153095346,41.92552822206567,21.746910884615804,0.18989093121373055,3.6411802256301318,0.8695292854583642,False,False
7.494402868413188,0.0897768688559574,0.444677629726665,59.80148578951069,0.48668931348755795,10.68259085705967,2.0295624355816653,18.029301750481782,2.9480770369694893,11.03749153095346,38.931830656214075,21.746910884615804,0.18989093121373055,5.395232093801865,1.721265115749796,False,False
7.591947163427266,0.0935249483474351,0.12831565018571656,68.49540954422784,0.27461425732002864,10.37776530036073,2.0336035126706284,16.477667230984842,0.5307325730925379,11.487298776641158,41.59650276946886,22.088091713375242,1.5148593987084442,4.078564412733184,2.226283124995722,True,False
7.457769809269345,0.11105202898233074,0.2585085618432867,58.85040929790862,0.2463585238660163,10.099664874770529,2.3554091017127763,18.029301750481782,2.9480770369694893,11.03749153095346,44.20152171489079,15.549536047109639,5.690043675112832,1.328443046228397,1.215585198253613,False,False
6.928460904318383,0.11465454044475172,0.2574130297877101,58.93156891567398,0.13018880536153027,8.956552203182698,1.690930254242473,15.988247487367524,2.883091210627681,12.015570102658028,39.14422201035985,18.28014057188386,5.690043675112832,5.517796831869328,0.48088811012090005,False,False
7.8349092101571305,0.09577630324432086,0.0,89.19320047195302,0.20816670236930773,10.69679667377329,2.1042612990958967,16.477667230984842,1.9980656391989138,11.03749153095346,40.79103741466977,20.33901891337181,0.18989093121373055,5.517796831869328,3.6490315077381434,True,True
7.450160420216628,0.08599280853074456,0.45651042427693334,53.35397096428058,0.40735447260089297,10.316805243747773,1.7749687095888929,16.223886840785426,1.9980656391989138,11.03749153095346,42.07037214310973,21.746910884615804,0.18989093121373055,5.517796831869328,1.215585198253613,True,False
7.147521391370047,0.10147347798107198,0.5040823746868559,44.52013578037007,0.3317410822001786,9.654595398392747,1.7451081181340669,15.202082841083888,3.832726640922677,11.20993311397555,40.32345093777451,21.746910884615804,4.6161776193308075,2.8888988900431305,0.17981907225363664,False,False
7.6706998730027545,0.09877580152826941,0.31253217387085275,58.8172427801437,0.33325934743113195,10.561150282732267,1.982796858207419,14.601462723158493,3.862718154289827,11.487298776641158,42.60772647836546,21.42172313933662,3.9350485187720268,0.3627570936866197,1.721265115749796,False,False
7.793312285124822,0.08133148021185678,0.6952228863168142,46.92161047911465,0.5675934924165669,11.138341947379569,2.3706264973422786,14.364432471852831,5.63334265128531,10.76388688750685,43.7883755404841,21.746910884615804,0.18989093121373055,2.1493008579192288,1.3638597751221473,True,False
7.2176442611636595,0.1016561358626847,0.6370989093487986,40.673407577107916,0.417292639526486,10.028203793910498,1.7698475491280026,17.065287021542588,2.883091210627681,11.03749153095346,39.88106689086134,22.893227689744307,5.378573501638368,0.6814430823786158,0.17981907225363664,False,False
7.391735142138087,0.08517709301953705,0.5417075721308033,48.54282906668722,0.4287224540863276,10.243475237765965,1.955139832730721,16.223886840785426,1.9980656391989138,11.03749153095346,42.32292675301838,21.746910884615804,0.2833922341003332,5.517796831869328,0.8695292854583642,False,False
7.263870266109928,0.11901053688301323,0.06415163274946055,73.2488324157067,0.14329332317406374,9.665183038584882,1.5939924596335269,18.029301750481782,2.9480770369694893,12.015570102658028,39.916924866059595,15.549536047109639,5.690043675112832,4.1292814058588325,1.721265115749796,False,False
7.144044745903994,0.12169040963841468,0.021796203317330776,76.38662326856297,0.11169758184095552,9.432523608170003,2.2134665875786834,18.407230638888485,2.9480770369694893,12.015570102658028,38.27304528970986,15.549536047109639,5.690043675112832,5.395232093801865,1.721265115749796,False,False
7.267127558015464,0.11557245963729824,0.0,81.46296738643109,0.0,9.19333099620447,2.2987868509472085,14.240990478217354,2.6876024625376846,11.03749153095346,38.25439604750377,21.746910884615804,5.690043675112832,4.116281796063375,2.226283124995722,False,True
7.075719343758773,0.10848658829330503,0.31675926863410303,54.5350585296318,0.19958375356674551,9.307767870617816,1.5232254853328009,16.477667230984842,2.883091210627681,11.20993311397555,41.05523483070464,18.28014057188386,4.845561527890024,4.767483403812498,0.48088811012090005,False,False
7.053826855450629,0.10225319606483499,0.34287075412714846,52.600657640936866,0.06100894881078367,8.882290392041376,2.158311468714246,15.629568186133062,0.5307325730925379,9.503343555288588,43.184972914750574,21.42172313933662,4.6161776193308075,4.767483403812498,0.34599860825531353,True,False
7.065293185637752,0.10925634450184817,0.36304783703185106,51.105891396690694,0.19680329071062608,9.195212970582187,2.038799543859518,15.42037398212344,5.63334265128531,9.948484476629337,41.649002051583764,17.303575276557375,5.097919085754639,4.767483403812498,0.17981907225363664,False,False
6.824833910700539,0.11040416164998966,0.31868644290206777,54.392288880711824,0.1366635532234617,8.759241792227815,2.091891143928341,15.42037398212344,2.883091210627681,11.03749153095346,37.55241535023547,21.746910884615804,5.390713379561308,5.789184589629206,0.17981907225363664,True,False
7.210082328497465,0.1078648031992287,0.08461524222780709,71.73283960207063,0.1323721392160035,9.448485574931162,2.134924965333654,14.601462723158493,2.883091210627681,12.015570102658028,37.701419350616305,21.746910884615804,3.9350485187720268,5.395232093801865,1.721265115749796,False,False
7.662189123298874,0.09037334454146152,0.38564486932067343,64.5070631180195,0.49142142587413695,10.982694019896876,2.2944070337447737,17.065287021542588,3.5241818985202484,11.594902836384128,39.022997275299836,22.088091713375242,0.3996917171490444,4.078564412733184,2.226283124995722,False,False
7.141087429386947,0.10138231293336729,0.5683749212451754,44.10536154743072,0.3936629588201761,9.82784620807458,1.07592005895517,17.065287021542588,3.600884044527839,11.03749153095346,39.94639180409757,20.61087683229422,4.158344611553648,3.4009050827770415,0.17981907225363664,False,False
7.058407999267019,0.11789231378220269,0.0725866878411728,72.62394349202043,0.04412453107891584,9.067914762964978,2.1590180755291004,16.477667230984842,1.9980656391989138,12.015570102658028,38.60866105749034,18.28014057188386,5.690043675112832,5.517796831869328,1.4120548908018584,True,False
7.46584032363901,0.09725579746140817,0.19137462902653607,70.62132555895424,0.3735389463157623,10.44747168115723,2.1551977581317923,17.68190687765537,3.5241818985202484,10.76388688750685,36.98819003539255,22.088091713375242,1.2096626306846927,5.517796831869328,2.226283124995722,False,False
7.131487495743429,0.11998185053600414,0.0,79.54976927462252,0.018786753306500592,9.156031608334256,2.179634741994344,15.988247487367524,2.883091210627681,12.015570102658028,37.74229830213553,18.28014057188386,5.690043675112832,5.517796831869328,1.8828118183452163,False,True
7.52429573262184,0.11151332712120977,0.11229046829720253,71.93429607147924,0.30880304366259864,10.521898399337065,2.341257259456951,18.826651572976857,2.883091210627681,11.03749153095346,37.102819805876024,21.746910884615804,5.390713379561308,0.6814430823786158,2.330878533010259,False,False
7.791233284059145,0.08295782393585469,0.7111436660886274,48.93561776719121,0.6130711993558596,11.299188707780905,1.758523697608913,15.42037398212344,5.63334265128531,11.03749153095346,42.29675342698455,21.746910884615804,0.18989093121373055,2.1493008579192288,1.525935734904473,True,False
6.929681355646846,0.10568309201967549,0.3794529916994116,49.89055855871183,0.23862287674859906,9.17204512752544,1.4357332658442987,16.477667230984842,1.9980656391989138,11.20993311397555,38.197007737344656,22.32446227453988,4.845561527890024,4.767483403812498,0.17981907225363664,False,False
7.312781165365132,0.0843531377919841,0.7702447537668604,40.50114134263762,0.5553082784941015,10.372987459499175,2.1092284246497086,16.477667230984842,3.832726640922677,11.03749153095346,40.83111132924499,21.746910884615804,0.18989093121373055,5.517796831869328,0.3664046201951726,False,False
7.671227923870661,0.10237662455575089,0.01771356261261491,76.68907499271049,0.26145502195356807,10.453431796129962,2.256651162008576,15.42037398212344,5.63334265128531,11.03749153095346,41.31311572795728,17.303575276557375,1.9514862735906535,4.767483403812498,2.573131153719975,False,False
7.223430600348801,0.09002315976557605,0.6050096220458094,41.56585726758068,0.3961477317156721,9.853453187244204,1.8714218626108559,15.309171485627765,2.883091210627681,11.03749153095346,42.1245461385185,21.746910884615804,1.9514862735906535,4.767483403812498,0.17981907225363664,False,False
7.61376482652307,0.09505834525231588,0.48275947056117224,59.33739202184478,0.5202565408136027,10.945847434401498,2.3105102126768036,14.601462723158493,2.6876024625376846,16.926357872206648,41.95102676443074,16.89910704615969,1.0968962196935779,4.116281796063375,1.721265115749796,False,False
7.497039585088959,0.08879316789273967,0.3354719266904214,60.845994615336245,0.38635204661460254,10.430706513990094,1.7956481407439226,17.312794311255953,1.4084722714851767,11.03749153095346,40.97187681997015,21.746910884615804,0.2833922341003332,5.517796831869328,1.721265115749796,True,False
6.928460904318383,0.11465454044475172,0.2574130297877101,58.93156891567398,0.13018880536153027,8.956552203182698,1.690930254242473,15.988247487367524,2.883091210627681,12.015570102658028,39.14422201035985,18.28014057188386,5.690043675112832,5.517796831869328,0.48088811012090005,False,False
7.044544863556155,0.10127997794321578,0.45722478633710084,46.99767495882912,0.3175887238851701,9.465576699975273,1.7474164507968515,14.8397116399597,3.5241818985202484,12.015570102658028,39.10195350915139,21.746910884615804,3.9350485187720268,4.65680437406916,0.17981907225363664,False,False
7.60418165040146,0.09435352045247516,0.15782160036340823,68.48147077477769,0.3076670346958283,10.44059010815893,1.7846499675081455,15.659517447335631,2.883091210627681,11.03749153095346,40.51093619211025,22.088091713375242,1.5148593987084442,4.078564412733184,2.2274480941561006,False,False
7.542034645239353,0.09649165832848063,0.2905287627455775,63.18996773619687,0.3723173046537848,10.491006171081644,2.263248020208541,18.465305524081224,2.883091210627681,11.03749153095346,43.09583381838268,16.182319748642257,1.0968962196935779,5.517796831869328,1.721265115749796,False,False
7.755977577421611,0.08687639049421417,0.23989498358899697,64.70553644085354,0.34048173594802134,10.727933284449039,2.2384218805629326,16.477667230984842,0.5307325730925379,11.487298776641158,44.67054403696701,20.33901891337181,0.18989093121373055,4.078564412733184,2.226283124995722,False,False
7.452443449907999,0.09370195809241334,0.26088864681689616,63.429185031421994,0.3444536528658959,10.236213133961474,1.9533374077289618,15.309171485627765,3.600884044527839,11.487298776641158,39.844964386553926,21.42172313933662,1.0968962196935779,5.517796831869328,1.721265115749796,False,False
7.487044528543382,0.09337094571359467,0.21914172809306295,63.67520151804477,0.3039141507605372,10.170246304506174,1.4489903545254905,15.063111786924651,3.600884044527839,11.03749153095346,41.35167763798714,20.61087683229422,1.0968962196935779,5.517796831869328,1.721265115749796,True,False
7.313807034406258,0.0885811332867281,0.724737869967131,40.58138074972521,0.5084411977721737,10.366797111200619,1.8861423421525871,18.826651572976857,0.5307325730925379,11.487298776641158,42.49467216842978,20.700816477222862,1.5148593987084442,4.078564412733184,0.3664046201951726,False,False
6.847834793326233,0.11222169678824435,0.27864904571178334,57.35835439722737,0.11875689213608465,8.76294429974689,2.2351594947292397,14.800423431204702,3.6495902367765125,11.03749153095346,36.829176079530676,22.10907359435732,5.690043675112832,5.517796831869328,0.3664046201951726,True,False
7.552122299775496,0.08832862503322994,0.4034374563942487,56.32519976129011,0.3936754753018283,10.458328519177023,2.2843067907823364,16.223886840785426,1.9980656391989138,12.015570102658028,44.362594191588855,18.28014057188386,0.18989093121373055,5.517796831869328,1.4120548908018584,False,False
7.518795156294799,0.08940475311167971,0.386329048077996,60.49250771312375,0.4349723366677475,10.548405963928118,2.1540045523885687,16.477667230984842,3.600884044527839,11.03749153095346,40.03328117536439,21.42172313933662,0.18989093121373055,5.517796831869328,1.721265115749796,False,False
7.110800478073779,0.10411272813498594,0.3312110021493196,53.464439772132806,0.18547668232289788,9.25777735992126,1.4773539062808865,14.601462723158493,2.883091210627681,12.015570102658028,42.56083870959299,18.05061584268269,3.9350485187720268,5.517796831869328,0.4355760606387564,False,False
7.007254189078153,0.10757232888792373,0.37789295396622263,50.00612986078433,0.17248431203002357,9.076802946242063,1.9365750251157619,14.5007470122675,3.5241818985202484,10.81306863293941,39.897847178327076,21.746910884615804,5.690043675112832,3.6473816459634967,0.17981907225363664,False,False
7.548772213758079,0.08239492820527698,1.168854504614154,32.84940249469338,0.8668738878973521,11.523667743588778,2.124783054149377,15.988247487367524,4.786499960852436,15.162748933340698,39.40951986971768,21.746910884615804,0.2833922341003332,2.1417925198846244,0.48088811012090005,False,False
7.187008502531959,0.11392735010831898,0.05494581630381789,73.93082117189434,0.01493885214032964,9.159329240904048,1.9038647700032196,14.601462723158493,2.6876024625376846,11.03749153095346,38.398941811808555,21.746910884615804,5.690043675112832,4.116281796063375,1.721265115749796,False,False
7.901163117606385,0.09620682138880708,0.0,83.00652961394992,0.2462701175154881,10.875041998076668,1.5970421708891593,16.477667230984842,1.9980656391989138,11.03749153095346,42.009224126771734,20.56224537494587,1.2526298266290534,3.2530127679219087,3.4096635025942224,False,True
7.559456747657829,0.0776671957950476,1.0941539947318841,28.846674609280186,0.7310623867447341,11.143696270220888,2.3641065852862897,17.68190687765537,3.5241818985202484,10.76388688750685,43.42292176155569,22.088091713375242,0.18989093121373055,2.1493008579192288,0.17981907225363664,True,False
7.158371094448528,0.0925108556326813,0.7465626823013831,40.68522257215294,0.5329451762006927,10.201767603813309,1.9753346856146805,17.065287021542588,0.5307325730925379,14.621169292937903,40.027461991386,20.856560371384184,1.9514862735906535,4.767483403812498,0.17981907225363664,False,False
7.444682242171067,0.09312880380452022,0.23849352939984353,63.468504641776136,0.3213867507840593,10.190419366898677,2.013817073028838,15.629568186133062,1.9980656391989138,12.015570102658028,40.59911476536068,21.42172313933662,1.0968962196935779,5.517796831869328,1.721265115749796,True,False
7.811861952931945,0.08058914706835502,0.8377058172279723,42.57231382652828,0.6559750687866573,11.392736938316284,2.265415088200498,15.42037398212344,5.452789333462698,11.03749153095346,43.51501379026226,21.746910884615804,0.2833922341003332,1.328443046228397,1.215585198253613,False,False
7.600541803301565,0.11164255303008144,0.0,92.8881256191906,0.030715287018398485,10.002484067000454,1.8974319959811445,16.477667230984842,1.672041053469487,11.03749153095346,38.93357366565699,20.56224537494587,3.9350485187720268,3.972269122623099,3.4096635025942224,False,True
7.220055138286036,0.1151672949012444,0.09891687569363919,70.67334061288201,0.05822374723085644,9.308164030482091,2.115707002867011,15.988247487367524,2.883091210627681,11.03749153095346,40.49619519980159,18.28014057188386,5.690043675112832,4.116281796063375,1.5085085281896804,False,False
7.608178486211581,0.09032084343131296,0.39709070147902437,63.428603844036076,0.48813854390071987,10.852914832470452,2.36413356903689,14.8397116399597,3.5241818985202484,13.830505313240828,39.05410634950316,21.746910884615804,0.2833922341003332,4.65680437406916,2.0643873059907705,False,False
7.676563333845821,0.07590736111051993,1.2490822851948398,24.868705016598454,0.8378618504242964,11.577452672129786,2.2207257736787906,17.065287021542588,3.5241818985202484,12.605728308128562,44.00673880134681,21.746910884615804,0.18989093121373055,0.6814430823786158,0.17981907225363664,True,False
7.582533068951807,0.09350538783840553,0.6024984737711752,49.58227100957886,0.5076594481541751,10.804115784895767,1.6100202901639518,16.477667230984842,4.481201515521678,11.03749153095346,41.02273445624243,21.746910884615804,2.689966137199778,1.328443046228397,1.215585198253613,False,False
7.132992513500824,0.09716119652104169,0.3752797968252414,50.19971875089784,0.18707412080110797,9.243010570790757,1.7693706551137025,14.018344895117648,2.239736929601253,11.03749153095346,42.737774705453575,21.010566108147756,3.161830080116216,5.423667842418941,0.37058790819114695,False,False
7.3454542309561655,0.08420615026336038,1.21477678317428,31.39410328091545,0.8945971155026581,11.327837587244932,1.8092976741281315,17.68190687765537,3.2310400998449547,15.995058390233098,37.3960179809643,21.746910884615804,0.18989093121373055,3.579355763219108,0.17981907225363664,False,False
7.520023350422358,0.10060417154419181,0.4806240940445623,54.97026619874363,0.4558118993431558,10.66522341438244,2.058472109588845,16.477667230984842,4.121757766983191,12.015570102658028,39.36821079128343,21.746910884615804,3.9350485187720268,0.9227798139008194,1.4120548908018584,False,False
7.680559868366281,0.08730272687601139,0.6688981093277301,45.96065409479428,0.526135965154407,11.01816851606582,1.9953114194479369,17.065287021542588,0.6009417439144984,12.605728308128562,44.081269570740616,21.746910884615804,2.0028341904256997,0.6814430823786158,1.215585198253613,False,False
7.838661149881634,0.08181822126412071,0.9282251565768374,43.42392055024767,0.7636006213282812,11.821315031153684,2.2631648099108626,19.132921393003244,3.832726640922677,11.03749153095346,41.84278805116607,21.746910884615804,0.2833922341003332,0.6814430823786158,1.4423261828598082,False,False
7.454443974391718,0.11005995758772938,0.0,83.06790700349141,0.08136080787655531,9.821492891692623,1.6865183143937865,16.477667230984842,1.9980656391989138,11.03749153095346,39.10732091723938,20.33901891337181,3.954552420171882,4.424627742771174,2.661255605308548,False,True
7.613268618121991,0.111172862088824,0.0,93.13094070772941,0.0045477309602985905,9.930690845595604,2.1131289999431497,14.838198831452502,1.672041053469487,12.058945534094441,39.55158806204835,20.56224537494587,3.9350485187720268,3.972269122623099,3.4096635025942224,False,True
7.230648046545388,0.10735496376371499,0.3382307683674651,52.94439881106118,0.19673107056141342,9.5582682384809,2.0147845421121775,16.477667230984842,1.9980656391989138,10.808526043595553,42.45215490759956,19.772552697963803,5.690043675112832,2.1493008579192288,0.6516889476252697,False,False
6.9588181880322395,0.11161685770933623,0.18860074440143484,64.02934652161649,0.050764443887630684,8.821770160523808,2.1096707668955905,14.800423431204702,1.9980656391989138,11.44976641572643,38.23893401028809,21.746910884615804,5.378573501638368,5.517796831869328,0.8695292854583642,True,False
7.524297853978758,0.07848293162669932,0.995597396270129,31.086499011392057,0.6589822994716715,10.885395796520946,2.2286085976848846,16.22429358222769,3.832726640922677,11.03749153095346,43.89996846776987,21.746910884615804,0.18989093121373055,2.8888988900431305,0.17981907225363664,True,False
7.386740919918188,0.08249965174903026,0.9023068168118669,35.283300641362416,0.6203269869193098,10.57868191973196,1.7439398287789682,15.42037398212344,5.445719442685472,11.03749153095346,41.46166511049668,21.746910884615804,0.2833922341003332,4.424627742771174,0.17981907225363664,False,False
7.592184120675499,0.09474510529123321,0.07199190203278912,72.66800663797308,0.1550652934265218,10.07408890963105,1.7604252825903675,17.68190687765537,0.7877023787642443,9.0147062466083,44.05097193418719,19.444305324439817,1.2096626306846927,5.517796831869328,2.2929477757910615,True,False
6.885675812303344,0.1133599127984852,0.309372785678581,55.08226673796209,0.1389038402750249,8.89820047251568,1.768698768791236,16.477667230984842,1.9980656391989138,12.015570102658028,39.80139815846863,18.28014057188386,5.690043675112832,5.517796831869328,0.21931778982357183,False,False
7.7139997821159305,0.08672888238894085,0.7679265259197298,49.499412377598375,0.6810060613540735,11.422348115484027,1.8154328245870335,17.573704445507953,5.63334265128531,11.03749153095346,39.74369874994575,21.746910884615804,0.5896151448680284,2.1493008579192288,1.525935734904473,False,False
7.349876215411274,0.11268570474852123,0.19249164519451376,63.741099345715284,0.2298731215953927,9.917667917336336,1.5923751475068915,16.477667230984842,3.5241818985202484,12.015570102658028,40.4510407721191,18.28014057188386,5.690043675112832,2.1493008579192288,1.4120548908018584,False,False
7.772228644207306,0.08790656573236011,0.2792747871349013,64.70847727510157,0.38206930882691603,10.80124178909947,2.0887109353836513,14.8397116399597,3.5241818985202484,11.487298776641158,43.315050302564444,20.33901891337181,0.18989093121373055,4.078564412733184,2.226283124995722,False,False
7.312781165365132,0.0843531377919841,0.7702447537668604,40.50114134263762,0.5553082784941015,10.372987459499175,2.1092284246497086,16.477667230984842,3.832726640922677,11.03749153095346,40.83111132924499,21.746910884615804,0.18989093121373055,5.517796831869328,0.3664046201951726,False,False
6.828412598669555,0.10972914966725489,0.33019789435411984,53.53949320484157,0.15718378242730258,8.835336462974697,2.0556540914018764,15.881421417090895,1.9980656391989138,11.44976641572643,37.48548352786511,22.10907359435732,5.378573501638368,5.517796831869328,0.17981907225363664,True,False
7.181745177585224,0.09158558781124887,0.410042908977169,47.62438480222607,0.2139315431845829,9.389865729403576,2.318595746606363,16.477667230984842,0.7877023787642443,9.0147062466083,43.82326820260111,21.746910884615804,2.265543604361203,5.517796831869328,0.3664046201951726,True,False
7.22243704310008,0.09312468187179934,0.5665044671804408,43.80229627124233,0.387373706302743,9.87449811552936,1.8193533653041032,16.477667230984842,1.9980656391989138,12.015570102658028,43.590767245862985,18.28014057188386,1.900674587718478,5.517796831869328,0.21931778982357183,False,False
7.556682645883361,0.08950576219734474,0.30235540024308,63.02520735733869,0.3824480704888063,10.51376155588755,1.6295686186182265,16.477667230984842,1.672041053469487,12.015570102658028,41.6819766565135,20.56224537494587,0.18989093121373055,5.517796831869328,1.8828118183452163,False,False
7.796330538566557,0.08274988440683526,0.6987431469753658,48.99825914199575,0.6008807214912633,11.272299692822585,1.8029067273624395,15.42037398212344,5.63334265128531,10.76388688750685,42.57035807043116,21.746910884615804,0.18989093121373055,2.1493008579192288,1.525935734904473,False,False
7.6736734293558255,0.08984859456373302,0.10883631187695676,69.93848521089913,0.21518990326533421,10.310332908998769,2.060594969684331,17.68190687765537,0.7877023787642443,9.0147062466083,44.96792150862542,19.444305324439817,0.29271305624645494,5.517796831869328,2.2929477757910615,True,False
6.923232972551966,0.108686365017271,0.3597557495566707,51.349777059164644,0.20474496161306432,9.058524366977633,1.5501386525092822,15.42037398212344,3.5241818985202484,11.03749153095346,38.05584475582588,21.746910884615804,5.378573501638368,4.65680437406916,0.17981907225363664,False,False
7.73545842896613,0.09014705605667811,0.3967659567647348,64.02880512258939,0.496343346966596,11.086180779637601,1.7486258715551666,16.477667230984842,3.5241818985202484,12.605728308128562,41.155540717791524,19.742143375632182,0.18989093121373055,4.078564412733184,2.226283124995722,False,False
7.318860133726815,0.08969415534921638,0.4213854966716557,51.33929049527479,0.34160680299236273,9.959159420446083,1.9177098599795932,17.68190687765537,1.9980656391989138,9.0147062466083,41.96142160390923,21.746910884615804,1.2096626306846927,5.517796831869328,0.8695292854583642,True,False
6.9601200903165905,0.11238909312829795,0.2771752732440971,57.46753496345696,0.1290032140375893,8.974746885037861,1.607539631568741,15.988247487367524,2.883091210627681,11.44976641572643,40.06680792024805,18.28014057188386,5.378573501638368,5.517796831869328,0.4355760606387564,False,False
7.1138751623490695,0.09949704077421924,0.452871364509778,46.74712863195701,0.3094278576893037,9.55947496011202,1.6100042698107595,16.43265077025188,1.9980656391989138,12.015570102658028,42.50825592121853,18.28014057188386,3.161830080116216,5.423667842418941,0.17981907225363664,False,False
7.194133923323884,0.08935929768159787,0.5330464119441476,42.718507631434946,0.3366413281413324,9.696665272232796,2.1856505135307587,16.43265077025188,0.5307325730925379,11.03749153095346,43.64889865516944,21.010566108147756,1.7361734477123427,5.423667842418941,0.17981907225363664,True,False
7.110800478073779,0.10411272813498594,0.3312110021493196,53.464439772132806,0.18547668232289788,9.25777735992126,1.4773539062808865,14.601462723158493,2.883091210627681,12.015570102658028,42.56083870959299,18.05061584268269,3.9350485187720268,5.517796831869328,0.4355760606387564,False,False
6.989367093050884,0.10662000281333685,0.37340352388425824,50.33871750856862,0.16444760864846497,9.03313833732154,1.8243080101336557,14.601462723158493,2.883091210627681,11.03749153095346,40.04422940276625,21.746910884615804,5.390713379561308,4.116281796063375,0.17981907225363664,False,False
7.572874812673466,0.07785082612397758,1.0923336181072971,28.91827953852792,0.7301616083232805,11.146480714939289,2.2664103168625243,17.065287021542588,3.9992789621241465,11.03749153095346,43.6320207393774,21.746910884615804,0.18989093121373055,2.1493008579192288,0.17981907225363664,False,False
7.022546098139711,0.10084317930081732,0.44838738914580106,46.85530442527819,0.30623778475926877,9.45903485367694,1.8741811295851007,16.598172601569836,1.190985881122685,12.015570102658028,39.67668856493882,21.746910884615804,3.9350485187720268,4.65680437406916,0.17981907225363664,False,False
7.391440265144938,0.0865401446779624,0.7582371012538398,37.7760782337138,0.5038328431876806,10.333746165980765,1.7129985264008738,15.309171485627765,3.5241818985202484,12.015570102658028,44.57875746923139,18.983641767207462,1.1075121559758951,4.30134604852557,0.17981907225363664,False,False
6.929646844517475,0.10697167870022645,0.3683483397465842,50.713217561085266,0.24647831153367994,9.237523916624363,1.6126327118455928,18.826651572976857,0.8405695337750109,11.03749153095346,39.60869214348154,19.444305324439817,4.544673990250356,5.517796831869328,0.17981907225363664,False,False
7.270071694458883,0.09859294137729888,0.8871078233533187,41.27383532621715,0.6896026776861336,10.740653891775304,1.9499795369153747,17.851476159936148,5.63334265128531,14.621169292937903,39.426128143766704,15.490841592430987,1.9514862735906535,4.767483403812498,0.25807248223978885,False,False
7.61392766374824,0.08084689557576104,1.254330906126079,27.687077874380428,0.8835353225800573,11.663548628412794,2.33925015638472,16.477667230984842,1.9980656391989138,17.37642873942309,43.758921966261106,18.28014057188386,0.18989093121373055,1.6995671312108906,0.21931778982357183,False,False
7.5353146447618835,0.08877440400957,0.40549556957999583,56.594696443229985,0.39968466106656786,10.456193042776988,2.2028475183094316,16.477667230984842,1.9980656391989138,12.015570102658028,43.975001166580725,18.28014057188386,0.18989093121373055,5.651609466678046,1.4120548908018584,False,False
8.01925450499748,0.09079446528094345,0.2500953050397825,76.12342491277775,0.513844127755865,11.705629935741499,2.3454236037702456,18.24888196003123,3.697566025835044,11.03749153095346,39.520294306837286,21.746910884615804,0.18989093121373055,2.1493008579192288,3.4096635025942224,False,False
7.489166445595019,0.09634057532993857,0.1367430903307324,70.97145825167233,0.3208888790273044,10.321001274056524,2.2971621915433893,16.477667230984842,3.5241818985202484,10.76388688750685,38.19242968206308,22.088091713375242,1.2096626306846927,5.517796831869328,2.226283124995722,True,False
7.2737778951814756,0.08575709477923522,0.8562614155404065,40.020029472176205,0.6392043887440517,10.563534509236622,1.9937897926214927,17.065287021542588,3.5241818985202484,12.605728308128562,38.98379950391457,21.746910884615804,0.18989093121373055,5.517796831869328,0.3664046201951726,False,False
7.566303419763324,0.07740650423342131,1.078580935975522,28.963315465550764,0.7162938809838566,11.105827274226344,2.326052957125449,17.065287021542588,3.5241818985202484,11.03749153095346,43.765936974221866,22.088091713375242,0.18989093121373055,2.1493008579192288,0.17981907225363664,True,False
7.239487273926021,0.08833669671637524,0.561481250972824,41.374535829480195,0.34750071001619376,9.76544705041115,1.6874851646690008,14.8397116399597,0.7877023787642443,12.015570102658028,43.872806959960954,21.746910884615804,1.900674587718478,4.65680437406916,0.17981907225363664,True,False
7.5831736238627085,0.09086833161193075,0.5560297600987109,44.53032173670463,0.3866906310351609,10.479591164981883,2.3574301559619224,16.43265077025188,0.9600790586564328,11.03749153095346,45.8696653023094,21.010566108147756,3.161830080116216,0.6814430823786158,0.8462740671862367,False,False
7.200869810902616,0.1070566627547605,0.0779453717015924,72.22695945889862,0.08208518874353898,9.31305254581697,2.1423613083888724,14.800423431204702,1.9980656391989138,11.44976641572643,38.46856045312149,22.10907359435732,3.9350485187720268,5.517796831869328,1.721265115749796,True,False
7.039902315016255,0.10420187227903277,0.3820815044349248,49.69583208966905,0.1647239175680726,9.13750183229522,2.2440398490701154,16.477667230984842,0.5307325730925379,11.317684679029282,42.97028573656098,19.14014968493542,4.6161776193308075,4.767483403812498,0.17981907225363664,False,False
7.458695005474099,0.0817336272955649,1.042277757665849,31.659464462261244,0.716389626678426,10.979704391291149,1.8383611824819595,17.065287021542588,3.832726640922677,12.015570102658028,41.73104609336262,21.746910884615804,0.5397412946015226,2.8888988900431305,0.17981907225363664,False,False
7.18534571635537,0.08930179062157924,0.7319232858798644,40.67054312970727,0.5172915644465491,10.120128635967069,2.210426994081333,17.065287021542588,3.5241818985202484,11.03749153095346,39.718850129560245,21.746910884615804,1.2096626306846927,5.517796831869328,0.17981907225363664,False,False
7.018334009950868,0.10330178227912695,0.3469867194261157,52.29573715166481,0.13189840904435363,9.019575216366961,1.590903123985932,14.601462723158493,0.5307325730925379,12.015570102658028,41.37566408507652,21.746910884615804,4.6161776193308075,4.767483403812498,0.34599860825531353,True,False
7.157321289832583,0.10209631681334594,0.4127024495614767,47.42735971641947,0.2580677029171228,9.461125460048887,1.5969419493624846,14.601462723158493,3.5241818985202484,12.015570102658028,43.427940323079966,17.659172987488436,3.9350485187720268,4.65680437406916,0.17981907225363664,False,False
6.923232972551966,0.108686365017271,0.3597557495566707,51.349777059164644,0.20474496161306432,9.058524366977633,1.5501386525092822,15.42037398212344,3.5241818985202484,11.03749153095346,38.05584475582588,21.746910884615804,5.378573501638368,4.65680437406916,0.17981907225363664,False,False
7.5111000131599495,0.07967996952169032,1.020670807414911,31.170224147636425,0.6866270698502097,10.941636417631264,1.9790846081897393,17.065287021542588,4.786499960852436,10.16080495273059,42.88838698386149,21.746910884615804,0.2833922341003332,2.8888988900431305,0.17981907225363664,False,False
7.597549082273869,0.10029749538663373,0.21779044883531137,62.39535408651726,0.28426236684128564,10.366083537327158,1.6738492149527364,14.601462723158493,2.883091210627681,12.015570102658028,41.804135803868334,21.746910884615804,3.9350485187720268,1.194700832145981,1.8190799241536448,False,False
7.2737778951814756,0.08575709477923522,0.8562614155404065,40.020029472176205,0.6392043887440517,10.563534509236622,1.9937897926214927,17.065287021542588,3.5241818985202484,12.605728308128562,38.98379950391457,21.746910884615804,0.18989093121373055,5.517796831869328,0.3664046201951726,False,False
7.41639357602827,0.10405559102879554,0.018017555165064,76.66655450210988,0.07424782142260344,9.692905433018986,2.134339477704328,17.68190687765537,0.7877023787642443,9.0147062466083,40.455876202693844,21.746910884615804,3.363145259802217,4.65680437406916,2.2929477757910615,True,False
7.4181765697989075,0.09813506524717308,0.2945876520917035,63.730722588781475,0.3843002708128993,10.339112709766692,1.590986036561457,14.601462723158493,2.6876024625376846,14.621169292937903,38.79297035682879,20.856560371384184,1.9514862735906535,4.767483403812498,1.721265115749796,False,False
7.6348292608125545,0.10233818363488759,0.18928870618584173,63.97838067796507,0.17143631751082766,10.098440174218931,1.9447367645190796,14.601462723158493,3.5241818985202484,10.76388688750685,45.95237258996081,17.352481408412547,3.9350485187720268,2.1493008579192288,1.721265115749796,False,False
7.913294341201167,0.08253757868872101,0.757640505577488,50.14137181632135,0.6792963925792367,11.773999496688317,2.337869026438745,18.826651572976857,2.883091210627681,11.03749153095346,42.658207666002035,21.746910884615804,0.2833922341003332,0.6814430823786158,1.8828118183452163,False,False
7.882305147031946,0.0891295053861148,0.5843129866426098,58.001806317663586,0.6083755525917688,11.605908359862902,2.308008967812733,17.065287021542588,3.5241818985202484,12.605728308128562,40.94050304913377,21.746910884615804,1.2096626306846927,0.6814430823786158,2.226283124995722,False,False
7.510002357649726,0.08710394177717969,1.2872061213693629,32.05657620518766,0.9804442805614325,11.826261166129722,2.070434452770298,18.826651572976857,3.832726640922677,17.31607875209628,39.59664552459462,16.98270306795753,0.18989093121373055,2.8888988900431305,0.3664046201951726,False,False
6.964795694225118,0.11197430034461613,0.16771343158895863,65.57672828500426,0.04665655268815572,8.843211590050892,1.8917203826651854,15.512832006016465,1.9980656391989138,10.76388688750685,37.76055869228197,22.088091713375242,5.378573501638368,5.517796831869328,0.9801947281128667,True,False
7.689019496744379,0.08099700740101173,0.9191911745515178,39.10572903725408,0.69257481985469,11.272292788910555,1.9372659389114544,16.223886840785426,6.117744557237494,10.45158725719752,42.25114938557243,21.746910884615804,0.18989093121373055,2.1493008579192288,0.8695292854583642,False,False
7.46584032363901,0.09725579746140817,0.19137462902653607,70.62132555895424,0.3735389463157623,10.44747168115723,2.1551977581317923,17.68190687765537,3.5241818985202484,10.76388688750685,36.98819003539255,22.088091713375242,1.2096626306846927,5.517796831869328,2.226283124995722,False,False
6.840929437658191,0.11081377872262066,0.29954746270096,55.81015001004505,0.17004675928141844,8.921600420728064,2.1383857525792433,16.477667230984842,1.9980656391989138,11.44976641572643,36.723058177969484,22.10907359435732,5.378573501638368,5.517796831869328,0.34599860825531353,True,False
7.5432294964444,0.09764414714581476,0.27349710787509895,66.47883035078496,0.40118528525990116,10.574185403831045,1.9846724357922836,15.42037398212344,4.786499960852436,12.015570102658028,38.114756792021126,21.746910884615804,1.900674587718478,3.9508263840199174,2.0643873059907705,False,False
6.9588181880322395,0.11161685770933623,0.18860074440143484,64.02934652161649,0.050764443887630684,8.821770160523808,2.1096707668955905,14.800423431204702,1.9980656391989138,11.44976641572643,38.23893401028809,21.746910884615804,5.378573501638368,5.517796831869328,0.8695292854583642,True,False
7.788450100833475,0.0900844146059603,0.7485128387232682,45.54195806048028,0.6041668946711075,11.307624927164374,1.9014380657986174,17.065287021542588,5.452789333462698,11.03749153095346,44.462161046762496,18.191290230501462,1.893952556145072,0.6814430823786158,1.215585198253613,False,False
7.984108327511292,0.09924416202829117,0.0,85.34407370977328,0.2417819547230861,11.037112554663693,1.7472884937281714,16.477667230984842,1.9980656391989138,11.44976641572643,42.144035383024764,20.33901891337181,2.071309935258569,1.8711049746965278,3.6490315077381434,False,True
6.923232972551966,0.108686365017271,0.3597557495566707,51.349777059164644,0.20474496161306432,9.058524366977633,1.5501386525092822,15.42037398212344,3.5241818985202484,11.03749153095346,38.05584475582588,21.746910884615804,5.378573501638368,4.65680437406916,0.17981907225363664,False,False
7.21199055424449,0.09724878040109997,0.6359769877576906,41.5473739440824,0.428555083307679,9.979992048277229,1.2346759697276464,16.22429358222769,3.832726640922677,11.03749153095346,40.38576457743267,21.746910884615804,3.704094821550931,2.8888988900431305,0.17981907225363664,False,False
7.826122885080825,0.08570404980009506,0.6871646622964955,52.93311842661846,0.644701373158959,11.559250189770015,1.985380467305704,18.28329294588044,3.832726640922677,11.03749153095346,41.20785864999179,21.746910884615804,0.5397412946015226,1.469166234689093,1.8828118183452163,False,False
7.509602987377449,0.07888759263635281,1.0220317797930814,30.890764219087792,0.6840831337177347,10.948430948887637,2.18540869346406,17.065287021542588,3.5241818985202484,11.03749153095346,43.3675197708574,21.746910884615804,0.18989093121373055,2.8888988900431305,0.17981907225363664,True,False
7.262973937825863,0.09627647899870619,0.6278816187427328,40.604107063403475,0.40658149597994053,9.978289661286729,1.950568824898725,14.601462723158493,3.5241818985202484,12.015570102658028,41.506525113343095,22.088091713375242,3.9350485187720268,2.1493008579192288,0.17981907225363664,False,False
7.51507227715231,0.08890722270033274,0.33138663616371966,60.99795437360734,0.38420610942590205,10.412453745349572,1.8423849810026975,15.988247487367524,2.883091210627681,11.03749153095346,40.82180470471607,21.746910884615804,0.2833922341003332,5.517796831869328,1.721265115749796,False,False
7.738130364381955,0.09857525626994218,0.6584093179355108,56.45143283701093,0.6644684623304974,11.577570469703696,1.915376072928607,17.065287021542588,3.5241818985202484,16.170015697379128,39.83885587908546,18.28014057188386,2.55726403086489,0.6814430823786158,1.8828118183452163,False,False
7.250828515419944,0.10443034874381135,0.10427773640852026,70.27619531320929,0.13272033086306595,9.525526843949544,2.294852990591253,17.68190687765537,1.9980656391989138,9.0147062466083,38.95620314450027,21.746910884615804,3.363145259802217,5.517796831869328,1.721265115749796,True,False
7.348401289288439,0.08369005208855369,0.9800088122620378,34.783457399372956,0.6951843725359124,10.750200364749407,2.1570766989640835,17.065287021542588,5.445719442685472,11.03749153095346,39.571942356179505,21.991720599513833,0.2833922341003332,4.424627742771174,0.17981907225363664,False,False
7.536597737236003,0.08742468960232905,0.28875916983283223,61.038834808437116,0.3398163067913603,10.314492306785526,2.1818943554150434,14.601462723158493,1.9980656391989138,12.015570102658028,42.20903777153591,21.746910884615804,0.18989093121373055,5.517796831869328,1.721265115749796,False,False
7.116232139019409,0.11311595182879071,0.14581558704998981,67.19897263981,0.10356267503471084,9.291295618393505,1.724994694450119,18.826651572976857,0.6009417439144984,11.03749153095346,40.93897853208716,16.98270306795753,4.879851521987552,5.517796831869328,1.215585198253613,False,False
7.5071982625903795,0.08894781872977468,0.2996728897374801,61.65395317453371,0.36009012284065856,10.322957002643095,2.35587597748138,14.601462723158493,2.883091210627681,12.015570102658028,41.04468405291084,21.746910884615804,0.2833922341003332,5.70362367617903,1.721265115749796,True,False
7.700905769727741,0.08609764442182659,0.16099593127243242,66.07437666987144,0.2563376470557479,10.396165443024662,2.3618558939646013,14.8397116399597,0.7877023787642443,11.03749153095346,44.551176518253904,21.746910884615804,0.18989093121373055,4.65680437406916,2.1903117421699876,True,False
7.212538205751308,0.09267036141120179,0.5940233794745888,45.87770247595925,0.4459618191256552,10.038060146971976,1.469844186532543,15.988247487367524,1.9980656391989138,13.294272161209964,40.94607798587351,20.18361664091778,1.6363471929242235,5.517796831869328,0.4355760606387564,False,False
7.804483487455054,0.08553260897623566,0.43348012581503925,59.31505851944686,0.467948782844627,11.045032381925258,1.6942248369354225,15.42037398212344,3.832726640922677,11.03749153095346,42.72581853125038,21.746910884615804,0.2833922341003332,2.8888988900431305,2.0643873059907705,False,False
7.874921629216398,0.08400390747979429,0.48040874370561504,57.468185083894106,0.49115732757442304,11.180922852600665,2.021470299377063,15.42037398212344,4.786499960852436,10.023713998803412,43.17600268362835,22.09632897658203,0.2833922341003332,2.1493008579192288,2.0643873059907705,True,False
6.920664696528863,0.10710209247466171,0.35889340143982656,51.41366185668151,0.21407269647865634,9.10393634070141,1.9070508107613284,17.065287021542588,1.9980656391989138,11.03749153095346,39.166599077507,20.33901891337181,4.695921913303267,5.517796831869328,0.17981907225363664,False,False
7.903382198197843,0.08278162144580202,0.8115380369834664,49.639113021646516,0.7290056689755142,11.89421181125726,2.38542453622384,18.826651572976857,2.883091210627681,12.015570102658028,41.773630397184064,21.746910884615804,0.18989093121373055,0.6814430823786158,1.8828118183452163,False,False
7.081862741809496,0.09915465614098874,0.47417852431807544,46.0364008485654,0.3217855052117905,9.51840470852267,1.6240324393293957,15.42037398212344,3.5241818985202484,11.03749153095346,39.840808964867506,21.746910884615804,3.593609292596743,4.65680437406916,0.17981907225363664,False,False
7.666666931712184,0.07606620625357301,1.223995432147965,25.095325841946586,0.8146225058594867,11.531681046707863,2.365738533009584,18.826651572976857,2.883091210627681,11.03749153095346,44.361200412093616,21.746910884615804,0.2833922341003332,0.6814430823786158,0.17981907225363664,True,False
6.975211978011967,0.10175869790935028,0.38596039837744417,49.408474409786706,0.2273282657003184,9.160650780711293,1.9516804013667346,15.42037398212344,1.9980656391989138,11.44976641572643,39.75221865544042,21.746910884615804,3.9350485187720268,5.517796831869328,0.17981907225363664,True,False
7.52777046009312,0.10513569411716028,0.23082102789792902,68.45502486354123,0.3843048170638003,10.689083102231042,2.3446256867617636,19.99561861999952,1.9980656391989138,10.76388688750685,37.31296894015668,22.088091713375242,3.9295790601258886,1.6855060146411849,2.226283124995722,False,False
7.5145002959107865,0.10649646343420333,0.23330626432943996,60.7174553807875,0.11842578226018119,9.844076239861822,2.328994134213384,17.065287021542588,1.9980656391989138,8.743303625878463,45.249291493475994,19.16051057161074,5.690043675112832,0.6814430823786158,1.4120548908018584,False,False
7.596390684290097,0.09659772177408067,0.07715787478259108,72.28529910182573,0.22471832515060963,10.276987364382792,2.0697780772749246,18.96769535079744,1.539191886540265,9.0147062466083,43.26076451617767,18.19723476153124,1.2096626306846927,5.517796831869328,2.2929477757910615,False,False
7.345272808596487,0.08460563188693718,0.7258935630652489,41.72288263843495,0.5259164727102343,10.362786956162894,2.2196244131368394,14.800423431204702,1.9980656391989138,14.083760780199388,42.63546741230337,20.33901891337181,0.18989093121373055,5.517796831869328,0.4355760606387564,False,False
7.185020872671596,0.1008085195757709,0.5515774285165721,45.302623809655074,0.3929917008327096,9.807334990255564,1.5814003781136388,14.601462723158493,5.97494100485281,12.015570102658028,41.15395842863121,18.054299034574445,3.363145259802217,4.65680437406916,0.17981907225363664,False,False
7.063767879946064,0.09895148468476077,0.41153705001352187,47.513695284032,0.2003213440211009,9.208986927100522,1.2378117832436026,14.601462723158493,0.698623896301705,12.015570102658028,42.16576042817114,21.746910884615804,3.9350485187720268,4.65680437406916,0.17981907225363664,False,False
7.624389370003039,0.0877249201670689,0.13118057243305795,68.28316929681736,0.22361116765771838,10.2109361129427,2.1816029880434105,14.8397116399597,0.7877023787642443,11.03749153095346,43.69018406045374,21.746910884615804,0.18989093121373055,5.517796831869328,2.1903117421699876,True,False
7.314924072525566,0.08310393650438855,0.926832711140948,35.44140942594229,0.6484534174463139,10.655627162236282,2.2134616110675083,17.065287021542588,0.5307325730925379,14.621169292937903,41.78905733376292,20.856560371384184,0.18989093121373055,4.767483403812498,0.17981907225363664,True,False
7.908771724278856,0.08871603967505988,0.45988865621113184,65.28455906087088,0.5808208660624984,11.585178056317265,2.0577845999241315,16.598172601569836,4.786499960852436,12.015570102658028,39.7720985283154,21.746910884615804,0.2833922341003332,2.1493008579192288,2.648054829968944,False,False
7.171604733415081,0.09319332203600147,0.771367081309875,40.71022115034871,0.5594698195048289,10.246324296564467,1.9625404954587071,15.806399241729242,2.6876024625376846,14.621169292937903,39.1294798817542,20.856560371384184,1.9514862735906535,4.767483403812498,0.17981907225363664,False,False
7.122781181042336,0.09903543598789906,0.3711437841486554,50.506124397538365,0.181076969162291,9.243840902040724,2.075161129865265,16.477667230984842,2.3764404751013606,9.0147062466083,43.03748703960905,19.866758307769594,3.363145259802217,5.517796831869328,0.34599860825531353,False,False
7.749357969725814,0.08662411657346654,0.280989108713381,63.93958492901059,0.3729281960680999,10.739719686250314,2.1283822897352427,14.8397116399597,3.182759979912961,11.03749153095346,42.84065416855126,21.746910884615804,0.18989093121373055,3.972269122623099,2.1903117421699876,False,False
7.686915812454482,0.08832464005638634,0.20192878874707565,66.5446781342882,0.326618440537932,10.548865911433788,1.877595786168732,14.8397116399597,2.883091210627681,11.03749153095346,42.326706603259375,21.746910884615804,0.2833922341003332,4.65680437406916,2.2258915224144857,False,False
7.3274030526066545,0.0840677167188786,0.9643835302234948,35.067929539753656,0.6827508404038125,10.667889994184273,2.2983704880390072,15.42037398212344,5.445719442685472,12.605728308128562,39.65554171379439,21.746910884615804,0.2833922341003332,4.700944043822529,0.14138939072947454,False,False
7.184021027454428,0.10465137191355162,0.15375608891081297,66.61072139457345,0.14022705256164703,9.401489343768738,1.8741064638158493,16.223886840785426,1.9980656391989138,10.45158725719752,39.0221164997522,21.746910884615804,3.6275811557789446,5.517796831869328,1.4120548908018584,True,False
7.533592216761803,0.0922481951179653,0.20315349435905253,62.95124422603976,0.19156230144307534,9.979920548223873,1.8460062545068163,14.601462723158493,0.7877023787642443,11.03749153095346,44.08821098297635,21.746910884615804,1.900674587718478,4.116281796063375,1.721265115749796,True,False
7.593220420260828,0.09838381337976687,0.005782314883662576,77.57297017424935,0.26761770649069616,10.391246971522163,2.016172887713001,16.477667230984842,3.5241818985202484,10.76388688750685,39.27855719332099,20.56224537494587,1.2096626306846927,5.517796831869328,2.6660019521671843,True,False
7.411141822945982,0.09378292697916668,0.24816546650923008,63.62838275025589,0.333867453215944,10.191475609700943,2.283853904268656,16.477667230984842,1.9980656391989138,11.44976641572643,39.53768442241076,22.088091713375242,1.2096626306846927,5.517796831869328,1.721265115749796,True,False
7.9640144843521865,0.09366001494195766,0.11667896675810006,79.42982850383615,0.39983306786463646,11.324556545200387,1.8675551920669875,17.065287021542588,3.832726640922677,11.03749153095346,40.585480301103836,20.56224537494587,0.5397412946015226,2.988851006942471,3.3881768289875853,False,False
6.9092773654168536,0.10685509032848377,0.32570330946890436,53.872462732699006,0.19643945025043574,9.056962507295058,1.7441888470262341,16.477667230984842,1.9980656391989138,11.03749153095346,37.81798465107756,22.10907359435732,4.695921913303267,5.517796831869328,0.34599860825531353,True,False
7.050000776235948,0.10040479005094731,0.5488016532050167,45.55814236125245,0.3937020730216316,9.691155059597532,1.438466743184884,17.065287021542588,3.5241818985202484,11.03749153095346,38.195895925448355,21.746910884615804,3.593609292596743,4.65680437406916,0.17981907225363664,False,False
6.8535145969910936,0.11080111023932988,0.2982413899218806,55.90690698487225,0.16374812903858826,8.902216274316126,1.9453110571255527,15.988247487367524,2.883091210627681,11.03749153095346,36.739727234931,22.10907359435732,5.378573501638368,5.517796831869328,0.34599860825531353,True,False
7.2118163097585475,0.10212424674714131,0.17087545971226134,65.34247772835079,0.15922807343902912,9.494862328565997,1.7401292062344422,16.477667230984842,0.7877023787642443,11.03749153095346,39.8132837541128,21.746910884615804,3.207092497897666,5.517796831869328,1.4120548908018584,False,False
7.2150581460304535,0.09949704396089996,0.5221041348868715,43.631573536112434,0.33810010966539217,9.806867906895564,0.9873817984002473,17.065287021542588,1.190985881122685,12.015570102658028,43.72825507734616,18.54205396657376,3.9350485187720268,3.3429803597311065,0.17981907225363664,False,False
7.593220420260828,0.09838381337976687,0.005782314883662576,77.57297017424935,0.26761770649069616,10.391246971522163,2.016172887713001,16.477667230984842,3.5241818985202484,10.76388688750685,39.27855719332099,20.56224537494587,1.2096626306846927,5.517796831869328,2.6660019521671843,True,False
7.022546098139711,0.10084317930081732,0.44838738914580106,46.85530442527819,0.30623778475926877,9.45903485367694,1.8741811295851007,16.598172601569836,1.190985881122685,12.015570102658028,39.67668856493882,21.746910884615804,3.9350485187720268,4.65680437406916,0.17981907225363664,False,False
7.078080536985567,0.10137712375236374,0.4914697082469906,46.391434215949246,0.34508370032946023,9.551861921228829,2.2504437494592677,14.601462723158493,5.445719442685472,11.03749153095346,38.62892008478994,21.746910884615804,3.9350485187720268,4.424627742771174,0.17981907225363664,False,False
6.824833910700539,0.11040416164998966,0.31868644290206777,54.392288880711824,0.1366635532234617,8.759241792227815,2.091891143928341,15.42037398212344,2.883091210627681,11.03749153095346,37.55241535023547,21.746910884615804,5.390713379561308,5.789184589629206,0.17981907225363664,True,False
7.573735888174079,0.07772424635986448,1.086008178194023,28.944613153964475,0.7238632837020268,11.132830917322522,2.2541103038729227,17.065287021542588,3.832726640922677,11.03749153095346,43.798573060578875,21.746910884615804,0.18989093121373055,2.1493008579192288,0.17981907225363664,False,False
7.378981819341682,0.09519078646352624,0.15750848654908012,66.33273486147735,0.1737674975641194,9.736295514667082,1.4577906433880605,14.800423431204702,0.7877023787642443,11.44976641572643,41.37541476970008,22.446956469266944,1.900674587718478,5.517796831869328,1.721265115749796,True,False
7.211026288301038,0.08595904755005719,0.9710747767115012,36.751634210383955,0.7137875818897106,10.685077532696914,2.048115140031587,20.21532051481839,3.5241818985202484,10.76388688750685,37.52101215044258,22.088091713375242,0.18989093121373055,5.517796831869328,0.17981907225363664,False,False
7.283779285993687,0.08400186410940086,0.9937576627711167,35.13090737277257,0.7146374115105516,10.771402132946255,1.9679759956149272,17.065287021542588,1.9980656391989138,14.621169292937903,39.431373754424925,21.746910884615804,0.18989093121373055,4.767483403812498,0.17981907225363664,False,False
7.113580631169915,0.10926358391782884,0.4227687807692295,47.60939363865581,0.2899490649554388,9.557107638880094,1.7883976599969829,15.988247487367524,3.832726640922677,12.015570102658028,41.12455355975832,18.28014057188386,5.690043675112832,2.8888988900431305,0.17981907225363664,False,False
7.41639357602827,0.10405559102879554,0.018017555165064,76.66655450210988,0.07424782142260344,9.692905433018986,2.134339477704328,17.68190687765537,0.7877023787642443,9.0147062466083,40.455876202693844,21.746910884615804,3.363145259802217,4.65680437406916,2.2929477757910615,True,False
7.1518360012487445,0.09347152697346167,0.7945693197373671,40.48536480004944,0.5807460233658266,10.305362119648892,1.9907655947090328,17.065287021542588,1.7947738109614444,14.621169292937903,38.76342075351709,20.856560371384184,1.9514862735906535,4.767483403812498,0.17981907225363664,False,False
7.894888956481703,0.09196822281537567,0.2369855755193368,68.86472931368093,0.39664297651367925,11.121519972761652,1.7966702238575278,16.477667230984842,3.5241818985202484,10.76388688750685,42.67304955543274,20.56224537494587,1.2096626306846927,2.1233044697575765,2.6660019521671843,False,False
7.244674475398638,0.09429246106656758,0.5428742940929817,50.586675109194395,0.45905956087134037,10.222719041802456,1.9479348152858622,17.065287021542588,0.5307325730925379,13.91341635240897,39.17730042028416,21.746910884615804,1.9514862735906535,4.767483403812498,0.8473830706527912,False,False
7.360392933818114,0.10641011485181535,0.011783997963709493,77.12835123111032,0.02913568209243933,9.471775600174158,1.731643486165329,14.8397116399597,0.7877023787642443,11.44976641572643,40.39374404592264,21.746910884615804,3.9350485187720268,4.65680437406916,2.1903117421699876,True,False
6.964795694225118,0.11197430034461613,0.16771343158895863,65.57672828500426,0.04665655268815572,8.843211590050892,1.8917203826651854,15.512832006016465,1.9980656391989138,10.76388688750685,37.76055869228197,22.088091713375242,5.378573501638368,5.517796831869328,0.9801947281128667,True,False
7.059597338365697,0.10166391529102,0.43713025469807537,49.81571984988741,0.3365204995367013,9.572643421231003,2.1420344762892163,14.8397116399597,2.379144662802293,14.108483048775824,39.57896164076573,19.866758307769594,3.363145259802217,5.517796831869328,0.34599860825531353,False,False
7.108856992695666,0.101703227246053,0.3965242383075574,49.95897241777102,0.2957211982999692,9.546740498915298,1.463696999028519,16.477667230984842,2.3764404751013606,12.015570102658028,41.62324091944505,18.28014057188386,3.363145259802217,5.517796831869328,0.34599860825531353,False,False
7.199488700396173,0.09767532113013243,0.4886966306455573,46.646989653467095,0.3457974438914104,9.806811935968176,1.4673352042218852,16.223886840785426,1.9980656391989138,11.44976641572643,40.72062366699113,22.10907359435732,3.6275811557789446,3.435426626523078,0.4355760606387564,False,False
7.443159714902528,0.09418384301463922,0.37590344336642095,57.62762864086913,0.38317485609182883,10.301061011780511,1.9893329333684429,14.601462723158493,3.0610380319118806,12.857112129748014,40.3044649559821,21.746910884615804,1.900674587718478,4.116281796063375,1.4120548908018584,False,False
6.9092773654168536,0.10685509032848377,0.32570330946890436,53.872462732699006,0.19643945025043574,9.056962507295058,1.7441888470262341,16.477667230984842,1.9980656391989138,11.03749153095346,37.81798465107756,22.10907359435732,4.695921913303267,5.517796831869328,0.34599860825531353,True,False
7.055105370400351,0.11890755477053933,0.07498333118077348,72.44639445877056,0.09314214488437161,9.171540140602318,1.8544643551336437,16.223886840785426,3.5876894351044424,12.015570102658028,37.27281765178422,18.28014057188386,5.690043675112832,5.517796831869328,1.4120548908018584,True,False
7.16150288356454,0.08949177226996574,0.46281505015649693,43.88424247121618,0.2791483593027705,9.484512619338895,1.6954162828227215,14.800423431204702,0.5307325730925379,11.44976641572643,43.460901807905394,22.10907359435732,1.9514862735906535,5.517796831869328,0.17981907225363664,True,False
7.47191369667289,0.09705521431393098,0.5536814330529772,51.167444715417496,0.478731776634963,10.698949325452139,1.8661341912599263,20.036430684587625,0.7877023787642443,11.03749153095346,40.473532762108135,21.746910884615804,3.373903514488722,1.328443046228397,1.215585198253613,False,False
7.022546098139711,0.10084317930081732,0.44838738914580106,46.85530442527819,0.30623778475926877,9.45903485367694,1.8741811295851007,16.598172601569836,1.190985881122685,12.015570102658028,39.67668856493882,21.746910884615804,3.9350485187720268,4.65680437406916,0.17981907225363664,False,False
7.458581136249795,0.10445243020255517,0.06844586090805233,72.93070579022417,0.20307489628732694,10.059290387050092,1.848491108958907,16.207061372086798,1.9980656391989138,11.44976641572643,38.95063428604932,22.10907359435732,3.6275811557789446,3.435426626523078,2.2223909102791968,False,False
7.599830641772672,0.07803950230162437,1.074964081153604,28.981207746181063,0.7127329013960665,11.151374475915377,2.172868107370385,17.68190687765537,3.5241818985202484,10.76388688750685,44.94876809998507,20.56224537494587,0.18989093121373055,2.1493008579192288,0.17981907225363664,False,False
7.115717668826863,0.10171632279990382,0.39356315512107687,50.02116458174517,0.2934829281698522,9.536863733759043,1.3773453305032275,15.988247487367524,2.883091210627681,12.015570102658028,41.60600992753605,18.28014057188386,3.363145259802217,5.517796831869328,0.34599860825531353,False,False
7.525198841098786,0.0939920742534495,0.1728827719715744,65.19377126661625,0.17927609015381457,9.91632650568557,2.2465618125064464,14.601462723158493,1.9980656391989138,11.03749153095346,44.971753860151985,18.731028236706887,1.4211360622111429,5.517796831869328,1.721265115749796,False,False
7.5745288140204,0.09973981509510312,0.25703412084398164,65.04340164540588,0.3633750316673592,10.58429976789186,1.7235795482568146,18.826651572976857,1.7947738109614444,12.015570102658028,43.09773137784835,16.051764722510185,1.9514862735906535,4.379210321109262,1.8828118183452163,False,False
7.527241014912173,0.08725314999508865,0.27883882124596077,61.16314147275728,0.331120578295185,10.318677638824843,1.8180403302136507,16.477667230984842,0.7877023787642443,11.03749153095346,42.50396963289159,21.746910884615804,0.18989093121373055,5.517796831869328,1.7385705787070072,True,False
7.643648775469343,0.08986880614684416,0.3465536620194737,64.99462536333971,0.45712352926111255,10.8541657264008,2.258147762971646,17.065287021542588,3.5241818985202484,11.03749153095346,39.589121616915016,21.746910884615804,0.18989093121373055,4.65680437406916,2.1903117421699876,False,False
7.251354805914596,0.09005864991437418,0.5823889577624816,41.59694819439915,0.3727256937983105,9.844806923124189,2.0694190850159297,17.065287021542588,2.9729618080724447,8.952353586501259,43.25404846284274,20.856560371384184,1.9514862735906535,4.767483403812498,0.17981907225363664,False,False
7.482567891522083,0.09964763651527563,0.1790135825703838,67.07688778334814,0.3100220444981175,10.344341937443481,2.1594122224588186,20.088495885466173,0.5307325730925379,11.03749153095346,42.54630715028522,16.754319751726097,1.7361734477123427,5.423667842418941,1.8828118183452163,False,False
7.208432283057801,0.09677135586204433,0.7541013924404394,40.04212808152033,0.5317402685459817,10.254172816735608,1.23741607318334,17.065287021542588,3.832726640922677,12.015570102658028,38.914992054696064,21.746910884615804,3.3557953332680786,2.8888988900431305,0.17981907225363664,False,False
7.6824936671324915,0.09615529021124397,0.0,78.07280990830809,0.10985907720612198,10.126220461637505,2.2588965997608796,14.601462723158493,0.7877023787642443,11.03749153095346,43.06002806369249,21.746910884615804,1.900674587718478,4.116281796063375,2.7494480350336525,True,True
7.548006501773446,0.07915002667770675,0.9442784225190368,33.805742759152,0.6435652711062535,10.913267767861063,2.178122477247688,16.477667230984842,3.5241818985202484,11.03749153095346,43.76855401347362,21.746910884615804,0.18989093121373055,2.8888988900431305,0.3664046201951726,True,False
7.7287347346378965,0.08945581422980933,0.4686191424213487,54.82807671513343,0.44112176860639574,10.909560587236097,1.8867088418215432,16.477667230984842,1.7947738109614444,11.44976641572643,43.30282944002517,22.088091713375242,1.9514862735906535,1.2141199995864242,1.721265115749796,False,False
7.208177849956874,0.10183362674017284,0.15732801369066932,66.34610471964908,0.10268709142370253,9.3254394573637,1.4338924019510013,15.42037398212344,0.7877023787642443,11.03749153095346,40.59918924521432,21.746910884615804,3.207092497897666,5.789184589629206,1.4120548908018584,True,False
7.058407999267019,0.11789231378220269,0.0725866878411728,72.62394349202043,0.04412453107891584,9.067914762964978,2.1590180755291004,16.477667230984842,1.9980656391989138,12.015570102658028,38.60866105749034,18.28014057188386,5.690043675112832,5.517796831869328,1.4120548908018584,True,False
7.4289023688160345,0.08831713895526999,0.7332144092249229,39.687101103149416,0.5046485961662668,10.487309664882225,1.5763462245934305,17.065287021542588,1.9980656391989138,11.44976641572643,43.52365850555299,20.856560371384184,1.9514862735906535,2.719599712365487,0.4355760606387564,False,False
7.46318564478612,0.08276192486541674,1.1574341904530674,32.703206532297294,0.8527434938036959,11.379255395764938,1.6286574409321255,17.065287021542588,3.832726640922677,14.89382461340118,39.01605639806573,21.746910884615804,0.18989093121373055,2.8888988900431305,0.3664046201951726,False,False
7.538632597997187,0.07962978480378888,1.0821851855457199,30.146551928801244,0.7369467210660625,11.087279082506097,2.150334367904579,15.42037398212344,5.452789333462698,12.015570102658028,42.3911091224739,21.746910884615804,0.2833922341003332,2.5100352683121594,0.17981907225363664,False,False
7.181032736350517,0.0965446068770945,0.3180272530533168,54.441123231005,0.2568622766118099,9.53603212852337,1.9968094738627786,14.8397116399597,2.883091210627681,11.03749153095346,40.47725500912719,21.746910884615804,2.4618967631429145,5.789184589629206,0.7644583719440355,True,False
7.68256295928261,0.07547090890897842,1.1884185895004706,25.383512978510886,0.7811929821886504,11.442823371328661,2.2744696568631757,17.065287021542588,2.883091210627681,12.015570102658028,45.144486391823314,21.746910884615804,0.2833922341003332,0.6814430823786158,0.17981907225363664,True,False
7.296662389927029,0.09435915016190981,0.7497450815497271,37.936363868864156,0.4971563747294837,10.29631736865809,1.7475574468478425,16.223886840785426,1.9980656391989138,12.851663167290717,41.37857699563634,22.10907359435732,3.6275811557789446,1.6313335346987123,0.17981907225363664,False,False
7.670964568859498,0.09547041972902705,0.01812691724429924,76.65845269942544,0.27200484653007817,10.538421264865072,1.9518441497990289,16.477667230984842,1.9980656391989138,11.03749153095346,39.97288859610207,22.088091713375242,1.2096626306846927,4.424627742771174,2.791504915929617,True,False
7.0197062783401405,0.0997327021356102,0.44784545586696944,47.364734685312314,0.31292079253626515,9.431267715063308,2.0731857238902665,17.68190687765537,3.5241818985202484,9.0147062466083,38.9715329286751,21.746910884615804,3.363145259802217,5.517796831869328,0.17981907225363664,False,False
7.903382198197843,0.08278162144580202,0.8115380369834664,49.639113021646516,0.7290056689755142,11.89421181125726,2.38542453622384,18.826651572976857,2.883091210627681,12.015570102658028,41.773630397184064,21.746910884615804,0.18989093121373055,0.6814430823786158,1.8828118183452163,False,False
7.274965804530508,0.09592398075699511,0.6018156307761815,40.72484135314676,0.38080124409509364,9.933017570232247,1.981249274227876,14.601462723158493,2.9508314196671352,12.015570102658028,42.421056420955644,21.746910884615804,3.9350485187720268,2.1493008579192288,0.17981907225363664,False,False
7.343254993022697,0.10864002471513093,0.177496678718054,64.85196209175629,0.16804877624259196,9.733845618646967,1.9369915923999281,15.42037398212344,2.883091210627681,11.03749153095346,39.846182419294614,21.746910884615804,5.390713379561308,2.1493008579192288,1.525935734904473,False,False
7.655805735854581,0.08824055819727321,0.3321986866882437,55.040134647888955,0.3002180844534311,10.400731529482771,2.210348801151513,14.800423431204702,0.5307325730925379,11.44976641572643,45.483281119204655,22.10907359435732,1.9514862735906535,2.1493008579192288,1.525935734904473,False,False
7.591046853066564,0.07991979860006909,0.9669468798439222,31.642893904370265,0.6366795708534969,10.886828668339664,2.3659090583672238,15.09171237331974,5.452789333462698,11.03749153095346,45.64310079762398,19.42279576824302,0.2833922341003332,2.8888988900431305,0.17981907225363664,False,False
7.663338362421705,0.08305050068132992,0.7102490056044017,46.607730671085015,0.5789761160769623,11.020379048935832,1.675694575578706,15.42037398212344,3.832726640922677,12.015570102658028,42.596542067282975,21.746910884615804,0.2833922341003332,2.8888988900431305,1.215585198253613,False,False
7.209948014868645,0.0907127594617278,0.7071849351062435,40.30447148886151,0.48597941331592087,10.096622335795157,1.6783658631145117,15.42037398212344,1.9980656391989138,13.43234148684301,40.826596554185215,21.746910884615804,1.9712646380088121,4.424627742771174,0.17981907225363664,False,False
7.214799533949002,0.09195548129545389,0.7586585177157845,40.89199323233943,0.5486508836677024,10.282604140976416,1.5663909012590664,16.477667230984842,1.784701425461838,14.904652243690059,41.526205540693,18.28014057188386,1.3290170831634438,5.517796831869328,0.17981907225363664,False,False
7.103187824043979,0.11906731263700485,0.01120125553023304,77.17152217523363,0.019553540964747762,9.111912215449408,2.295941375558755,16.477667230984842,1.9980656391989138,12.015570102658028,38.299450832542405,18.28014057188386,5.690043675112832,5.517796831869328,1.721265115749796,True,False
7.177815715695789,0.08963930027053248,0.9100722939739525,38.08986331557247,0.6684875547091097,10.538561205197468,2.1706525466437694,16.477667230984842,1.9980656391989138,15.57076725214563,37.70844305754455,22.088091713375242,1.2096626306846927,4.767483403812498,0.17981907225363664,False,False
7.168861323733587,0.08825638453638641,0.6878913024145815,41.023850278848585,0.4758692350552062,10.03200510061771,2.3710684245634237,17.708290589478636,0.698623896301705,12.015570102658028,41.21782413950118,21.320889494652242,1.069798115525356,5.789184589629206,0.17981907225363664,True,False
7.555596484873653,0.08404957934402478,0.4311439393517065,52.11361840199157,0.362929089340542,10.300159456826146,2.199027527929334,15.42037398212344,3.5241818985202484,9.0147062466083,44.046570137947576,21.746910884615804,0.2833922341003332,4.748279417830685,1.215585198253613,True,False
7.745385497416984,0.08703256759882773,0.4252229593173259,60.5388866094611,0.47666589043181246,10.986851274197837,1.5982469579217893,16.207061372086798,4.786499960852436,10.023713998803412,41.10318952506115,22.09632897658203,0.2833922341003332,3.435426626523078,2.0643873059907705,False,False
7.492407796230112,0.10463205420729114,0.03238652748937272,75.60206689028179,0.0501997901807108,9.692172000599804,2.1141225656309164,14.8397116399597,0.7877023787642443,12.015570102658028,43.8666139306928,18.28014057188386,3.363145259802217,4.65680437406916,2.1903117421699876,False,False
7.058407999267019,0.11789231378220269,0.0725866878411728,72.62394349202043,0.04412453107891584,9.067914762964978,2.1590180755291004,16.477667230984842,1.9980656391989138,12.015570102658028,38.60866105749034,18.28014057188386,5.690043675112832,5.517796831869328,1.4120548908018584,True,False
7.58634836831441,0.07720590561612063,1.1737292026848385,27.22771009777236,0.791958713079761,11.34698000093708,2.318591375536673,17.065287021542588,2.883091210627681,12.803424584031069,43.19954900842376,22.088091713375242,0.18989093121373055,1.5908464585322868,0.17981907225363664,False,False
7.045987885530903,0.11177696752260738,0.25297143170257486,59.260613055479794,0.1679275112136298,9.272727195851553,2.1430603312370318,16.477667230984842,1.672041053469487,12.015570102658028,38.82697345256673,20.56224537494587,5.690043675112832,3.972269122623099,0.7831899876391094,False,False
6.91408139984188,0.11233555452237518,0.31193081080422835,54.89276215854342,0.08570672926269174,8.757952010497096,1.9954056653183347,15.42037398212344,2.883091210627681,11.03749153095346,40.991243125175764,18.28014057188386,5.690043675112832,5.517796831869328,0.17981907225363664,False,False
7.0173422467129,0.09703693925673253,0.40251251657096687,48.18225416460527,0.20622701277490008,9.147749895256606,1.3758898009354519,15.42037398212344,0.7877023787642443,11.03749153095346,41.36342763361064,22.214908314767705,3.207092497897666,5.789184589629206,0.17981907225363664,True,False
7.215687195757966,0.09473968720373391,0.41988983943739977,53.25245170650152,0.3672740295993077,9.908005556284872,2.0425975157658063,16.223886840785426,1.9980656391989138,12.015570102658028,39.314591432081976,22.10907359435732,1.9514862735906535,5.517796831869328,0.8695292854583642,False,False
7.684916608687196,0.10138708656767603,0.0,89.31821285326892,0.14913626925105605,10.344394270417983,2.2747264919651937,16.477667230984842,1.9980656391989138,11.03749153095346,39.57593382724223,20.56224537494587,1.4211360622111429,5.517796831869328,3.4096635025942224,False,True
7.268137802272049,0.0867790625612273,0.8645741361840952,41.54808420670731,0.6697351896793338,10.658921504992742,2.33350700874742,15.988247487367524,2.883091210627681,15.096135530557167,38.097039013627864,21.746910884615804,0.18989093121373055,5.517796831869328,0.48088811012090005,False,False
7.535530527377563,0.07989899541403392,1.0903807998261112,29.536291646328422,0.7369024360840937,11.136557887386688,2.002583543858198,17.065287021542588,3.5241818985202484,12.015570102658028,42.886224633281,21.746910884615804,0.5397412946015226,2.0422650925271797,0.17981907225363664,False,False
7.249441762708966,0.08509884641831424,0.871040904400192,37.68934639949157,0.6216057157892751,10.454896588849623,2.176850499190336,17.065287021542588,3.5241818985202484,12.015570102658028,39.667041954440045,21.746910884615804,0.2833922341003332,5.517796831869328,0.17981907225363664,False,False
7.6759076444098255,0.09474377806205442,0.01608634675689137,76.80962300972195,0.23584879003883197,10.460063466021149,2.0615288844928013,16.477667230984842,1.0419581826559954,11.03749153095346,40.92899605264498,22.088091713375242,1.2096626306846927,4.424627742771174,2.791504915929617,True,False
7.650389306993782,0.08571189084247688,0.3992613375568175,57.55327795420207,0.4067586134776202,10.646494201898811,1.6793437121304386,15.988247487367524,2.6876024625376846,10.513942857750518,42.94235716181497,21.746910884615804,0.2833922341003332,4.116281796063375,1.721265115749796,True,False
7.128277326668635,0.09325428144823315,0.8057668754629846,40.406863024038586,0.5914415084067753,10.300881790136929,2.000737476214879,17.065287021542588,1.7947738109614444,14.621169292937903,37.87307024028547,21.746910884615804,1.9514862735906535,4.767483403812498,0.17981907225363664,False,False
7.200869810902616,0.1070566627547605,0.0779453717015924,72.22695945889862,0.08208518874353898,9.31305254581697,2.1423613083888724,14.800423431204702,1.9980656391989138,11.44976641572643,38.46856045312149,22.10907359435732,3.9350485187720268,5.517796831869328,1.721265115749796,True,False
7.314924072525566,0.08310393650438855,0.926832711140948,35.44140942594229,0.6484534174463139,10.655627162236282,2.2134616110675083,17.065287021542588,0.5307325730925379,14.621169292937903,41.78905733376292,20.856560371384184,0.18989093121373055,4.767483403812498,0.17981907225363664,True,False
7.036814368754477,0.1002780659551416,0.41850804305310624,47.13283912730566,0.2786674196570119,9.370531383947824,1.693039581786767,14.8397116399597,1.9980656391989138,12.339654405535601,39.941822755853636,22.10907359435732,3.9350485187720268,4.65680437406916,0.17981907225363664,False,False
7.314924072525566,0.08310393650438855,0.926832711140948,35.44140942594229,0.6484534174463139,10.655627162236282,2.2134616110675083,17.065287021542588,0.5307325730925379,14.621169292937903,41.78905733376292,20.856560371384184,0.18989093121373055,4.767483403812498,0.17981907225363664,True,False
7.498661832197206,0.10101975129251713,0.0,79.2225165944067,0.19885508244788275,10.076314802478262,2.1099955673833266,14.800423431204702,3.5241818985202484,11.44976641572643,38.03246365741812,22.10907359435732,1.9514862735906535,5.517796831869328,2.614807897313195,True,True
7.194213841137919,0.09264168495753224,0.7698398869246228,41.16869805325708,0.5643877549514146,10.27766809072271,2.3348123239466383,14.800423431204702,2.2118724671101386,16.55512619153305,40.582797707111126,18.731028236706887,1.4211360622111429,5.517796831869328,0.17981907225363664,False,False
7.7201233869317925,0.08676747741950849,0.37875592682482007,56.07277475802709,0.3640417013880639,10.648762577232562,2.37416006196393,14.800423431204702,1.9980656391989138,11.03749153095346,44.268829956827,22.63369806385451,1.4211360622111429,2.1190902000004757,1.721265115749796,False,False
7.782923823271614,0.08345712089326915,0.7015753604951525,49.21394693250509,0.606940295855608,11.275098918815623,1.7252946460907999,15.42037398212344,5.63334265128531,11.03749153095346,42.20325212409795,21.746910884615804,0.2833922341003332,2.1493008579192288,1.525935734904473,False,False
7.4445374813907526,0.1006353589410715,0.1509658923368512,66.81742578654466,0.11225614803228301,9.710795035600231,1.6797089495698723,16.477667230984842,1.672041053469487,9.0147062466083,43.216660595816386,20.56224537494587,3.363145259802217,3.972269122623099,1.721265115749796,False,False
7.4185619608582645,0.10414287544519153,0.0,82.10158941475508,0.0,9.232404607552553,2.311920138047099,14.8397116399597,0.7877023787642443,9.0147062466083,42.2739008110624,21.746910884615804,3.363145259802217,5.517796831869328,2.4561259473180046,True,True
7.900740470831452,0.08693057631894142,0.24414194687108484,66.99105557445004,0.3775101405953534,11.05787569935418,2.3723933267227153,16.477667230984842,1.672041053469487,11.03749153095346,44.5013797648605,20.56224537494587,0.2833922341003332,2.8888988900431305,2.57688392064237,False,False
7.274049144997764,0.08396008532352432,0.8424382473777288,37.655654347526784,0.5909501073557393,10.390621720755846,2.3212647296787945,16.223886840785426,3.5241818985202484,12.015570102658028,40.6019434380838,21.746910884615804,0.18989093121373055,5.517796831869328,0.17981907225363664,True,False
7.700905769727741,0.08609764442182659,0.16099593127243242,66.07437666987144,0.2563376470557479,10.396165443024662,2.3618558939646013,14.8397116399597,0.7877023787642443,11.03749153095346,44.551176518253904,21.746910884615804,0.18989093121373055,4.65680437406916,2.1903117421699876,True,False
7.14921785416418,0.11881508391532718,0.07310523644457033,72.58552817936,0.07712995774605019,9.207005448260206,2.357018608156731,15.42037398212344,5.8331928112674785,11.03749153095346,39.461671940752524,15.655316874910731,5.390713379561308,5.789184589629206,1.4120548908018584,False,False
7.4481173840256005,0.0837934718686602,1.2369341003120606,30.122185039917433,0.8998598196211727,11.439073261459685,1.7680774774902472,17.065287021542588,5.452789333462698,14.621169292937903,38.65208378427553,20.856560371384184,0.2833922341003332,2.8888988900431305,0.17981907225363664,False,False
7.781424781439247,0.08441880815748284,0.6769675205894745,51.764319787009285,0.6172986395316683,11.36960843632595,1.7000127937444622,17.68190687765537,4.786499960852436,10.023713998803412,41.257591978337395,22.09632897658203,0.2833922341003332,2.1493008579192288,1.721265115749796,False,False
7.283779285993687,0.08400186410940086,0.9937576627711167,35.13090737277257,0.7146374115105516,10.771402132946255,1.9679759956149272,17.065287021542588,1.9980656391989138,14.621169292937903,39.431373754424925,21.746910884615804,0.18989093121373055,4.767483403812498,0.17981907225363664,False,False
7.268356737718832,0.0872471589322044,1.0047186371538062,36.00952858458687,0.738713599742219,10.810819468518151,1.508807031079695,17.065287021542588,3.5241818985202484,14.621169292937903,38.44575764494743,20.856560371384184,0.5397412946015226,4.767483403812498,0.17981907225363664,False,False
7.3313728393691635,0.10946066576336175,0.2844248293924282,58.66651504365084,0.30145959979319314,9.999760710158306,2.2982370620285937,15.42037398212344,5.452789333462698,11.03749153095346,38.10836234924976,21.746910884615804,5.690043675112832,1.328443046228397,1.215585198253613,False,False
7.045987885530903,0.11177696752260738,0.25297143170257486,59.260613055479794,0.1679275112136298,9.272727195851553,2.1430603312370318,16.477667230984842,1.672041053469487,12.015570102658028,38.82697345256673,20.56224537494587,5.690043675112832,3.972269122623099,0.7831899876391094,False,False
7.485637787544481,0.08739633961133021,0.7529679650959816,48.769015695720555,0.6548232707162335,11.069311590258604,2.1825220668815497,20.20947836066302,2.6876024625376846,11.03749153095346,38.70325753281271,21.746910884615804,0.2833922341003332,4.116281796063375,1.215585198253613,False,False
7.591750947781654,0.08100056266438153,1.2051968616276691,28.35190308600211,0.8411666175953286,11.477369716551584,1.7804918813220123,18.829450242919595,5.63334265128531,11.03749153095346,42.55790894521201,19.42279576824302,0.18989093121373055,2.1493008579192288,0.17981907225363664,False,False
7.476036217545483,0.09836019608609645,0.18272949088941692,64.46430293244289,0.21381169945436906,9.975067815232919,1.7692644998231917,14.601462723158493,2.6876024625376846,11.03749153095346,41.651194709451445,21.746910884615804,2.9594940966555896,3.5945784768777305,1.721265115749796,False,False
7.194133923323884,0.08935929768159787,0.5330464119441476,42.718507631434946,0.3366413281413324,9.696665272232796,2.1856505135307587,16.43265077025188,0.5307325730925379,11.03749153095346,43.64889865516944,21.010566108147756,1.7361734477123427,5.423667842418941,0.17981907225363664,True,False
7.3315709833202245,0.10468868418991885,0.16602150131464682,67.93042845790998,0.30847058951001594,10.07044522287925,2.25142173626414,14.601462723158493,1.9980656391989138,15.947832253489558,39.22864267563646,18.28014057188386,2.704794189013589,5.517796831869328,1.721265115749796,False,False
7.239487273926021,0.08833669671637524,0.561481250972824,41.374535829480195,0.34750071001619376,9.76544705041115,1.6874851646690008,14.8397116399597,0.7877023787642443,12.015570102658028,43.872806959960954,21.746910884615804,1.900674587718478,4.65680437406916,0.17981907225363664,True,False
