cost_Tk_per_kg,CO2_kg_per_kg,violation,MOR_pred,WA_pred,Shrinkage_pred,trust_distance,AG98,AG22,AG23,SodaF,PotashF,Crushing,ETP,NaSil,pareto,compliant
7.245602006217074,0.0938010627924739,0.21907980401870752,39.68483869349002,0.5015960398839789,10.226318078567573,1.515112053616896,18.42740887833239,3.0656621948122247,10.37973387620442,40.81237778864852,20.993602354277275,2.7274259135673202,3.4139699219042208,0.17981907225363664,False,False
7.715919756038558,0.0886038852031602,0.42559856696242554,46.56935609883407,0.7257432460801999,11.662468915110074,2.086239867182933,19.99556789886713,0.5307325730925379,14.24096046827841,41.52429455020793,20.10506100771495,1.311803551785324,0.8516403153277947,1.4399396347259332,False,False
7.642682693417979,0.0818430363433198,0.4871992434605358,36.82952346076265,0.7437997786096973,11.386900693758292,2.3259416988563952,17.016663787579137,4.178047302028675,12.050574529238276,41.133659542202935,22.830282409033984,0.6877781099086417,1.3177514880328864,0.7852428319754641,False,False
7.287645349454098,0.10910436946491593,0.01525505528538481,65.8635272067951,0.29283084126092185,10.00499456973526,1.7694935397438913,18.826651572976857,1.9980656391989138,12.863181313280318,40.76484415748262,15.158727760775154,3.4174518144035932,5.517796831869328,1.4532809100132231,False,False
7.391309003901672,0.08938591859712573,0.4973376066066353,34.67339574927658,0.7237905441542154,11.027244303319907,1.1391129748054807,19.725967999656007,1.042618311916213,14.71674115953823,42.819466958373155,16.835236059208142,1.1551822451609932,3.519370409942785,0.18541685620447262,False,False
7.437053240267498,0.09900140424918168,0.045481959781729156,48.589492927198464,0.32472022550456514,10.088737200514608,1.788621832042037,13.943222522117564,2.256863088856377,14.177665959929776,45.84626856968819,16.840995637043978,3.659768871033328,2.5997215265138167,0.6754938248169686,False,False
7.375127959807393,0.10957232393809171,0.06292997486991878,69.93232992522026,0.34312788142260525,10.276430770381971,1.0531985648993616,16.43297662985375,4.176389041335446,13.512378507982465,36.90240386123505,19.278987659382835,3.8624367223770903,3.9017620641098465,1.9326655137235216,False,False
7.949077714623484,0.10179465147768593,0.2823574492919131,73.28103683196342,0.5746238669378092,11.737406354631007,2.354637731922648,14.876598066999868,6.164954856112621,15.590262003760103,38.122711234186724,19.234177035097368,2.4453757920217583,0.5032435835034548,3.0626774283181066,False,False
7.993975988433054,0.0886206284859448,0.39128834602200524,63.470058407980666,0.6895459629880565,12.03595402015979,2.2248144192946167,15.769632142186651,2.5699552203442484,16.749580417269673,40.43247047884712,20.39476232529814,0.2833922341003332,1.0601669323828313,2.7400402495709955,False,False
7.377314893021309,0.11763631298150054,0.0,81.21099754429073,0.0,9.3397363547275,1.6071131281667206,16.55486130467353,2.9480770369694893,9.854499990161173,42.55794913630793,15.949977411435643,5.539584966307458,4.411581135137346,2.183469019007425,False,True
7.526463789453872,0.09343951843650829,0.46694211473942177,52.39692626116722,0.7693606889849309,11.537492758141637,2.274709207507829,22.606813749726,1.6512472324178857,14.205550749760969,38.725142077339456,16.61151602527454,0.21894975692259722,4.521347551864705,1.4594328566938435,False,False
7.947485214114383,0.10717130690798891,0.1921949676812062,77.43885862289258,0.4795024488385135,11.570544084142615,1.7408038513343487,16.248725688855302,4.296681645868823,16.13301381686302,40.86522747692042,15.361070728586357,3.080103657207698,0.8699570599922438,3.1452199257061384,False,False
8.080060160617968,0.10800573883442482,0.0,95.43947238755587,0.1176969656175188,10.92398111896272,2.2305434992676543,17.305248608743867,4.143893222412056,9.599486427655155,44.17663116766361,15.595359231888146,2.9112041765379786,2.1732222616652415,4.09495490343395,False,True
8.13584649295306,0.09200801363424448,0.30509207888632084,77.74027157072143,0.5986089011599094,12.142770996793063,2.3242222874224225,15.769632142186651,2.1956810747997624,16.749580417269673,39.840472650993334,20.39476232529814,0.2833922341003332,1.0601669323828313,3.706312222969277,False,False
7.723296660335377,0.10595757286388881,0.0331753962987886,77.18854030925377,0.31173680103006285,10.767073794389933,1.5904128934920416,18.911899580341526,4.334283892456193,10.37973387620442,41.2415754651021,16.26637116315858,2.7274259135673202,3.4139699219042208,2.7247401872656414,False,False
7.636808543768938,0.0943761890452016,0.295941681103674,55.030161374172344,0.588955231499217,11.124616218649795,1.6992222835260078,16.28531427343098,4.2940055085646085,14.71674115953823,41.65765111675133,16.835236059208142,1.1551822451609932,3.519370409942785,1.5364992274029203,False,False
7.680672035081542,0.09043840581202181,0.5218270047384368,48.23946883686312,0.8272642479338917,11.890425867887787,1.8396865091144805,22.606813749726,1.6512472324178857,14.205550749760969,40.70273560127699,16.26637116315858,0.21894975692259722,2.8888988900431305,1.4594328566938435,False,False
7.372600545642236,0.09583632077851242,0.19740153634400126,44.36604194614271,0.4849953787777623,10.448126555065782,1.9320007599310145,17.016663787579137,2.256863088856377,12.050574529238276,40.19260200140904,22.830282409033984,3.659768871033328,1.3177514880328864,0.6754938248169686,False,False
7.150919773798128,0.09404742734215954,0.031983170241587006,44.19063581110095,0.31047900253971517,9.601739562171673,1.9168888130432193,17.060143271282318,1.0791107430954037,10.37973387620442,42.68721838479718,20.993602354277275,2.7274259135673202,4.8929463845224515,0.17981907225363664,False,False
7.527714739402719,0.08950119747472408,0.6946422722739444,30.83895950923024,0.8773411283583066,11.577251648366833,1.0186359831784324,19.725967999656007,4.143893222412056,14.71674115953823,42.30421702347485,15.595359231888146,1.1551822451609932,2.1732222616652415,0.18541685620447262,False,False
7.520534585717111,0.10702590064936239,0.0,71.25047581531224,0.12207205766417112,9.8742337762143,2.03578058648102,13.943222522117564,2.256863088856377,13.512378507982465,44.609346040443185,15.981325540389955,3.8624367223770903,3.9017620641098465,1.9326655137235216,False,True
7.142631927224786,0.10856917982958525,0.10321584378441635,55.80830462417367,0.3856294731274002,9.816059622548806,2.1415767752806363,13.943222522117564,7.058320185493428,14.177665959929776,38.17234655482711,16.61151602527454,3.659768871033328,5.701666056507291,0.6754938248169686,False,False
7.869521830584789,0.11397327824437348,0.0,89.35324967808239,0.07026853991508919,10.54180805274065,1.6442970154192842,17.192881399907503,0.6800371411941528,12.31658341942054,44.0010019380546,16.44943830259775,5.126467775376997,0.743487072987899,3.490102950460571,False,True
7.8601037078201905,0.08587851393837,0.3302727596821719,47.53369826907836,0.6251745193995323,11.47861723880861,2.017476247500813,17.016663787579137,4.178047302028675,12.050574529238276,45.3076708384786,17.845907527216227,0.6877781099086417,1.4539250488565962,1.4594328566938435,False,False
7.534061197763745,0.09232268471977624,0.4142680521085777,52.629272006232156,0.7137895529093904,11.41705838767345,2.171602883182931,22.606813749726,0.1817291840862219,14.205550749760969,40.19466012567112,16.61151602527454,0.21894975692259722,4.521347551864705,1.4594328566938435,False,False
7.778194140336389,0.09627988359505735,0.08671660053732112,75.86779632589145,0.36822277150171473,10.960207793029943,1.7745561646841157,16.43297662985375,1.9115415413645218,13.512378507982465,41.0586006994599,19.278987659382835,1.0156648017981937,3.9017620641098465,2.888088096048482,False,False
7.606180422378187,0.1036620859537275,0.0045495783746588876,81.19279925242256,0.281536563120106,10.56850218660715,1.9998743809393704,17.016663787579137,2.256863088856377,12.050574529238276,36.7016974852107,22.830282409033984,2.7273696647707633,3.4139699219042208,3.0025791134065467,False,False
7.794651954604254,0.11328286820131792,0.0,89.1037696738403,0.10425897667945594,10.527569487927844,1.644761956486746,17.192881399907503,0.6800371411941528,12.31658341942054,41.171452581269506,19.278987659382835,5.126467775376997,0.743487072987899,3.490102950460571,False,True
7.579859390838843,0.09118149817375393,0.34239467492976844,53.06685831616463,0.6379631399857466,11.247875718171793,2.222718169646041,22.606813749726,1.5059570507357427,11.379761638345256,41.696221370437314,16.61151602527454,0.21894975692259722,4.521347551864705,1.4594328566938435,False,False
8.007592454427884,0.10685311472543679,0.0832572594658592,82.3367690309589,0.36457316667132234,11.476755178318017,2.177003252214282,20.284245807385023,1.3274954517738227,12.841951419559642,43.305561834233465,14.819056925985779,3.080103657207698,0.8699570599922438,3.471627843862323,False,False
7.284351097402707,0.09887724815813494,0.04926140140939273,43.741163058911596,0.3287075364217502,9.821155899291345,1.8269143216684272,13.943222522117564,2.256863088856377,14.177665959929776,45.41669665487172,16.840995637043978,3.659768871033328,3.519370409942785,0.18541685620447262,False,False
7.488270768637208,0.08219414322868278,0.7702249759789623,28.12873749742149,0.9184848694999728,11.61804387311732,1.4454547448817516,19.725967999656007,2.1956810747997624,14.71674115953823,40.32481608873782,20.39476232529814,0.2833922341003332,2.1732222616652415,0.18541685620447262,False,False
7.33683869721554,0.09929760212683161,0.0,55.23904395474726,0.15616926238329387,9.531262420873686,1.798600172874541,13.943222522117564,1.9115415413645218,11.487298776641158,44.94788927989238,19.278987659382835,3.659768871033328,3.9017620641098465,0.8695292854583642,False,True
7.797921414192883,0.0938943153009936,0.061993740953202835,61.435325374751656,0.34214015464046993,10.827177448458032,2.059617137605474,18.826651572976857,2.5699552203442484,8.086362093323503,44.446645152964024,20.39476232529814,2.5461883000086765,1.0601669323828313,2.069268402701716,False,False
7.362054683702481,0.09738658288184188,0.270517705655167,44.043525892008915,0.5621329374010421,10.615299911025598,2.2863416363630233,17.016663787579137,4.296681645868823,12.050574529238276,38.15278344439659,22.830282409033984,3.659768871033328,1.3177514880328864,0.6754938248169686,False,False
7.926679060218972,0.10891810311418483,0.0,84.25411458318192,0.2557358991314615,10.956101591960016,2.041370434045871,15.004730108980985,6.164954856112621,11.379761638345256,40.19053062366658,19.234177035097368,4.114704112335927,0.5032435835034548,3.4078980419578073,False,True
7.45279215311627,0.11282076997380466,0.0,66.04136371811525,0.15268160423338473,9.854351313306516,2.2198031908584,16.55486130467353,4.334283892456193,10.330456617715408,43.42675664583164,15.949977411435643,5.587834306337834,2.2793305941468334,1.5364992274029203,False,True
7.967294491649302,0.0973484398544156,0.2370518028437633,73.79046894918116,0.5268264099350112,11.680432495926446,1.895030641203549,15.769632142186651,2.5699552203442484,16.13301381686302,40.25771573347275,19.39284207107943,1.6714541579649302,1.0601669323828313,3.1452199257061384,False,False
7.152933359219423,0.09405937749294563,0.035112679206492484,44.37966624544756,0.31378063449769045,9.582264133397178,1.7055513878979387,13.943222522117564,1.0791107430954037,13.512378507982465,42.671494502183876,20.993602354277275,2.7274259135673202,4.8929463845224515,0.17981907225363664,False,False
7.158753065365472,0.10308424713594394,0.13368602651186778,45.53163230120348,0.41777551590486145,9.95822097097071,1.6893795972038008,18.826651572976857,1.9980656391989138,12.863181313280318,42.66315644258908,15.158727760775154,3.4174518144035932,4.8929463845224515,0.17981907225363664,False,False
7.947485214114383,0.10717130690798891,0.1921949676812062,77.43885862289258,0.4795024488385135,11.570544084142615,1.7408038513343487,16.248725688855302,4.296681645868823,16.13301381686302,40.86522747692042,15.361070728586357,3.080103657207698,0.8699570599922438,3.1452199257061384,False,False
7.754677344241104,0.10098112840647436,0.0,76.55970068690016,0.18889170179933512,10.437028139994926,1.3145806891339138,15.769632142186651,3.8107089844430746,9.599486427655155,42.22242060356304,20.39476232529814,2.9112041765379786,2.551745090744974,2.7400402495709955,False,True
7.432921117295187,0.10055742757615448,0.1136160590070891,48.29766018858764,0.39660170018731994,10.251648546364075,1.6611650163539207,13.943222522117564,4.230587170041997,14.177665959929776,44.10202410027201,16.61151602527454,3.659768871033328,2.5997215265138167,0.6754938248169686,False,False
7.153892057083146,0.1047573263095698,0.0,52.139368245003226,0.18280085194007267,9.29381722666005,2.1921534194783683,16.43297662985375,4.143893222412056,9.599486427655155,44.3453927205245,15.595359231888146,3.8624367223770903,5.693496377058868,0.32695866823043374,False,True
7.420838787979951,0.11026785956929325,0.021039360266674835,62.08609096458379,0.2989332830161829,10.222424707213424,2.132487405578367,19.53113215079201,4.334283892456193,8.453970554761419,39.10135061056865,20.39476232529814,5.587834306337834,1.0601669323828313,1.5364992274029203,False,False
7.585137028129447,0.10585582961940805,0.0,60.75197881547538,0.21492720983368807,10.169997098404355,1.8547142340515295,17.192881399907503,4.2940055085646085,8.453970554761419,44.1344605706674,18.51822789033126,5.126467775376997,0.743487072987899,1.5364992274029203,False,True
7.28782170141398,0.10157045436888952,0.0703644635824611,62.004350703845155,0.3509712670143374,10.120040078052526,1.8883445024821754,17.060143271282318,0.5307325730925379,14.24096046827841,39.002790746816075,20.10506100771495,2.7274259135673202,4.8929463845224515,1.4399396347259332,False,False
7.718200403393209,0.0858411625057906,0.4529909327705031,47.54858604432095,0.7546421920077218,11.643738351740138,2.3596346882323616,16.28531427343098,3.747640527780126,14.71674115953823,38.87799280487223,22.830282409033984,0.6877781099086417,1.3177514880328864,1.5364992274029203,False,False
7.417841500379858,0.10190060890955134,0.0,65.15967251796673,0.2420759419582746,9.945915692153198,2.042810984398966,16.55486130467353,4.334283892456193,10.330456617715408,42.56890497905886,16.61151602527454,2.361811896911264,5.701666056507291,1.5364992274029203,False,True
7.850852263159579,0.10895511645879907,0.0,94.35091666743475,0.19427723597961466,10.72707761907568,1.427201855753272,15.004730108980985,6.164954856112621,11.379761638345256,38.335237653468944,19.017223633813227,2.7318097886796116,3.519370409942785,3.846911910656571,False,True
7.492558163139688,0.10805930873943417,0.3435887761850935,55.06002941260197,0.6392229168101146,11.274518617760839,1.7613576026262452,22.606813749726,1.5059570507357427,14.24096046827841,38.45247394708119,16.61151602527454,4.271205586882489,0.8516403153277947,1.4594328566938435,False,False
7.794651954604254,0.11328286820131792,0.0,89.1037696738403,0.10425897667945594,10.527569487927844,1.644761956486746,17.192881399907503,0.6800371411941528,12.31658341942054,41.171452581269506,19.278987659382835,5.126467775376997,0.743487072987899,3.490102950460571,False,True
7.478946745969243,0.10637768121638727,0.0,72.9245478009158,0.09891379940319422,9.764508816965789,1.920731072797644,16.28531427343098,4.2940055085646085,8.086362093323503,41.22109395425529,20.39476232529814,4.129823032482976,3.519370409942785,2.069268402701716,False,True
7.581115802768751,0.084902841658355,0.23493594602077178,40.87234408812898,0.5245941809867551,10.71908918754148,2.3014617088735934,13.943222522117564,2.256863088856377,14.177665959929776,45.38335516003438,19.80849567257013,1.1551822451609932,2.5997215265138167,0.6754938248169686,False,False
7.536959351570431,0.11526764650942224,0.0,83.9545249147931,0.12530689442162068,10.078025297490612,2.2377407755949843,15.204166835390973,2.5699552203442484,14.177665959929776,40.26059079455741,16.840995637043978,4.6872148932198305,3.519370409942785,2.7400402495709955,False,True
7.223557119233983,0.09333906803893605,0.22518159984850425,39.74193738709166,0.5088465714938495,10.17871467747134,1.894295180409683,17.060143271282318,4.334283892456193,10.37973387620442,39.32485209809879,22.579771954233102,2.7274259135673202,3.4139699219042208,0.17981907225363664,False,False
7.444898082696064,0.09912035684382652,0.4245375242453573,56.20023271960169,0.7246238460136929,11.357484648328198,2.3500517901142914,22.606813749726,1.6512472324178857,14.71674115953823,37.20065280861472,16.61151602527454,1.1551822451609932,4.521347551864705,1.5364992274029203,False,False
7.740673926357557,0.109937035345598,0.0,76.54740200791252,0.12958307086515786,10.322816528213464,2.1409087769109982,17.192881399907503,4.2940055085646085,8.453970554761419,43.060459063775305,18.51822789033126,5.126467775376997,0.743487072987899,2.6105007342950137,False,True
7.554176136895568,0.10197384727140762,0.0,60.69094106029717,0.2263152937545882,10.11785306690689,2.0339717918246856,13.943222522117564,1.6512472324178857,14.177665959929776,46.076678661596034,16.26637116315858,3.659768871033328,2.7656127330529867,1.4594328566938435,False,True
7.991712718875444,0.11018907114638,0.06040108364311241,87.47556961530401,0.3404599011783245,11.384394070699958,2.351997880848069,15.769632142186651,2.1956810747997624,16.97799497759427,41.715158195913595,15.158727760775154,3.4163266933784655,1.0601669323828313,3.706312222969277,False,False
7.411526012891906,0.09718133811781272,0.23117862632106562,44.31634723553603,0.5206302087035651,10.545301770653445,2.2732652715881017,17.305248608743867,5.970126447255804,9.599486427655155,39.32397175963594,22.148152572826056,3.659768871033328,1.3177514880328864,0.6754938248169686,False,False
7.3048491826203055,0.09941510704383359,0.03860032387073439,45.822829430911455,0.31746009961846566,9.841295851488011,1.7234320479910619,13.943222522117564,2.256863088856377,14.177665959929776,45.27515484284576,16.840995637043978,3.659768871033328,3.519370409942785,0.32695866823043374,False,False
7.240209356711441,0.09260031179333508,0.16613074794490432,39.807972295277196,0.4474883195182682,10.11886228841901,1.5990393078047225,19.38240297486943,0.5307325730925379,10.37973387620442,42.39231331383116,20.993602354277275,2.7274259135673202,3.4139699219042208,0.17981907225363664,False,False
8.110991205840365,0.09368229094992814,0.21185069915528523,79.95104477093189,0.5002392455436668,11.8451756136547,1.5965656712892797,15.769632142186651,2.9496018176479306,14.71674115953823,40.45742073441825,20.39476232529814,0.6877781099086417,1.3177514880328864,3.706312222969277,False,False
7.134093589664355,0.10101061409648153,0.35763524515960865,41.29379266939248,0.654041941578228,10.594117698537433,1.6254911357619595,22.606813749726,1.0791107430954037,13.512378507982465,38.761588436235925,16.61151602527454,2.7274259135673202,4.521347551864705,0.17981907225363664,False,False
7.758112019970537,0.10179712750461102,0.15224755799154793,79.82892218002789,0.43735793161592396,11.174047861608132,1.6801641095246629,15.769632142186651,2.5699552203442484,16.13301381686302,37.903912743951366,19.39284207107943,1.6714541579649302,3.4139699219042208,3.1452199257061384,False,False
7.128285658108779,0.1013603010131733,0.0,48.14661705369179,0.2686357750492308,9.45365594638174,1.7156170676719646,13.943222522117564,2.256863088856377,14.177665959929776,43.66058728957492,16.840995637043978,3.4174518144035932,5.517796831869328,0.18541685620447262,False,True
7.377314893021309,0.11763631298150054,0.0,81.21099754429073,0.0,9.3397363547275,1.6071131281667206,16.55486130467353,2.9480770369694893,9.854499990161173,42.55794913630793,15.949977411435643,5.539584966307458,4.411581135137346,2.183469019007425,False,True
7.0965885094255645,0.10855381013854976,0.09443002816726004,51.17389980238334,0.3763604376513003,9.755513814387644,2.2093980203098202,16.43297662985375,4.143893222412056,14.24096046827841,40.806228344271226,14.493049567518163,3.8624367223770903,5.693496377058868,0.32695866823043374,False,False
7.667045849577251,0.08323810572343433,0.42386092651881946,36.340046657760254,0.6700072621144473,11.239161906784474,2.2154799919650876,15.769632142186651,2.256863088856377,14.177665959929776,44.51023348136826,20.39476232529814,1.1551822451609932,1.0601669323828313,0.6754938248169686,False,False
7.657590291738723,0.09470642604706331,0.2918872599159831,55.06600786631831,0.584677817146203,11.144620031496146,1.9170023623622636,16.43297662985375,4.2940055085646085,14.71674115953823,42.40348716598596,15.94173765355075,1.1551822451609932,3.519370409942785,1.5364992274029203,False,False
7.367448160192113,0.10153491012271945,0.07411763638060474,62.45071903482186,0.35493086431637894,10.214763833680506,0.941473471031495,19.53113215079201,4.334283892456193,8.453970554761419,38.50057838385729,20.39476232529814,2.7274259135673202,4.521347551864705,1.5364992274029203,False,False
7.664047839542836,0.08340215730052604,0.5303531068657297,36.65678481733534,0.7868671500781703,11.53980460153526,1.8061015771632396,17.016663787579137,4.178047302028675,13.512378507982465,41.50853561821545,20.993602354277275,0.6877781099086417,1.3177514880328864,0.7852428319754641,False,False
7.330568009733074,0.10616599868604883,0.25544867482975675,61.246592595507714,0.5462351098802343,10.787159408826279,2.194998832202267,22.606813749726,1.0791107430954037,13.512378507982465,37.40490828108664,16.61151602527454,2.7274259135673202,4.521347551864705,1.5364992274029203,False,False
7.01736589148685,0.10820280132059162,0.0,48.85292738961554,0.23426100295934382,9.330864522016897,2.173692953188363,19.53113215079201,2.256863088856377,8.453970554761419,40.070650307806964,20.39476232529814,5.587834306337834,3.519370409942785,0.18541685620447262,False,True
7.597853045819064,0.12342311715655557,0.0,103.60757027528321,0.0,9.556421367387829,1.8324272780165523,16.55486130467353,2.9480770369694893,9.854499990161173,41.035105932346085,15.949977411435643,5.539584966307458,4.411581135137346,3.706312222969277,False,True
7.435461237751647,0.1081183311695857,0.0,62.53327819584831,0.19197758011359584,9.990629144683524,2.343182656693663,19.53113215079201,1.5059570507357427,8.453970554761419,41.929677452289106,20.39476232529814,5.587834306337834,1.0601669323828313,1.5364992274029203,False,True
7.259696001432235,0.09370266272759964,0.20781474769440572,44.04215736300901,0.49598131675243895,10.221517559631568,1.4084709780494085,16.43297662985375,2.436564706406596,14.177665959929776,42.650735836829234,16.840995637043978,1.4406061846473677,5.693496377058868,0.32695866823043374,False,False
8.110991205840365,0.09368229094992814,0.21185069915528523,79.95104477093189,0.5002392455436668,11.8451756136547,1.5965656712892797,15.769632142186651,2.9496018176479306,14.71674115953823,40.45742073441825,20.39476232529814,0.6877781099086417,1.3177514880328864,3.706312222969277,False,False
7.356339692404364,0.09888287408692072,0.0,54.67611032815009,0.16450994385268258,9.578470029801364,1.7949932725476208,13.943222522117564,1.9115415413645218,11.487298776641158,45.16732210524205,19.278987659382835,3.659768871033328,3.6823292387601776,0.8695292854583642,False,True
7.100282085750486,0.09606699146704054,0.14072877613142548,43.50364410286842,0.4252056167534948,9.879512811463892,1.876580430550815,19.725967999656007,1.042618311916213,10.37973387620442,40.052288303651835,20.993602354277275,2.7274259135673202,4.8929463845224515,0.18541685620447262,False,False
7.550706195254824,0.09082610232665107,0.17572616857107698,54.49191515341051,0.4621278657773272,10.698893268107856,2.1044691660978474,16.28531427343098,0.5307325730925379,14.24096046827841,42.566818081029076,20.10506100771495,1.311803551785324,3.519370409942785,1.4399396347259332,False,False
7.92972770552922,0.10457401022146548,0.08508272784064923,86.02254808907394,0.3664990358067258,11.31967828220862,1.7594173354074087,15.769632142186651,2.9496018176479306,14.71674115953823,38.41777293075957,20.39476232529814,2.7274259135673202,1.3177514880328864,3.706312222969277,False,False
7.328220731927498,0.09075265196426148,0.2011549320380464,37.91046154970006,0.45741656552503884,10.238649399066965,1.8316124177252961,18.42740887833239,1.0791107430954037,10.37973387620442,43.61302010010483,20.993602354277275,2.7274259135673202,2.5998790621647268,0.17981907225363664,False,False
7.108413148330506,0.10191795174326974,0.34976939184604583,42.25043004251658,0.6457434663324193,10.525685780924574,1.1678127102685014,22.606813749726,1.9980656391989138,12.863181313280318,38.12023190217681,16.61151602527454,2.7274259135673202,4.8929463845224515,0.17981907225363664,False,False
7.803580539996439,0.09833826607791131,0.17606412789911355,61.529761551771394,0.46248441286840575,11.18082749538914,1.5038489883349613,18.826651572976857,2.5699552203442484,12.050574529238276,44.094989618136445,16.524620868560902,2.5461883000086765,1.3177514880328864,2.069268402701716,False,False
7.511831510044221,0.09527427941451148,0.38221664614439266,55.175089277365664,0.6799753196171752,11.31265674027236,2.0325233268972536,22.606813749726,1.0791107430954037,13.512378507982465,39.44455608474532,16.61151602527454,0.6877781099086417,4.521347551864705,1.5364992274029203,False,False
7.07506024927109,0.10486342846576725,0.15299242820353925,46.916978700282364,0.4381437696895748,9.91684038763928,1.742088527649746,19.725967999656007,1.9980656391989138,12.863181313280318,40.696760313499226,15.595359231888146,3.4174518144035932,5.517796831869328,0.18541685620447262,False,False
7.5593497484811145,0.08566683749395361,0.22857845139155383,41.312417136032266,0.5178870241529302,10.677244739012814,2.20575760388425,13.943222522117564,2.256863088856377,14.177665959929776,44.930168518265226,20.10506100771495,1.311803551785324,2.5997215265138167,0.6754938248169686,False,False
7.155238665417693,0.10002956681923024,0.0681369379733189,51.17863039895834,0.3486212274966924,9.808558462966332,1.3211625441763415,17.016663787579137,1.9115415413645218,11.487298776641158,38.51718872542106,22.830282409033984,3.659768871033328,3.9017620641098465,0.6754938248169686,False,False
8.125554478486654,0.09292308271373313,0.11352150996699657,80.81550120273394,0.39650195095002233,11.609278062051423,1.832615778445403,17.016663787579137,2.1956810747997624,12.050574529238276,42.463376440282644,20.39476232529814,0.8548781317998847,1.3177514880328864,3.706312222969277,False,False
7.5005711498042675,0.0904876287086304,0.0,58.89971313369638,0.2378807189328474,10.023920088848307,2.1678733565705546,16.28531427343098,0.5307325730925379,10.37973387620442,45.0544686985234,20.10506100771495,1.311803551785324,4.8929463845224515,1.4399396347259332,False,True
7.603686878667304,0.09560958632525113,0.3068452608316581,50.950105028534665,0.6004585081122402,11.226143481409846,1.9141730958534684,19.99556789886713,0.5307325730925379,13.512378507982465,40.83725414872187,20.10506100771495,2.7274259135673202,0.8516403153277947,1.4399396347259332,False,False
7.699581443869035,0.0893448978185092,0.473200208777396,48.78876914769258,0.7759629781949937,11.728091779508844,1.9418820616596169,18.146013996561287,1.6512472324178857,17.338333861930543,41.68560738015617,16.61151602527454,0.21894975692259722,2.8888988900431305,1.4594328566938435,False,False
7.321969597905437,0.09171199535749197,0.3341682531188658,36.22603347569841,0.5737578409063464,10.57313440351831,2.1426684098014523,20.75923442419753,1.042618311916213,10.37973387620442,41.73874600196753,20.993602354277275,2.7274259135673202,2.1732222616652415,0.18541685620447262,False,False
7.675194204448065,0.08737140902737445,0.18600566183232198,50.42639965128834,0.47297273116794064,10.811523895098137,2.167507418721797,13.943222522117564,2.256863088856377,14.177665959929776,44.73373216818716,19.80849567257013,1.1551822451609932,2.5997215265138167,1.3251168166641862,False,False
7.070303175251446,0.10468665703655512,0.16313958537041823,47.12436236404967,0.4488490205006322,9.869783898598953,1.4604220367005694,16.43297662985375,4.143893222412056,14.177665959929776,39.283803048283055,16.840995637043978,3.4174518144035932,5.517796831869328,0.18541685620447262,False,False
7.104501548007996,0.10704635140354327,0.17124593103126218,48.76759785716953,0.4574012151728225,9.983890564315267,1.6547253084109947,17.060143271282318,4.143893222412056,14.24096046827841,39.049013758500465,16.423647504396776,3.8624367223770903,4.8929463845224515,0.32695866823043374,False,False
8.110991205840365,0.09368229094992814,0.21185069915528523,79.95104477093189,0.5002392455436668,11.8451756136547,1.5965656712892797,15.769632142186651,2.9496018176479306,14.71674115953823,40.45742073441825,20.39476232529814,0.6877781099086417,1.3177514880328864,3.706312222969277,False,False
7.7465616944689994,0.10541334213611459,0.0,79.45042020125672,0.18301683641404637,10.490568605259291,1.9328021548158247,16.28531427343098,3.0656621948122247,10.37973387620442,40.896543069358124,20.993602354277275,3.916026332028214,1.534548368497323,2.9285695313914295,False,True
7.38412664154011,0.0964619502053509,0.22661111862633643,40.867874651323774,0.5158114880856258,10.460589758617026,1.2674176768584404,17.016663787579137,4.178047302028675,12.050574529238276,42.92971232404106,17.845907527216227,3.0796970590851838,2.5724388025810017,0.32695866823043374,False,False
7.493651359064805,0.09750004942490201,0.1857115977585801,54.25065436314227,0.47266249357014295,10.648695726175061,1.4651012546667606,18.42740887833239,4.067127207546468,10.37973387620442,40.08426788026795,20.39476232529814,2.7274259135673202,2.5998790621647268,1.3193948566185874,False,False
7.576242976273631,0.09506474814171934,0.23183235979630795,53.9902266738155,0.5213198975199458,10.916978246385908,2.2331415873023577,18.42740887833239,3.747640527780126,10.37973387620442,39.03325767964595,22.830282409033984,2.7274259135673202,1.3177514880328864,1.5364992274029203,False,False
7.29791939554568,0.1012660960736411,0.026056718690360667,53.958169384373925,0.3042265961531714,9.886648527425727,1.5413923846820772,13.943222522117564,1.9115415413645218,14.623117180220598,42.031503701662615,19.278987659382835,3.659768871033328,3.6823292387601776,0.8695292854583642,False,False
7.642682693417979,0.0818430363433198,0.4871992434605358,36.82952346076265,0.7437997786096973,11.386900693758292,2.3259416988563952,17.016663787579137,4.178047302028675,12.050574529238276,41.133659542202935,22.830282409033984,0.6877781099086417,1.3177514880328864,0.7852428319754641,False,False
7.441611855513313,0.09805887490243025,0.21975907505912096,55.64583417978746,0.5085825821222135,10.752478689336733,1.7665138224650745,18.42740887833239,0.5307325730925379,14.24096046827841,39.04005111556141,20.993602354277275,2.7274259135673202,2.5998790621647268,1.4399396347259332,False,False
7.554950185688129,0.09603590414788815,0.05204432724104133,48.09197868165466,0.3316435231741395,10.280660731965968,1.982770075366458,17.016663787579137,4.178047302028675,8.28167018451805,45.39758142196673,19.278987659382835,3.659768871033328,1.3177514880328864,0.8695292854583642,False,False
7.323914148694569,0.09375396762475668,0.2724115762050036,38.24143887036449,0.5373057413438603,10.394277160464844,1.4304312502241556,15.769632142186651,3.8107089844430746,12.863181313280318,41.5133491113044,20.39476232529814,2.9112041765379786,2.551745090744974,0.18541685620447262,False,False
7.265839282665939,0.10206655977406312,0.07993526879224555,64.36277213947368,0.36106846651065994,10.10197973450734,1.793335870613595,16.55486130467353,1.7637482527184831,14.24096046827841,37.73539178579315,20.10506100771495,2.361811896911264,5.701666056507291,1.5364992274029203,False,False
7.356339692404364,0.09888287408692072,0.0,54.67611032815009,0.16450994385268258,9.578470029801364,1.7949932725476208,13.943222522117564,1.9115415413645218,11.487298776641158,45.16732210524205,19.278987659382835,3.659768871033328,3.6823292387601776,0.8695292854583642,False,True
7.567172287645134,0.08749921376199349,0.3330687981822171,41.77606378426323,0.62812434001708,11.005887843985857,1.266176273696072,17.016663787579137,4.178047302028675,12.050574529238276,42.4060721049335,19.80849567257013,1.1551822451609932,2.5997215265138167,0.7852428319754641,False,False
7.207344642637433,0.09584498340808612,0.3254633008001011,43.41464526631535,0.6201005402789476,10.494852079793025,2.0257243752218783,16.43297662985375,2.436564706406596,16.969145066131784,39.85536224377836,16.840995637043978,1.444500671496235,5.693496377058868,0.32695866823043374,False,False
7.312416242404197,0.08638121457637325,0.5402172289417579,36.45946894839635,0.794463842537286,11.096076783787513,2.0755445186246444,19.725967999656007,1.5059570507357427,14.71674115953823,38.568376343035034,20.39476232529814,0.21894975692259722,4.521347551864705,0.3478978129495407,False,False
7.4333686318264895,0.09936936534936391,0.18741145675698423,41.08622231965034,0.4744558448134593,10.46547744950449,2.0043812310480895,16.43297662985375,2.436564706406596,14.177665959929776,45.47973098074765,15.595359231888146,3.8624367223770903,1.6883071005665615,0.32695866823043374,False,False
7.343231436136852,0.08846664465629854,0.6433915331501567,33.68923048437361,0.8638620336805289,11.34156562231529,1.858261016347589,22.606813749726,1.5059570507357427,14.177665959929776,40.17233304934217,16.61151602527454,0.21894975692259722,4.521347551864705,0.18541685620447262,False,False
8.092663654155267,0.09742531256669741,0.19392670238780674,82.33657002205189,0.481329428953977,11.800954760390916,1.8770570236749826,17.15356656990674,2.9496018176479306,14.71674115953823,41.66861731206009,16.835236059208142,0.6877781099086417,2.282146748760941,3.706312222969277,False,False
7.27534591468322,0.09725590000537739,0.31895575506609186,39.14933636696788,0.5993391310590012,10.598867867949473,1.8253539140266872,19.38240297486943,0.5307325730925379,15.028367272385278,42.344609552670235,16.392672719257337,2.7274259135673202,3.4139699219042208,0.17981907225363664,False,False
7.467531479133449,0.09183546283154079,0.038067189933337325,58.493680750792926,0.31689764331451176,10.198210816845902,2.0929261388733678,16.28531427343098,0.5307325730925379,12.153199827402286,43.28100274732553,20.10506100771495,1.311803551785324,4.8929463845224515,1.4399396347259332,False,False
7.2378620762471435,0.09903301483555575,0.26451260407523064,44.30062635809067,0.5557975552342093,10.370513362559898,1.1695095147908976,17.060143271282318,4.143893222412056,14.24096046827841,40.54963858396629,16.423647504396776,2.361811896911264,4.8929463845224515,0.32695866823043374,False,False
7.675087211501213,0.08738713719751116,0.1867474612662381,50.42312756758047,0.47375532957072214,10.813219950867813,2.165741966213143,13.943222522117564,2.277558049562589,14.177665959929776,44.713037207480944,19.80849567257013,1.1551822451609932,2.5997215265138167,1.3251168166641862,False,False
7.277594836806519,0.09424631463894953,0.33586305395548877,39.19043289705442,0.6177615831236483,10.63905522104289,1.8109746866638898,18.42740887833239,1.0791107430954037,14.24096046827841,39.60465391205405,20.993602354277275,2.7274259135673202,2.5998790621647268,0.32695866823043374,False,False
7.457817954525978,0.11406109400948505,0.0,85.84797519163357,0.19800058193378067,10.139418204901073,1.9798760089381513,17.016663787579137,4.178047302028675,12.66293879189691,37.495418060789454,16.840995637043978,3.4174518144035932,5.595262386238934,2.7932222200193193,False,True
7.4337378123425495,0.09004993678168668,0.3699458709394056,34.219881404239416,0.5829338088120937,10.70929585028529,1.4410200778292708,19.38240297486943,2.1956810747997624,10.37973387620442,43.422423274974406,20.39476232529814,2.7274259135673202,1.3177514880328864,0.17981907225363664,False,False
7.200434545393665,0.0955732502073314,0.32486540731868624,39.00686038611582,0.6035448274315244,10.47120864240904,1.9375958527116557,20.75923442419753,3.0656621948122247,10.37973387620442,38.480552242783375,20.993602354277275,2.7274259135673202,3.4139699219042208,0.17981907225363664,False,False
7.394989753862967,0.08589166919673438,0.4991795235187119,34.57398552018222,0.7243180749754383,11.002658145599085,1.6503654842604811,19.725967999656007,1.042618311916213,14.205550749760969,43.264912714466895,16.835236059208142,0.21894975692259722,4.521347551864705,0.18541685620447262,False,False
7.128285658108779,0.1013603010131733,0.0,48.14661705369179,0.2686357750492308,9.45365594638174,1.7156170676719646,13.943222522117564,2.256863088856377,14.177665959929776,43.66058728957492,16.840995637043978,3.4174518144035932,5.517796831869328,0.18541685620447262,False,True
7.301348975249272,0.09126335558034909,0.0548270961878281,41.02093675821514,0.3345793444129995,9.837296835947447,2.215280894262945,13.943222522117564,0.5307325730925379,13.512378507982465,45.48198999332874,20.10506100771495,2.7274259135673202,3.519370409942785,0.17981907225363664,False,False
7.087714228643738,0.09622182677977777,0.1536181299615524,43.28604814137509,0.4388038850442787,9.914858849798362,2.1049830794039393,20.469573332888146,0.5307325730925379,10.37973387620442,39.82616649319421,20.993602354277275,2.7274259135673202,4.8929463845224515,0.17981907225363664,False,False
8.041657291645503,0.1012845741984374,0.06861056122087204,92.61250942703307,0.3491209000228609,11.45162418582705,1.852515403829301,17.016663787579137,4.178047302028675,12.050574529238276,38.52621056820506,20.10506100771495,1.311803551785324,2.5997215265138167,4.2119177269347565,False,False
7.498510055398165,0.09565400961680863,0.2537954223844499,58.74588305263149,0.5444909285504356,10.818284179152748,1.5480348352377302,16.43297662985375,4.143893222412056,14.71674115953823,40.12331918197109,16.840995637043978,0.6877781099086417,5.517796831869328,1.5364992274029203,False,False
7.312645104906867,0.09434013165884426,0.15219516951115658,40.104280324853505,0.43700597845004835,10.211092005523025,2.1091403435181237,17.016663787579137,0.6068606535734582,12.050574529238276,41.98847174193473,22.830282409033984,3.8624367223770903,1.3177514880328864,0.32695866823043374,False,False
7.823771482760254,0.08444001258494084,0.33206272554515087,46.911121292397816,0.6270629333849751,11.416963899110089,2.01524244480489,16.28531427343098,4.178047302028675,12.050574529238276,43.93553365491965,20.10506100771495,0.6877781099086417,1.3177514880328864,1.4399396347259332,False,False
7.468063933213148,0.10361469094048345,0.0,67.88993297958218,0.18318096418438784,10.022414489912757,2.1812758950493647,19.38240297486943,0.5307325730925379,9.302605174602213,42.55805070498198,19.278987659382835,3.659768871033328,3.4139699219042208,1.8734821201334584,False,True
7.7285815838791105,0.08820055876645674,0.3099594994240522,50.28989233000374,0.603744029827216,11.28370995481281,1.8608496466103885,17.016663787579137,2.256863088856377,14.177665959929776,43.955967143302175,17.845907527216227,0.6877781099086417,2.5997215265138167,1.4594328566938435,False,False
7.2855130912388475,0.09612251971173139,0.3730847061079364,42.33632527505618,0.6703411228787138,10.733328565753288,1.8685229857221908,19.16133492967029,4.143893222412056,14.177665959929776,40.84841903001942,14.493049567518163,1.1551822451609932,5.693496377058868,0.32695866823043374,False,False
7.138704712956824,0.10629592578347515,0.18196104653512174,47.828788283440566,0.46870566202939434,10.057613969544526,1.6061749476320344,17.060143271282318,4.143893222412056,14.177665959929776,39.483907099506844,16.423647504396776,3.8624367223770903,4.521347551864705,0.32695866823043374,False,False
7.513983431258174,0.08744682722495181,0.3256378183128671,40.63145392929227,0.6202846562549157,10.923213469634467,1.6151882342045376,16.28531427343098,2.256863088856377,14.177665959929776,42.58807676695181,20.10506100771495,1.311803551785324,2.5997215265138167,0.6754938248169686,False,False
7.351417330757763,0.10721515777374603,0.0,70.8065725837169,0.14620193011742,9.672889166119482,2.003739540576542,13.943222522117564,2.256863088856377,14.177665959929776,42.119835510476825,16.840995637043978,3.4174518144035932,5.517796831869328,1.7261686353025645,False,True
7.242820846751317,0.10073819085656979,0.03236043901771459,51.66810856831407,0.3108770210985298,9.793690390498126,1.732944187276593,13.943222522117564,2.256863088856377,14.177665959929776,41.576727996566014,19.80849567257013,3.659768871033328,3.9017620641098465,0.6754938248169686,False,False
7.610483396348819,0.09137733577589276,0.15000250930659892,54.69110362790977,0.43498940525330276,10.710261545949352,2.2012682037440165,16.28531427343098,0.5307325730925379,14.24096046827841,44.8259715615278,17.845907527216227,1.311803551785324,3.519370409942785,1.4399396347259332,False,False
7.565703986979461,0.09658130062409577,0.1605975895966015,52.2694945426858,0.4461672149592555,10.625493417148816,1.8542107108411126,13.943222522117564,4.178047302028675,13.512378507982465,41.5374902671477,20.993602354277275,3.2500570336158723,1.3177514880328864,1.2674505247975505,False,False
7.33683869721554,0.09929760212683161,0.0,55.23904395474726,0.15616926238329387,9.531262420873686,1.798600172874541,13.943222522117564,1.9115415413645218,11.487298776641158,44.94788927989238,19.278987659382835,3.659768871033328,3.9017620641098465,0.8695292854583642,False,True
7.82061556523655,0.08742786800979839,0.4147560141026707,46.94096837941553,0.7143043528131585,11.692715470723133,0.9777100989122196,19.055287565774346,4.178047302028675,12.050574529238276,43.26904706028339,17.845907527216227,0.6877781099086417,1.4539250488565962,1.4594328566938435,False,False
7.529237726759038,0.09212352293780104,0.11409020957214575,43.362809932201614,0.39710192903345465,10.377104251822061,1.807039177509666,15.769632142186651,3.008956889417272,10.37973387620442,44.83244310696883,20.993602354277275,3.2799708737457527,1.0601669323828313,0.6754938248169686,False,False
7.686631358066234,0.08140597280075433,0.39423530291685194,36.24102070989605,0.6373420102054298,11.178023602454909,1.9983461085865746,17.016663787579137,2.1956810747997624,12.050574529238276,45.49419483843495,20.39476232529814,0.8548781317998847,1.3177514880328864,0.6754938248169686,False,False
7.307698285464216,0.09181130321403158,0.07362022546723491,40.888323861547576,0.35440609580277377,9.901169940771116,2.0186439002816856,16.28531427343098,2.0428605939191553,10.37973387620442,44.758884681751084,20.10506100771495,2.723358300832156,3.519370409942785,0.18541685620447262,False,False
7.850025208388026,0.08952523410340942,0.43154394706312793,52.39298627503985,0.7320156220864409,11.872855508830252,2.084253752281794,19.725967999656007,2.1956810747997624,14.71674115953823,43.503156940059746,15.595359231888146,0.2833922341003332,2.1732222616652415,1.8064790982925352,False,False
7.432078608121432,0.0972181306770842,0.39320240085254804,36.174446318457086,0.6353042190156951,10.837457761707874,1.0386058106981275,17.016663787579137,4.178047302028675,14.177665959929776,42.86600715477749,16.840995637043978,3.4174518144035932,1.3177514880328864,0.18541685620447262,False,False
7.423997613414874,0.09853001520519916,0.2869064182843433,51.305097344783725,0.5794230292248231,10.853179977488802,1.049709355990365,18.42740887833239,2.256863088856377,14.177665959929776,38.84700102490681,19.80849567257013,2.7274259135673202,2.5998790621647268,1.155260399672461,False,False
7.227233237988901,0.10761263306690892,0.11788551727605319,63.17598840927758,0.40110597866107706,10.211140514624232,1.6665506313979324,19.725967999656007,1.9980656391989138,12.863181313280318,36.9920731261068,18.69181597406967,3.4174518144035932,4.8929463845224515,1.418497748762239,False,False
7.68250259340608,0.0976887773361152,0.10496345244573778,55.1935974551738,0.38747320026509424,10.688261265176546,1.2962680829860065,17.016663787579137,4.178047302028675,10.37973387620442,44.835847353747596,17.55252002750517,3.1238297473845624,1.4539250488565962,1.4594328566938435,False,False
7.8091969083922015,0.10860278716709149,0.0,92.47940949888725,0.23379989499314052,10.814040961983837,1.5514230053650422,17.060143271282318,4.334283892456193,11.487298776641158,37.93476137780704,19.278987659382835,2.7274259135673202,3.4139699219042208,3.7631291869589134,False,True
7.500754450863357,0.0825526851570688,0.9274083010064239,25.68795290771591,1.0495542985769524,12.017126265908955,2.372544200747857,22.606813749726,2.256863088856377,14.177665959929776,38.58079234664536,20.39476232529814,0.21894975692259722,1.5787359164172767,0.18541685620447262,False,False
7.094792024218524,0.10368764870510154,0.1076258661147296,47.42531166223528,0.3902820466858806,9.740600428314986,1.218583168141377,16.43297662985375,4.143893222412056,12.863181313280318,40.598287694932516,16.840995637043978,3.4174518144035932,5.517796831869328,0.18541685620447262,False,False
7.536157968899375,0.09067952820093729,0.2882654293701826,54.97296611482673,0.5808567859203836,10.968223496721723,1.7074961764456282,16.28531427343098,2.592300273567571,14.71674115953823,39.413151053866116,20.700816477222862,0.6877781099086417,4.067399425062675,1.5364992274029203,False,False
7.302439171230242,0.10035392711925785,0.0,56.129907793630366,0.15541342741367764,9.481496800261617,1.8142301966522583,13.943222522117564,2.277558049562589,11.487298776641158,44.21608881042604,19.278987659382835,3.684934308540188,4.242380587871275,0.8695292854583642,False,True
7.220659776086252,0.1005817201579953,0.031184611249269786,54.43860925789188,0.3096365228028205,9.754500464674964,1.9349617203972003,13.943222522117564,4.178047302028675,12.050574529238276,38.566813016979964,22.830282409033984,3.659768871033328,3.9017620641098465,0.8695292854583642,False,False
7.3563236946808725,0.09397598522173299,0.581430631372434,33.851497963305434,0.8008041178815462,11.183532040268188,1.1165032126687053,19.38240297486943,4.178047302028675,13.512378507982465,37.65995208323253,20.993602354277275,2.7274259135673202,1.3177514880328864,0.22843937600941405,False,False
7.331055837950521,0.0853276538694197,0.611374951599287,32.81964208016336,0.8177008152316323,11.095773951194817,1.6678683965871923,17.096669981873102,3.8944021585530155,14.71674115953823,37.71555863087251,22.261950007577212,0.6154885793895046,3.519370409942785,0.17981907225363664,False,False
7.823771482760254,0.08444001258494084,0.33206272554515087,46.911121292397816,0.6270629333849751,11.416963899110089,2.01524244480489,16.28531427343098,4.178047302028675,12.050574529238276,43.93553365491965,20.10506100771495,0.6877781099086417,1.3177514880328864,1.4399396347259332,False,False
7.680147614468772,0.08701942544298437,0.30684332146535126,50.01665541363087,0.6004564620807865,11.192760960758969,1.8846848350953713,16.28531427343098,2.256863088856377,14.177665959929776,42.44765639891953,20.10506100771495,0.6877781099086417,2.5997215265138167,1.4399396347259332,False,False
7.699683053415144,0.08637240069592085,0.13049194257663335,50.727348949473964,0.41440575735318913,10.68234042481417,2.3142403595924255,13.943222522117564,2.256863088856377,12.863181313280318,46.048216814836614,19.80849567257013,1.1551822451609932,2.5997215265138167,1.3251168166641862,False,False
7.149160185746999,0.09815927268801493,0.07041456405645498,45.3997111329333,0.3510241230144009,9.760794473608506,1.9697704527387843,19.38240297486943,0.5307325730925379,11.129065449679267,43.6917615476245,16.840995637043978,2.7274259135673202,5.517796831869328,0.17981907225363664,False,False
7.60416408338612,0.0922599075323906,0.22471010004042574,53.16144116344214,0.51380591347749,10.895751459162668,1.587630107198395,16.28531427343098,2.256863088856377,13.813418164862032,42.088816257244005,19.80849567257013,1.7074313817967268,2.5997215265138167,1.4399396347259332,False,False
7.483997640211718,0.08245273570401356,0.3156753498350301,34.94162143710258,0.535956639508892,10.497779053971003,2.3706088399446292,13.943222522117564,4.178047302028675,12.050574529238276,45.25745453274005,20.10506100771495,0.7664506239640595,3.519370409942785,0.17981907225363664,False,False
7.450589581576919,0.08968103704038487,0.3195826834805309,42.49516956599252,0.613896489006801,10.82181387994465,1.752716878696159,18.92066811690547,4.334283892456193,10.37973387620442,40.85898580821245,20.10506100771495,1.311803551785324,3.4139699219042208,0.6754938248169686,False,False
7.553759548701798,0.0856152876547188,0.23098405740374162,41.29378957659809,0.5204249384957883,10.676181608870925,2.237981443930386,13.943222522117564,2.256863088856377,14.177665959929776,44.71889868533568,20.31633084064449,1.311803551785324,2.5997215265138167,0.6754938248169686,False,False
7.15679885207919,0.10277571988573037,0.0,59.62064963333878,0.11265834534497898,9.178357835420154,1.6803914908992543,13.943222522117564,2.277558049562589,11.487298776641158,41.98922091198922,20.116376394890366,3.684934308540188,5.631859750800558,0.8695292854583642,False,True
7.289698968085908,0.10791524933421576,0.0,66.03822435419848,0.2589597339093875,9.849331412439911,1.7280276885555914,16.43297662985375,4.143893222412056,12.153199827402286,40.053746402289086,16.840995637043978,3.4174518144035932,5.517796831869328,1.4399396347259332,False,True
7.117718254891831,0.09694288801895186,0.03889069682348501,44.5359470282134,0.3177664430836176,9.558358309848629,1.6598503489355703,13.943222522117564,1.9980656391989138,12.863181313280318,40.61830032502157,22.830282409033984,3.659768871033328,3.9017620641098465,0.18541685620447262,False,False
7.189529009398245,0.09370221149594021,0.1150337490221812,41.914064113898476,0.39809736315324207,9.902907323584632,1.5157477974031006,18.42740887833239,1.0791107430954037,10.37973387620442,42.0524065912801,20.993602354277275,2.7274259135673202,4.160492570989454,0.17981907225363664,False,False
7.823771482760254,0.08444001258494084,0.33206272554515087,46.911121292397816,0.6270629333849751,11.416963899110089,2.01524244480489,16.28531427343098,4.178047302028675,12.050574529238276,43.93553365491965,20.10506100771495,0.6877781099086417,1.3177514880328864,1.4399396347259332,False,False
7.592827603140566,0.09517617879383022,0.12899859403365935,54.10788726329759,0.4128302746403515,10.643200531944075,1.73268824456254,16.28531427343098,2.1956810747997624,12.050574529238276,42.342327768738954,21.331921778492884,3.036489452540325,1.3177514880328864,1.4399396347259332,False,False
7.4337378123425495,0.09004993678168668,0.3699458709394056,34.219881404239416,0.5829338088120937,10.70929585028529,1.4410200778292708,19.38240297486943,2.1956810747997624,10.37973387620442,43.422423274974406,20.39476232529814,2.7274259135673202,1.3177514880328864,0.17981907225363664,False,False
7.384523941724277,0.09580818159868104,0.02240467164612606,50.31764033431725,0.30037368652150387,9.963904458733994,2.2015644238567265,13.943222522117564,2.1956810747997624,12.050574529238276,42.27771904665348,22.830282409033984,3.659768871033328,2.1732222616652415,0.8695292854583642,False,False
7.518684743415306,0.08878843697499075,0.08972201884738154,48.57445210267462,0.3713934878188284,10.252035965660085,2.3241213611902296,13.943222522117564,3.2614388810444255,12.050574529238276,45.60503383791356,18.81263151669408,1.311803551785324,4.1457658757484115,0.8695292854583642,False,False
7.318601511564545,0.08976696404778561,0.3545746984852287,38.80749675003271,0.6320490112259864,10.589620561308543,1.3312923589488195,16.43297662985375,4.143893222412056,14.177665959929776,42.077753046179964,16.840995637043978,0.6235018165066786,5.517796831869328,0.18541685620447262,False,False
7.179104477673971,0.09654349171428603,0.3762383813039121,38.80179271186647,0.6548229659402263,10.593323457204303,1.8358178673461027,19.38240297486943,1.7289359549987817,14.177665959929776,37.9950178771787,20.39476232529814,2.7274259135673202,3.4139699219042208,0.17981907225363664,False,False
7.672070873749671,0.08340789400830734,0.4834504643448634,35.677684589159526,0.7234415899429281,11.422653865080795,1.7106924087889197,19.29254824688132,2.1956810747997624,12.050574529238276,44.33408504504807,19.278987659382835,0.8548781317998847,1.3177514880328864,0.6754938248169686,False,False
7.085137412814056,0.09829328768206698,0.24572924711313077,43.04048611876928,0.5359811136391939,10.11958667305626,1.8319415515631432,19.725967999656007,3.9719554369510353,10.37973387620442,37.122951178617015,20.993602354277275,2.7274259135673202,4.8929463845224515,0.18541685620447262,False,False
7.2234088002159655,0.0879117670591702,0.2686386261185801,38.72224045021244,0.5401723281050114,10.310176121420982,2.2088103394209524,20.469573332888146,0.5307325730925379,10.37973387620442,41.3530548871655,20.993602354277275,1.1551822451609932,4.93830165895749,0.17981907225363664,False,False
7.252245698341809,0.08833533898217988,0.20937360884487102,39.44897952834905,0.48799715626658474,10.206755095304041,1.7613736450769335,19.725967999656007,0.5307325730925379,10.37973387620442,42.86833775081983,20.10506100771495,1.311803551785324,4.8929463845224515,0.18541685620447262,False,False
7.190224975817477,0.09332632419756752,0.25155715551267893,43.04556876390239,0.5421295570007172,10.286582745512943,1.836336111243882,17.060143271282318,1.0791107430954037,14.71674115953823,39.680231727132565,20.39476232529814,1.8281665761813546,4.8929463845224515,0.3478978129495407,False,False
7.280304951817045,0.09575477616788501,0.0,43.84403910708708,0.22951725908651288,9.538064714282177,2.213555027607129,13.943222522117564,1.9115415413645218,11.487298776641158,46.125391635302734,19.278987659382835,3.659768871033328,3.4139699219042208,0.17981907225363664,False,True
7.335512970767195,0.09198605753038985,0.24261400341045236,37.65371807574714,0.4974996266787417,10.375093160967824,1.5407415795521462,19.669829320163757,1.0791107430954037,10.37973387620442,43.5557063399806,19.80849567257013,2.7274259135673202,2.5998790621647268,0.17981907225363664,False,False
7.33565637355434,0.09677068338009949,0.33333868208854506,44.06315745954657,0.628409067538256,10.821810475095601,1.5446513182717079,19.725967999656007,1.042618311916213,14.177665959929776,39.24261079102976,19.80849567257013,2.7274259135673202,2.5997215265138167,0.6754938248169686,False,False
7.525780017034841,0.08554084940806785,0.31511244182918285,37.49646470730309,0.5717460490996792,10.724373838826441,2.2885441190869478,13.943222522117564,3.2487663602365258,14.177665959929776,44.48540861200621,19.80849567257013,1.311803551785324,2.5997215265138167,0.42491579484065234,False,False
7.075490739254683,0.09693723149391667,0.08622395520234681,45.42284519092142,0.3677030306733168,9.669342414122141,1.9536137123688972,16.43297662985375,0.5368336971016631,13.512378507982465,40.98770833965688,20.10506100771495,2.7274259135673202,5.517796831869328,0.17981907225363664,False,False
6.900464605110926,0.11489187774714775,0.04436172357951886,52.81318245406558,0.3235383763112333,9.377408350116994,1.9455197041571652,16.43297662985375,4.143893222412056,14.177665959929776,37.37271302757282,16.840995637043978,5.328541835113827,5.517796831869328,0.18541685620447262,False,False
7.2778381712192335,0.09104655149178789,0.06494439677792525,40.94259449555834,0.34525309653555203,9.832825610336362,2.3325402383230296,13.943222522117564,0.5307325730925379,13.512378507982465,44.59344864676641,20.993602354277275,2.7274259135673202,3.519370409942785,0.17981907225363664,False,False
7.5373111732939675,0.09219865604693737,0.25216440930849043,41.768436782081174,0.5427702097552983,10.753850431818034,1.7069094555762627,17.016663787579137,4.91030869039272,10.37973387620442,42.5778600941084,20.39476232529814,2.7274259135673202,1.3177514880328864,0.6754938248169686,False,False
7.295740576039869,0.08581320248321911,0.5826011919968302,34.01306474055767,0.8043399162915046,11.073618702978868,2.1320152940705968,19.725967999656007,1.5059570507357427,14.71674115953823,39.026156401314125,20.10506100771495,0.21894975692259722,4.521347551864705,0.17981907225363664,False,False
7.660672968403292,0.09322427171883516,0.01614338167833712,66.52358242121394,0.29376802560548654,10.43060420800984,1.6637015489243396,13.943222522117564,3.2614388810444255,12.153199827402286,42.98019159792635,20.10506100771495,1.311803551785324,4.1457658757484115,2.099316736260688,False,False
7.393214688092707,0.08308508904103956,0.34365206457227654,37.452420293603886,0.6012281188300197,10.66984917212541,2.3727377722370244,19.725967999656007,1.5059570507357427,10.37973387620442,42.905383626368845,20.39476232529814,0.21894975692259722,4.521347551864705,0.3478978129495407,False,False
7.251395043221206,0.09780943403411171,0.33783051201005954,39.347788172743975,0.6220781327333355,10.62516027726867,1.775906286835711,19.725967999656007,1.0791107430954037,14.71674115953823,41.21073085878764,16.835236059208142,2.7274259135673202,3.519370409942785,0.18541685620447262,False,False
7.544740587481266,0.09015922135861955,0.1339038987519636,54.18583285845174,0.4180053711181625,10.497679518587567,2.203715704539721,13.943222522117564,2.277558049562589,14.177665959929776,43.2463260111273,19.80849567257013,1.1551822451609932,4.066432722867459,1.3251168166641862,False,False
7.286281330152281,0.08620699851152445,0.4379924161988781,36.30307919764729,0.684389533679341,10.702718917641672,1.826631069830552,19.725967999656007,3.9719554369510353,10.37973387620442,39.386301210553825,20.993602354277275,0.4640758816305126,4.8929463845224515,0.18541685620447262,False,False
7.663891630923903,0.0890329091972708,0.264368235149291,50.08074166378625,0.5556452460173429,10.990692668386759,2.1392492045170712,13.943222522117564,4.443047522930541,14.177665959929776,42.547547734112996,19.80849567257013,1.1551822451609932,2.5997215265138167,1.3251168166641862,False,False
7.414652845219473,0.08820622425862737,0.22883974029971565,46.55891668815172,0.5181626839510409,10.500411236235443,1.5525370121396862,16.28531427343098,3.516127788572128,12.050574529238276,41.67695507463711,20.10506100771495,0.6877781099086417,4.8929463845224515,0.7852428319754641,False,False
7.213890141860216,0.09575212021488926,0.32617083755120424,39.10670062293986,0.6063438715466113,10.466663915179534,1.5814635667529142,19.725967999656007,4.334283892456193,10.37973387620442,38.24519696968093,20.993602354277275,2.7274259135673202,3.4139699219042208,0.17981907225363664,False,False
7.537692703197735,0.08635490523319114,0.3166424206618364,40.256916645586216,0.6107945117330783,10.930162897393739,1.7063003629593925,16.305563792694706,1.8051317851688629,14.177665959929776,43.47274519314474,19.80849567257013,1.1551822451609932,2.5997215265138167,0.6754938248169686,False,False
7.53990910315179,0.09520493798154565,0.06430973361962011,55.229458361955174,0.3445835269035401,10.34127045642301,1.4626706315180327,13.943222522117564,2.277558049562589,13.512378507982465,43.50951565587711,20.10506100771495,2.7274259135673202,2.5997215265138167,1.3251168166641862,False,False
7.642682693417979,0.0818430363433198,0.4871992434605358,36.82952346076265,0.7437997786096973,11.386900693758292,2.3259416988563952,17.016663787579137,4.178047302028675,12.050574529238276,41.133659542202935,22.830282409033984,0.6877781099086417,1.3177514880328864,0.7852428319754641,False,False
7.418700251427515,0.09062550504785458,0.19821269962123184,37.19650815278567,0.4441451685977773,10.32620199283404,2.1862031073336645,18.42740887833239,1.0791107430954037,10.37973387620442,46.19550792274244,18.765975799273434,2.7274259135673202,2.245017794530951,0.17981907225363664,False,False
7.340508806631142,0.090303265150011,0.17179699952650307,38.168006048343194,0.43011161318519553,10.17524948432933,1.9889849574974732,17.844613949954148,1.042618311916213,10.37973387620442,44.22670967571143,20.993602354277275,2.7274259135673202,2.5998790621647268,0.18541685620447262,False,False
7.6446836197194985,0.08853035472837777,0.2481609653738085,49.90178952497363,0.5385465764042089,10.980538332846846,1.8670017252989763,16.782635722718783,2.256863088856377,12.863181313280318,43.20880361423539,19.80849567257013,1.1551822451609932,2.5997215265138167,1.3251168166641862,False,False
7.484808311283477,0.08247400728302673,0.31414242837700235,35.023948478429695,0.5355118188560809,10.498575561374459,2.369057294897552,13.943222522117564,4.178047302028675,12.050574529238276,45.251856748789216,20.10506100771495,0.7664506239640595,3.519370409942785,0.18541685620447262,False,False
7.091933416275959,0.10706716181962167,0.0,47.121834988724736,0.2709145039655642,9.47302473088609,2.294899048980377,13.943222522117564,2.1956810747997624,14.177665959929776,40.813486060023635,20.39476232529814,5.690043675112832,2.5997215265138167,0.18541685620447262,False,True
7.10009341988129,0.09609472571473672,0.142036827167387,43.49787427845476,0.4265856105964342,9.882503549128469,1.8837271869246164,19.725967999656007,1.0791107430954037,10.37973387620442,40.01579587247265,20.993602354277275,2.7274259135673202,4.8929463845224515,0.18541685620447262,False,False
7.2234088002159655,0.0879117670591702,0.2686386261185801,38.72224045021244,0.5401723281050114,10.310176121420982,2.2088103394209524,20.469573332888146,0.5307325730925379,10.37973387620442,41.3530548871655,20.993602354277275,1.1551822451609932,4.93830165895749,0.17981907225363664,False,False
7.188144366360437,0.09487130053171335,0.27816593674004253,39.55211309053925,0.5620417773458818,10.348701518656528,1.9992043273174254,18.42740887833239,1.0791107430954037,13.512378507982465,39.56088412054872,20.993602354277275,2.7274259135673202,3.519370409942785,0.17981907225363664,False,False
7.310993664758718,0.08504964529404342,0.3653240922757889,36.627052173420125,0.6123381199605524,10.565171922978301,2.2902112037316122,19.725967999656007,2.256863088856377,10.37973387620442,41.70023358762762,20.39476232529814,0.4640758816305126,4.8929463845224515,0.18541685620447262,False,False
7.345888812666043,0.10027294720364911,0.2948039864899267,41.09154066325023,0.5877549636817135,10.706397203992296,1.4291007105259552,19.652513305374104,1.0791107430954037,14.71674115953823,42.7749190967613,15.595359231888146,3.4174518144035932,2.4160068359896854,0.3478978129495407,False,False
7.209105178087836,0.0956637996477518,0.4914736421062041,36.55315555690879,0.7443735404160233,10.868429337982283,2.0312579851007295,17.844613949954148,1.042618311916213,17.433068741652846,37.173374810263,20.993602354277275,2.7274259135673202,2.5998790621647268,0.18541685620447262,False,False
7.369032445139165,0.08825215615104069,0.28605716053852936,37.89157866365073,0.5467195072271218,10.421508605077545,2.3035916196396276,13.943222522117564,3.2614388810444255,14.765504012415544,43.57421678399019,18.81263151669408,1.311803551785324,4.1457658757484115,0.18541685620447262,False,False
7.098613746948906,0.10430890104043729,0.0,48.51424829269107,0.14579058074879236,9.155205050116189,2.0730819682375907,17.016663787579137,2.1956810747997624,8.453970554761419,43.00892353028797,20.39476232529814,5.225211461126312,3.519370409942785,0.18541685620447262,False,True
7.213890141860216,0.09575212021488926,0.32617083755120424,39.10670062293986,0.6063438715466113,10.466663915179534,1.5814635667529142,19.725967999656007,4.334283892456193,10.37973387620442,38.24519696968093,20.993602354277275,2.7274259135673202,3.4139699219042208,0.17981907225363664,False,False
7.202153084607238,0.0977972578745825,0.3194325259716136,39.1605191358849,0.6000013771020132,10.470232796011635,1.4582013904956568,17.844613949954148,2.256863088856377,14.177665959929776,38.524506914209645,20.993602354277275,3.4174518144035932,2.5998790621647268,0.18541685620447262,False,False
7.280304951817045,0.09575477616788501,0.0,43.84403910708708,0.22951725908651288,9.538064714282177,2.213555027607129,13.943222522117564,1.9115415413645218,11.487298776641158,46.125391635302734,19.278987659382835,3.659768871033328,3.4139699219042208,0.17981907225363664,False,True
7.143576449697703,0.09512691018864376,0.0828956258853971,43.966060529665945,0.3641916432439348,9.718146181259021,1.8159664982705457,17.060143271282318,2.499482909522034,10.37973387620442,41.266846218370546,20.993602354277275,2.7274259135673202,4.8929463845224515,0.17981907225363664,False,False
7.6037492438814045,0.08330169791466745,0.5981917971446291,31.37375179439191,0.7832018026460548,11.407616911524393,1.7371341393957236,17.016663787579137,3.2487663602365258,14.177665959929776,43.11391006018284,19.80849567257013,0.9506689304706345,1.3177514880328864,0.3660777409980719,False,False
7.334618705720485,0.08753683707353184,0.3712362772504967,35.7713224182638,0.6063891098857529,10.609342524285918,1.7996913471543108,19.725967999656007,2.1956810747997624,10.37973387620442,41.61787188470414,20.993602354277275,1.4933538162005529,3.4139699219042208,0.17981907225363664,False,False
7.30787983635142,0.09010069528833406,0.2879141784319759,39.57951470871545,0.5727163961425217,10.520389212459468,1.6934672456629196,17.628383093618368,1.0791107430954037,13.512378507982465,41.091090501952806,20.993602354277275,1.8281665761813546,3.519370409942785,0.3478978129495407,False,False
7.388273478344307,0.09285909750286178,0.3130274503149157,47.64541047239633,0.606980718017077,10.722507925971419,1.461502801452452,17.016663787579137,4.178047302028675,14.177665959929776,40.795809539665,16.840995637043978,0.6877781099086417,5.517796831869328,0.7852428319754641,False,False
7.489126302744395,0.0858825492033743,0.4930238975051612,39.63129882386187,0.7898446023730208,11.320148432198456,2.0544912901284733,17.016663787579137,4.178047302028675,14.177665959929776,37.7245980730305,22.830282409033984,0.6877781099086417,2.5997215265138167,0.7852428319754641,False,False
7.56155603333633,0.08362765558953675,0.2998855443584773,39.42462549042861,0.5831404247193944,10.903870932451403,2.241341267973449,18.42740887833239,1.0791107430954037,11.491217761864702,44.47724927262779,20.39476232529814,0.8548781317998847,2.5998790621647268,0.6754938248169686,False,False
7.190069140566529,0.09254411270296241,0.0,44.851377057933036,0.22254464779291894,9.392702127871724,2.097212615696639,15.090601204816368,1.042618311916213,10.37973387620442,44.687655098491476,20.993602354277275,2.7274259135673202,4.8929463845224515,0.18541685620447262,False,True
7.371929675373786,0.09846381952974845,0.0,63.0269501464589,0.1657954211401444,9.704139768283818,1.898044060702433,16.28531427343098,1.0791107430954037,10.37973387620442,43.09046816673854,20.10506100771495,2.7274259135673202,4.8929463845224515,1.4399396347259332,False,True
7.394569637172545,0.08728238183048816,0.1938516645527772,46.4131043853349,0.48125026403802085,10.452878867721637,2.255940201876177,19.725967999656007,0.5307325730925379,10.37973387620442,42.89253721692552,20.10506100771495,0.6877781099086417,4.8929463845224515,0.7852428319754641,False,False
7.12374881913266,0.09504038151779022,0.0,46.147705879425885,0.25861879384934283,9.407366022967599,2.296800187725146,13.943222522117564,0.5307325730925379,13.512378507982465,43.4835635714022,20.10506100771495,2.7274259135673202,5.517796831869328,0.17981907225363664,False,True
7.377315588282987,0.09541190155353345,0.23408416512699148,57.20364802946858,0.5236955521438169,10.68389020461771,2.3469780446751365,19.725967999656007,0.5307325730925379,13.418386524851806,38.575162323650986,20.10506100771495,1.311803551785324,4.8929463845224515,1.4399396347259332,False,False
7.169573997697182,0.09306306147360352,0.0,44.58494855791732,0.25542079156359027,9.476220442293096,2.0075404792704985,16.28531427343098,0.5307325730925379,10.37973387620442,44.00482776870054,20.993602354277275,2.7274259135673202,4.8929463845224515,0.18541685620447262,False,True
7.11203084669089,0.10653623424156267,0.0,47.31373973164194,0.23033631419822798,9.403296243935205,2.2324565683934576,13.943222522117564,1.3088697046357616,14.177665959929776,42.286564082915646,19.80849567257013,5.690043675112832,2.5997215265138167,0.18541685620447262,False,True
7.314658854855916,0.08782760100724495,0.49970231358852013,34.44323792837899,0.7230076546066817,10.927775245193635,1.941871679518096,20.469573332888146,0.5307325730925379,13.512378507982465,40.52788285096448,20.10506100771495,1.1551822451609932,3.519370409942785,0.17981907225363664,False,False
7.150919773798128,0.09404742734215954,0.031983170241587006,44.19063581110095,0.31047900253971517,9.601739562171673,1.9168888130432193,17.060143271282318,1.0791107430954037,10.37973387620442,42.68721838479718,20.993602354277275,2.7274259135673202,4.8929463845224515,0.17981907225363664,False,False
7.464447036300076,0.10050931372653057,0.19773848442186343,45.33184366041619,0.4853508589999068,10.603096092623778,1.8131144436077538,17.016663787579137,2.1956810747997624,14.177665959929776,43.808579390657414,16.840995637043978,3.9671688371400826,1.3177514880328864,0.6754938248169686,False,False
7.327054647098539,0.09175171377050194,0.2496247296544662,37.99191357572886,0.5097121524869797,10.313338698495015,1.8138178583875706,13.943222522117564,2.565424046989631,14.692161936736158,42.29846509189369,20.993602354277275,2.7274259135673202,2.5998790621647268,0.17981907225363664,False,False
7.361205888523055,0.09517956115397064,0.16633921762348858,40.713587517318075,0.45222463252762135,10.196217431371508,2.0070424493100814,13.943222522117564,4.143893222412056,13.976194232563769,44.66348120614805,16.840995637043978,2.7274259135673202,3.519370409942785,0.18541685620447262,False,False
7.705380725374385,0.09000342032805904,0.25613696355998455,49.96087457797399,0.5469612544906246,11.089629070237184,1.7776930780255682,16.43297662985375,2.277558049562589,14.177665959929776,45.190783135270905,16.840995637043978,1.1551822451609932,2.5997215265138167,1.3251168166641862,False,False
7.329071884176191,0.09269572154322715,0.28409319937165195,37.849264252982294,0.5440449327393821,10.419029617609405,1.492429100220425,15.090601204816368,2.954800510862137,14.177665959929776,41.869605702807974,20.39476232529814,2.7274259135673202,2.5997215265138167,0.18541685620447262,False,False
7.4492128886341655,0.08861541644445887,0.006954828408873078,50.75985480329071,0.284074101906202,9.920582869976645,2.110038901938605,13.943222522117564,3.2614388810444255,10.37973387620442,45.236264491152504,20.10506100771495,1.311803551785324,4.8929463845224515,0.8695292854583642,False,False
7.622930953987298,0.08911272203647837,0.18809905734434854,60.781068835057596,0.4751812634331286,10.89555194215496,1.6057319044114804,19.725967999656007,1.5059570507357427,10.37973387620442,41.319164417042835,20.39476232529814,0.21894975692259722,4.521347551864705,1.9341170222755484,False,False
7.626193341120238,0.08297631211355025,0.4821406592292126,37.276807364498715,0.7448326993429089,11.369833072422546,2.3391573621730704,17.016663787579137,4.495102109043414,12.050574529238276,40.64950471329695,22.830282409033984,0.8548781317998847,1.3177514880328864,0.7852428319754641,False,False
7.0387372200613,0.10634520528806674,0.23533302529648917,46.47059634219943,0.525013099622637,10.108451474418178,2.3100182241984073,19.725967999656007,1.9980656391989138,14.812887658411219,38.74705396836833,15.595359231888146,3.4174518144035932,5.517796831869328,0.18541685620447262,False,False
7.082611723525167,0.09741467638452204,0.11514980997130497,45.53031218208808,0.3982198074545677,9.682307360593411,2.270684043035235,13.943222522117564,3.9400733037412565,13.512378507982465,39.18568149419116,20.993602354277275,2.7274259135673202,5.517796831869328,0.17981907225363664,False,False
7.286281330152281,0.08620699851152445,0.4379924161988781,36.30307919764729,0.684389533679341,10.702718917641672,1.826631069830552,19.725967999656007,3.9719554369510353,10.37973387620442,39.386301210553825,20.993602354277275,0.4640758816305126,4.8929463845224515,0.18541685620447262,False,False
7.5005711498042675,0.0904876287086304,0.0,58.89971313369638,0.2378807189328474,10.023920088848307,2.1678733565705546,16.28531427343098,0.5307325730925379,10.37973387620442,45.0544686985234,20.10506100771495,1.311803551785324,4.8929463845224515,1.4399396347259332,False,True
7.190069140566529,0.09254411270296241,0.0,44.851377057933036,0.22254464779291894,9.392702127871724,2.097212615696639,15.090601204816368,1.042618311916213,10.37973387620442,44.687655098491476,20.993602354277275,2.7274259135673202,4.8929463845224515,0.18541685620447262,False,True
7.325952348332591,0.08783741075347487,0.2340668802161815,43.449709445708834,0.5236773165629124,10.45531919332295,2.1929059987244255,20.469573332888146,0.5307325730925379,10.37973387620442,41.91100899834492,20.39476232529814,0.8548781317998847,4.8929463845224515,0.566364377849503,False,False
7.179279278388377,0.09385941417230466,0.0053390660553402835,44.54471267252841,0.28236947262322487,9.5417930190637,2.33623506991801,13.943222522117564,0.5307325730925379,13.512378507982465,44.10841401874907,20.10506100771495,2.7274259135673202,4.8929463845224515,0.17981907225363664,False,False
7.019471307724431,0.09835012707630227,0.18131949555680568,44.91970333851894,0.4680288257472709,9.871775953615272,2.129370896320688,17.378257315636127,1.042618311916213,14.177665959929776,37.97721645659949,20.993602354277275,2.7274259135673202,5.517796831869328,0.18541685620447262,False,False
7.555467053708745,0.0845227473723151,0.34461504222489947,39.23841086952723,0.6276781804440513,11.000393641029353,1.8480411846993139,18.42740887833239,2.256863088856377,11.491217761864702,43.299496926866816,20.39476232529814,0.8548781317998847,2.5998790621647268,0.6754938248169686,False,False
7.481137464664909,0.09128041457582906,0.0072238104831313845,58.660887947926646,0.2843578779945445,10.126436580745617,2.0255176534540733,16.28531427343098,0.5307325730925379,11.422873175150023,44.0113293995778,20.10506100771495,1.311803551785324,4.8929463845224515,1.4399396347259332,False,False
7.467126596746745,0.08674549117035751,0.18758783542218987,40.63638501946997,0.4746419243052512,10.37607119905587,2.0380000140502554,13.943222522117564,4.178047302028675,12.050574529238276,44.37792868644307,20.10506100771495,1.3836955917662863,3.519370409942785,0.4420999507483937,False,False
7.469559061349708,0.0900900963875084,0.05367837636043052,55.25067908536138,0.3333674449950951,10.131363360453236,1.3807986118377797,14.664225437481194,3.9719554369510353,10.37973387620442,42.67111035231527,20.993602354277275,1.1551822451609932,4.93830165895749,1.2258886386523198,False,False
7.306019438235717,0.08600563842733941,0.4671040733382696,36.22334970704293,0.7139669119462562,10.769009025192698,1.9813891928033924,16.43297662985375,4.143893222412056,14.177665959929776,39.64394643976158,20.10506100771495,0.21894975692259722,5.0920901272008186,0.18541685620447262,False,False
7.561208079852747,0.09869652916055487,0.11953804886370956,72.76198603679649,0.4028493994860545,10.71381024118375,1.9108906679867297,19.725967999656007,3.9719554369510353,9.3963545028048,37.229838910065105,20.993602354277275,1.311803551785324,4.8929463845224515,2.4775308599380073,False,False
7.235693414673884,0.09439180062749375,0.22192255385833,39.89733170578551,0.5076212335361672,10.257081646846574,1.3542641117390595,19.53113215079201,2.256863088856377,10.37973387620442,41.00529537913447,20.39476232529814,2.7274259135673202,3.519370409942785,0.18541685620447262,False,False
6.864457423736514,0.11155954298775744,0.0,52.51816419516859,0.19596733620390155,9.057947258019995,2.2236382875212537,19.725967999656007,1.042618311916213,9.756122964353098,38.31212148293679,20.39476232529814,5.690043675112832,4.8929463845224515,0.18541685620447262,False,True
7.095953447695162,0.10155690000049074,0.009698303412923175,47.607733399982166,0.2869684680354748,9.546251420779978,1.8980692967612625,19.725967999656007,0.5307325730925379,10.37973387620442,43.40190441152567,16.840995637043978,3.4174518144035932,5.517796831869328,0.18541685620447262,False,False
7.056830967083166,0.10456242352207816,0.16893702128442098,47.07947052327987,0.4549653153899051,9.867221787914737,1.5683747656208824,16.43297662985375,4.143893222412056,14.177665959929776,38.774649300426745,17.350149384900284,3.4174518144035932,5.517796831869328,0.18541685620447262,False,False
7.220691910644306,0.09316527630486605,0.0,44.1043959643498,0.2702741150867528,9.546198769113234,2.0111951225015194,15.090601204816368,2.256863088856377,10.37973387620442,44.30917066568483,20.39476232529814,2.7274259135673202,4.6560260693680755,0.18541685620447262,False,True
7.2234088002159655,0.0879117670591702,0.2686386261185801,38.72224045021244,0.5401723281050114,10.310176121420982,2.2088103394209524,20.469573332888146,0.5307325730925379,10.37973387620442,41.3530548871655,20.993602354277275,1.1551822451609932,4.93830165895749,0.17981907225363664,False,False
6.99563596190373,0.0987032206476145,0.0,47.96041232944817,0.27222945780431834,9.273124060068723,2.092286618129956,13.943222522117564,1.9980656391989138,12.863181313280318,39.24458261389183,22.830282409033984,3.4174518144035932,5.517796831869328,0.18541685620447262,False,True
7.3418302503180675,0.0830188417512426,0.26315719738558435,37.20480455589414,0.5127797620187036,10.303865104101973,2.3068790196772997,17.27410616187085,2.256863088856377,10.37973387620442,43.558853180384475,20.993602354277275,0.4640758816305126,4.8929463845224515,0.17981907225363664,True,False
7.1922606247588705,0.09693084649141663,0.10244769889393142,43.7253663811088,0.38481908026793854,9.899389340453624,1.243818994159029,19.725967999656007,1.0791107430954037,10.37973387620442,43.535296753526325,17.47969925717444,2.7274259135673202,4.8929463845224515,0.17981907225363664,False,False
7.491297375449384,0.08506255081345192,0.38134094658636764,41.19955100204736,0.6790514565834588,11.0204302229513,2.0998175862396145,17.016663787579137,4.178047302028675,12.050574529238276,39.43021273260921,22.830282409033984,0.6877781099086417,3.0211982976266047,0.7852428319754641,False,False
7.2182845332378385,0.09312643115595472,0.0,44.87886502776687,0.23178370989013475,9.417785518307532,1.96349070005194,13.943222522117564,2.79193523795,10.37973387620442,44.690154668086464,20.39476232529814,2.7274259135673202,4.8929463845224515,0.17981907225363664,False,True
7.487401965255375,0.08729776468984601,0.17181573365378147,43.06276660695877,0.45800235693958036,10.47988763215529,2.091605901705503,17.027378489145466,1.0791107430954037,11.491217761864702,44.73772011731709,20.39476232529814,1.6028099164349043,2.9915068220273278,0.6754938248169686,False,False
7.224316628183874,0.09873072605084254,0.15400615292648132,43.83856435944228,0.43921324927227867,10.01516755288019,1.2941563946838959,17.844613949954148,4.975804087136071,10.37973387620442,42.222553934941836,16.731747506985073,2.7274259135673202,4.93830165895749,0.17981907225363664,False,False
7.431939210247503,0.08203440853397685,0.5409275963251278,32.08931656755962,0.7329783599634025,11.036813507356106,1.8875310563303642,18.449992294619882,1.5059570507357427,13.512378507982465,42.50847189982794,20.10506100771495,0.21894975692259722,3.519370409942785,0.17981907225363664,False,False
7.306343963043064,0.08737474415926387,0.19702034960714104,39.547790134155385,0.4763716201141656,10.15600406943447,2.1642376245994774,13.943222522117564,2.256863088856377,14.177665959929776,43.58020727063824,19.80849567257013,1.1551822451609932,4.8929463845224515,0.18541685620447262,False,False
7.266164633861514,0.08749898120480594,0.22540119859994048,38.98275845765458,0.4982668539857881,10.247107198510806,1.867823984130858,19.725967999656007,0.5307325730925379,10.37973387620442,43.024959057444164,20.10506100771495,1.1551822451609932,4.8929463845224515,0.18541685620447262,False,False
7.337201108734246,0.09301030300738806,0.24659941739741958,49.078521481512226,0.5368991432891186,10.527892367489105,1.4402210509821953,19.725967999656007,3.2614388810444255,10.37973387620442,39.453519013614056,20.10506100771495,1.311803551785324,4.8929463845224515,0.8695292854583642,False,False
7.1625376450859175,0.09357348304915253,0.005646642710786395,44.333410598726594,0.2826939659947205,9.540453017741317,2.132522921358594,17.060143271282318,1.0791107430954037,9.756122964353098,43.31082929664849,20.993602354277275,2.7274259135673202,4.8929463845224515,0.17981907225363664,False,False
7.3159371442792125,0.09065411923009661,0.20796362862081494,43.69849519668706,0.49613838612980066,10.254906252805156,1.2170314114321743,15.365111895042352,4.483223018292729,12.050574529238276,41.277287622674564,20.10506100771495,1.3836955917662863,4.8929463845224515,0.4420999507483937,False,False
7.65566826630204,0.07861005709691833,0.7768663070486718,25.008025030083722,0.881049707374866,11.709885404374637,2.142420417396066,20.469573332888146,3.9719554369510353,10.37973387620442,42.96125750052937,20.993602354277275,0.4640758816305126,0.5743847613147699,0.18541685620447262,False,False
7.528754016098177,0.08426595971604875,0.3966182312501137,40.11829323256413,0.6950718650569695,11.111104489898768,2.12085048708205,17.016663787579137,4.178047302028675,12.050574529238276,39.851689503722,22.830282409033984,0.6877781099086417,2.5997215265138167,0.7852428319754641,False,False
7.652082244283992,0.08567960817772138,0.42652932812124095,37.35695125590743,0.68730406648118,11.234999768729434,1.8438389153327066,16.28531427343098,5.246723368888045,12.050574529238276,43.007277956092565,20.10506100771495,1.311803551785324,1.3177514880328864,0.6754938248169686,False,False
7.5005711498042675,0.0904876287086304,0.0,58.89971313369638,0.2378807189328474,10.023920088848307,2.1678733565705546,16.28531427343098,0.5307325730925379,10.37973387620442,45.0544686985234,20.10506100771495,1.311803551785324,4.8929463845224515,1.4399396347259332,False,True
7.498356036346021,0.08960668159387904,0.0,57.56823768648003,0.2579540939049747,10.060940728155064,2.168613691268499,16.43297662985375,0.5307325730925379,10.37973387620442,45.0818971629586,20.10506100771495,1.1551822451609932,4.93830165895749,1.3761148460572539,False,True
7.321709269391182,0.09417734052743232,0.3064271767471842,48.856892097874486,0.6000174294031203,10.656749298555066,1.367314610839376,18.674094609906618,4.178047302028675,12.050574529238276,37.91794332934534,20.10506100771495,1.311803551785324,4.8929463845224515,0.8695292854583642,False,False
7.324132345906241,0.0833952234249047,0.2490861651104829,37.715688509110464,0.5052102722595695,10.261022380321819,2.276618989429845,17.27410616187085,2.256863088856377,10.37973387620442,43.35970943770611,20.993602354277275,0.4640758816305126,5.0920901272008186,0.17981907225363664,True,False
7.254580832352052,0.09309078613500406,0.22630228876290184,47.02661131829027,0.5154856725797023,10.387382331968084,2.3215607330278916,20.469573332888146,0.5307325730925379,11.491217761864702,39.94246388108215,20.39476232529814,1.6028099164349043,4.8929463845224515,0.6754938248169686,False,False
7.394569637172545,0.08728238183048816,0.1938516645527772,46.4131043853349,0.48125026403802085,10.452878867721637,2.255940201876177,19.725967999656007,0.5307325730925379,10.37973387620442,42.89253721692552,20.10506100771495,0.6877781099086417,4.8929463845224515,0.7852428319754641,False,False
7.135364968687026,0.09632256272267324,0.13826946034934837,43.79441810196041,0.42261103860340343,9.847261103854995,1.8007736838773432,17.13290884255896,3.9719554369510353,10.37973387620442,39.71601033571406,20.993602354277275,2.7274259135673202,4.8929463845224515,0.18541685620447262,False,False
7.418494062728338,0.08219884376566111,0.4662358364925109,32.989900776202816,0.6670036865255173,10.846067948970743,2.3167556580067155,19.799822886134507,2.256863088856377,10.190939002432955,42.59550730447195,20.993602354277275,0.4640758816305126,3.519370409942785,0.17981907225363664,False,False
7.390341311246704,0.0868765291058432,0.16594580900816527,44.190001009346375,0.4518095864384553,10.257728656319971,1.665002887585869,16.395457905120224,3.3405300434503786,10.37973387620442,43.175326955755,20.39476232529814,0.8548781317998847,4.8929463845224515,0.566364377849503,False,False
7.51584386572711,0.10122429351098834,0.0,74.51661315663534,0.08565973755069489,9.744935370122617,1.2956683522710697,13.943222522117564,3.2614388810444255,10.37973387620442,42.49183853605114,20.10506100771495,2.7274259135673202,4.8929463845224515,2.1983328787777254,False,True
7.1599950593242045,0.09297154726425537,0.02157050287962923,44.2750692384325,0.2994936384728497,9.554713939172132,1.8726352484207414,13.943222522117564,0.5307325730925379,13.512378507982465,43.26743185938002,20.993602354277275,2.5589691148157847,5.013843996080715,0.17981907225363664,False,False
7.285470659080521,0.08618572693251127,0.4395253376569058,36.22075215632019,0.6848343543321522,10.701922410238216,1.8305016271511871,19.725967999656007,3.9719554369510353,10.37973387620442,39.39189899450466,20.993602354277275,0.4640758816305126,4.8929463845224515,0.17981907225363664,False,False
7.491038794226994,0.08870889972208922,0.014360414649634785,56.86618323310359,0.2918869953902056,10.130738782229647,1.792605229424473,16.43297662985375,0.8324632004516821,10.37973387620442,44.091394619153704,20.993602354277275,1.000768089479467,4.8929463845224515,1.3761148460572539,False,False
7.122469251704685,0.0962444822979132,0.005951266234503042,44.681243140948204,0.2830153438122416,9.483045349571256,1.3494551639389845,13.943222522117564,1.0791107430954037,12.863181313280318,41.537255221125086,22.830282409033984,3.659768871033328,3.9017620641098465,0.18541685620447262,False,False
7.31051180275432,0.09130967178845813,0.26500517682466707,45.91821546950384,0.5563172194848647,10.51480562591679,2.0492711939433677,18.84106915312869,2.1956810747997624,12.050574529238276,40.03863650618287,20.10506100771495,1.1551822451609932,4.93830165895749,0.6754938248169686,False,False
7.136971982815433,0.09587953821207688,0.11088398075932535,43.938382803524895,0.39371935763592913,9.805793053416844,1.5460735407044235,15.971534460055324,1.0791107430954037,13.565757427356377,41.4727472074837,20.10506100771495,2.7274259135673202,4.8929463845224515,0.18541685620447262,False,False
7.170515820860604,0.09361673107028634,0.0,45.16649707807845,0.2495263948172478,9.420204410564658,1.9160468449333001,14.820446260343353,2.256863088856377,10.37973387620442,43.5500193072968,20.993602354277275,2.7274259135673202,5.0920901272008186,0.17981907225363664,False,True
7.415218426159884,0.08577692759191036,0.7231808890763105,31.356712098234574,0.9148226339582071,11.429793962299618,1.6820466502190965,18.449992294619882,7.07952142692935,12.863181313280318,37.58410471833648,20.10506100771495,0.21894975692259722,3.519370409942785,0.17981907225363664,False,False
7.182548072433596,0.09387330625191725,0.0,44.567681339517144,0.2706611929169441,9.530587651188691,2.3399108758833176,16.43297662985375,1.0791107430954037,10.37973387620442,44.157571098353024,20.10506100771495,2.7274259135673202,4.93830165895749,0.17981907225363664,False,True
7.3895751792255,0.08669311284625646,0.18191159830538478,46.653251718630635,0.4686534941470219,10.373021277554491,2.0313792886233935,17.016663787579137,1.0791107430954037,12.050574529238276,42.494081259403345,20.993602354277275,0.6877781099086417,4.8929463845224515,0.7852428319754641,False,False
6.855486001718443,0.11164445411925847,0.0,52.45632374755334,0.20439495683992276,9.077282200170362,2.0702343688491935,19.725967999656007,0.5307325730925379,10.37973387620442,38.200396309909145,20.39476232529814,5.690043675112832,4.8929463845224515,0.18541685620447262,False,True
7.313525687299971,0.08494635290910772,0.35916422839762363,36.65816880155584,0.6062825924806268,10.55181500860654,2.2764636587937317,19.725967999656007,2.256863088856377,10.243822843394298,41.83614462043774,20.39476232529814,0.4640758816305126,4.8929463845224515,0.18541685620447262,False,False
7.597399937766813,0.07833868997429266,0.5407000605608321,29.656023564499947,0.6980860178706974,11.125523944473883,2.3125250555071193,17.27410616187085,3.557230563767508,10.37973387620442,43.68322796870746,22.830282409033984,0.6877781099086417,1.3177514880328864,0.2698894224742457,True,False
7.302122449224188,0.08852293601815817,0.45641185611953544,35.301609727137894,0.689560212289111,10.791895218983417,2.044625664541924,19.799822886134507,2.256863088856377,12.050574529238276,39.81625206753086,20.993602354277275,1.3836955917662863,3.519370409942785,0.17981907225363664,False,False
7.603009006727937,0.09774982448882674,0.09695013284317354,60.098435780970036,0.379019148084389,10.570846210141394,1.5288816677472798,16.43297662985375,4.675170918649308,10.37973387620442,41.49600257803194,20.10506100771495,2.7274259135673202,2.4804059556207125,1.7032231203575936,False,False
7.240412589608626,0.08731703525095523,0.2414594236288942,38.80061584447959,0.5126144059377014,10.249595776779604,2.0983362132632863,19.799822886134507,0.5307325730925379,10.37973387620442,42.06816060835418,20.993602354277275,1.1551822451609932,4.8929463845224515,0.17981907225363664,False,False
7.3418302503180675,0.0830188417512426,0.26315719738558435,37.20480455589414,0.5127797620187036,10.303865104101973,2.3068790196772997,17.27410616187085,2.256863088856377,10.37973387620442,43.558853180384475,20.993602354277275,0.4640758816305126,4.8929463845224515,0.17981907225363664,True,False
7.224704171072728,0.08820425636230089,0.21734371357664803,39.48699182241064,0.49694694618605045,10.192526377599762,2.0329148760418367,19.725967999656007,0.5307325730925379,10.37973387620442,41.934441129822474,20.993602354277275,1.311803551785324,4.93830165895749,0.18541685620447262,False,False
7.384971790833512,0.08537927066102936,0.546433948593289,32.154258397895056,0.7397123919723909,11.057351295681332,2.1902487608084225,20.469573332888146,0.5307325730925379,12.863181313280318,41.20818758253328,20.993602354277275,1.1551822451609932,2.5997215265138167,0.17981907225363664,False,False
7.324943016978002,0.08341649500391789,0.24755324365245504,37.798015550437576,0.5047654516067582,10.261818887725275,2.2710680329887767,17.27410616187085,2.256863088856377,10.37973387620442,43.354111653755275,20.993602354277275,0.4640758816305126,5.0920901272008186,0.18541685620447262,True,False
7.233374811394866,0.0877995567158277,0.42914704890339644,36.79896254800496,0.6821194983296808,10.682246146490016,2.3790885465252627,21.57252166022467,2.256863088856377,10.37973387620442,38.97693221651826,20.993602354277275,0.7475813471429129,4.8929463845224515,0.17981907225363664,False,False
7.378725041954089,0.08520257100087875,0.18138943514302275,38.913228007574766,0.4508442670797648,10.117883740823133,2.0510850257998077,13.943222522117564,5.429906130149788,10.37973387620442,44.21443287523731,20.10506100771495,0.8548781317998847,4.8929463845224515,0.17981907225363664,False,False
7.618788712827645,0.07975262694168908,0.6909030935675143,27.15147773244363,0.8208832211397339,11.491770981488518,1.9977078637306054,19.725967999656007,4.178047302028675,10.37973387620442,43.35424427094489,20.39476232529814,0.4640758816305126,1.3177514880328864,0.18541685620447262,False,False
7.429428406990106,0.08405121158504805,0.3031456233589243,36.13106958710062,0.5396765948963895,10.448014059704958,2.049302510096469,13.943222522117564,3.868442075621194,12.863181313280318,44.27803602915177,20.10506100771495,0.8548781317998847,3.9017620641098465,0.18541685620447262,False,False
7.011474002483181,0.10665577098192225,0.0852687659516003,46.62322266443112,0.3666953060137792,9.666084360787222,1.9322610998199439,19.799822886134507,2.256863088856377,10.190939002432955,38.015558387569115,20.993602354277275,5.044024798533352,3.519370409942785,0.17981907225363664,False,False
7.312464708953549,0.08545498288817592,0.2952487020319443,37.69814953677667,0.5536619778918819,10.387208305338342,1.7466260316899342,17.016663787579137,2.256863088856377,12.050574529238276,42.5149949183925,20.39476232529814,0.6877781099086417,4.8929463845224515,0.18541685620447262,False,False
7.437988552037622,0.0876067294920162,0.46776098267868826,35.742830314517995,0.707816920800624,10.945704433322199,2.280203400087967,19.725967999656007,5.8422933934066625,10.37973387620442,43.03669445882978,15.717997274253616,0.21894975692259722,4.8929463845224515,0.18541685620447262,False,False
7.866041131543697,0.08933348779584116,0.014219056688206513,72.64049136982604,0.2917378627408988,10.84388188001169,2.1064108747744537,17.060143271282318,0.9272137078646552,10.37973387620442,44.24542636446287,20.596096734335298,0.4640758816305126,3.519370409942785,2.807939754277134,False,False
7.686631358066234,0.08140597280075433,0.39423530291685194,36.24102070989605,0.6373420102054298,11.178023602454909,1.9983461085865746,17.016663787579137,2.1956810747997624,12.050574529238276,45.49419483843495,20.39476232529814,0.8548781317998847,1.3177514880328864,0.6754938248169686,False,False
7.571747598897599,0.09450888829087857,0.14570388013419122,66.35730528115921,0.43045435147641264,10.756318622179029,1.8464053263412048,19.725967999656007,2.256863088856377,10.37973387620442,39.70746851530445,20.10506100771495,0.8548781317998847,4.833601814658643,2.136425565805271,False,False
7.300751529815409,0.09140842124544866,0.39717818361122526,46.09281172262213,0.6957597416446836,10.920300030163274,2.3090868470501418,21.57252166022467,2.256863088856377,11.853848432780808,36.84793937925164,20.993602354277275,0.7475813471429129,4.8929463845224515,0.8346973529438723,False,False
7.600056063046134,0.0807103534167616,0.6582299200259256,28.153607876902015,0.8006842621541098,11.379938587281018,2.1573523047566376,14.728427059968059,3.557230563767508,15.686455470031568,43.44217812678873,20.39476232529814,0.6877781099086417,1.3177514880328864,0.18541685620447262,False,False
7.240412589608626,0.08731703525095523,0.2414594236288942,38.80061584447959,0.5126144059377014,10.249595776779604,2.0983362132632863,19.799822886134507,0.5307325730925379,10.37973387620442,42.06816060835418,20.993602354277275,1.1551822451609932,4.8929463845224515,0.17981907225363664,False,False
7.26752393312593,0.08961872914282114,0.4421965588724951,37.31422172712339,0.7032244878098701,10.725989745739051,1.9259726050617116,19.725967999656007,5.429906130149788,10.37973387620442,38.426089613748026,20.10506100771495,0.8548781317998847,4.8929463845224515,0.18541685620447262,False,False
7.1177409529706175,0.09641742900448391,0.10617993329434251,43.9542771002553,0.38875658756037224,9.816815120416285,1.3136790311801585,19.725967999656007,0.5307325730925379,10.37973387620442,41.35483774664305,20.10506100771495,2.8253035559621114,4.8929463845224515,0.18541685620447262,False,False
7.311689256005909,0.08579720473462805,0.2954300602186777,37.8198195247878,0.5555860013878794,10.361236243246864,1.3206398294603348,17.016663787579137,4.178047302028675,10.37973387620442,41.61160587599149,20.993602354277275,0.7475813471429129,4.8929463845224515,0.17981907225363664,False,False
7.272989470659022,0.09145136875020396,0.08147120037407482,40.66685989678767,0.3626888743294898,9.89724337905542,1.917230217433453,17.060143271282318,1.0791107430954037,10.37973387620442,44.06079435937684,20.993602354277275,2.7274259135673202,3.519370409942785,0.17981907225363664,False,False
7.697766933031958,0.08676698814210658,0.27638762024785674,48.973398956060755,0.5683256972963298,11.039445298198666,2.1036653435147037,13.943222522117564,5.429906130149788,12.863181313280318,42.45257040212646,20.64242090503456,0.8548781317998847,2.4887037788272353,1.3251168166641862,False,False
7.395985100982796,0.08846549666070272,0.40808128989360976,33.71797349790823,0.6160190535389375,10.703373335137425,1.8974027001985274,17.016663787579137,2.7713507732414495,12.050574529238276,41.274588825804855,22.830282409033984,2.5589691148157847,1.3177514880328864,0.17981907225363664,False,False
7.190069140566529,0.09254411270296241,0.0,44.851377057933036,0.22254464779291894,9.392702127871724,2.097212615696639,15.090601204816368,1.042618311916213,10.37973387620442,44.687655098491476,20.993602354277275,2.7274259135673202,4.8929463845224515,0.18541685620447262,False,True
7.240412589608626,0.08731703525095523,0.2414594236288942,38.80061584447959,0.5126144059377014,10.249595776779604,2.0983362132632863,19.799822886134507,0.5307325730925379,10.37973387620442,42.06816060835418,20.993602354277275,1.1551822451609932,4.8929463845224515,0.17981907225363664,False,False
7.195298372491594,0.09564948573025107,0.0,45.083933379195905,0.19908578572745472,9.365730272403596,2.2067001803039754,15.090601204816368,1.042618311916213,10.37973387620442,44.74649646143808,20.993602354277275,3.659768871033328,3.9017620641098465,0.18541685620447262,False,True
7.391754026050153,0.09667780746812468,0.2983753363171181,35.99703891413277,0.5327352241314587,10.576150603445736,2.0604729915668054,19.725967999656007,2.256863088856377,10.243822843394298,42.7164004857487,20.39476232529814,4.3467246191536075,0.13004178168840544,0.18541685620447262,False,False
7.479414075116238,0.08312652863874566,0.3493461087631946,34.801445760908,0.5694830618417515,10.570437881068218,2.1678985030022986,13.943222522117564,5.064616952991986,12.050574529238276,44.37088488177674,20.10506100771495,0.7664506239640595,3.519370409942785,0.17981907225363664,False,False
7.319657568243283,0.0840008069368654,0.366918698384493,36.640434237537605,0.6142110020945593,10.552816932464216,1.858977370011057,16.43297662985375,1.5059570507357427,14.177665959929776,42.281882611437894,20.10506100771495,0.21894975692259722,5.0920901272008186,0.18541685620447262,False,False
7.2483030531312105,0.08426142580831998,0.38898424943644183,36.51520228351278,0.6357067422296108,10.517478509224775,2.2279412364930065,17.27410616187085,1.9980656391989138,12.863181313280318,39.49752313820933,22.830282409033984,0.4640758816305126,4.8929463845224515,0.17981907225363664,False,False
7.539724629268328,0.09507210810227645,0.024794792541876484,58.2113832194924,0.30289526406652056,10.32643288665702,1.4628496624363903,17.844613949954148,0.5307325730925379,10.37973387620442,43.381259595121556,20.993602354277275,2.7274259135673202,2.5998790621647268,1.542752675618014,False,False
7.183791495069749,0.09346693873343692,0.0,44.659392612618014,0.26846239736051525,9.49221557411425,1.9174690605302334,15.090601204816368,2.256863088856377,10.37973387620442,43.47341032155131,20.993602354277275,2.7274259135673202,4.8929463845224515,0.18541685620447262,False,True
7.63558917272704,0.0886371268142333,0.25380627036685904,49.6650968493019,0.5445023731718772,11.019408375952263,1.7905627010298513,19.725967999656007,1.9374678356470576,10.37973387620442,43.068314027583384,19.80849567257013,1.1551822451609932,2.5997215265138167,1.3251168166641862,False,False
7.06769460999682,0.09806050164956825,0.1756096357712863,44.568606985477885,0.46200492367354795,9.87307448292203,2.0287933619481042,17.016663787579137,3.61801324117808,12.050574529238276,38.07295793422267,20.993602354277275,2.7274259135673202,5.340943167683594,0.17981907225363664,False,False
7.649425176799334,0.0840857457602239,0.4090400654658486,38.74197420464958,0.6885768731172641,11.302362182311695,1.5990614808602586,17.016663787579137,1.5059570507357427,14.71674115953823,44.36376662717508,18.92169847474186,0.6877781099086417,2.002151958345841,0.7852428319754641,False,False
7.334095889842729,0.09885387148640402,0.0,62.792937288323614,0.20996903942794937,9.781715310225541,1.5618147975390617,17.060143271282318,1.0791107430954037,10.37973387620442,41.42236466262757,20.993602354277275,2.7274259135673202,4.8929463845224515,1.4446727944232383,False,True
7.324943016978002,0.08341649500391789,0.24755324365245504,37.798015550437576,0.5047654516067582,10.261818887725275,2.2710680329887767,17.27410616187085,2.256863088856377,10.37973387620442,43.354111653755275,20.993602354277275,0.4640758816305126,5.0920901272008186,0.18541685620447262,True,False
6.9342520804578704,0.11237079286500375,0.0,52.71878660595524,0.16863566936273072,9.09226173502993,1.874478744469383,19.725967999656007,0.5307325730925379,10.37973387620442,41.17719444820947,17.417964186997814,5.690043675112832,4.8929463845224515,0.18541685620447262,False,True
7.475834895446319,0.08847545397593888,0.4274235072565316,40.922530640018934,0.7276685580904818,11.091713066004008,2.039154991839197,17.016663787579137,6.643870949297304,12.050574529238276,38.932813549863326,20.39476232529814,0.7664506239640595,3.519370409942785,0.6754938248169686,False,False
7.506853615084716,0.08123378298781538,0.7247694176458055,27.895834356470047,0.8672125042059584,11.530990667491896,1.658405396779355,19.725967999656007,0.5307325730925379,14.864744180155771,41.84569655348908,20.59317054465053,0.4640758816305126,1.7901954111211003,0.18541685620447262,False,False
7.081273420266955,0.0968542192215133,0.09291025465496211,45.62146062388557,0.3747570765958259,9.625768107330687,2.289038228042161,13.943222522117564,3.2614388810444255,13.512378507982465,39.68113968017012,21.176778590995138,2.7274259135673202,5.517796831869328,0.17981907225363664,False,False
7.117963171115232,0.09580280369359226,0.11598350441877331,43.555050838540424,0.39909935509664674,9.839778122466921,1.4564425139959718,19.725967999656007,0.5307325730925379,10.37973387620442,41.16861185540549,20.39476232529814,2.7274259135673202,4.8929463845224515,0.17981907225363664,False,False
7.227938703161073,0.09304522128565547,0.0,45.0227608313023,0.21924232456437082,9.401366103744078,2.184122673426194,13.943222522117564,2.5640818553148415,10.37973387620442,45.20211158435398,20.10506100771495,2.7274259135673202,4.8929463845224515,0.18541685620447262,False,True
7.563763117230898,0.0874537199966082,0.3552449260773312,40.34166013832339,0.6515201549464253,10.994164538693473,2.234782094014915,13.943222522117564,5.613281954978969,14.177665959929776,42.02693629391178,19.80849567257013,1.1551822451609932,2.5997215265138167,0.6754938248169686,False,False
7.190069140566529,0.09254411270296241,0.0,44.851377057933036,0.22254464779291894,9.392702127871724,2.097212615696639,15.090601204816368,1.042618311916213,10.37973387620442,44.687655098491476,20.993602354277275,2.7274259135673202,4.8929463845224515,0.18541685620447262,False,True
7.0922003914181495,0.09701263981377432,0.225668163711272,43.089483375536894,0.5148166706502328,10.034196152683911,2.3328270398648767,17.016663787579137,4.178047302028675,12.050574529238276,37.25412518829315,21.780214283894676,2.6420116682391663,4.8929463845224515,0.18541685620447262,False,False
7.273178136528219,0.09142363450250778,0.0801631493381132,40.67262972120133,0.36130888048655035,9.894252641390842,1.9386034956413827,17.060143271282318,1.042618311916213,10.37973387620442,44.097286790556026,20.993602354277275,2.7274259135673202,3.519370409942785,0.17981907225363664,False,False
7.240860949420153,0.09450193702476486,0.2234447450997478,39.80564995998161,0.5079215143628177,10.267406929996415,1.1748175070355684,19.799822886134507,2.256863088856377,10.190939002432955,41.22069861909746,20.10506100771495,2.7274259135673202,3.519370409942785,0.17981907225363664,False,False
7.330336906567706,0.08453829232601538,0.5517841776659278,33.26217741557783,0.761134651923979,10.946929879204182,1.676203276662792,17.27410616187085,3.557230563767508,13.512378507982465,38.43903476524012,22.830282409033984,0.6877781099086417,3.519370409942785,0.17981907225363664,False,False
6.913908336987,0.11160211561655028,0.0,52.75505949704178,0.15536099804959091,9.024896811047011,1.8929839699834103,19.725967999656007,0.5307325730925379,9.756122964353098,40.59288341150984,18.625886135548765,5.690043675112832,4.8929463845224515,0.18541685620447262,False,True
7.2365212741715705,0.09516888017915937,0.48169012537418326,35.9477116929999,0.7254298623699581,10.896862180153695,2.181542504756296,21.504620594414394,0.5307325730925379,13.866253659474731,38.356060917448055,20.39476232529814,2.7274259135673202,2.440324944451181,0.17981907225363664,False,False
7.189606360625548,0.09488355846411811,0.2539470574423688,41.587833153114744,0.54465090353654,10.205856127801074,2.0244780303598566,17.489307163382612,5.89911777540226,10.37973387620442,38.653130028765695,20.39476232529814,2.105585590219956,4.8929463845224515,0.18541685620447262,False,False
7.00241140278374,0.09756677593836047,0.0,48.11008556527992,0.2171857694338406,9.152072252443332,1.5501538200465186,13.943222522117564,0.5307325730925379,12.863181313280318,40.71751346394904,22.830282409033984,3.4174518144035932,5.517796831869328,0.17981907225363664,False,True
7.533078111016872,0.08358734152868828,0.5183813763726501,32.40016572674587,0.7136188709225597,11.118969003292598,2.378848015106301,18.449992294619882,2.256863088856377,13.512378507982465,45.69038130204566,16.16664778342576,0.21894975692259722,3.519370409942785,0.18541685620447262,False,False
7.628746370415747,0.07748506396250003,0.5891756343264861,27.660125897513247,0.7208043612873682,11.232204345367485,2.1658029685456817,17.27410616187085,2.1956810747997624,12.050574529238276,45.5243894378968,20.993602354277275,0.4640758816305126,1.3177514880328864,0.17981907225363664,False,False
7.62943391315959,0.07795878812288658,0.6510666858444198,26.926098930207765,0.7756462131240317,11.37838519520377,2.0000564375221543,17.27410616187085,2.4921561991802137,12.863181313280318,44.61063985223332,20.993602354277275,0.4640758816305126,1.1224191652738718,0.17981907225363664,False,False
7.0928986719602065,0.0949071427644649,0.10763025236378489,43.74948243944293,0.39028667417863394,9.743645934201588,1.7029073282202174,17.016663787579137,0.9289058490426918,12.050574529238276,40.13250740908522,22.071157054711257,2.7274259135673202,4.8929463845224515,0.17981907225363664,False,False
7.483997640211718,0.08245273570401356,0.3156753498350301,34.94162143710258,0.535956639508892,10.497779053971003,2.3706088399446292,13.943222522117564,4.178047302028675,12.050574529238276,45.25745453274005,20.10506100771495,0.7664506239640595,3.519370409942785,0.17981907225363664,False,False
7.094096775763469,0.09862020483355469,0.24192137198193375,43.17207592872724,0.531963805375781,10.14827758722789,2.004328250972561,17.016663787579137,0.7898165557076916,16.129318232258424,39.04648939051446,19.211922879646046,2.7274259135673202,4.8929463845224515,0.18541685620447262,False,False
7.448928779093428,0.08958958380534798,0.33913955215213526,34.597837172076076,0.5558155742666104,10.630859355611197,1.057622667498015,17.016663787579137,2.256863088856377,12.050574529238276,44.050542011223385,20.39476232529814,2.7274259135673202,1.3177514880328864,0.18541685620447262,False,False
7.116683105427245,0.09623841982951849,0.13296352154814636,43.47065951518869,0.4170132731681353,9.8884255203187,1.458480248727719,19.725967999656007,0.5307325730925379,10.859903632041158,40.978143417151934,20.10506100771495,2.7274259135673202,4.8929463845224515,0.17981907225363664,False,False
7.252245698341809,0.08833533898217988,0.20937360884487102,39.44897952834905,0.48799715626658474,10.206755095304041,1.7613736450769335,19.725967999656007,0.5307325730925379,10.37973387620442,42.86833775081983,20.10506100771495,1.311803551785324,4.8929463845224515,0.18541685620447262,False,False
7.400677505400219,0.08858553212714497,0.39394304541089076,45.47915438207185,0.6923466708433307,10.983318935507889,1.4491208074517,18.449992294619882,3.2614388810444255,13.512378507982465,38.68970388173486,20.10506100771495,0.21894975692259722,4.8929463845224515,0.8695292854583642,False,False
7.385000168053873,0.08512241648536115,0.49113841775781475,33.631140426147,0.7024077420038009,10.916973515024297,1.842587403457073,19.635942055141523,1.9980656391989138,12.050574529238276,41.74471666254585,20.10506100771495,0.7664506239640595,3.519370409942785,0.17981907225363664,False,False
7.346998771710538,0.09288172369204449,0.2812346216534759,37.668278066224026,0.5384517263505626,10.435888325570769,1.6073217475186643,17.844613949954148,4.178047302028675,10.37973387620442,41.98541981611212,20.10506100771495,2.7274259135673202,2.5998790621647268,0.17981907225363664,False,False
7.070731233777082,0.09808505604122558,0.23769895566747776,42.99510806223836,0.5275091561640299,10.12399534303032,2.176651445871603,19.725967999656007,1.0791107430954037,12.80633040175437,38.18803937590184,20.39476232529814,2.7274259135673202,4.8929463845224515,0.18541685620447262,False,False
7.7666482333774685,0.09477649024117829,0.06525533048798239,63.65450280574119,0.34558113159966236,10.76810103336187,1.8572008895969525,13.943222522117564,2.1956810747997624,13.512378507982465,43.31826087734279,20.993602354277275,2.5589691148157847,1.3177514880328864,2.1601340606314836,False,False
7.452037286565632,0.08087439174713562,0.47954666079640473,32.48051402370115,0.673792478366551,10.884826162654523,2.1290986511332513,17.016663787579137,1.5059570507357427,13.512378507982465,43.6520990892855,20.39476232529814,0.21894975692259722,3.519370409942785,0.17981907225363664,False,False
7.714792051696881,0.08250799036524165,0.45292530521664726,37.06980491940956,0.7110625989283077,11.400614270253744,1.7916323848716953,17.016663787579137,4.178047302028675,12.050574529238276,43.85888094352197,20.10506100771495,0.6877781099086417,1.3177514880328864,0.7852428319754641,False,False
7.483997640211718,0.08245273570401356,0.3156753498350301,34.94162143710258,0.535956639508892,10.497779053971003,2.3706088399446292,13.943222522117564,4.178047302028675,12.050574529238276,45.25745453274005,20.10506100771495,0.7664506239640595,3.519370409942785,0.17981907225363664,False,False
7.647003644712453,0.0830225622880799,0.4906409691718995,35.75402630119379,0.7321147475214811,11.387067544754597,1.7876640783054123,17.016663787579137,2.1956810747997624,14.177665959929776,43.36710340774344,20.39476232529814,0.8548781317998847,1.3177514880328864,0.6754938248169686,False,False
7.248180479534627,0.08666347626621208,0.25536442342114896,38.78586175174977,0.5270740691015647,10.298870936438533,2.266509672338411,20.668914778400847,0.5307325730925379,9.92195440087399,42.461705102555314,20.10506100771495,0.7664506239640595,5.365362441144661,0.17981907225363664,False,False
6.878494117515292,0.11192785838866445,0.0,53.9436492150207,0.18826530820821824,9.071738709206913,2.208050220727102,19.725967999656007,1.042618311916213,9.756122964353098,38.21519637743494,20.39476232529814,5.690043675112832,4.8929463845224515,0.2823419617063184,False,True
7.2074250471747625,0.10798328994520714,0.0,52.793789879483796,0.2763352720141972,9.81349227836313,2.3782502064249678,19.725967999656007,0.5307325730925379,10.37973387620442,40.6991558000231,20.39476232529814,5.690043675112832,1.8384323068356638,0.7411714437773047,False,True
7.113143229911683,0.09435145914026859,0.0,46.30032338699698,0.23992268979307374,9.339890219883088,1.8377743086444622,13.943222522117564,0.5307325730925379,12.863181313280318,43.23862163559119,20.993602354277275,2.7274259135673202,5.517796831869328,0.18541685620447262,False,True
7.301348975249272,0.09126335558034909,0.0548270961878281,41.02093675821514,0.3345793444129995,9.837296835947447,2.215280894262945,13.943222522117564,0.5307325730925379,13.512378507982465,45.48198999332874,20.10506100771495,2.7274259135673202,3.519370409942785,0.17981907225363664,False,False
6.9085708780062065,0.1078450266896224,0.05253314553664323,49.460271192165735,0.3321592264759995,9.433871759196856,2.2681902898581625,19.725967999656007,2.256863088856377,10.243822843394298,36.73025461890839,21.176778590995138,4.787949617462863,4.8929463845224515,0.18541685620447262,False,False
7.461067381240054,0.08065372008243367,0.4616646362044012,32.56090393020936,0.6560717673565629,10.855868030210019,2.1494343817180157,17.060143271282318,1.0791107430954037,13.512378507982465,44.32516723080584,20.10506100771495,0.21894975692259722,3.519370409942785,0.17981907225363664,False,False
7.213242236835304,0.098041732833412,0.15747943010022877,42.37534709189255,0.44287755669058226,10.01060051015997,1.3917191935215054,15.800300408220394,4.178047302028675,12.050574529238276,40.74377767224686,20.10506100771495,3.4174518144035932,3.519370409942785,0.18541685620447262,False,False
7.0928986719602065,0.0949071427644649,0.10763025236378489,43.74948243944293,0.39028667417863394,9.743645934201588,1.7029073282202174,17.016663787579137,0.9289058490426918,12.050574529238276,40.13250740908522,22.071157054711257,2.7274259135673202,4.8929463845224515,0.17981907225363664,False,False
7.430641977264604,0.09195023494058804,0.12372170743198597,56.4679232177317,0.4072631592755861,10.415017619090735,2.2521570606685546,19.725967999656007,0.5307325730925379,10.37973387620442,41.533447028007465,20.405875047298863,1.1551822451609932,4.8929463845224515,1.3761148460572539,False,False
7.141523290705297,0.09213921729392827,0.09263267477012761,43.135659026544204,0.3744642298173255,9.696145180826596,1.6978767461195154,13.943222522117564,2.256863088856377,12.863181313280318,40.65714172716637,22.830282409033984,2.3765434827693004,4.8929463845224515,0.17981907225363664,False,False
7.332148420382819,0.09139181630488281,0.22878994705395597,37.85479182467974,0.48577871916165705,10.294131314250631,1.482806093727273,17.844613949954148,2.5029113828175054,10.37973387620442,42.772014388760965,20.993602354277275,2.7274259135673202,2.5998790621647268,0.17981907225363664,False,False
7.429944653541384,0.08520144818733369,0.47142649927605745,34.039539532976185,0.6874276404461753,10.85161650129022,1.242492396040931,16.43297662985375,5.305020146029517,12.050574529238276,41.64072758100302,20.10506100771495,0.7664506239640595,3.519370409942785,0.17981907225363664,False,False
7.378725041954089,0.08520257100087875,0.18138943514302275,38.913228007574766,0.4508442670797648,10.117883740823133,2.0510850257998077,13.943222522117564,5.429906130149788,10.37973387620442,44.21443287523731,20.10506100771495,0.8548781317998847,4.8929463845224515,0.17981907225363664,False,False
7.437181057944111,0.0865197790968957,0.1569311597218539,50.10943451119238,0.4422991314413968,10.37946249337201,1.5922894877793414,17.27410616187085,2.256863088856377,10.37973387620442,42.16353389161768,21.344965213610866,0.4640758816305126,5.0920901272008186,1.024631759008473,False,False
7.627512704699671,0.08271685847005233,0.5810970436602046,33.23334311867533,0.7916490990962041,11.52556345025077,2.187483093465139,16.395457905120224,0.5307325730925379,17.18865948972144,43.31229967837061,20.10506100771495,0.8548781317998847,1.0465468363308474,0.566364377849503,False,False
7.113143229911683,0.09435145914026859,0.0,46.30032338699698,0.23992268979307374,9.339890219883088,1.8377743086444622,13.943222522117564,0.5307325730925379,12.863181313280318,43.23862163559119,20.993602354277275,2.7274259135673202,5.517796831869328,0.18541685620447262,False,True
7.172091319006765,0.09303742871368659,0.18481028044625364,41.534857809344714,0.47171160380563854,10.070543921942647,1.4313541390771867,19.725967999656007,1.5059570507357427,10.243822843394298,40.966611743527245,20.39476232529814,2.0901125806124865,4.8929463845224515,0.17981907225363664,False,False
7.490679387938523,0.09196106733707152,0.086448503736681,57.11963417513269,0.36793992937703934,10.308516349617017,1.1207209525526947,16.43297662985375,3.533395469694044,10.37973387620442,42.37579960150191,19.80849567257013,1.1551822451609932,4.93830165895749,1.3761148460572539,False,False
7.397736749398665,0.08551792486827425,0.19643332570581065,39.5413050976927,0.47565995711709097,10.278403076868521,2.131498922112296,16.43297662985375,3.557230563767508,10.37973387620442,44.902387310402766,18.831702428431175,0.6877781099086417,4.93830165895749,0.2698894224742457,False,False
7.248615691496294,0.08928358906768488,0.2744821130298516,39.39116892456869,0.5558633529278506,10.33379048209641,1.4221518087088456,17.27410616187085,2.256863088856377,12.863181313280318,41.36466453485604,19.80849567257013,1.1551822451609932,5.0920901272008186,0.18541685620447262,False,False
7.576646826297926,0.08269237082672784,0.3680351074659559,38.63212585675281,0.6437523026594076,11.044895280723622,2.14979496911067,17.016663787579137,2.1956810747997624,12.863181313280318,43.6143475077337,20.39476232529814,0.4640758816305126,2.7757942848614583,0.6754938248169686,False,False
7.195975720084458,0.0933137135348896,0.0,44.81800877177378,0.25848769008553535,9.453125021645617,1.6822776703695002,13.943222522117564,3.2614388810444255,10.37973387620442,43.43303697534421,21.176778590995138,2.7274259135673202,4.8929463845224515,0.18541685620447262,False,True
7.407359856893994,0.08382897085459436,0.5393448589019221,32.64248226021559,0.7391861514618724,11.033298380958568,1.9111904572593759,19.799822886134507,2.256863088856377,12.050574529238276,41.62441312422895,20.10506100771495,0.4640758816305126,3.519370409942785,0.17981907225363664,False,False
7.251920998125823,0.08735383799397119,0.233318875273001,38.855670342030876,0.5048101532321261,10.243756043654145,1.9710663630009237,19.725967999656007,0.5307325730925379,10.37973387620442,42.52288621917542,20.61273162993453,1.1551822451609932,4.8929463845224515,0.17981907225363664,False,False
7.083153269112778,0.09768732851880561,0.22276852529518687,43.054348408668176,0.5117575521212631,10.059638011754624,1.709750967798885,19.725967999656007,3.2614388810444255,10.37973387620442,37.6558892817566,21.176778590995138,2.7274259135673202,4.8929463845224515,0.17981907225363664,False,False
7.33539326992262,0.08828336664979129,0.663718004380243,32.711021407782354,0.8713758793566339,11.303487574352198,2.0964005995389123,21.615105345509335,4.178047302028675,12.050574529238276,37.58557170934828,20.10506100771495,0.7664506239640595,3.519370409942785,0.17981907225363664,False,False
7.471418573535427,0.08444571497198979,0.4431016640437,32.88405841221487,0.6410898436559955,10.870059855842872,2.0786213892050656,19.725967999656007,2.256863088856377,10.243822843394298,44.024529767643905,19.80849567257013,1.1551822451609932,2.5997215265138167,0.18541685620447262,False,False
7.096720703129453,0.10223112847893132,0.0,60.04578812026332,0.15845108856969847,9.284729959129509,2.188181719880151,17.27410616187085,0.5307325730925379,10.37973387620442,40.186168103566295,21.344965213610866,3.4174518144035932,5.928884010421908,0.9379582468295335,False,True
7.399031705174221,0.11526164191336216,0.0,82.34249118431555,0.0,9.314275385793517,2.2866718992639585,13.943222522117564,4.178047302028675,9.756122964353098,40.146140774415066,20.39476232529814,5.690043675112832,3.519370409942785,2.3722900267318394,False,True
7.364484760818169,0.0864628253907918,0.36915093605818344,36.63406349196742,0.6164752876647505,10.685046889625664,2.1697802419305146,19.725967999656007,0.5307325730925379,12.863181313280318,44.37578238988613,16.961896601727567,0.4640758816305126,4.8929463845224515,0.18541685620447262,False,False
7.414759901580318,0.0933674442111024,0.0,51.42361498884423,0.25532663446408416,9.840261202511194,1.924062514513145,13.943222522117564,3.2614388810444255,10.37973387620442,44.0959597603506,21.176778590995138,2.7274259135673202,3.545911170262163,0.8695292854583642,False,True
7.435904144798352,0.08267745906472387,0.5657162534390391,31.996738710734043,0.7578120008545741,11.099846366647531,1.8783141219561048,18.449992294619882,2.256863088856377,13.512378507982465,42.05413119685212,19.80849567257013,0.21894975692259722,3.519370409942785,0.17981907225363664,False,False
7.461067381240054,0.08065372008243367,0.4616646362044012,32.56090393020936,0.6560717673565629,10.855868030210019,2.1494343817180157,17.060143271282318,1.0791107430954037,13.512378507982465,44.32516723080584,20.10506100771495,0.21894975692259722,3.519370409942785,0.17981907225363664,False,False
7.017440915874717,0.10144932822269875,0.21012802505946285,44.53784115586243,0.4984218243725742,10.000229297115407,2.1073992017339043,21.57252166022467,1.9980656391989138,10.37973387620442,37.093827007744224,20.56224537494587,3.3208409849058054,4.8929463845224515,0.17981907225363664,False,False
6.863151498581693,0.11171514124074877,0.0,52.48186657322143,0.200914871118056,9.078740005094978,1.9311457172385202,19.725967999656007,0.5307325730925379,10.37973387620442,38.490097627492325,20.10506100771495,5.690043675112832,4.8929463845224515,0.18541685620447262,False,True
7.017603525073925,0.09826027751591056,0.16914723958084815,44.625138074459144,0.45518709569263577,9.840679029793659,2.2984732553230383,19.725967999656007,2.256863088856377,10.243822843394298,37.19393164370225,22.263554265955698,2.936001702539493,5.194441599691406,0.18541685620447262,False,False
7.628746370415747,0.07748506396250003,0.5891756343264861,27.660125897513247,0.7208043612873682,11.232204345367485,2.1658029685456817,17.27410616187085,2.1956810747997624,12.050574529238276,45.5243894378968,20.993602354277275,0.4640758816305126,1.3177514880328864,0.17981907225363664,False,False
7.205046938093376,0.09294365847923858,0.0,44.929487130644084,0.23679317155955604,9.405272571590908,1.8779608575851112,13.943222522117564,3.2614388810444255,9.89281932929523,43.9199515222534,21.176778590995138,2.7274259135673202,4.8929463845224515,0.18541685620447262,False,True
7.324943016978002,0.08341649500391789,0.24755324365245504,37.798015550437576,0.5047654516067582,10.261818887725275,2.2710680329887767,17.27410616187085,2.256863088856377,10.37973387620442,43.354111653755275,20.993602354277275,0.4640758816305126,5.0920901272008186,0.18541685620447262,True,False
7.4701625592696885,0.08444038138756965,0.4455882445324134,32.79236573816384,0.6424073995104257,10.871822400009796,2.0863997240481678,19.799822886134507,2.256863088856377,10.190939002432955,44.00915650607758,19.80849567257013,1.1551822451609932,2.5997215265138167,0.17981907225363664,False,False
7.185701366734765,0.09951505783522499,0.20707221048839902,43.31698119421801,0.49519794000010187,10.1791975329456,1.3257970605115363,19.725967999656007,2.408876852543922,12.050574529238276,41.68679149114469,16.321999973122853,2.7274259135673202,4.8929463845224515,0.18541685620447262,False,False
7.401072145767519,0.10321260440105473,0.0,60.17843252577927,0.21002518443654367,9.852734583651156,1.9833636109253208,13.943222522117564,2.1956810747997624,12.863181313280318,42.33404021004489,20.39476232529814,4.344274211281324,2.5997215265138167,1.3251168166641862,False,True
7.428349459791634,0.10356597880016208,0.0,74.44336817283553,0.25761814307922587,10.186412900869353,1.817603185769078,17.060143271282318,0.5307325730925379,13.512378507982465,38.931482015203834,20.10506100771495,2.5589691148157847,5.013843996080715,2.2873895138273923,False,True
7.317808660458599,0.08691699744749254,0.4482175498747458,36.39891997712067,0.6965419090393061,10.732588145085073,1.7816088963648664,17.27410616187085,5.429906130149788,12.050574529238276,39.603510832619534,20.10506100771495,0.4640758816305126,4.8929463845224515,0.17981907225363664,False,False
7.378725041954089,0.08520257100087875,0.18138943514302275,38.913228007574766,0.4508442670797648,10.117883740823133,2.0510850257998077,13.943222522117564,5.429906130149788,10.37973387620442,44.21443287523731,20.10506100771495,0.8548781317998847,4.8929463845224515,0.17981907225363664,False,False
7.607869371519253,0.0794854616849639,0.7580196878640093,26.446895127716928,0.8816573349461959,11.636014553875409,1.9118333399326208,18.449992294619882,3.3405300434503786,13.512378507982465,42.76025992482552,20.10506100771495,0.21894975692259722,1.4330093922305724,0.17981907225363664,False,False
7.319192484642097,0.08753838636262953,0.3208191789548722,38.019624920214056,0.5852169310931655,10.440659501542948,0.9805388898125655,17.016663787579137,5.429906130149788,10.37973387620442,41.140991609775725,20.10506100771495,0.8548781317998847,4.8929463845224515,0.17981907225363664,False,False
7.371715966642389,0.09745771865930745,0.08607636994218353,47.906555240582925,0.3675473282238445,10.106091192937008,1.3187591406844248,13.943222522117564,2.1956810747997624,14.177665959929776,43.084729059552515,19.80849567257013,3.514990359699468,2.5997215265138167,0.6754938248169686,False,False
7.139614121590594,0.10065568005960902,0.2002153089005705,41.56901455408117,0.48796390882494284,10.155312912733965,1.5925387608155592,19.725967999656007,0.5307325730925379,12.407931480229339,39.373952222555204,20.993602354277275,4.18251745182044,2.5998790621647268,0.18541685620447262,False,False
7.109663093294318,0.09530573160224655,0.10497748465401527,43.79298189456654,0.38748800424482704,9.781335794567065,2.1353949736234523,17.84625304630138,0.2498348954028083,12.050574529238276,41.05394602048601,20.993602354277275,2.7274259135673202,4.8929463845224515,0.18541685620447262,False,False
7.192462607456627,0.09327780538333108,0.21235644660484548,39.87579519947693,0.49722229106666704,10.169271964477494,1.9895734249261436,18.138460486712944,1.0791107430954037,12.050574529238276,40.23408179047837,22.071157054711257,2.7274259135673202,3.519370409942785,0.17981907225363664,False,False
7.435904144798352,0.08267745906472387,0.5657162534390391,31.996738710734043,0.7578120008545741,11.099846366647531,1.8783141219561048,18.449992294619882,2.256863088856377,13.512378507982465,42.05413119685212,19.80849567257013,0.21894975692259722,3.519370409942785,0.17981907225363664,False,False
7.378173284193553,0.09264278999146157,0.2141025043924438,49.51434046810067,0.5026149000688691,10.42576872639739,1.4700465325190517,17.016663787579137,5.487173335323249,10.37973387620442,39.9370887714121,20.10506100771495,1.311803551785324,4.8929463845224515,0.8695292854583642,False,False
7.173895932597244,0.09521878243138956,0.06661227007728444,44.22459308496185,0.34701270286637603,9.693980811948137,1.5392254834341776,16.395457905120224,3.3405300434503786,10.1040085514141,41.959452020422916,20.39476232529814,2.7274259135673202,4.8929463845224515,0.18541685620447262,False,False
7.710976681583128,0.09351063988227312,0.0,76.55595140729447,0.21054300297097983,10.376258427821938,2.254620064402926,13.943222522117564,2.1956810747997624,12.050574529238276,42.33321142685539,20.993602354277275,0.8548781317998847,4.8929463845224515,2.735883576389388,False,True
6.964980868434926,0.11303493854132515,0.0,57.9956966219339,0.19350627182273922,9.153901815860944,2.2552847304419847,16.395457905120224,4.67457828167668,10.37973387620442,37.13256471482646,20.39476232529814,5.563592134502125,4.8929463845224515,0.566364377849503,False,True
7.230077836976413,0.0848557651227349,0.3832090852735081,37.067494769889656,0.6374790882709462,10.496642041148652,2.178287511673699,17.27410616187085,2.256863088856377,12.863181313280318,39.03398416192267,22.830282409033984,0.4640758816305126,5.0920901272008186,0.18541685620447262,False,False
7.714626794769615,0.1059562155149067,0.0,96.73463800876183,0.0,9.872168053660749,2.100547419431021,13.943222522117564,2.256863088856377,10.37973387620442,41.06776282176233,21.028274686901597,2.7274259135673202,4.8929463845224515,3.703770706067946,False,True
7.125430325579724,0.09584774865358825,0.12445581427207181,43.942178299159416,0.4080376419918767,9.800082163298876,1.8152860111744136,15.090601204816368,2.256863088856377,13.512378507982465,40.34076568977327,20.993602354277275,2.7274259135673202,4.8929463845224515,0.18541685620447262,False,False
7.315016496923827,0.08775531414610442,0.3309653888657067,38.02710058791324,0.5960276428145242,10.468492854952649,1.0999674685158265,17.27410616187085,5.429906130149788,10.37973387620442,40.87795145153318,20.10506100771495,0.8548781317998847,4.8929463845224515,0.18541685620447262,False,False
7.451195088966302,0.08090743615475003,0.4815191511582453,32.46787236325667,0.6756934270265366,10.88939241989383,2.1217285183677608,17.060143271282318,1.5059570507357427,13.512378507982465,43.60861960558232,20.39476232529814,0.21894975692259722,3.519370409942785,0.17981907225363664,False,False
7.08860894640175,0.09649821452007261,0.2830059632616215,41.6479609848147,0.5753080491758515,10.262558368157467,2.234117948324126,21.57252166022467,2.256863088856377,10.37973387620442,37.34797008089187,20.993602354277275,2.3765434827693004,4.8929463845224515,0.17981907225363664,False,False
7.008942483416616,0.09821455564378599,0.0,48.03288538897406,0.24394151896205452,9.208662656204678,1.8898953735891815,13.943222522117564,2.1956810747997624,12.050574529238276,39.865171746283856,22.830282409033984,3.4174518144035932,5.517796831869328,0.17981907225363664,False,True
7.475547748577513,0.08278427507634173,0.3354656339919973,34.81478580978998,0.5550291353125305,10.543592980390077,2.0642673136668774,14.379458538338833,4.178047302028675,12.050574529238276,44.821218516518776,20.10506100771495,0.7664506239640595,3.519370409942785,0.17981907225363664,False,False
7.124283950378567,0.095014769838899,0.0,46.29575276053215,0.23972904102236714,9.375353137455122,2.3467352720119354,16.43297662985375,0.9289058490426918,10.37973387620442,43.64342715300795,20.10506100771495,2.7274259135673202,5.602650498355278,0.17981907225363664,False,True
7.3229127400506595,0.08827611002618627,0.38986525461096977,38.48673599290457,0.6647126248156561,10.650230925968708,2.3518861888232245,17.27410616187085,7.00114317694804,10.37973387620442,38.971202883263274,20.52319998480808,0.6877781099086417,4.8929463845224515,0.2698894224742457,False,False
7.435771103144868,0.08434494882589305,0.42862554065119396,34.217725398338374,0.6448101568851465,10.759255427429254,0.9743675297876152,16.43297662985375,4.178047302028675,12.050574529238276,42.76770042500386,20.10506100771495,0.7664506239640595,3.519370409942785,0.17981907225363664,False,False
7.054516249267485,0.09605905177593949,0.1838441798777129,43.36304187562556,0.470692367705828,9.894457202155644,2.379770289953939,16.894286158024737,1.9980656391989138,12.863181313280318,37.613993110118635,22.830282409033984,2.7274259135673202,4.8929463845224515,0.17981907225363664,False,False
7.034926828684769,0.09770554978693038,0.14513220946116628,45.08505943929392,0.42985123891637134,9.791569706062166,2.346918577789298,17.844613949954148,1.042618311916213,12.863181313280318,38.82534446893093,20.993602354277275,2.7274259135673202,5.517796831869328,0.18541685620447262,False,False
6.99563596190373,0.0987032206476145,0.0,47.96041232944817,0.27222945780431834,9.273124060068723,2.092286618129956,13.943222522117564,1.9980656391989138,12.863181313280318,39.24458261389183,22.830282409033984,3.4174518144035932,5.517796831869328,0.18541685620447262,False,True
7.335172491162073,0.0854289285235921,0.21539630044844799,38.58737635763075,0.48208108793855253,10.203523720226865,1.7126508605494462,16.395457905120224,3.3405300434503786,10.37973387620442,43.55627447740003,20.39476232529814,0.8548781317998847,4.8929463845224515,0.18541685620447262,False,False
7.081363249202197,0.09928143940024566,0.14742657311592058,44.51171706707994,0.4322717925721371,9.87431247784764,1.5460883388272624,19.725967999656007,2.1956810747997624,10.37973387620442,39.39213101512685,20.10506100771495,3.1286595697219246,4.8929463845224515,0.17981907225363664,False,False
7.135072453125884,0.09607082391347692,0.12718677786670313,43.82806137631518,0.41091880858421276,9.823371562932358,1.6732801447593872,17.27410616187085,3.4995228423808133,10.37973387620442,40.047245610972396,20.993602354277275,2.7274259135673202,4.8929463845224515,0.18541685620447262,False,False
7.38809421029075,0.08473860679952169,0.26708251033758806,38.087485457810565,0.5294911410976793,10.308820320004402,2.326273014224256,13.943222522117564,7.031760394524885,10.390072456397894,42.788300754208905,20.10506100771495,0.4640758816305126,5.0920901272008186,0.18541685620447262,False,False
7.344362272859321,0.08291554936630692,0.25699733350741916,37.23592118402985,0.5067242345387779,10.290508189730213,2.317907013339177,17.27410616187085,2.256863088856377,10.243822843394298,43.694764213194595,20.993602354277275,0.4640758816305126,4.8929463845224515,0.17981907225363664,True,False
7.131332919207386,0.0944356260905789,0.04984767681292467,44.11352762463257,0.3293260569724764,9.646975449740937,1.8365779608879607,18.087559306004188,0.5307325730925379,10.298692432192173,42.24386668965538,20.993602354277275,2.7274259135673202,4.93830165895749,0.17981907225363664,False,False
7.150736170452228,0.09433262183731182,0.08576387941575653,43.991911700270876,0.367217650718464,9.70148615504501,1.958794787444342,13.943222522117564,2.3216201692194227,13.512378507982465,41.47654426325314,20.993602354277275,2.5589691148157847,5.013843996080715,0.17981907225363664,False,False
7.104653148045404,0.0959348473943372,0.13686488503338903,43.622054226543135,0.42112921164506634,9.845805066479418,1.888880787289861,17.060143271282318,1.0791107430954037,12.863181313280318,40.203770947721274,20.993602354277275,2.7274259135673202,4.8929463845224515,0.17981907225363664,False,False
7.415362056987108,0.0823692238253988,0.5686931773517796,32.02751169785758,0.7613908907354172,11.078418675398584,2.086046287192485,17.060143271282318,1.5059570507357427,15.43578333778348,41.685214775781304,20.39476232529814,0.21894975692259722,3.519370409942785,0.17981907225363664,False,False
7.498356036346021,0.08960668159387904,0.0,57.56823768648003,0.2579540939049747,10.060940728155064,2.168613691268499,16.43297662985375,0.5307325730925379,10.37973387620442,45.0818971629586,20.10506100771495,1.1551822451609932,4.93830165895749,1.3761148460572539,False,True
7.009955773094312,0.0984711871067476,0.1942382127241634,44.78712932722925,0.4816580723588333,9.891501407969775,1.965188336911177,17.060143271282318,1.0791107430954037,14.705375219443457,37.55355035749339,21.176778590995138,2.7274259135673202,5.517796831869328,0.17981907225363664,False,False
7.468858775825015,0.08307031685988552,0.35250493660717797,34.755576326585945,0.5721624030101918,10.577639525986724,2.1205595478956707,13.943222522117564,4.178047302028675,12.863181313280318,44.444847748698,20.10506100771495,0.7664506239640595,3.519370409942785,0.17981907225363664,False,False
7.59307437294075,0.09626840490252737,0.0362245337836178,72.70750249216422,0.3149536410765577,10.562508130742552,2.2511493115799124,19.725967999656007,0.5307325730925379,10.37973387620442,40.69441898589354,20.10506100771495,1.1551822451609932,4.93830165895749,2.470601653320051,False,False
7.199569640872889,0.09141616959316229,0.4437605171728517,37.993185618173214,0.7145435233531063,10.688075272140939,2.0346453279593684,20.469573332888146,5.141788538871576,10.37973387620442,36.74199892138647,20.993602354277275,1.1551822451609932,4.93830165895749,0.17981907225363664,False,False
6.918858173181536,0.10526822197936798,0.0,50.0554670472136,0.22866423990755969,9.12736870809961,1.3431377941183045,16.894286158024737,2.256863088856377,10.243822843394298,37.914030426451646,22.830282409033984,4.787949617462863,4.8929463845224515,0.17981907225363664,False,True
7.24663197536335,0.08924860323080705,0.4743856583638594,36.88472866256383,0.7310676183073385,10.790087624487226,1.637817511605383,19.725967999656007,4.178047302028675,11.858913890272255,37.99749461805394,20.39476232529814,0.7664506239640595,4.8929463845224515,0.18541685620447262,False,False
7.18832978559316,0.08773994320032077,0.3195075497191854,38.17747505143827,0.5860810908017534,10.316247849384585,2.2343889193012036,16.894286158024737,2.256863088856377,12.863181313280318,38.95902181520134,22.830282409033984,1.1551822451609932,4.8929463845224515,0.148236585919794,False,False
7.324943016978002,0.08341649500391789,0.24755324365245504,37.798015550437576,0.5047654516067582,10.261818887725275,2.2710680329887767,17.27410616187085,2.256863088856377,10.37973387620442,43.354111653755275,20.993602354277275,0.4640758816305126,5.0920901272008186,0.18541685620447262,True,False
7.0173882276159585,0.10381428810910703,0.0,51.043942793789896,0.09562436763782689,8.87071119161636,2.155250711783267,14.22764435858994,2.256863088856377,10.37973387620442,42.275843463882204,20.993602354277275,4.787949617462863,4.8929463845224515,0.18541685620447262,False,True
7.305704922428593,0.08323909156211684,0.25669720610412844,37.73391073061599,0.5134994214135017,10.258160235262862,2.343629987154591,17.27410616187085,2.256863088856377,10.37973387620442,42.62704836768538,21.720665640347168,0.4640758816305126,5.0920901272008186,0.18541685620447262,True,False
7.509918339786464,0.0855318941395713,0.5202323085035588,32.84862605496877,0.72195808476601,11.135542238622818,2.2203279434607346,19.799822886134507,2.256863088856377,12.863181313280318,45.25992982012538,15.656937527776478,0.4640758816305126,3.519370409942785,0.17981907225363664,False,False
7.2234088002159655,0.0879117670591702,0.2686386261185801,38.72224045021244,0.5401723281050114,10.310176121420982,2.2088103394209524,20.469573332888146,0.5307325730925379,10.37973387620442,41.3530548871655,20.993602354277275,1.1551822451609932,4.93830165895749,0.17981907225363664,False,False
7.178532649592209,0.09441538417192143,0.028269403100835686,44.266154284724415,0.3065609782062225,9.613994662206983,1.909968654992977,17.060143271282318,2.0905825335854575,9.624616987412775,43.14040079650496,20.284065040871077,2.7274259135673202,4.8929463845224515,0.17981907225363664,False,False
7.628430059403075,0.07753156229318306,0.5914992474163338,27.650452399010316,0.7231180137344244,11.23721851811293,2.1350152315830675,17.27410616187085,2.256863088856377,12.050574529238276,45.46320742384019,20.993602354277275,0.4640758816305126,1.3177514880328864,0.17981907225363664,False,False
7.277488367116808,0.08552952154026959,0.5054032882244375,35.21655970359665,0.7400349839462922,10.873856082563425,2.1987288475085434,19.725967999656007,1.5059570507357427,13.512378507982465,39.56921890262896,20.39476232529814,0.21894975692259722,4.8929463845224515,0.17981907225363664,False,False
7.420842373967376,0.08975008335493484,0.3696528406351311,34.35316538877303,0.5845227462586605,10.672847934758945,1.446239953446496,16.894286158024737,1.9980656391989138,12.863181313280318,43.0258680613649,20.993602354277275,2.7274259135673202,1.3177514880328864,0.17981907225363664,False,False
7.083865830054737,0.09555016257316774,0.034385764396454944,45.85971262601673,0.31301373937310084,9.492758023111152,1.8813534035829624,13.943222522117564,1.0791107430954037,13.9788426349505,41.39700369115111,21.176778590995138,2.7274259135673202,5.517796831869328,0.17981907225363664,False,False
7.294679322730362,0.08658652727815482,0.17720951005547741,39.49089731781312,0.45466097925599513,10.09079881555418,1.883681475271691,16.395457905120224,2.9459139332994746,10.37973387620442,43.05174644521069,20.993602354277275,1.1551822451609932,4.8929463845224515,0.18541685620447262,False,False
7.297120169948987,0.08627952709537896,0.2773580981553629,38.12290948639682,0.5408363564329237,10.338345773084919,1.6646265989660063,17.016663787579137,2.1956810747997624,12.050574529238276,42.41467469450871,20.39476232529814,0.8548781317998847,4.8929463845224515,0.17981907225363664,False,False
7.258499136998262,0.08742829408331565,0.2290446475553955,38.95721563198649,0.5017469397076548,10.24564939358619,1.9173014579991972,19.725967999656007,0.5307325730925379,10.37973387620442,42.735257739860984,20.39476232529814,1.1551822451609932,4.8929463845224515,0.18541685620447262,False,False
7.134444110000661,0.10037559149040416,0.0,58.39053614432802,0.154992726698212,9.229940527724107,2.166969378198119,13.943222522117564,3.2614388810444255,10.37973387620442,39.78054437986833,22.830282409033984,3.4174518144035932,5.517796831869328,0.8695292854583642,False,True
7.099471414678725,0.09604571988802735,0.14115040708195747,43.42131706154131,0.42565043740630604,9.878716304060438,1.8744640772831527,19.725967999656007,1.042618311916213,10.37973387620442,40.05788608760267,20.993602354277275,2.7274259135673202,4.8929463845224515,0.17981907225363664,False,False
7.611064233799396,0.08448868962538125,0.5780737923316682,35.31235831973703,0.8180666246673713,11.57665496995174,2.0343715070757433,17.016663787579137,2.1956810747997624,16.106780877431554,41.437988490241665,20.39476232529814,0.8548781317998847,1.3177514880328864,0.6754938248169686,False,False
6.945041948954539,0.10677339500894906,0.0,49.74535575940529,0.2544546942285818,9.29700318934267,1.7611017629816954,19.725967999656007,0.5307325730925379,10.243822843394298,39.533700501903255,20.10506100771495,4.787949617462863,4.8929463845224515,0.17981907225363664,False,True
6.987142265591265,0.09988103536822635,0.041364554658013745,46.595867775481274,0.32037636309904544,9.424475890139599,1.571400467667808,17.27410616187085,2.256863088856377,10.37973387620442,38.36098353131491,22.830282409033984,3.6577042195988416,5.0920901272008186,0.148236585919794,False,False
7.108210852300663,0.09551921383729074,0.11504610673340067,43.7485691156395,0.3981104005385786,9.80435676733902,2.131828934299366,17.84625304630138,0.5307325730925379,12.050574529238276,40.77304834279629,20.993602354277275,2.7274259135673202,4.8929463845224515,0.18541685620447262,False,False
7.3954690220101424,0.09393705679533863,0.22333136946700446,56.24720691864343,0.5123513527225306,10.616903948871721,1.7064582044797567,17.060143271282318,1.5059570507357427,14.568214234698283,39.00132436780978,20.39476232529814,1.1551822451609932,4.93830165895749,1.3761148460572539,False,False
7.239848858754628,0.11178416805063465,0.0,63.38662411314557,0.1939534412864526,9.735752176080547,2.1765043536152855,19.725967999656007,0.5307325730925379,10.37973387620442,39.940187860186064,19.80849567257013,5.690043675112832,2.5997215265138167,1.3251168166641862,False,True
7.424283071437422,0.08945079511898921,0.312063753974544,48.71727880903896,0.6059640183779849,10.815294661758958,1.5096081733676596,19.725967999656007,3.8517751866071333,10.37973387620442,39.26610658707286,20.39476232529814,0.4640758816305126,4.8929463845224515,1.024631759008473,False,False
7.236542468864368,0.08999900961227718,0.27767105582713686,38.16726070776896,0.5417981282588602,10.301248430589087,1.9914484342267584,17.27410616187085,1.9980656391989138,12.050574529238276,40.007446804736524,22.830282409033984,2.140334973725034,3.519370409942785,0.17981907225363664,False,False
7.492110649427787,0.08981151019080823,0.0,57.40427777403861,0.26858145298157,10.098586080019373,2.215209881363753,18.087559306004188,0.5307325730925379,8.994662511802908,44.812385851209676,20.10506100771495,1.1551822451609932,4.93830165895749,1.3761148460572539,False,True
7.3128375181210785,0.08881607876874559,0.2592698126855465,39.191710405195195,0.5369739064545467,10.30600490654211,0.7096255934524797,16.395457905120224,5.499052696791888,10.37973387620442,41.68371436342542,19.80849567257013,1.1551822451609932,4.8929463845224515,0.18541685620447262,False,False
7.361258865861053,0.08645848510198012,0.15652472996828354,45.68023523229456,0.44187034805138004,10.22853237695628,1.9698949608614262,17.016663787579137,2.256863088856377,10.243822843394298,42.11549952118722,21.943832417843662,0.8548781317998847,4.8929463845224515,0.6754938248169686,False,False
7.1075888102552085,0.1070505747263625,0.0,49.21223777385961,0.2550126461994064,9.455096070121305,2.243020964260115,16.43297662985375,2.256863088856377,12.863181313280318,43.696949393546404,15.212859208938553,4.47175103537349,4.8929463845224515,0.17247294562864623,False,True
7.127380592686086,0.11199672524350662,0.0,67.28198259559086,0.10752149015752499,9.294887254953235,1.497502166803572,16.43297662985375,2.256863088856377,10.37973387620442,37.36800456156682,22.830282409033984,5.670236328124785,3.685788260302611,1.3761148460572539,False,True
7.444128670047843,0.09163518340107499,0.10033822614376207,56.65723981421942,0.3825935865165099,10.329854610105045,2.015095704276673,16.43297662985375,0.5307325730925379,13.143414966319678,42.33713602581482,20.10506100771495,1.1551822451609932,4.93830165895749,1.3571948930857654,False,False
7.224918602317914,0.08785017556172091,0.2649656037503163,38.74079476787725,0.5365615197616251,10.302211619894843,2.196224607365135,20.469573332888146,0.5307325730925379,10.298692432192173,41.43409633117774,20.993602354277275,1.1551822451609932,4.93830165895749,0.17981907225363664,False,False
7.169119927744309,0.11021422616901587,0.0,68.14024324423244,0.07897227897152703,9.253098274912896,1.9617082935669905,16.43297662985375,2.256863088856377,10.243822843394298,39.858910307703006,20.10506100771495,4.787949617462863,4.93830165895749,1.3761148460572539,False,True
7.402946262881442,0.09050283649663654,0.11183654320067513,50.1912732187329,0.39472431101155314,10.16464837428439,1.8124555573113725,13.943222522117564,3.2614388810444255,12.863181313280318,42.7528170540766,20.10506100771495,1.311803551785324,4.8929463845224515,0.8695292854583642,False,False
7.0725866013457495,0.09889735557651427,0.2697406719580739,42.86233884381895,0.5613131668506088,10.206353239324672,1.8327657170671368,19.725967999656007,1.9980656391989138,12.863181313280318,37.50193488585556,20.10506100771495,2.7274259135673202,4.8929463845224515,0.18541685620447262,False,False
7.296209288452453,0.09124491840680729,0.06494113394075061,41.00511307220062,0.3452496542423328,9.830303074428087,2.236685597868024,13.943222522117564,2.256863088856377,12.047257090928355,44.33243954805668,20.993602354277275,2.7274259135673202,3.519370409942785,0.17981907225363664,False,False
7.089183558409937,0.10700093940783527,0.0,50.123194183525904,0.11088594617681247,9.003766997946249,2.2666707754682744,13.943222522117564,4.178047302028675,9.756122964353098,42.62831304647646,20.10506100771495,5.690043675112832,3.519370409942785,0.17981907225363664,False,True
7.229267165904653,0.08483449354372175,0.384742006731536,36.985167728562544,0.6379239089237575,10.495845533745197,2.1794513489930347,17.27410616187085,2.256863088856377,12.863181313280318,39.0395819458735,22.830282409033984,0.4640758816305126,5.0920901272008186,0.17981907225363664,False,False
7.258988454059833,0.08660849315808217,0.2064331691839587,39.271914284133516,0.4823734232941982,10.127716905084673,2.1789996843121044,17.016663787579137,2.6586843869425825,10.37973387620442,41.76754004554228,21.943832417843662,1.1551822451609932,4.8929463845224515,0.18541685620447262,False,False
7.6633510017785715,0.08684539295532995,0.16850374418284605,50.3131832001487,0.45450820804774356,10.784256360627092,2.1936894987661555,16.43297662985375,1.27066983575659,12.077191775991867,45.03408016234384,20.10506100771495,1.1551822451609932,2.5997215265138167,1.3251168166641862,False,False
7.281446834902642,0.09837453563098751,0.0,59.35822423676956,0.24695754488207272,9.794466644848333,1.7798524976903243,18.087559306004188,0.5307325730925379,10.298692432192173,41.207311547442586,20.993602354277275,2.7274259135673202,4.93830165895749,1.2163742144664296,False,True
7.405804217596141,0.08604465880671859,0.10241032917276524,45.97191398917832,0.3847796552121082,10.153161652611445,2.2245704728139697,17.016663787579137,1.0791107430954037,10.37973387620442,44.706410926683596,20.39476232529814,0.8548781317998847,4.8929463845224515,0.6754938248169686,False,False
7.272079524785503,0.09556602141254743,0.2577569380518157,40.12581147360897,0.5486703275795065,10.301277143017728,2.0216343212513057,13.943222522117564,6.192134983879803,13.512378507982465,39.82058758254147,20.10506100771495,2.7274259135673202,3.519370409942785,0.17981907225363664,False,False
7.2234088002159655,0.0879117670591702,0.2686386261185801,38.72224045021244,0.5401723281050114,10.310176121420982,2.2088103394209524,20.469573332888146,0.5307325730925379,10.37973387620442,41.3530548871655,20.993602354277275,1.1551822451609932,4.93830165895749,0.17981907225363664,False,False
7.332142858587669,0.0832003631319121,0.3667214897542106,36.141464060181654,0.6068971606358438,10.559702915805111,1.9797484300407202,17.060143271282318,1.0791107430954037,13.512378507982465,42.65629215469216,20.39476232529814,0.21894975692259722,4.8929463845224515,0.18541685620447262,False,False
7.334770395236698,0.08719155331554101,0.462421984937858,34.72321498502476,0.6876640342432228,10.830076570542044,1.9635176301288004,19.39965056282386,1.5059570507357427,12.863181313280318,40.982077020504526,20.39476232529814,1.1551822451609932,3.519370409942785,0.17981907225363664,False,False
7.275750970457738,0.09360718962149897,0.16443924503408805,40.47728871408386,0.4502201614458038,10.109152955622234,1.8059670856546692,13.943222522117564,1.5059570507357427,15.43578333778348,43.16072038872175,19.527701304877716,2.7274259135673202,3.519370409942785,0.17981907225363664,False,False
7.433175946164652,0.09017357331129387,0.37445108736089483,34.36630758296308,0.589772053279076,10.712969445521491,1.1313750118932586,17.84625304630138,2.1956810747997624,12.050574529238276,43.28213476655776,20.39476232529814,2.7274259135673202,1.3177514880328864,0.18541685620447262,False,False
7.2778381712192335,0.09104655149178789,0.06494439677792525,40.94259449555834,0.34525309653555203,9.832825610336362,2.3325402383230296,13.943222522117564,0.5307325730925379,13.512378507982465,44.59344864676641,20.993602354277275,2.7274259135673202,3.519370409942785,0.17981907225363664,False,False
7.125140309480189,0.09814906021747635,0.0,53.331376031857765,0.2040642095159091,9.352523635928778,1.1416841199458758,13.943222522117564,0.5307325730925379,12.863181313280318,40.87835032587448,22.830282409033984,3.4174518144035932,4.8929463845224515,0.6438326576750693,False,True
7.409066494963388,0.08951649115111736,0.1573568364751601,38.06207646205138,0.4133687081055535,10.157702919629374,2.0143557577475923,13.943222522117564,2.256863088856377,12.863181313280318,45.78972768959237,19.80849567257013,2.5589691148157847,2.5997215265138167,0.17981907225363664,False,False
7.046210838255355,0.09798397159318967,0.014503641965518807,46.10422833981363,0.2920381002084632,9.458026111928211,2.2559674490128803,18.087559306004188,0.5307325730925379,10.243822843394298,40.66209669638378,21.943832417843662,3.459190706505443,4.8929463845224515,0.17981907225363664,False,False
7.514432754281256,0.08978041789197985,0.16249439741780244,42.06996916435456,0.44816834721062254,10.53309285387786,2.0516690225704335,17.016663787579137,0.2498348954028083,12.050574529238276,44.968653207085325,20.993602354277275,2.7274259135673202,1.3177514880328864,0.6754938248169686,False,False
8.177809333162946,0.09442701494632,0.22303446623886716,85.56841947150829,0.5120381198168458,12.042277371046374,1.861724620888206,17.27410616187085,3.2614388810444255,13.512378507982465,39.07313395027596,20.993602354277275,0.4640758816305126,1.2596530811077917,4.16161118181071,False,False
7.870976679307967,0.09798471333984494,0.17076289734185338,81.90919734050853,0.4568916146304962,11.406646054800119,2.136291934950908,19.725967999656007,4.178047302028675,10.37973387620442,37.572264945731696,20.39476232529814,0.7664506239640595,3.519370409942785,3.4634025171742158,False,False
7.060541211298749,0.09517337070364527,0.14207214204070448,43.54729869519423,0.42662286778778413,9.798949302654314,2.1758385399899898,16.894286158024737,0.8326958072328461,12.863181313280318,38.7793629420847,22.830282409033984,2.7274259135673202,4.8929463845224515,0.17981907225363664,False,False
7.387115056713469,0.09595959118457048,0.10075805957145134,50.73280575270543,0.3830365107827221,10.159230615535966,1.8651014178478393,13.943222522117564,3.2614388810444255,13.512378507982465,42.06157347217212,20.10506100771495,2.7274259135673202,3.519370409942785,0.8695292854583642,False,False
7.036159160315686,0.09802279745630577,0.15808610183274782,44.92961893200214,0.44351759536838986,9.830320586777862,1.8959787739215141,19.725967999656007,2.256863088856377,10.243822843394298,38.16592787545706,21.176778590995138,2.7274259135673202,5.517796831869328,0.18541685620447262,False,False
7.635931404724879,0.08479314934740008,0.26804859699076683,48.74556727809374,0.5595280277600999,10.991238188125909,2.1584359232919064,17.313867449793737,2.256863088856377,12.050574529238276,43.26010570360264,20.10506100771495,0.21894975692259722,3.519370409942785,1.2752080539286375,False,False
7.376040008227904,0.085996169479027,0.32040578683620713,35.962679397700086,0.5554880388569043,10.5105027694833,1.8955204897931177,17.060143271282318,1.0791107430954037,12.863181313280318,43.881510630645266,20.10506100771495,1.311803551785324,3.519370409942785,0.17981907225363664,False,False
7.433177202753832,0.08395756850831332,0.47601315535626143,33.05573547638011,0.6782563035664817,10.883077370067063,1.7507355077230764,17.016663787579137,2.256863088856377,13.512378507982465,42.73265586657258,20.39476232529814,0.8548781317998847,3.0519792196577784,0.17981907225363664,False,False
7.297847020985767,0.09025878281198896,0.30763232376010896,36.374201514235146,0.5478724822334061,10.431113348228646,2.3177329217943843,17.27410616187085,0.8326958072328461,12.863181313280318,41.15258584542343,22.830282409033984,2.7274259135673202,2.139903477337614,0.17981907225363664,False,False
7.088057055491938,0.09474270245710674,0.1023450705208206,43.89662683774442,0.3847108073343066,9.701733016538999,1.9774202030255144,17.27410616187085,2.256863088856377,10.37973387620442,39.413467819255914,22.830282409033984,2.7274259135673202,4.93830165895749,0.17981907225363664,False,False
7.2778381712192335,0.09104655149178789,0.06494439677792525,40.94259449555834,0.34525309653555203,9.832825610336362,2.3325402383230296,13.943222522117564,0.5307325730925379,13.512378507982465,44.59344864676641,20.993602354277275,2.7274259135673202,3.519370409942785,0.17981907225363664,False,False
7.432976314163081,0.09254766860414262,0.15094570714817218,49.78539464107618,0.4359844789761626,10.394286111902966,2.1353939394012005,17.060143271282318,1.0791107430954037,13.512378507982465,44.61637091622618,16.657717339647498,1.311803551785324,4.8929463845224515,0.8695292854583642,False,False
6.922331626176037,0.10739392902907205,0.054151999684910114,49.293362035150615,0.33386711760242105,9.434368481956291,2.1417122626786207,17.84625304630138,2.256863088856377,12.050574529238276,37.07046924790951,20.993602354277275,4.709472276641096,4.8929463845224515,0.17981907225363664,False,False
8.185230715327725,0.09551434872561386,0.12044189922384438,87.29594657877087,0.4038029616159967,11.767553232731112,1.8960583197438363,17.016663787579137,3.3405300434503786,12.050574529238276,40.86558515697247,20.39476232529814,0.8548781317998847,1.3177514880328864,4.1592545376288275,False,False
7.564250127541522,0.11006558767205257,0.0,92.20592234567502,0.02746375728988909,9.877807642963738,2.228891209155791,13.943222522117564,2.1956810747997624,12.863181313280318,39.00236935715384,20.39476232529814,3.4174518144035932,4.8929463845224515,3.2903852084243352,False,True
7.78223454077405,0.1075028428447184,0.0,94.12770117882181,0.23037149431246223,10.805918981654772,2.1879990841525236,15.163479095995386,1.5059570507357427,15.43578333778348,37.53465399353813,20.39476232529814,2.553773752976669,3.519370409942785,3.8922200337296737,False,True
7.365470782140653,0.10104813832337874,0.6081318838506475,34.858499752258524,0.8433145549679862,11.321673809178629,2.2476915130484554,20.897106789293296,6.70455400923577,12.863181313280318,37.701294704248184,16.91884080925231,3.4174518144035932,1.3177514880328864,0.17981907225363664,False,False
7.275630650655419,0.08572770011593218,0.15683102897655357,39.547178563390545,0.43396317752839453,10.016189081227912,2.3146682388512994,16.395457905120224,2.256863088856377,10.243822843394298,42.92647825889752,21.943832417843662,1.1551822451609932,4.8929463845224515,0.18541685620447262,False,False
7.159346873700462,0.09427793930243698,0.14855559161120804,42.65591035828729,0.4334629070846654,9.940678066703217,1.4915640233169885,17.060143271282318,1.0791107430954037,12.863181313280318,41.443194725081625,20.10506100771495,2.3765434827693004,4.8929463845224515,0.17981907225363664,False,False
7.26170540234434,0.08818273817658544,0.25335743966521124,39.102816036892904,0.529470416760232,10.278511198697561,1.3439412181352839,16.43297662985375,1.5059570507357427,13.512378507982465,42.170323827340965,20.10506100771495,1.1551822451609932,4.93830165895749,0.17981907225363664,False,False
7.716427273246982,0.09971673034161989,0.03218058142872683,73.20161383295334,0.3106872713421477,10.697690339295328,1.0747789134728913,17.27410616187085,3.557230563767508,10.37973387620442,40.81322700831917,20.10506100771495,2.337207714894047,2.9349662632999056,2.5984674039291518,False,False
7.453078265183103,0.08162962889513338,0.41637638279680467,33.4231748162148,0.6205721768506032,10.739102612451829,2.131032229595212,17.060143271282318,2.1956810747997624,12.050574529238276,44.13557343555457,20.39476232529814,0.4640758816305126,3.519370409942785,0.17981907225363664,False,False
7.014854866683886,0.10300319250573291,0.0,50.62183608320121,0.13910427245193857,8.993669996909489,2.2030839994494515,16.43297662985375,2.256863088856377,9.141264957841662,42.14023093559729,20.10506100771495,4.248731310427407,5.495052997454929,0.17981907225363664,False,True
7.2136603496050045,0.0946592619234333,0.2539755556951869,39.649144061759415,0.537902734081794,10.304093261786791,1.785957703074087,19.701481697473728,2.6586843869425825,10.37973387620442,39.83988228933825,20.993602354277275,2.7274259135673202,3.519370409942785,0.17981907225363664,False,False
7.52898348440052,0.09067594080314374,0.08385912629817772,60.21791744086716,0.36520813617941844,10.39532844606886,1.3443611611279163,17.016663787579137,3.1256853560680984,9.750313023284647,41.521699556824444,21.176778590995138,0.8548781317998847,4.8929463845224515,1.661035168926187,False,False
7.378218771122422,0.08848865438519533,0.3984856939266833,45.28336965544641,0.6971391650274918,11.01042369455852,2.260218298539814,20.07800341183691,1.5059570507357427,13.512378507982465,38.81717459482652,20.10506100771495,0.21894975692259722,4.8929463845224515,0.8695292854583642,False,False
7.0488322346861505,0.10120630465714031,0.016632447289370463,47.37290757130825,0.2942839898251267,9.437770277889362,1.5111251809379855,16.894286158024737,2.9459139332994746,10.243822843394298,40.00269433902758,20.993602354277275,3.8413171312497103,4.8929463845224515,0.18541685620447262,False,False
7.0222641720232195,0.09857571485497985,0.19274495995757843,44.8215133083735,0.48008269069008613,9.888236519398944,2.058227802635796,17.27410616187085,2.1956810747997624,13.512378507982465,37.4160138466615,21.176778590995138,2.7274259135673202,5.517796831869328,0.17981907225363664,False,False
7.111678351895007,0.09381624341265003,0.06154821598772717,44.22106366562342,0.34167012580189304,9.584533657913303,1.5567643091365806,13.943222522117564,1.9980656391989138,12.863181313280318,40.5650567460258,22.830282409033984,2.7274259135673202,4.8929463845224515,0.17981907225363664,False,False
7.091337978021243,0.0969384230065682,0.18038450029837363,43.314203873779505,0.46704240574962513,9.975577453231367,2.250643118895797,18.087559306004188,0.5307325730925379,13.512378507982465,39.67437591727926,20.39476232529814,2.7274259135673202,4.8929463845224515,0.17981907225363664,False,False
7.14079085466034,0.09403589270594084,0.03441402910515139,44.1755183686077,0.31304355864077565,9.61713076227504,2.000533108515832,17.84625304630138,0.2498348954028083,10.37973387620442,42.72478667351987,20.993602354277275,2.7274259135673202,4.8929463845224515,0.18541685620447262,False,False
7.2102356942917165,0.08896302340093576,0.14181571026072604,40.95333039441948,0.42635233225990693,9.93704426435193,2.031235791620618,17.016663787579137,2.1956810747997624,10.243822843394298,41.603252895850986,22.17051415788349,1.6917019997654048,4.8929463845224515,0.18541685620447262,False,False
7.256028589244963,0.10372976629092125,0.0,63.30966019525065,0.2590305033579088,9.811638240207706,1.555928046097429,17.068519501585815,2.1956810747997624,11.486981476345768,39.211443725987436,20.39476232529814,3.3281953909683346,4.93830165895749,1.3761148460572539,False,True
7.294679322730362,0.08658652727815482,0.17720951005547741,39.49089731781312,0.45466097925599513,10.09079881555418,1.883681475271691,16.395457905120224,2.9459139332994746,10.37973387620442,43.05174644521069,20.993602354277275,1.1551822451609932,4.8929463845224515,0.18541685620447262,False,False
7.319583202850956,0.10402984969212616,0.0040139028047266306,60.87336913511825,0.28097142539382747,9.910338588789829,1.6842433363008,13.943222522117564,3.3405300434503786,13.512378507982465,39.423986690507576,20.993602354277275,3.9489370021663612,3.519370409942785,1.3179724695555952,False,False
7.468858775825015,0.08307031685988552,0.35250493660717797,34.755576326585945,0.5721624030101918,10.577639525986724,2.1205595478956707,13.943222522117564,4.178047302028675,12.863181313280318,44.444847748698,20.10506100771495,0.7664506239640595,3.519370409942785,0.17981907225363664,False,False
7.361258865861053,0.08645848510198012,0.15652472996828354,45.68023523229456,0.44187034805138004,10.22853237695628,1.9698949608614262,17.016663787579137,2.256863088856377,10.243822843394298,42.11549952118722,21.943832417843662,0.8548781317998847,4.8929463845224515,0.6754938248169686,False,False
7.646105461627701,0.08660255255275003,0.029576846033789343,60.636776809160345,0.30794033050048863,10.432159280362184,2.168209429268498,18.449992294619882,1.5059570507357427,8.026839686169284,45.00435713353629,20.10506100771495,0.21894975692259722,4.8929463845224515,1.7958966857787988,False,False
7.3467932578222985,0.08635144579738094,0.2066178754440561,39.379496110164396,0.48410035084645,10.153156655180611,2.0233594999909212,13.943222522117564,6.452871569970999,10.37973387620442,42.67350346366239,20.39476232529814,0.8548781317998847,5.115611254742136,0.18541685620447262,False,False
7.5221929346356875,0.07947748338408504,0.5755611066794576,29.27313884247816,0.7294117969877928,11.169910165543296,2.2402530010180937,19.597410867392515,0.5307325730925379,12.050574529238276,44.07657889192043,20.993602354277275,0.4640758816305126,2.107205830194814,0.17981907225363664,False,False
7.202572999353505,0.09436788427830636,0.07204383599189107,50.13168105821888,0.352743004906286,9.83202797051796,2.0854871421591383,17.016663787579137,2.256863088856377,10.243822843394298,39.707384179027486,22.830282409033984,2.3765434827693004,4.8929463845224515,0.6754938248169686,False,False
7.132760955041691,0.09670490802456122,0.15243353704200158,43.8097894572583,0.4375541395141526,9.881574979792498,2.302344126287697,13.943222522117564,2.256863088856377,15.530318850450925,40.36434316051677,20.10506100771495,2.7274259135673202,4.8929463845224515,0.17981907225363664,False,False
7.135060814086113,0.09435339585329337,0.0,45.874188869204474,0.23769149334328965,9.31340765335861,1.60548031267904,13.943222522117564,3.2614388810444255,10.37973387620442,42.84536679828201,21.176778590995138,2.7274259135673202,5.517796831869328,0.148236585919794,False,True
7.030640574867101,0.10524896809766683,0.10202117566913095,45.936495277852465,0.38436909826577403,9.729375576080603,1.9049356603316872,19.725967999656007,2.256863088856377,10.243822843394298,38.103830593488055,21.176778590995138,4.787949617462863,3.519370409942785,0.18541685620447262,False,False
7.208848265453864,0.0957407481393667,0.05869655640768974,46.38241847839272,0.3386616249449536,9.673618637583894,2.0473071446647024,13.943222522117564,5.875696327351415,10.243822843394298,41.00660460686511,20.993602354277275,2.7274259135673202,4.8929463845224515,0.3166790479045547,False,False
7.3226001689719045,0.09177294163972625,0.4279024339636693,34.64631143097007,0.6501507318411937,10.732818006560445,2.108851993619775,17.27410616187085,1.9980656391989138,13.86074283003384,39.5451026915336,22.830282409033984,2.9941297080422884,1.3177514880328864,0.17981907225363664,False,False
7.22063799832802,0.08843471505283616,0.1852751873497937,40.8472366434295,0.4722020805888733,10.046548549985145,1.8718991371150364,17.016663787579137,3.2614388810444255,10.37973387620442,41.30698893094209,21.176778590995138,1.1551822451609932,5.517796831869328,0.18541685620447262,False,False
7.253740151786231,0.0843873819782902,0.14873004445182586,39.39499469500864,0.42324940300728187,9.952998223698241,2.1826749986128746,13.943222522117564,0.5307325730925379,13.512378507982465,43.032458192728285,22.830282409033984,1.0781603382690768,4.8929463845224515,0.17981907225363664,True,False
7.304955528516566,0.08881333710852041,0.2889005615131938,45.08955985332723,0.5815268503312604,10.520087117579703,2.303066535010211,15.095688503019868,2.256863088856377,15.263287610243424,39.017010038897354,21.943832417843662,0.8548781317998847,4.8929463845224515,0.6754938248169686,False,False
7.268835429563218,0.09067668400758681,0.29195399722878873,45.78548914989952,0.584748225011213,10.480477843974136,2.304268820427778,17.016663787579137,4.160138539681109,12.050574529238276,37.264817108821966,22.784183580179096,1.1551822451609932,4.8929463845224515,0.6754938248169686,False,False
7.308871963983595,0.08531697163710011,0.25789132740941084,37.80511849475305,0.5157732823178796,10.32712903484353,2.0704400464277164,19.725967999656007,1.042618311916213,9.756122964353098,43.53101363561958,20.10506100771495,0.7664506239640595,4.8929463845224515,0.17981907225363664,False,False
7.521239708502619,0.0912551902243358,0.218340121509134,41.8463555452574,0.5070855861269773,10.67938254755822,1.363737282636206,17.016663787579137,1.9980656391989138,12.050574529238276,43.81926249226835,20.39476232529814,2.7274259135673202,1.3177514880328864,0.6754938248169686,False,False
7.4546744736427275,0.08124513199809508,0.4960465928713028,32.557150854785064,0.692291284453629,10.905765148574442,2.356778827063936,14.830169039340998,2.256863088856377,15.43578333778348,43.164282969601985,20.39476232529814,0.21894975692259722,3.519370409942785,0.17981907225363664,False,False
6.9085708780062065,0.1078450266896224,0.05253314553664323,49.460271192165735,0.3321592264759995,9.433871759196856,2.2681902898581625,19.725967999656007,2.256863088856377,10.243822843394298,36.73025461890839,21.176778590995138,4.787949617462863,4.8929463845224515,0.18541685620447262,False,False
7.4016169582328,0.08366485293246144,0.4428009176779733,33.743589127137646,0.653013050566101,10.7998861037083,2.0480069292872107,18.82406583315018,1.4289613833123214,12.050574529238276,42.89916647232042,20.39476232529814,0.7032799744842494,3.519370409942785,0.17981907225363664,False,False
7.650035536268823,0.0801060812812643,0.6443769011402275,27.343151386525285,0.774527694220371,11.39778515574192,1.858915053739788,16.395457905120224,3.3405300434503786,13.512378507982465,44.82674083726306,20.10506100771495,0.8548781317998847,0.7795367104645594,0.18541685620447262,False,False
7.220826920812555,0.0913199030104289,0.05549832446320075,42.69625513073583,0.33528749024351767,9.742645378969321,2.125038860196896,17.060143271282318,1.0791107430954037,10.37973387620442,44.09782952976604,20.10506100771495,2.1600008407257407,4.93830165895749,0.17981907225363664,False,False
7.530631816185176,0.0842030717496974,0.46016495144307795,36.36982139957463,0.7087320276469075,11.145448642138506,2.1147200690239463,18.449992294619882,2.1956810747997624,13.512378507982465,43.84089292994504,17.79827956277921,0.21894975692259722,3.519370409942785,0.4644554630082596,False,False
7.3299360631771675,0.08352476632571879,0.3829325557525997,36.07397531889705,0.6230387345839508,10.594685110413538,1.837685864718533,17.060143271282318,1.5059570507357427,13.512378507982465,42.22944584705182,20.39476232529814,0.21894975692259722,4.8929463845224515,0.18541685620447262,False,False
7.1959432587164995,0.08578115529876143,0.10023816022889769,41.263076681570276,0.38248801697632795,9.775676865066067,2.0367580688847324,14.331247338112897,0.5307325730925379,12.863181313280318,42.59175821719631,22.830282409033984,1.1551822451609932,5.517796831869328,0.17981907225363664,True,False
7.2401312283478605,0.10059762461978182,0.15603734857010354,40.58768126793605,0.4413561606763001,10.12308519679317,1.5508273311282246,17.27410616187085,2.256863088856377,12.050574529238276,40.950559667339135,21.176778590995138,4.787949617462863,1.3177514880328864,0.18541685620447262,False,False
7.034169083685872,0.10440664441820928,0.06452809936221,46.092982779561034,0.34481390276197244,9.641334133772501,2.049314484701939,19.725967999656007,1.181598569014656,10.243822843394298,39.09678348829418,21.261451325622655,4.787949617462863,3.5170093003508742,0.18541685620447262,False,False
7.686631358066234,0.08140597280075433,0.39423530291685194,36.24102070989605,0.6373420102054298,11.178023602454909,1.9983461085865746,17.016663787579137,2.1956810747997624,12.050574529238276,45.49419483843495,20.39476232529814,0.8548781317998847,1.3177514880328864,0.6754938248169686,False,False
7.453970885946387,0.08281910357766202,0.5864541891733176,31.813293115268685,0.777078091955001,11.131446888666504,1.5241341917106632,17.060143271282318,4.178047302028675,13.512378507982465,41.32665833830691,20.10506100771495,0.21894975692259722,3.4189427435084365,0.17981907225363664,False,False
7.59335547436335,0.07983910229939152,0.5542597121293941,28.862642467417835,0.701092986301477,11.165009940506714,2.09542812876758,17.060143271282318,1.0791107430954037,13.512378507982465,45.595558676304435,20.39476232529814,0.8548781317998847,1.3177514880328864,0.18541685620447262,False,False
7.667063446805481,0.08258763094609023,0.4568448529964686,35.93188569614671,0.6989927235108732,11.323142964272126,1.9423617273943514,17.016663787579137,2.1956810747997624,13.512378507982465,44.322092177273944,20.10506100771495,0.8548781317998847,1.3177514880328864,0.6754938248169686,False,False
6.889765513750461,0.11211353971840303,0.0,52.74221750893959,0.20957253727487257,9.060282390256855,2.0574220008948605,17.060143271282318,3.7624012802869076,10.37973387620442,37.62724068778494,20.39476232529814,5.697355318416358,4.8929463845224515,0.18541685620447262,False,True
7.331446058291616,0.11318285761605974,0.0,83.60454903746728,0.0,9.423956659154088,2.2763308083994063,17.0178592385925,1.0791107430954037,10.37973387620442,39.38264938142127,20.10506100771495,4.638394725494328,4.93830165895749,2.4588893685196447,False,True
7.276279719385309,0.08690000044527485,0.34523320836692273,37.59871154741738,0.6049795452230007,10.488391395038935,1.480753746657584,17.060143271282318,1.9980656391989138,13.512378507982465,41.17692321270104,20.39476232529814,0.7849615867610381,4.8929463845224515,0.17981907225363664,False,False
7.776992563442626,0.09312779635940822,0.009017099986725743,79.2072118950404,0.28624979842083653,10.735166229177691,1.4609138637350698,17.27410616187085,2.256863088856377,10.37973387620442,41.33645730892662,20.39476232529814,0.21894975692259722,5.0920901272008186,3.0470373547201803,False,False
7.377933628376812,0.09275610888982051,0.3463181201869439,51.962481527419,0.6421023747320668,10.906775098405692,2.108672544647749,17.060143271282318,1.5059570507357427,16.636867166431113,37.83073936751618,20.10506100771495,0.7664506239640595,4.8929463845224515,1.201835127833178,False,False
7.646662708225532,0.08238275376221736,0.46506082131301985,35.78361089929579,0.7055490029493918,11.32623201143283,1.9187823359955025,18.449992294619882,2.1956810747997624,12.050574529238276,43.59960115152559,20.856027505166747,0.8548781317998847,1.3177514880328864,0.6754938248169686,False,False
7.577209341452868,0.09136416271907066,0.15525525370233195,64.36322138296568,0.4405310505908011,10.733761105964572,2.0719549007047973,17.27410616187085,2.256863088856377,12.050574529238276,39.83110548187447,21.176778590995138,0.4640758816305126,4.8929463845224515,2.053549881011925,False,False
7.398578524773735,0.08423631066649967,0.5639675272599932,32.68475423331733,0.7657650576870115,11.068494208494958,1.9110073601317203,17.060143271282318,2.1956810747997624,15.387409594864584,41.088439687511446,20.10506100771495,0.4640758816305126,3.519370409942785,0.17981907225363664,False,False
7.722215649981553,0.08716568041122282,0.5904623534560987,43.78161111108014,0.8996745408310252,12.028988401286298,2.193985707245873,20.44511139294131,5.775593816281813,12.050574529238276,37.57612441545405,20.993602354277275,0.4640758816305126,1.3177514880328864,1.3771661221438658,False,False
7.192903561264026,0.08785995664838937,0.3108588645565886,38.64196111957796,0.5835714294229283,10.320741714172035,2.2280764048539066,16.894286158024737,2.256863088856377,12.863181313280318,38.9274393288675,22.830282409033984,1.1551822451609932,4.8929463845224515,0.17981907225363664,False,False
7.168541731265537,0.09562915470165685,0.11099640013636627,43.76856206074589,0.3938379600787073,9.790869491713526,1.7392066486935294,13.943222522117564,3.2614388810444255,13.512378507982465,41.212296945172156,20.39476232529814,2.7274259135673202,4.7686558325642885,0.17981907225363664,False,False
7.129942162240661,0.09533362740763025,0.07871018380339515,44.25236257137942,0.35977600184742276,9.694723591497347,1.859845540102708,17.27410616187085,2.256863088856377,10.37973387620442,41.1746055368894,20.993602354277275,2.7274259135673202,5.013843996080715,0.17981907225363664,False,False
7.113714419696684,0.1014732720413212,0.15954611500051333,43.50585748677632,0.44505790926038247,9.977586196527326,1.3202176657027487,18.66825809624668,1.5059570507357427,12.383931524311775,39.648877575186866,20.10506100771495,3.9887252636075603,3.519370409942785,0.17981907225363664,False,False
7.704267530221335,0.08202606173327634,0.445978332128848,35.875447466622276,0.6867248125915634,11.2977097509382,1.8169081801637101,16.378514274659466,4.178047302028675,12.050574529238276,44.52810694954472,20.10506100771495,0.7664506239640595,1.3177514880328864,0.6754938248169686,False,False
7.197253880359658,0.08642808400834026,0.25395136424443854,38.4503938367637,0.5208059253251837,10.174782800862072,2.203537904126076,16.894286158024737,0.5307325730925379,12.863181313280318,40.685152330965174,22.830282409033984,1.1551822451609932,4.8929463845224515,0.148236585919794,False,False
7.138070569946512,0.09401899175740557,0.008281494835831685,44.97725436308794,0.2854737349866433,9.494479069672462,1.8147555406599043,13.943222522117564,0.5307325730925379,13.512378507982465,43.02072892950838,20.993602354277275,2.7274259135673202,5.0920901272008186,0.17981907225363664,False,False
7.460743762046353,0.08170031601662367,0.4127329338413497,33.44871764188288,0.6170920911287364,10.740560417376445,2.177129088031895,17.060143271282318,2.1956810747997624,12.050574529238276,44.42527475313776,20.10506100771495,0.4640758816305126,3.519370409942785,0.17981907225363664,False,False
6.93611785418804,0.10808525420092958,0.04075175523252207,49.47243697407987,0.31972985970515166,9.438468237865182,1.897411482644832,19.725967999656007,2.256863088856377,10.243822843394298,37.80756998613941,20.10506100771495,4.787949617462863,4.8929463845224515,0.17981907225363664,False,False
7.172517204977079,0.09613798349832249,0.10865795232839386,44.116667857969915,0.3913708976412964,9.776907659500615,1.412772828619092,13.943222522117564,4.178047302028675,12.863181313280318,41.110296484515075,20.10506100771495,2.7274259135673202,4.8929463845224515,0.17981907225363664,False,False
6.957252062676827,0.10679256447016205,0.014735491939545023,49.5819037347677,0.29228270193106093,9.35967790212282,1.6176607383370651,17.060143271282318,2.256863088856377,12.019393276721509,38.508645202883166,20.39476232529814,4.681829594231572,4.8929463845224515,0.18541685620447262,False,False
7.354687018202026,0.09025298375744438,0.3115637969602346,44.97805577453379,0.6054365637278885,10.634239924663055,1.8838712156687696,17.016663787579137,4.945539762069161,12.050574529238276,39.169141254675985,20.39476232529814,0.8548781317998847,4.8929463845224515,0.6754938248169686,False,False
7.509680340699045,0.0819292983585293,0.3697409802496696,37.4977534883471,0.629397510540312,10.903631646628297,2.1414811578442947,17.060143271282318,1.0791107430954037,13.512378507982465,43.98948873709646,20.10506100771495,0.21894975692259722,3.519370409942785,0.5154975659630161,False,False
7.224857644051598,0.0912341815417467,0.057132411859491444,42.57990057401743,0.3370114524466044,9.752402871062516,2.1261805583800903,17.060143271282318,1.0791107430954037,10.37973387620442,44.14318480420108,20.10506100771495,2.1600008407257407,4.8929463845224515,0.17981907225363664,False,False
7.257379842745224,0.08677175267007903,0.5715699522875355,34.96803441635278,0.8063015897959803,11.018202974294388,2.385370084811634,18.449992294619882,1.5059570507357427,16.329859487122725,38.31741494610801,20.10506100771495,0.21894975692259722,4.8929463845224515,0.17981907225363664,False,False
7.2637000827811065,0.09976917799018274,0.19588164236825786,39.653712426675625,0.4766787131677188,10.252246254591968,1.757491115739503,17.060143271282318,1.5059570507357427,13.512378507982465,41.498852460480535,20.39476232529814,4.530335823934284,1.3177514880328864,0.17981907225363664,False,False
7.601585929812293,0.08512926439424788,0.013776197291111191,60.771009558235704,0.2912706460769632,10.295394713281237,2.0660521658198525,16.894286158024737,1.9980656391989138,8.026839686169284,43.34273328034923,22.830282409033984,0.21894975692259722,4.8929463845224515,1.7958966857787988,True,False
7.7107199085742915,0.08117091151606408,0.37021805732364227,36.40828236590001,0.6143857732769431,11.125404375965866,2.03122081267492,17.016663787579137,3.557230563767508,10.37973387620442,45.80348600250106,20.39476232529814,0.8548781317998847,1.3177514880328864,0.6754938248169686,False,False
7.431985818680077,0.09166687466203169,0.5861386300516589,32.53531432365677,0.7870274117372003,11.17367930234419,1.6701364831897978,17.060143271282318,5.978256752933079,13.512378507982465,39.180345099448175,20.39476232529814,2.3765434827693004,1.3177514880328864,0.17981907225363664,False,False
7.214257006701927,0.09017091428351738,0.05557838547327314,42.61350428157511,0.33537195460914404,9.705666552234426,2.1124266311383253,13.943222522117564,0.5307325730925379,13.512378507982465,43.863288742988125,20.993602354277275,2.0705183211738234,4.900840122163741,0.18541685620447262,False,False
7.054516249267485,0.09605905177593949,0.1838441798777129,43.36304187562556,0.470692367705828,9.894457202155644,2.379770289953939,16.894286158024737,1.9980656391989138,12.863181313280318,37.613993110118635,22.830282409033984,2.7274259135673202,4.8929463845224515,0.17981907225363664,False,False
7.59335547436335,0.07983910229939152,0.5542597121293941,28.862642467417835,0.701092986301477,11.165009940506714,2.09542812876758,17.060143271282318,1.0791107430954037,13.512378507982465,45.595558676304435,20.39476232529814,0.8548781317998847,1.3177514880328864,0.18541685620447262,False,False
6.971634978335162,0.10319747484892111,0.0,50.84766409292688,0.10954018028681556,8.841221527447722,2.0968462695202708,14.169618881120952,2.256863088856377,10.243822843394298,40.63869770335543,22.830282409033984,4.787949617462863,4.8929463845224515,0.17981907225363664,False,True
7.053049890710949,0.09627460932003361,0.19401068130765584,43.31819735003812,0.4814180267144178,9.917701967006233,2.35557840253338,16.894286158024737,2.2816939866911863,12.863181313280318,37.33036476262636,22.830282409033984,2.7274259135673202,4.8929463845224515,0.17981907225363664,False,False
7.069266628346075,0.09721524246419408,0.1198560671073689,45.79994786483164,0.4031849087331151,9.671394560085787,2.3196689762811458,13.943222522117564,4.090725889160093,13.512378507982465,38.89362887149905,20.993602354277275,2.5589691148157847,5.827653667894138,0.17981907225363664,False,False
7.557526573970283,0.10522390164428116,0.02649401724484591,82.04999790321219,0.3046879461281533,10.568216130685455,2.243825828086167,19.725967999656007,2.964007920431324,10.37973387620442,36.798304996289865,20.10506100771495,2.1600008407257407,4.93830165895749,2.9286217000202,False,False
6.913649713593527,0.10538147069956454,0.0,50.06827992571647,0.23503871728510317,9.146844529686206,1.5113203668316344,17.27410616187085,1.9980656391989138,10.243822843394298,37.78741008831217,22.830282409033984,4.787949617462863,4.8929463845224515,0.18541685620447262,False,True
7.414352822890451,0.08767751826798591,0.35158391164695196,45.77394413498123,0.6476577847223752,10.866154735656789,1.5552009156073405,17.348246587160943,3.2614388810444255,13.512378507982465,39.501748271610616,20.39476232529814,0.21894975692259722,4.8929463845224515,0.8695292854583642,False,False
7.044965906932539,0.0961784391166811,0.19362191466704118,43.292216518174996,0.48100787790856936,9.91792752136358,2.3338077211063717,16.894286158024737,1.5059570507357427,13.512378507982465,37.456904503879656,22.830282409033984,2.7274259135673202,4.8929463845224515,0.17981907225363664,False,False
7.253740151786231,0.0843873819782902,0.14873004445182586,39.39499469500864,0.42324940300728187,9.952998223698241,2.1826749986128746,13.943222522117564,0.5307325730925379,13.512378507982465,43.032458192728285,22.830282409033984,1.0781603382690768,4.8929463845224515,0.17981907225363664,True,False
6.980442855372223,0.10387390821696713,0.0,49.85110787979797,0.18802931698983993,9.11265233024998,2.149306101559031,17.060143271282318,1.0791107430954037,10.37973387620442,40.768945419500625,20.993602354277275,4.5248012673056115,5.013843996080715,0.17981907225363664,False,True
7.3562930195186125,0.08761664058206454,0.40887465446049465,35.58227098019323,0.6434053344771424,10.692111813460912,1.2173414495337647,17.060143271282318,3.2614388810444255,12.906061365499513,41.366601122893854,20.39476232529814,1.311803551785324,3.519370409942785,0.17981907225363664,False,False
7.112708733703184,0.09366477529384643,0.05440441198458241,44.25257504676257,0.3341334125785753,9.568200011050017,1.4500626701937225,13.943222522117564,1.7987654828783732,12.863181313280318,40.76435690234635,22.830282409033984,2.7274259135673202,4.8929463845224515,0.17981907225363664,False,False
7.342366020540127,0.09116923362513278,0.08131427741285555,56.76628156470812,0.3625233206054035,10.069774622078903,2.325852322930099,14.331247338112897,2.256863088856377,12.863181313280318,39.792938455540146,22.830282409033984,1.1551822451609932,5.517796831869328,1.2525083181459646,False,False
7.220039283402097,0.09870243511640753,0.0537950358683606,41.75336466140676,0.3334905207759613,9.786383553975384,2.055132778782352,16.43297662985375,2.256863088856377,10.243822843394298,41.663801130046174,22.830282409033984,4.787949617462863,1.6044852090989143,0.17981907225363664,False,False
7.27912227692065,0.0968658485941759,0.2115264993784006,39.669504521793186,0.4934089310226555,10.30123139023367,1.8246235224202128,17.27410616187085,2.1956810747997624,12.050574529238276,40.299080340435985,22.49497370267003,4.097943280477964,1.3177514880328864,0.2698894224742457,False,False
7.330467032208714,0.0974446414291576,0.0,61.58721179004356,0.20595452389723495,9.722207504952499,1.5865651726769858,13.943222522117564,0.5307325730925379,13.512378507982465,42.090301815984695,20.993602354277275,2.5589691148157847,5.013843996080715,1.3569491156489593,False,True
6.971490463895367,0.1053763181054323,0.0,50.40471468232783,0.19014160189726192,9.09273208510026,1.7350895410034564,16.477667230984842,2.256863088856377,10.243822843394298,39.97855538757956,21.176778590995138,4.787949617462863,4.8929463845224515,0.18541685620447262,False,True
7.008359934072211,0.10876522811366265,0.009591361217744392,49.79278642348701,0.28685564401956126,9.45284939103872,1.6929903444255376,19.725967999656007,2.256863088856377,10.243822843394298,40.501571930548806,17.405461279354725,4.787949617462863,4.8929463845224515,0.18541685620447262,False,False
7.262394278136717,0.0859007504563549,0.4092741712766675,36.70338432429061,0.6597924921328946,10.631822599561254,2.3061170150840997,17.060143271282318,0.5307325730925379,15.61889998281503,40.73772289754711,20.39476232529814,0.4640758816305126,5.013843996080715,0.17981907225363664,False,False
7.382319414994807,0.08907723346883703,0.09543189754617755,47.49808098313396,0.3774174098460582,10.055720835841456,1.802381941215982,13.943222522117564,3.2614388810444255,12.050574529238276,43.469757981176855,20.39476232529814,1.311803551785324,4.8929463845224515,0.6754938248169686,False,False
7.540566549447892,0.09231779082354366,0.20464137238999422,38.80268921885619,0.4738008886059455,10.535294606739228,2.243815727561557,14.379458538338833,4.178047302028675,12.050574529238276,44.88868373111961,20.10506100771495,3.426918918649689,0.5388665414248419,0.43238943148511155,False,False
7.281299786997413,0.0853929316123891,0.39835865041741647,36.564623721154774,0.6463005412094974,10.619920643567287,2.1547982419282627,17.084250829944178,0.5307325730925379,15.19927408581912,41.24854106348859,20.39476232529814,0.4640758816305126,4.8929463845224515,0.18541685620447262,False,False
7.240128641408352,0.08599494909990317,0.3512555752043156,38.46485898231906,0.6236678646358704,10.493869434005157,2.0964576359277682,17.27410616187085,2.256863088856377,12.863181313280318,38.92495311005313,22.830282409033984,0.6877781099086417,4.8929463845224515,0.2698894224742457,False,False
6.927782267948034,0.10395636278738747,0.0,50.32838583253903,0.16338907443098982,8.985903659577097,2.2482162798680076,16.894286158024737,0.5307325730925379,10.243822843394298,39.64016094221549,22.830282409033984,4.787949617462863,4.8929463845224515,0.17981907225363664,False,True
7.031677534791001,0.09678093812975824,0.20690550252688525,43.524560241088075,0.49502206310070485,9.932249019013312,2.305452905018194,16.894286158024737,1.9980656391989138,13.512378507982465,36.843898303858225,22.830282409033984,2.7274259135673202,5.013843996080715,0.17981907225363664,False,False
7.461067381240054,0.08065372008243367,0.4616646362044012,32.56090393020936,0.6560717673565629,10.855868030210019,2.1494343817180157,17.060143271282318,1.0791107430954037,13.512378507982465,44.32516723080584,20.10506100771495,0.21894975692259722,3.519370409942785,0.17981907225363664,False,False
7.472832622704975,0.10886224078099373,0.0,78.66492608866889,0.21481679431421252,10.189028477944264,1.6263680595329852,17.060143271282318,2.1956810747997624,12.050574529238276,37.55097297257768,21.1569769072372,3.9014303594939923,3.519370409942785,2.5648504754279786,False,True
7.403851797273155,0.09297070128297098,0.18863189345989176,56.15815086631638,0.4757434055350267,10.539246492381443,1.8217295266939517,19.725967999656007,2.256863088856377,10.243822843394298,39.172324001357474,21.176778590995138,1.1551822451609932,4.8929463845224515,1.3761148460572539,False,False
7.470241796305527,0.0833551723569724,0.1502877509259205,44.88577404576351,0.435290335161687,10.355460431808272,2.2665592187070684,17.060143271282318,1.5059570507357427,10.37973387620442,45.06569774270632,20.10506100771495,0.21894975692259722,4.93830165895749,0.7261556354761614,True,False
7.31894550625116,0.10502906017297117,0.0,63.572076545211644,0.12285852681987197,9.58158574383954,2.173412879261761,17.060143271282318,0.5307325730925379,10.37973387620442,42.5726295622593,20.10506100771495,4.456214453446427,3.519370409942785,1.3761148460572539,False,True
7.195190453895922,0.10032139519121859,0.0,53.766050575920694,0.2393495337305609,9.51321906618047,1.3092043687927062,13.943222522117564,3.2614388810444255,12.050574529238276,41.36410971855859,20.39476232529814,3.4174518144035932,4.8929463845224515,0.6754938248169686,False,True
6.949993459683437,0.10385597226748063,0.0,50.46257171809174,0.1476150301532696,8.948972352107145,1.7580988678990568,16.894286158024737,1.9980656391989138,8.644396987936812,39.7722537315666,22.830282409033984,4.787949617462863,4.8929463845224515,0.17981907225363664,False,True
7.453711910132115,0.08692290038969523,0.20528338964380569,36.411942266080835,0.44043181916154084,10.3156567832092,2.3262611064301715,15.733377988419775,2.0617628738833584,10.37973387620442,44.679776028384005,22.830282409033984,2.7274259135673202,1.3177514880328864,0.2698894224742457,False,False
7.284407939110487,0.08801793618597219,0.38753442240167213,37.47865384959594,0.6478975958903473,10.590964572259242,1.7233330457932987,17.7371967606976,4.178047302028675,12.050574529238276,40.04454904514531,20.10506100771495,0.7664506239640595,4.93830165895749,0.17981907225363664,False,False
7.628746370415747,0.07748506396250003,0.5891756343264861,27.660125897513247,0.7208043612873682,11.232204345367485,2.1658029685456817,17.27410616187085,2.1956810747997624,12.050574529238276,45.5243894378968,20.993602354277275,0.4640758816305126,1.3177514880328864,0.17981907225363664,False,False
7.250466879891147,0.09144800463891083,0.32189881538048354,39.38165169254623,0.6057524399209684,10.455239496914517,1.6314693403190266,16.894286158024737,3.6931168380235873,13.512378507982465,40.40976049124874,18.984991384600796,1.311803551785324,5.013843996080715,0.17981907225363664,False,False
7.650035016038738,0.07750384447335526,0.5452007682820219,29.108552497637653,0.6950377816553787,11.200319254357087,2.2736156821386437,16.848465609261538,2.1956810747997624,12.050574529238276,45.8599596402855,20.993602354277275,0.4640758816305126,1.3177514880328864,0.2698894224742457,False,False
7.485321530733688,0.08633062091064839,0.429859126634383,32.48128850533242,0.6213831591441155,10.851810929202548,1.6432892059478557,17.060143271282318,1.0791107430954037,13.512378507982465,44.37991848693051,20.39476232529814,2.0705183211738234,1.3177514880328864,0.18541685620447262,False,False
6.987142265591265,0.09988103536822635,0.041364554658013745,46.595867775481274,0.32037636309904544,9.424475890139599,1.571400467667808,17.27410616187085,2.256863088856377,10.37973387620442,38.36098353131491,22.830282409033984,3.6577042195988416,5.0920901272008186,0.148236585919794,False,False
7.1599950593242045,0.09297154726425537,0.02157050287962923,44.2750692384325,0.2994936384728497,9.554713939172132,1.8726352484207414,13.943222522117564,0.5307325730925379,13.512378507982465,43.26743185938002,20.993602354277275,2.5589691148157847,5.013843996080715,0.17981907225363664,False,False
7.246895214920746,0.08479867896109303,0.14084813136845606,39.62426896600045,0.4181990575684338,9.933154206284064,2.1267158820081282,13.943222522117564,0.5307325730925379,13.512378507982465,42.95543628583637,22.830282409033984,1.1551822451609932,4.8929463845224515,0.17981907225363664,False,False
7.411796183782697,0.08289341408368746,0.5948879961299649,31.91845931674373,0.787473420064911,11.134945016622662,2.0705015873724744,17.060143271282318,2.1956810747997624,15.43578333778348,40.995490751717284,20.39476232529814,0.21894975692259722,3.519370409942785,0.17981907225363664,False,False
7.024178870450887,0.09710384678464257,0.0,47.481725863785,0.22649583348179925,9.204766491430963,1.4203960234071207,13.943222522117564,0.5307325730925379,12.863181313280318,40.96244952411723,22.830282409033984,3.4174518144035932,5.272860771701134,0.17981907225363664,True,True
7.374958360359559,0.08573494017434805,0.5335168999353764,33.62928648216393,0.7470906388629958,10.964706912898118,1.5026855937276105,17.060143271282318,4.178047302028675,13.512378507982465,39.86878585861668,20.915004953929365,0.7664506239640595,3.519370409942785,0.17981907225363664,False,False
7.481165907952135,0.09082449884437357,0.04314352129600524,57.23169607173038,0.3222531729021264,10.206730907208925,1.377781154900771,17.060143271282318,1.5059570507357427,10.37973387620442,43.47950604388683,20.10506100771495,1.1551822451609932,4.93830165895749,1.3761148460572539,False,False
7.092908743922852,0.09750125643626553,0.18604699713345252,43.69107591625956,0.47301633991063335,9.961923264300927,1.8302437235507867,17.060143271282318,1.9980656391989138,13.512378507982465,39.11356127433649,20.39476232529814,2.7274259135673202,5.013843996080715,0.17981907225363664,False,False
7.3996879530260244,0.09605510647782235,0.0,66.66721835214412,0.19198459802103918,9.828698060827167,1.49252147999042,13.943222522117564,0.5307325730925379,12.863181313280318,40.93823331021422,22.830282409033984,2.2055048019601204,4.8929463845224515,1.7958966857787988,False,True
7.194241544078755,0.0876632705866497,0.3010300749863931,38.68287962774451,0.5737847729696475,10.29953196587146,2.317117444948944,16.894286158024737,1.9980656391989138,12.863181313280318,39.186236778524965,22.830282409033984,1.1551822451609932,4.8929463845224515,0.17981907225363664,False,False
7.2210536248520505,0.09819968987953427,0.13439138928179056,43.80964309638141,0.41851967362712994,9.99223005642028,1.5616791028625088,16.894286158024737,1.9980656391989138,13.512378507982465,43.71581327451953,16.079265049930942,2.7274259135673202,4.8929463845224515,0.17981907225363664,False,False
6.900831502978531,0.11265402663014297,0.0,53.08606083639406,0.17321425848214267,9.027795408465698,2.0919204196407257,16.894286158024737,0.8326958072328461,12.863181313280318,40.00127909259171,18.531269484570323,5.804522687523979,4.8929463845224515,0.17981907225363664,False,True
6.863682945802245,0.11193200458510577,0.0,51.974406526217855,0.22182681922714514,9.091435825154264,2.3692137234852986,18.56409471143042,2.256863088856377,10.37973387620442,37.67331935265556,20.39476232529814,5.690043675112832,4.8929463845224515,0.148236585919794,False,True
7.3299360631771675,0.08352476632571879,0.3829325557525997,36.07397531889705,0.6230387345839508,10.594685110413538,1.837685864718533,17.060143271282318,1.5059570507357427,13.512378507982465,42.22944584705182,20.39476232529814,0.21894975692259722,4.8929463845224515,0.18541685620447262,False,False
7.415362056987108,0.0823692238253988,0.5686931773517796,32.02751169785758,0.7613908907354172,11.078418675398584,2.086046287192485,17.060143271282318,1.5059570507357427,15.43578333778348,41.685214775781304,20.39476232529814,0.21894975692259722,3.519370409942785,0.17981907225363664,False,False
7.234596411345883,0.08585252314814308,0.20695084372800981,38.746056635996084,0.47543088169640235,10.07218234507684,2.365085435349537,16.894286158024737,2.256863088856377,10.37973387620442,41.44246925227724,22.830282409033984,1.1551822451609932,4.8929463845224515,0.148236585919794,False,False
7.592853935468955,0.0865273119189461,0.6813201690349621,34.70527834003171,0.918346184427707,11.81792266425062,1.9138703924034035,19.781660817964532,4.707484168554072,13.512378507982465,38.75559073555105,20.39476232529814,0.8548781317998847,1.3177514880328864,0.6754938248169686,False,False
7.686631358066234,0.08140597280075433,0.39423530291685194,36.24102070989605,0.6373420102054298,11.178023602454909,1.9983461085865746,17.016663787579137,2.1956810747997624,12.050574529238276,45.49419483843495,20.39476232529814,0.8548781317998847,1.3177514880328864,0.6754938248169686,False,False
7.007322706887398,0.1004968582005428,0.0431891768273722,47.43122111089803,0.32230133948771855,9.487103784733982,2.3201017016044836,17.016663787579137,0.5307325730925379,12.863181313280318,40.07959228222331,20.39476232529814,3.4174518144035932,5.517796831869328,0.17981907225363664,False,False
7.460915976406474,0.09322769894028461,0.0,64.64248392405996,0.24491806809203653,10.037611495259894,2.0338195999988478,16.894286158024737,1.9980656391989138,9.012021825630086,40.981203552864734,22.830282409033984,1.5952973449462886,4.8929463845224515,1.7958966857787988,False,True
7.190693651844684,0.08586324818393223,0.13244231280222318,40.88516968167768,0.41646339794118636,9.859321967357126,2.1548611324469604,14.331247338112897,0.5307325730925379,13.512378507982465,42.019582929386075,22.830282409033984,1.0781603382690768,5.517796831869328,0.17981907225363664,True,False
7.110524534574873,0.11088198225660656,0.0,56.91287032092814,0.23393611726457092,9.526969848176925,1.9257486332877303,19.725967999656007,2.256863088856377,10.243822843394298,41.27744227494799,16.152973284384206,4.787949617462863,4.8929463845224515,0.6620345067758111,False,True
7.212244797617728,0.0918106581638853,0.02137689891503842,43.542382104838055,0.2992893862902064,9.608887506154906,2.221673256621554,13.943222522117564,1.042618311916213,12.863181313280318,44.30690658784238,20.39476232529814,2.3765434827693004,4.8929463845224515,0.17981907225363664,False,False
7.613945067562898,0.08422220283390869,0.45608615066063907,37.15759158470645,0.7156474523375103,11.276355526638607,1.7435142823654968,16.595863340067513,3.557230563767508,13.512378507982465,42.5676789940007,20.39476232529814,0.8548781317998847,1.8417143122668158,0.6754938248169686,False,False
7.33498426676538,0.08461719885007253,0.21259838413292356,38.27608537410189,0.4746962212386413,10.20426931442408,2.2262677120021874,16.04742402880974,1.5059570507357427,12.050574529238276,44.45176730276114,20.10506100771495,0.7664506239640595,4.8929463845224515,0.17981907225363664,False,False
7.494414733413855,0.09562583241195348,0.12749474361263063,63.04877300701048,0.4112437124461662,10.534693171832423,1.702834537885108,18.535617056692487,3.2614388810444255,10.37973387620442,39.71750255625714,20.10506100771495,1.311803551785324,4.8929463845224515,1.7958966857787988,False,False
7.672731365552388,0.09112630379336031,0.2934296841853577,62.231158772275194,0.5863050747503933,11.302015807947573,2.2294049875799438,19.725967999656007,2.1956810747997624,12.050574529238276,38.67155873793308,21.176778590995138,0.4640758816305126,3.519370409942785,2.195992775804429,False,False
7.066910566501676,0.10069445260157263,0.0066276003496130095,47.31091563806845,0.2837288763036826,9.443270060719861,1.581953503836153,17.27410616187085,2.256863088856377,10.37973387620442,41.171219837102896,19.988463616912163,3.6577042195988416,5.0920901272008186,0.17981907225363664,False,False
6.972972961149891,0.10300078878718143,0.0,50.88858260109344,0.09975352383353475,8.820011779147144,2.1138821787672106,14.169618881120952,1.9980656391989138,10.243822843394298,40.8974951530129,22.830282409033984,4.787949617462863,4.8929463845224515,0.17981907225363664,False,True
7.111678351895007,0.09381624341265003,0.06154821598772717,44.22106366562342,0.34167012580189304,9.584533657913303,1.5567643091365806,13.943222522117564,1.9980656391989138,12.863181313280318,40.5650567460258,22.830282409033984,2.7274259135673202,4.8929463845224515,0.17981907225363664,False,False
7.496260382665825,0.08188451134430909,0.7269079429913915,27.942204568300507,0.8701290021768953,11.45530851221607,1.996599958317782,17.016663787579137,3.557230563767508,14.578984913595495,39.66438963393746,22.830282409033984,0.8548781317998847,1.3177514880328864,0.17981907225363664,False,False
8.011799703493356,0.08917735902029408,0.12033260560443271,72.84659341134304,0.4036876568475174,11.35106056473009,2.319600012511529,17.060143271282318,2.9394417447936343,10.37973387620442,42.96349930224084,20.993602354277275,0.4640758816305126,2.107205830194814,3.092297739376186,False,False
7.440635310898208,0.09142869221083287,0.2874736394873777,41.414326792098294,0.5800214475940244,10.763182823558237,2.08679172134233,17.016663787579137,2.1956810747997624,12.863181313280318,40.373520188889614,22.830282409033984,2.7274259135673202,1.3177514880328864,0.6754938248169686,False,False
6.993375817878807,0.11518833140918307,0.0,57.741157198935916,0.19813008404357269,9.287555568368349,1.8990430806113856,19.725967999656007,2.256863088856377,10.37973387620442,39.716240512454114,16.79646310978935,5.690043675112832,4.8929463845224515,0.5417413534044501,False,True
7.2523005246244,0.0959049897027954,0.0,52.22192540982406,0.23222377587077359,9.561449137100258,1.834731705115637,13.943222522117564,1.9980656391989138,12.050574529238276,43.1966112496821,20.39476232529814,2.7274259135673202,5.013843996080715,0.6754938248169686,False,True
7.261796105895839,0.08335649968910647,0.43534641255268464,35.77601531766757,0.6740921337590681,10.628365468941267,2.231989584981875,16.894286158024737,1.9980656391989138,13.746653695696935,39.23339910039591,22.830282409033984,0.21894975692259722,4.8929463845224515,0.18541685620447262,True,False
6.882759016185691,0.11042320685756081,0.0,52.98102286149253,0.14515624645922975,8.896349794411336,1.9516389500370481,16.894286158024737,1.9980656391989138,10.37973387620442,38.809244297324504,21.150263113407675,5.690043675112832,4.8929463845224515,0.18541685620447262,False,True
7.419151122856998,0.08151760069965115,0.4402388809399303,33.261723808469384,0.6434479041028036,10.755909205785466,2.1678670569065153,17.27410616187085,2.1956810747997624,12.050574529238276,42.7960368059107,21.520336064353472,0.4640758816305126,3.519370409942785,0.17981907225363664,False,False
7.601811489304243,0.0782197300557091,0.6128316727283103,28.668165970693153,0.7601168836291314,11.325558556252322,2.20546133315124,18.084937722683698,2.1956810747997624,12.050574529238276,43.70613824880186,21.910951632338765,0.4640758816305126,1.3177514880328864,0.2698894224742457,False,False
7.804214611738607,0.09140543484121619,0.16067772677189832,66.10859883880312,0.4462517596791936,11.046137699526232,2.3230066061405195,13.943222522117564,4.178047302028675,13.672435453991625,41.77960453232251,20.10506100771495,0.7664506239640595,3.1699848880233352,2.3851936698372818,False,False
7.220826920812555,0.0913199030104289,0.05549832446320075,42.69625513073583,0.33528749024351767,9.742645378969321,2.125038860196896,17.060143271282318,1.0791107430954037,10.37973387620442,44.09782952976604,20.10506100771495,2.1600008407257407,4.93830165895749,0.17981907225363664,False,False
7.021791467620843,0.1019623355917125,0.1224159677338026,45.586843594453924,0.4058856038940027,9.737071276276993,1.5284240603058783,19.725967999656007,2.256863088856377,10.37973387620442,38.54378551994397,20.39476232529814,3.6577042195988416,4.8929463845224515,0.148236585919794,False,False
7.185678350103025,0.10907622155289967,0.06277490136301327,51.66933295594797,0.3429642788728199,9.931816570253154,1.8890015636365458,19.725967999656007,2.1956810747997624,10.37973387620442,39.05906708741152,20.39476232529814,5.690043675112832,1.8792501367003591,0.6754938248169686,False,False
7.066312071445945,0.09694855729945465,0.0,47.028532047135585,0.18242918230051897,9.120072622483569,1.543895294015636,14.169618881120952,1.9980656391989138,10.37973387620442,41.92341200440064,22.830282409033984,3.6577042195988416,4.8929463845224515,0.148236585919794,False,True
7.037658396658526,0.0957958375656284,0.0820506459387199,45.56634159338839,0.36330018940019043,9.554871692230947,2.2377426418920447,14.331247338112897,1.9980656391989138,13.512378507982465,38.94535346569748,22.787913231317958,2.7274259135673202,5.517796831869328,0.17981907225363664,False,False
6.921006827068024,0.10509280749664147,0.0,50.17871259670727,0.21843276280146762,9.10695546720249,1.4098754146846348,16.894286158024737,1.9980656391989138,10.243822843394298,38.16723009215828,22.830282409033984,4.787949617462863,4.8929463845224515,0.18541685620447262,False,True
7.461067381240054,0.08065372008243367,0.4616646362044012,32.56090393020936,0.6560717673565629,10.855868030210019,2.1494343817180157,17.060143271282318,1.0791107430954037,13.512378507982465,44.32516723080584,20.10506100771495,0.21894975692259722,3.519370409942785,0.17981907225363664,False,False
7.663659336543476,0.08581653829314077,0.0,60.95016689385166,0.26736397422690616,10.320502701329547,2.153373350005851,17.016663787579137,1.9980656391989138,8.026839686169284,45.655875734530674,20.39476232529814,0.21894975692259722,4.8929463845224515,1.7958966857787988,True,True
6.93437652672485,0.10471741168326555,0.0,50.38978610614686,0.19864664514242247,9.037767150433014,2.037973319501323,14.169618881120952,2.256863088856377,12.243739730689626,38.638780816060105,22.830282409033984,4.787949617462863,4.8929463845224515,0.17981907225363664,False,True
7.548450749388619,0.0804370575534033,0.6303468374826401,28.90869871331983,0.7820207861218743,11.299344214574173,1.7153655195449937,17.060143271282318,2.1956810747997624,14.347791708337805,43.393095091294036,20.39476232529814,0.4640758816305126,1.9646315751037895,0.17981907225363664,False,False
7.369249966742741,0.09773506353152579,0.0,62.35034400808302,0.13715038981876504,9.616359502898925,2.152882763771289,16.43297662985375,0.8326958072328461,9.725929521481158,43.86149461513522,20.10506100771495,2.7274259135673202,4.93830165895749,1.3761148460572539,False,True
6.894054470557589,0.10562788258989718,0.0,50.07074830415453,0.2296599390071764,9.093389033903765,1.4968154303139691,16.894286158024737,2.256863088856377,10.37973387620442,37.610558137297005,22.830282409033984,4.787949617462863,5.0920901272008186,0.148236585919794,False,True
7.45952227550708,0.08575892279773445,0.20310792515463114,43.35000900274143,0.4910156189729768,10.512266062232754,2.1851156625318535,17.060143271282318,1.0791107430954037,12.050574529238276,44.15973201990783,20.10506100771495,0.8548781317998847,4.01500647214437,0.6754938248169686,False,False
7.641790358534696,0.07782733129333834,0.5645103786113861,28.984797501506144,0.7136470375435532,11.245020434986625,2.1553377050592597,17.27410616187085,2.1956810747997624,12.050574529238276,45.434319087676194,20.993602354277275,0.4640758816305126,1.3177514880328864,0.2698894224742457,False,False
7.265323292922728,0.09328083485027946,0.03935836590820428,43.54818308477034,0.3182598339679964,9.719689154050977,2.175122169209418,13.943222522117564,2.256863088856377,12.863181313280318,45.33590220401564,18.151521932184714,2.3765434827693004,4.8929463845224515,0.17981907225363664,False,False
7.38812478077781,0.0907689212995949,0.13024744328432142,49.91391017907001,0.41414781059980005,10.221172520468198,1.2983755898170273,16.639860016150365,3.4913697773094228,10.37973387620442,42.019994783271514,20.39476232529814,1.311803551785324,4.8929463845224515,0.8695292854583642,False,False
6.936717833508706,0.10360576754597751,0.0,50.46251158377267,0.14322034990330923,8.937456488793007,2.2287489398988174,16.43297662985375,0.5307325730925379,10.243822843394298,40.101470470386474,22.830282409033984,4.787949617462863,4.8929463845224515,0.17981907225363664,False,True
7.343547407758395,0.08296949945069282,0.3498190946940375,36.24124837466991,0.5904861526825307,10.522882604277063,1.9789202417674052,17.060143271282318,1.5059570507357427,12.78176419873779,42.96006015629649,20.39476232529814,0.21894975692259722,4.8929463845224515,0.18541685620447262,False,False
7.0851268737911095,0.09703084396443812,0.18470434263911836,43.41186365368734,0.4715998394191108,9.968347005152527,1.7778736915564108,19.725967999656007,2.256863088856377,10.37973387620442,38.60951201555878,21.176778590995138,2.7274259135673202,4.93830165895749,0.18541685620447262,False,False
7.352312724529701,0.08328484035485852,0.3939589983301682,34.5808795417395,0.6134085980001318,10.5948151897765,2.283927239230674,16.894286158024737,2.1956810747997624,12.050574529238276,41.42105470360955,22.830282409033984,0.9089316430972653,3.519370409942785,0.17981907225363664,False,False
7.349706646768251,0.09931432197514935,0.0,61.975481149035645,0.2201368541177251,9.797331012961761,1.2436393555340792,16.43297662985375,2.256863088856377,10.37973387620442,41.78352297878843,20.10506100771495,2.7274259135673202,4.93830165895749,1.3761148460572539,False,True
7.1599950593242045,0.09297154726425537,0.02157050287962923,44.2750692384325,0.2994936384728497,9.554713939172132,1.8726352484207414,13.943222522117564,0.5307325730925379,13.512378507982465,43.26743185938002,20.993602354277275,2.5589691148157847,5.013843996080715,0.17981907225363664,False,False
6.963158777050221,0.10842408372214249,0.0,52.55921903335485,0.26347051634109475,9.324041130805819,1.7710497871780404,17.016663787579137,2.1956810747997624,12.050574529238276,38.21982954241019,20.39476232529814,4.883543747896727,4.8929463845224515,0.34599860825531353,False,True
7.59335547436335,0.07983910229939152,0.5542597121293941,28.862642467417835,0.701092986301477,11.165009940506714,2.09542812876758,17.060143271282318,1.0791107430954037,13.512378507982465,45.595558676304435,20.39476232529814,0.8548781317998847,1.3177514880328864,0.18541685620447262,False,False
7.381288552731507,0.08755851712162896,0.5148937358204267,35.63343139958893,0.7559840359288992,10.969434410960732,2.1207626734771843,16.894286158024737,5.83639408290143,13.746653695696935,40.661004325990845,17.56434873973653,0.21894975692259722,4.8929463845224515,0.18541685620447262,False,False
7.278463019051237,0.08617945324455464,0.28081809370934785,38.12116231468453,0.5444617704378946,10.350919218843217,1.8793984603989886,17.060143271282318,0.5307325730925379,13.512378507982465,42.568741949817735,20.39476232529814,0.8548781317998847,4.8929463845224515,0.18541685620447262,False,False
7.1575134804566884,0.10908532478435568,0.0,72.25860529282106,0.0,9.014243116404941,1.9175984999919131,14.169618881120952,2.256863088856377,10.37973387620442,38.88043874975201,22.830282409033984,4.787949617462863,5.0920901272008186,1.6030232503685788,False,True
6.916772502982169,0.1053690466337739,0.0,50.09924462923628,0.23315713757714351,9.1405695164744,1.4000445341674195,17.060143271282318,2.1956810747997624,10.243822843394298,37.80375754329985,22.830282409033984,4.787949617462863,4.8929463845224515,0.18541685620447262,False,True
7.38481202770304,0.08991497832396803,0.39910623640949927,35.14608471571743,0.6268879667505088,10.751637744184638,2.085327946350469,17.27410616187085,2.1956810747997624,12.863181313280318,40.61060992192696,22.830282409033984,2.7274259135673202,1.2288237830465547,0.2698894224742457,False,False
7.305527512901529,0.09208245592121113,0.20715785854633104,47.24783845977103,0.49528829870122015,10.313874966331882,1.8055443390237103,16.894286158024737,3.2614388810444255,12.050574529238276,40.29781216381637,20.39476232529814,1.4117881216803703,5.013843996080715,0.6754938248169686,False,False
7.324202287917511,0.08534679860099229,0.341148280671421,37.973663334629386,0.6060095988798856,10.56403978511608,1.986152043900646,18.084937722683698,2.1956810747997624,12.050574529238276,41.64713265935292,20.39476232529814,0.4640758816305126,4.8929463845224515,0.2698894224742457,False,False
7.373066025421801,0.08802275406006622,0.1324828278646093,51.51219750155711,0.41650614133200375,10.233927623332542,2.2534576835219355,16.894286158024737,2.256863088856377,10.37973387620442,40.64955772727332,22.830282409033984,0.8548781317998847,5.0920901272008186,1.0423084816064636,False,False
6.903871415554124,0.1124140771163054,0.0017353642833538472,51.76913119993171,0.2785675672537792,9.290230863139344,1.8094569621134227,16.894286158024737,1.9980656391989138,13.746653695696935,38.198701378840276,18.5895684578147,5.454603939213306,4.93830165895749,0.17981907225363664,False,False
7.408902289462224,0.08302419903234513,0.515526564509782,32.948291551832604,0.7184128516173718,10.918374055322195,1.7714650338215363,17.27410616187085,4.178047302028675,12.050574529238276,40.81367057868179,21.520336064353472,0.4640758816305126,3.519370409942785,0.17981907225363664,False,False
7.303570531065023,0.09677395397371553,0.27980473354778607,37.82958327156567,0.5392403263298338,10.417748130134264,1.254443339881049,17.016663787579137,3.557230563767508,12.050574529238276,40.41446778368383,21.520336064353472,3.943156711091248,1.3177514880328864,0.17981907225363664,False,False
6.936717833508706,0.10360576754597751,0.0,50.46251158377267,0.14322034990330923,8.937456488793007,2.2287489398988174,16.43297662985375,0.5307325730925379,10.243822843394298,40.101470470386474,22.830282409033984,4.787949617462863,4.8929463845224515,0.17981907225363664,False,True
7.408219516368156,0.08312456799781757,0.520542199233877,32.92741082293382,0.7234069857973028,10.929197397230771,1.8024254643501383,17.27410616187085,4.310111730281903,12.050574529238276,40.681606150428564,21.520336064353472,0.4640758816305126,3.519370409942785,0.17981907225363664,False,False
7.322945445777435,0.09346753121374475,0.2571938297398332,49.494769794197566,0.5480762483103649,10.512363735384398,1.6428491277442592,16.894286158024737,3.2614388810444255,13.512378507982465,39.031658611909016,20.10506100771495,1.311803551785324,5.013843996080715,0.8695292854583642,False,False
7.117703313926272,0.09293056234035582,0.019776178150718762,44.405320485192085,0.29760062588384917,9.489025758411973,1.1956175205973243,13.943222522117564,0.8326958072328461,12.863181313280318,41.73042657799188,22.830282409033984,2.7274259135673202,4.8929463845224515,0.17981907225363664,False,False
7.564893825191222,0.08982092343784112,0.16538826546578972,60.36558676424616,0.45122137800124906,10.710579006284924,1.9629620561399084,17.016663787579137,1.5059570507357427,12.78176419873779,41.249867854923416,20.39476232529814,0.3621417124245273,4.8929463845224515,1.7958966857787988,False,False
7.382315370283302,0.08737365487409206,0.40704576643150187,35.5284715142856,0.6407097045817146,10.703813601659911,0.8456153387979051,17.060143271282318,4.178047302028675,12.050574529238276,41.6610056959353,20.10506100771495,1.2403809276532185,3.519370409942785,0.18541685620447262,False,False
7.195800835702148,0.08820117628596875,0.38532963188403724,37.587434829100026,0.6471206813714866,10.503614564015528,2.055720460279909,17.38298554392672,2.1956810747997624,13.612260856708254,38.04343184112242,22.830282409033984,1.1551822451609932,4.6003569569942355,0.17981907225363664,False,False
7.266406806750658,0.0837954927950827,0.1135402531357251,39.419429597838736,0.3864721482722492,9.893251093600105,2.3710303703005957,16.43297662985375,0.5307325730925379,10.243822843394298,43.81125974958026,22.830282409033984,1.0781603382690768,4.8929463845224515,0.17981907225363664,True,False
7.024602826831593,0.10158252936811632,0.07532926359672881,46.49027964760238,0.3562091310293898,9.57846610523552,1.3580609303219318,17.060143271282318,2.256863088856377,12.050574529238276,39.33962585260543,20.39476232529814,3.6577042195988416,5.0920901272008186,0.148236585919794,False,False
7.235186837591852,0.08490500340735026,0.4259128381797137,36.335324544948364,0.6721047817618457,10.597475169656787,2.072326778210711,17.27410616187085,2.1956810747997624,13.512378507982465,38.65071050790634,22.830282409033984,0.4640758816305126,4.8929463845224515,0.17981907225363664,False,False
7.408994864734858,0.08308956444745486,0.5777540940734212,33.1903314837479,0.7875097627217817,11.144747685555332,1.9532351531263947,17.060143271282318,2.1956810747997624,15.43578333778348,40.306580372517544,20.993602354277275,0.21894975692259722,3.519370409942785,0.2698894224742457,False,False
6.985450688483676,0.10568707439707305,0.0,50.393451229686086,0.1891756688419448,9.119211238773325,1.8027054812621948,16.894286158024737,1.9980656391989138,10.243822843394298,40.60275017589413,20.39476232529814,4.787949617462863,4.8929463845224515,0.18541685620447262,False,True
7.244376293940169,0.08448742405238376,0.39964382503693535,36.55932926692991,0.6475810026191743,10.542187039021393,2.2210032966877478,16.894286158024737,1.9980656391989138,13.512378507982465,39.222548163402465,22.830282409033984,0.4640758816305126,4.8929463845224515,0.18541685620447262,True,False
7.055771558048723,0.096726984265758,0.20645424167608784,43.20904402444579,0.49454598290311363,9.970710799897995,2.3630392470440995,17.593564715417344,1.9980656391989138,12.863181313280318,37.47406203715284,22.270934924607168,2.7274259135673202,4.8929463845224515,0.17981907225363664,False,False
7.105283399651545,0.09412148035216919,0.0771460423822003,44.111981115391686,0.3581258326480622,9.625497603450167,1.5697355225453797,14.331247338112897,1.9980656391989138,12.863181313280318,40.2194011077465,22.787913231317958,2.7274259135673202,4.8929463845224515,0.17981907225363664,False,False
7.180283695509799,0.09555581789349626,0.10308041388255991,41.204220242846404,0.3854865945809416,9.848093607567707,1.8464404951632472,17.27410616187085,1.9980656391989138,10.243822843394298,40.88544811328235,22.830282409033984,3.6577042195988416,2.962334027700966,0.148236585919794,False,False
7.031963532545292,0.09566548603819709,0.08491190493440022,45.098119855252,0.3663188176406332,9.550164621661619,2.254354915523474,14.331247338112897,1.9980656391989138,13.512378507982465,38.93456677431529,22.830282409033984,2.7274259135673202,5.517796831869328,0.148236585919794,False,False
7.235186837591852,0.08490500340735026,0.4259128381797137,36.335324544948364,0.6721047817618457,10.597475169656787,2.072326778210711,17.27410616187085,2.1956810747997624,13.512378507982465,38.65071050790634,22.830282409033984,0.4640758816305126,4.8929463845224515,0.17981907225363664,False,False
7.531652681916313,0.07971179876239512,0.5570506706296376,30.69343450177059,0.7301095809746364,11.155719555220227,2.317756425986653,18.084937722683698,2.1956810747997624,12.050574529238276,42.91668390663993,21.910951632338765,0.4640758816305126,2.107205830194814,0.2698894224742457,False,False
7.45880719422097,0.08611625304670445,0.3045938992633391,41.62528032080168,0.5980833216576636,10.794624405623649,1.643014032713774,17.060143271282318,1.5059570507357427,13.512378507982465,42.187652996047646,20.684125807392192,0.8548781317998847,3.519370409942785,0.6754938248169686,False,False
7.359476894545859,0.0897895805903198,0.2922170530004982,44.061694450717525,0.5850257488503665,10.690210789322732,1.8904439560840198,19.725967999656007,0.5307325730925379,12.624973944279542,40.97859153006417,20.10506100771495,1.1551822451609932,4.191410997916028,0.6880797021157649,False,False
7.343547407758395,0.08296949945069282,0.3498190946940375,36.24124837466991,0.5904861526825307,10.522882604277063,1.9789202417674052,17.060143271282318,1.5059570507357427,12.78176419873779,42.96006015629649,20.39476232529814,0.21894975692259722,4.8929463845224515,0.18541685620447262,False,False
7.405511311253015,0.09121093251961689,0.44546019513250057,33.99887150858049,0.6594540401467612,10.839140307118702,1.0356364779570362,17.27410616187085,3.540415588881809,12.863181313280318,41.103698107835896,20.993602354277275,2.7274259135673202,1.3177514880328864,0.17981907225363664,False,False
7.334099189828445,0.0909691989374191,0.19859708295125472,46.77427968805318,0.4862566804484147,10.31716298721059,1.5789307241599468,16.43265077025188,3.2614388810444255,12.050574529238276,40.98032973304254,20.39476232529814,1.311803551785324,4.8929463845224515,0.6754938248169686,False,False
8.147829420564232,0.091105527921651,0.15094147219385595,80.37518285519666,0.4359800110993589,11.742218217644428,2.267889461542326,17.27410616187085,2.1956810747997624,12.050574529238276,41.9400568170676,20.993602354277275,0.4640758816305126,1.3177514880328864,3.7641516930828356,False,False
6.911556867847838,0.10543789659779189,0.0,50.01452974306304,0.24074047904735563,9.150422581381155,1.5063117878286691,16.43297662985375,1.9980656391989138,11.187185898096331,37.690774349578064,22.830282409033984,4.787949617462863,4.8929463845224515,0.17981907225363664,False,True
6.915725578671629,0.10520788539925922,0.0,49.882820007715296,0.2444940459141804,9.173560077447585,1.5159493276387288,17.27410616187085,1.9980656391989138,10.37973387620442,37.70334880929249,22.830282409033984,4.736099863672416,4.8929463845224515,0.18541685620447262,False,True
7.295563624565343,0.0849062618034203,0.37571390337676,36.63622297133632,0.6234299711240546,10.547930608409718,1.817848829051227,17.27410616187085,2.256863088856377,12.863181313280318,41.07540574330858,20.993602354277275,0.4640758816305126,4.8929463845224515,0.17981907225363664,False,False
6.970826618963445,0.10378889121814143,0.0,50.7546551902378,0.13763092784987885,8.899775185769625,1.9044558901400161,13.943222522117564,3.2614388810444255,10.243822843394298,39.86051827017077,22.830282409033984,4.787949617462863,4.8929463845224515,0.17981907225363664,False,True
7.343547407758395,0.08296949945069282,0.3498190946940375,36.24124837466991,0.5904861526825307,10.522882604277063,1.9789202417674052,17.060143271282318,1.5059570507357427,12.78176419873779,42.96006015629649,20.39476232529814,0.21894975692259722,4.8929463845224515,0.18541685620447262,False,False
6.892253880607586,0.10589257279531343,0.0,50.01568223472319,0.24283032883574412,9.121932045975141,1.4863662888686762,16.894286158024737,2.605139674930397,10.37973387620442,37.26228155122298,22.830282409033984,4.787949617462863,5.0920901272008186,0.148236585919794,False,True
7.366750676114019,0.08752439110519208,0.6059873433629173,34.03980946563483,0.8293931750428686,11.132190448752413,1.6518605219911204,16.894286158024737,6.97140181807936,13.512378507982465,38.01049857143191,19.84712251863149,0.4640758816305126,4.11481968801505,0.18541685620447262,False,False
7.009715324972607,0.0982780217147544,0.069244746586859,45.783196319618234,0.3497899655839772,9.547975621997683,2.063511429291586,16.43297662985375,0.5307325730925379,12.863181313280318,38.85260980355972,22.830282409033984,3.4174518144035932,4.8929463845224515,0.17981907225363664,False,False
7.119921560867268,0.0926044757494162,0.004396712741588268,44.4731594399017,0.2813752898772165,9.453862033759352,1.264703392134069,13.943222522117564,0.4036345033649369,12.863181313280318,42.15948788185978,22.830282409033984,2.7274259135673202,4.8929463845224515,0.17981907225363664,False,False
7.483664617983322,0.08030851749053942,0.4817686716142787,32.04735652476378,0.6699681454555981,10.908170484007021,2.300145282645096,17.060143271282318,1.9980656391989138,12.77901127445966,44.07540939419294,20.39476232529814,0.21894975692259722,3.288241482440969,0.18541685620447262,False,False
7.443513292320542,0.08291650368322365,0.435025333036702,34.5422910778804,0.656184046509357,10.851545932737126,2.0914980222050112,18.084937722683698,2.1956810747997624,12.050574529238276,42.989666747380724,20.39476232529814,0.49511776818237385,3.519370409942785,0.2698894224742457,False,False
7.616300945517213,0.08752520570452688,0.08129927548385665,60.556442042220894,0.3625074935703097,10.525163025105194,1.2083283959516484,17.060143271282318,1.737147153228866,10.37973387620442,43.47506527232737,20.39476232529814,0.21894975692259722,4.93830165895749,1.7958966857787988,False,False
7.662834250338906,0.10253253070587572,0.0,84.03071815110205,0.1914860468362657,10.418035912086317,2.08669805897569,16.894286158024737,2.256863088856377,10.37973387620442,38.31859464425561,22.830282409033984,2.606417842334059,3.5451028098607082,3.168719171430108,False,True
7.186923188455659,0.09794155847167281,0.13054190652330097,44.10717072594804,0.41445846931692343,9.930391046195979,1.223601852358814,16.605593941476876,1.9980656391989138,13.512378507982465,42.788436530614945,17.17443639882512,2.7274259135673202,5.013843996080715,0.17981907225363664,False,False
7.444360028321535,0.08167222724391204,0.4347317089664232,32.89647903489166,0.6324364219436128,10.757079336431316,2.1055507462317946,17.27410616187085,2.1956810747997624,12.050574529238276,43.953193031299875,20.39476232529814,0.4640758816305126,3.519370409942785,0.148236585919794,False,False
7.628746370415747,0.07748506396250003,0.5891756343264861,27.660125897513247,0.7208043612873682,11.232204345367485,2.1658029685456817,17.27410616187085,2.1956810747997624,12.050574529238276,45.5243894378968,20.993602354277275,0.4640758816305126,1.3177514880328864,0.17981907225363664,False,False
7.21159250846675,0.09098521619449926,0.05819049675942925,42.558378206499704,0.33812773201603874,9.736041692867813,2.1739267357643577,17.060143271282318,1.0791107430954037,10.243822843394298,43.682075499668045,20.702081345058104,2.1600008407257407,4.8929463845224515,0.17981907225363664,False,False
6.891271132753957,0.10603655924088881,0.0,50.42480170130342,0.24375623211198683,9.137771961174934,1.6233393510785652,17.27410616187085,2.256863088856377,10.37973387620442,37.199155647117045,22.830282409033984,4.787949617462863,5.0920901272008186,0.17981907225363664,False,True
6.894054470557589,0.10562788258989718,0.0,50.07074830415453,0.2296599390071764,9.093389033903765,1.4968154303139691,16.894286158024737,2.256863088856377,10.37973387620442,37.610558137297005,22.830282409033984,4.787949617462863,5.0920901272008186,0.148236585919794,False,True
7.365434148285402,0.08491681672985335,0.7093509866229083,31.049413467359777,0.8958558765933888,11.424038553563783,2.1322857699955104,21.790419781391513,1.9980656391989138,13.47248479574305,38.71582953683255,20.10506100771495,0.21894975692259722,3.519370409942785,0.17981907225363664,False,False
7.119836575073903,0.09260257096717531,0.0015096110281904052,44.328866116711595,0.27832939756958175,9.468332312470112,1.470567972419857,16.43297662985375,0.5307325730925379,10.243822843394298,42.161994174282015,22.830282409033984,2.7274259135673202,4.8929463845224515,0.17981907225363664,False,False
7.47302235450046,0.08155717940729042,0.4020657782106167,33.52822675903531,0.6069705236363009,10.708953974729726,1.9549912918472419,17.27410616187085,3.557230563767508,10.37973387620442,44.230901709032146,20.39476232529814,0.4640758816305126,3.519370409942785,0.17981907225363664,False,False
7.055326920339246,0.09608032335495266,0.1834225489271809,43.445368916952674,0.4702475470530168,9.8952537095591,2.3788510077633407,16.894286158024737,1.9980656391989138,12.863181313280318,37.6083953261678,22.830282409033984,2.7274259135673202,4.8929463845224515,0.18541685620447262,False,False
7.257243478743841,0.09883032105743599,0.0,57.48921424890309,0.07848922691016624,9.214631212532016,2.228655245971834,13.943222522117564,1.5059570507357427,10.37973387620442,44.52606037363417,20.39476232529814,3.4877881820291496,4.8929463845224515,0.8695292854583642,False,True
7.170368268700568,0.09502742156673177,0.0,51.79305563387735,0.25354945896990994,9.559441243901562,1.5083537273159104,16.894286158024737,0.34507787259914535,10.37973387620442,41.13385594967271,22.830282409033984,2.7274259135673202,5.013843996080715,0.6754938248169686,False,True
7.397200148248151,0.08595383807623752,0.5217976615857639,33.78302589120708,0.7369162305567772,10.969579136226182,1.406174967176897,17.060143271282318,4.178047302028675,13.512378507982465,40.67313202088027,20.10506100771495,0.7664506239640595,3.519370409942785,0.18541685620447262,False,False
7.975392416850647,0.09249812075866232,0.25012060659563645,74.24754447740514,0.5406139978932374,11.730337802265643,1.3962301059752336,18.084937722683698,2.1956810747997624,13.512378507982465,39.99596376611961,20.39476232529814,0.4640758816305126,2.107205830194814,3.244994891291003,False,False
6.899069990183284,0.10598770798147258,0.0,49.90912558288925,0.27089640260480213,9.222676574373912,1.7145657146316093,16.894286158024737,1.9980656391989138,11.421323481329951,36.989729454222626,22.830282409033984,4.787949617462863,4.8929463845224515,0.18541685620447262,False,True
7.313709343245814,0.08919870612351977,0.09342070674004838,39.92309905966737,0.37241873523723756,9.913366129086711,2.150547815734378,13.943222522117564,2.1956810747997624,12.050574529238276,44.2144528445252,21.520336064353472,2.3765434827693004,3.519370409942785,0.17981907225363664,False,False
7.5449573000320695,0.11217739113150874,0.0,90.94377723354023,0.01873428768062485,9.849668096738286,1.9315792617944898,17.060143271282318,2.256863088856377,10.37973387620442,40.18618305662315,18.235409319997252,3.6577042195988416,5.0920901272008186,3.1318730402368247,False,True
7.46925734679443,0.08384851547394848,0.6829372771523318,30.729634298604086,0.8634354686846426,11.4885652628259,2.000863222439724,21.971924497457017,2.1956810747997624,12.050574529238276,40.44301132775106,20.10506100771495,0.4640758816305126,2.499782258934186,0.2698894224742457,False,False
7.305863913505756,0.08790580084812165,0.22246288701894915,45.80139199535223,0.5114351037398323,10.328194344902187,2.334867464421551,17.27410616187085,3.557230563767508,10.37973387620442,39.336184905305565,22.830282409033984,0.8548781317998847,5.0920901272008186,0.6754938248169686,False,False
7.6438598185164555,0.07968607921312561,0.5442304517660105,29.71132136187777,0.7025980712115056,11.216329421177067,1.9160912671963104,18.084937722683698,3.557230563767508,10.37973387620442,45.2822815942178,20.39476232529814,0.7134130073213077,1.3177514880328864,0.2698894224742457,False,False
7.410597665006307,0.08943509783053005,0.029622618247542126,57.38762701424437,0.3079886201859978,10.079422546517684,2.088615107911465,16.894286158024737,0.5307325730925379,10.37973387620442,41.819823896345355,22.830282409033984,1.1551822451609932,5.013843996080715,1.3761148460572539,False,False
7.892349706299051,0.09019111432873435,0.268582857163046,68.6750973862564,0.5600916722418544,11.60484948598078,2.0758568165165854,18.084937722683698,2.1956810747997624,12.863181313280318,39.50888385668544,21.910951632338765,0.4640758816305126,2.107205830194814,2.8650826883866847,False,False
7.503105733111893,0.08175844528313467,0.4825050573172567,31.46787433636635,0.6624926822049705,10.94653521911073,1.7036782610396766,17.060143271282318,1.0791107430954037,13.512378507982465,44.58003328808055,20.39476232529814,0.8548781317998847,2.3332768762567766,0.18541685620447262,False,False
7.10314809230558,0.10372907299719297,0.0,46.63042329242074,0.270798413979506,9.489832078334285,1.5971807340342605,17.27410616187085,2.256863088856377,10.37973387620442,41.49709676569411,20.10506100771495,4.787949617462863,3.519370409942785,0.17981907225363664,False,True
7.292217764615048,0.08464503290932335,0.3404288522423971,37.93994042158014,0.6047703571226897,10.51350254650724,2.2802271196996857,18.084937722683698,2.1956810747997624,11.613975186144804,40.56754269540576,21.910951632338765,0.4640758816305126,4.8929463845224515,0.2698894224742457,False,False
7.229651752528138,0.09163582088213655,0.08093039023919567,43.563861749620095,0.3621183196371923,9.835680797041647,1.9237249621703456,17.27410616187085,1.4827293507649688,10.37973387620442,43.2093714897561,20.39476232529814,2.0964609891088295,4.8929463845224515,0.2698894224742457,False,False
7.421802451518025,0.09110450803159645,0.3106245503242448,35.376382032340985,0.536819429889218,10.554848334645618,1.1518805581558689,17.060143271282318,2.1956810747997624,12.050574529238276,43.78364574718867,20.39476232529814,3.0176224919063137,1.3177514880328864,0.17981907225363664,False,False
7.463124190196237,0.08074535116351787,0.46543764079780825,32.64029536681159,0.6611828930231867,10.858446637978094,2.1791991501948837,17.060143271282318,1.9980656391989138,12.77901127445966,43.84428046669112,20.39476232529814,0.21894975692259722,3.519370409942785,0.18541685620447262,False,False
7.663659336543476,0.08581653829314077,0.0,60.95016689385166,0.26736397422690616,10.320502701329547,2.153373350005851,17.016663787579137,1.9980656391989138,8.026839686169284,45.655875734530674,20.39476232529814,0.21894975692259722,4.8929463845224515,1.7958966857787988,True,True
7.065789879580198,0.101300780616469,0.0,47.888125593132536,0.165354757052526,9.113189377662033,2.15624300589127,14.331247338112897,2.256863088856377,10.37973387620442,41.464345644612465,22.830282409033984,4.787949617462863,3.7697589534633575,0.17981907225363664,False,True
7.099450723576974,0.09357461385439064,0.05293066846561882,44.005447608761244,0.33257861316606874,9.594772860830286,1.7845583647692684,17.27410616187085,0.8326958072328461,10.37973387620442,40.88299037531449,22.830282409033984,2.7274259135673202,4.8929463845224515,0.17981907225363664,False,False
7.5770878208217765,0.08554035998942545,0.08286847161278686,54.59645412804874,0.364162995486331,10.401360370255013,1.8190186725739306,16.43297662985375,1.737147153228866,10.37973387620442,44.878456062191205,20.038320016584414,0.21894975692259722,4.93830165895749,1.3761148460572539,False,False
7.111678351895007,0.09381624341265003,0.06154821598772717,44.22106366562342,0.34167012580189304,9.584533657913303,1.5567643091365806,13.943222522117564,1.9980656391989138,12.863181313280318,40.5650567460258,22.830282409033984,2.7274259135673202,4.8929463845224515,0.17981907225363664,False,False
7.14848747415767,0.09083215117164956,0.029057454669969864,43.25326335766324,0.3073923726116591,9.572091001454588,1.523069141389901,16.43297662985375,0.5307325730925379,10.37973387620442,42.37696557226992,22.830282409033984,2.3765434827693004,4.8929463845224515,0.17981907225363664,True,False
7.1363181398393145,0.11152172614967856,0.0,67.59007761261167,0.1637159598074419,9.446265740373146,1.9412972051659,16.43297662985375,2.057735765386296,12.276136284423519,38.07107946457891,20.10506100771495,4.787949617462863,4.8929463845224515,1.3761148460572539,False,True
7.059663863377661,0.09765306479597236,0.0,47.303737531962945,0.21201564290600017,9.199365667327681,1.60428039887041,14.679892547843885,2.256863088856377,10.37973387620442,41.122758401686404,22.830282409033984,3.6577042195988416,4.8929463845224515,0.17981907225363664,False,True
7.234268039536598,0.08844971799253802,0.5311029407472122,36.23763064968027,0.7816890905946502,10.886937042715964,2.0437787225279798,19.597410867392515,4.913368477186776,12.050574529238276,36.70905869082019,20.993602354277275,0.4640758816305126,5.0920901272008186,0.17981907225363664,False,False
7.294896199192669,0.09196427468839224,0.23162161038139223,39.34775102073668,0.5100272124369252,10.2115927174383,2.302859268631892,13.943222522117564,5.834587081210935,12.050574529238276,40.57554683811403,21.520336064353472,2.3765434827693004,3.519370409942785,0.17981907225363664,False,False
7.55363933919581,0.08359551895320418,0.3248766086051625,42.87151487150444,0.6194815800132873,10.990046811781822,2.044136364383881,17.060143271282318,1.5059570507357427,13.512378507982465,42.901229395462806,20.39476232529814,0.21894975692259722,3.519370409942785,0.8872092823731502,False,False
7.117981526351012,0.09216897752489499,0.055159644297844604,43.46612848222553,0.33493018266906693,9.621149731731018,1.7943988250163576,17.27410616187085,0.5307325730925379,10.37973387620442,41.37590278075594,22.830282409033984,2.491121467831133,4.93830165895749,0.17981907225363664,False,False
7.666159811667203,0.08540352732964189,0.27900893126558285,55.13797948919635,0.5710911804200308,11.145675752936798,2.303659327658645,17.060143271282318,1.737147153228866,12.863181313280318,40.36288691904532,22.830282409033984,0.21894975692259722,3.131512491427796,1.7958966857787988,False,False
7.360482937402644,0.08278816581541504,0.6887226806008466,30.91231769776845,0.8721406460577736,11.27360080363716,2.0458723658541573,17.060143271282318,3.331323793340206,15.51836733652932,37.572872878196975,22.830282409033984,0.21894975692259722,3.288241482440969,0.17981907225363664,False,False
7.22459830446151,0.10096731072302735,0.19737314809271317,40.424223102871885,0.4849654291726533,10.152961297800134,2.325449314210807,16.43297662985375,5.814113028986503,10.37973387620442,38.25737387817196,22.830282409033984,4.787949617462863,1.3177514880328864,0.17981907225363664,False,False
7.003757038658268,0.1049681869688544,0.0,50.68966813189539,0.150996402957989,9.009829497381764,2.161668102990581,14.169618881120952,1.9980656391989138,12.050574529238276,41.526263550904766,20.39476232529814,4.787949617462863,4.8929463845224515,0.17981907225363664,False,True
7.178785436698459,0.089481860029771,0.35922561258914354,40.89505174718534,0.6557197792163874,10.55841405722995,2.294787403830872,17.27410616187085,0.8326958072328461,15.567381492727622,37.14152618700654,22.830282409033984,1.0781603382690768,4.8929463845224515,0.38290121933662136,False,False
7.419151122856998,0.08151760069965115,0.4402388809399303,33.261723808469384,0.6434479041028036,10.755909205785466,2.1678670569065153,17.27410616187085,2.1956810747997624,12.050574529238276,42.7960368059107,21.520336064353472,0.4640758816305126,3.519370409942785,0.17981907225363664,False,False
7.279516885453046,0.09303897789997898,0.40888754123672794,35.974487781399105,0.6490044518071406,10.699694261327478,1.7141881095483489,19.764145219746425,1.9980656391989138,12.050574529238276,39.17458970682274,21.910951632338765,2.8090505862555966,2.107205830194814,0.18541685620447262,False,False
7.00241140278374,0.09756677593836047,0.0,48.11008556527992,0.2171857694338406,9.152072252443332,1.5501538200465186,13.943222522117564,0.5307325730925379,12.863181313280318,40.71751346394904,22.830282409033984,3.4174518144035932,5.517796831869328,0.17981907225363664,False,True
7.524019622719281,0.09018296390553839,0.058090843951714405,56.29687915020548,0.3380225983038996,10.286134925326186,1.4191287873738836,16.43297662985375,2.256863088856377,10.37973387620442,43.74496076376681,20.10506100771495,1.1551822451609932,4.549107542385443,1.3761148460572539,False,False
7.312956160822851,0.0861084637507751,0.5002700438056491,35.53814319491319,0.7391990506859849,10.887257955088241,2.0129308472165826,16.894286158024737,1.9980656391989138,16.193748913668628,40.44274525951497,19.173841031943226,0.21894975692259722,4.8929463845224515,0.18541685620447262,False,False
7.663659336543476,0.08581653829314077,0.0,60.95016689385166,0.26736397422690616,10.320502701329547,2.153373350005851,17.016663787579137,1.9980656391989138,8.026839686169284,45.655875734530674,20.39476232529814,0.21894975692259722,4.8929463845224515,1.7958966857787988,True,True
7.313701371504989,0.08909379561951453,0.18410409717954843,37.63595562438543,0.43551872224194443,10.14644615427759,2.126838090668675,17.49146778694104,0.8326958072328461,10.37973387620442,43.12383672375195,22.830282409033984,2.7274259135673202,2.4347384110148016,0.17981907225363664,False,False
7.839292246104769,0.10241747393469042,0.0,86.60386652164456,0.21545107537654923,10.806151220373508,1.9234102351037832,16.894286158024737,0.8326958072328461,12.050574529238276,39.90166807686468,21.910951632338765,2.7274259135673202,2.107205830194814,3.5751920525385628,False,True
7.2752951618656745,0.09935120914622209,0.08380980330721567,40.90404126123455,0.3651561004239534,9.959005417558389,1.7317673550140762,17.27410616187085,2.256863088856377,10.37973387620442,42.81017434104169,20.993602354277275,4.787949617462863,1.3177514880328864,0.17981907225363664,False,False
7.43022228214695,0.08715976283086366,0.22850170361925637,36.15830352991151,0.4613150955339232,10.37673733216836,2.22179525453342,17.27410616187085,0.8326958072328461,10.37973387620442,44.36811492158345,22.830282409033984,2.7274259135673202,1.3177514880328864,0.2698894224742457,False,False
7.644646518248892,0.08250300922641403,0.6397970226744542,27.62685113860627,0.7737360633499794,11.396603077487786,1.510194677756459,17.27410616187085,4.49380473745432,12.050574529238276,44.16286206879491,20.10506100771495,1.3757834299050369,0.35798899276802176,0.17981907225363664,False,False
7.0901263046676455,0.09321296109180087,0.16135626474708975,42.536049044204645,0.4469676172430206,9.879957590639215,2.0658625632542535,16.43297662985375,0.5307325730925379,13.512378507982465,39.244320940491875,22.830282409033984,2.3765434827693004,4.8929463845224515,0.17981907225363664,False,False
7.215672550874208,0.09776037910582121,0.20137314021008157,39.953285641943204,0.48673843676593126,10.189609901583502,1.31098583592231,17.619251251676573,2.1956810747997624,12.050574529238276,39.96218428737519,21.910951632338765,3.9743323221229807,2.107205830194814,0.17981907225363664,False,False
7.048678028536464,0.09567935588618277,0.0,48.678667149837736,0.10653556032848943,8.908006748135588,1.6912523931332908,13.943222522117564,0.5307325730925379,10.37973387620442,43.20096090102494,22.830282409033984,3.4174518144035932,5.517796831869328,0.17981907225363664,True,True
7.105675089344318,0.0930470910808503,0.02679980672181951,44.12906529897929,0.30501055402636046,9.534690901273983,1.8151320507659525,17.27410616187085,0.33441324605013495,10.183907524834042,41.577099287867576,22.830282409033984,2.7274259135673202,4.8929463845224515,0.17981907225363664,False,False
7.074389874319154,0.0950333626620866,0.09680428610750565,44.29115623424235,0.37886527977825935,9.66864778485204,2.01225471715625,17.27410616187085,2.256863088856377,10.37973387620442,39.259679351012586,22.830282409033984,2.7274259135673202,5.0920901272008186,0.17981907225363664,False,False
7.190392659071848,0.0922483941587408,0.17333282168928052,40.099135220406815,0.45923293055989467,10.054481710006057,1.8318145924542584,17.27410616187085,0.8326958072328461,12.050574529238276,40.585725696860294,22.830282409033984,2.7274259135673202,3.519370409942785,0.17981907225363664,False,False
7.474509934316886,0.1006709044897862,0.0,74.7487681078218,0.14404905565968895,9.931724906879687,1.997442745553601,17.27410616187085,0.5307325730925379,10.37973387620442,41.154943656525646,20.935553849979552,2.491121467831133,4.93830165895749,2.295506755538364,False,True
7.823382968428609,0.08394186137038825,0.2737739682312991,52.173981734485494,0.5655682944188615,11.315622324411219,2.3347759270385517,17.016663787579137,3.557230563767508,10.37973387620442,42.41466307969462,22.830282409033984,0.6877781099086417,1.3177514880328864,1.7958966857787988,False,False
7.26111563165898,0.08465595678900172,0.2812751692377799,38.5936077042236,0.5516720345194074,10.310977066141525,2.143527775849661,16.894286158024737,1.5059570507357427,12.863181313280318,42.11258295676899,20.39476232529814,0.21894975692259722,5.830461366715838,0.17981907225363664,False,False
7.619754034113572,0.08753868193214077,0.4164765699127491,48.934846816925656,0.7161195391927913,11.392005235920536,2.032652979267973,16.43297662985375,3.331323793340206,15.51836733652932,39.795706138271484,20.038320016584414,0.21894975692259722,3.288241482440969,1.3761148460572539,False,False
7.041802120039437,0.1034229944547704,0.0,51.16914597835684,0.06059824759082111,8.80849118712753,2.308034596763779,13.943222522117564,1.9980656391989138,10.243822843394298,43.55941159575213,20.39476232529814,4.787949617462863,4.8929463845224515,0.17981907225363664,False,True
7.034606888972412,0.10324819811539693,0.020574953791696864,48.20364503735204,0.29844333418508107,9.40786487252389,2.0810066098550175,13.943222522117564,3.2614388810444255,13.512378507982465,39.70520971333775,20.39476232529814,4.110222593443564,4.8929463845224515,0.17981907225363664,False,False
7.069491103527329,0.09597675623584959,0.2222354253264214,42.43299905781468,0.5111951316542155,10.02378733014973,2.2089197914926895,16.894286158024737,1.9980656391989138,13.512378507982465,37.26939136941835,22.830282409033984,2.7274259135673202,4.588350930520592,0.17981907225363664,False,False
7.268527061851571,0.09330120751054424,0.5469906040828608,34.40359517750417,0.7723322524719501,11.03550437040165,2.2370883755013398,19.597410867392515,0.5307325730925379,15.997022813643408,38.10308502131468,20.993602354277275,2.491121467831133,2.107205830194814,0.17981907225363664,False,False
7.175210451246009,0.09116835603704919,0.0,45.88940221778103,0.17611648297771032,9.240159678084181,1.844481351714829,13.943222522117564,0.8326958072328461,10.243822843394298,44.28965185477085,22.830282409033984,2.7274259135673202,4.8929463845224515,0.23995226536067515,False,True
7.244816057019732,0.08569924117027072,0.2142862299265727,39.12207590968322,0.48852456848385173,10.094463272220754,2.2846913659122823,13.943222522117564,2.256863088856377,13.512378507982465,41.30632767696444,22.830282409033984,1.0781603382690768,4.8929463845224515,0.17981907225363664,False,False
7.489882969728096,0.08192048045955981,0.49199389252802955,32.48231151556109,0.6869499057522864,10.964142367911675,2.274718872716692,17.060143271282318,2.3185182034425407,13.512378507982465,44.41695119366498,18.773869584508674,0.21894975692259722,3.519370409942785,0.17981907225363664,False,False
7.486877102159441,0.09102751251594315,0.23193822846301207,61.25881164497145,0.5214315889633186,10.797650382974346,1.7434718121107147,16.894286158024737,2.1956810747997624,13.512378507982465,37.343379903458775,22.830282409033984,0.4640758816305126,4.8929463845224515,1.8669696805473033,False,False
7.584656264533335,0.08580111896308815,0.012192353846680729,55.94155403706348,0.2895996912430891,10.218328492204357,2.1900973483107444,17.016663787579137,2.1956810747997624,8.026839686169284,45.601181691866536,20.39476232529814,0.4640758816305126,4.8929463845224515,1.4078491681341792,True,False
7.431569642334916,0.08619157754515976,0.27538857847267467,46.39529078581771,0.5672717082235127,10.694542994898075,1.8964634316117892,17.060143271282318,1.5059570507357427,13.512378507982465,41.52765342088314,20.39476232529814,0.21894975692259722,4.8929463845224515,0.8872092823731502,False,False
7.38529872125068,0.08830788397934464,0.2617701675782576,36.02103843880466,0.49445854603689543,10.371293641276262,1.7335234736725058,17.27410616187085,2.1956810747997624,10.37973387620442,43.46138088450662,21.910951632338765,2.491121467831133,2.107205830194814,0.17981907225363664,False,False
6.972972961149891,0.10300078878718143,0.0,50.88858260109344,0.09975352383353475,8.820011779147144,2.1138821787672106,14.169618881120952,1.9980656391989138,10.243822843394298,40.8974951530129,22.830282409033984,4.787949617462863,4.8929463845224515,0.17981907225363664,False,True
7.038227493637302,0.10361632726662615,0.0,51.18564827539938,0.07005160922120085,8.833064058121437,2.248194829300545,14.169618881120952,1.9980656391989138,10.243822843394298,43.32741745279791,20.39476232529814,4.787949617462863,4.8929463845224515,0.18541685620447262,False,True
7.462154290475873,0.08475493243816366,0.36752302342649795,32.85533997410701,0.5609454012870729,10.632373651808495,2.0120978259714484,17.27410616187085,2.256863088856377,10.37973387620442,43.622956229112276,22.830282409033984,2.138487674635566,1.3177514880328864,0.17981907225363664,False,False
7.490974987693674,0.08656706109567326,0.3636545525836791,33.935443850266644,0.5722458200699514,10.736396970010112,1.7230712188385646,18.084937722683698,2.1956810747997624,10.37973387620442,43.77954148789862,21.910951632338765,2.3765434827693004,1.0027213008311917,0.2698894224742457,False,False
7.321889079559677,0.09095753923720629,0.3002122233638387,37.58553375771547,0.557294742407748,10.48280683848475,1.7238409262616352,17.27410616187085,2.1956810747997624,12.050574529238276,40.54483465882075,22.830282409033984,2.7274259135673202,2.107205830194814,0.2698894224742457,False,False
7.382319414994807,0.08907723346883703,0.09543189754617755,47.49808098313396,0.3774174098460582,10.055720835841456,1.802381941215982,13.943222522117564,3.2614388810444255,12.050574529238276,43.469757981176855,20.39476232529814,1.311803551785324,4.8929463845224515,0.6754938248169686,False,False
7.148812295279491,0.09198420189339679,0.09558769544503497,42.92524793011018,0.37758177662935277,9.713790253505136,1.6733525509647185,13.943222522117564,2.256863088856377,12.863181313280318,40.73916045760629,22.830282409033984,2.3765434827693004,4.810927654082533,0.17981907225363664,False,False
7.2130482932882805,0.10017266279994771,0.016237601316962297,44.458447701063086,0.2938674273242361,9.690658995864196,1.6615945062982538,16.43297662985375,2.1956810747997624,10.243822843394298,42.0515229494815,21.910951632338765,4.787949617462863,2.107205830194814,0.2698894224742457,False,False
7.093179227921971,0.09636658078124867,0.022968001131814162,45.144665961399895,0.3009679991289048,9.477914747743954,1.421603279356888,13.943222522117564,1.6539792101601698,12.863181313280318,40.68096661592013,22.830282409033984,3.4174518144035932,4.431097042830605,0.17981907225363664,False,False
7.099740569507358,0.09233962428180625,0.05199768583602266,43.39617181058378,0.3315943164918448,9.583570635256606,1.8421487753428538,17.27410616187085,0.5307325730925379,10.37973387620442,41.253696798846455,22.830282409033984,2.491121467831133,5.0920901272008186,0.148236585919794,False,False
7.062426217325341,0.09872511982825594,0.0,48.20173429502604,0.2133736252784615,9.229586913815666,2.1969769438708058,13.943222522117564,0.5307325730925379,13.512378507982465,42.79353767056593,20.10506100771495,3.4174518144035932,5.517796831869328,0.17981907225363664,False,True
7.512172178457715,0.08112141842170112,0.5340011381114957,29.77506157812873,0.692713863601347,11.02589520410228,2.156324956024695,17.27410616187085,2.1956810747997624,12.050574529238276,42.92282092011355,22.830282409033984,1.228964344657057,1.3177514880328864,0.17981907225363664,False,False
7.005966967167688,0.09913848453895767,0.0007672025336139357,46.871542825841416,0.27754615660780363,9.322782742500031,1.5392604720409413,16.43297662985375,2.256863088856377,10.243822843394298,39.33802409614213,22.830282409033984,3.6577042195988416,5.0920901272008186,0.148236585919794,False,False
7.164985169306515,0.08853369400049896,0.3516054034043043,38.69405828711524,0.6273009386645765,10.406797341571286,2.2100738366063135,17.27410616187085,2.256863088856377,13.512378507982465,37.788431347409585,22.830282409033984,1.060431501441449,5.0920901272008186,0.18541685620447262,False,False
7.419026831593665,0.08447019842684345,0.4534890559406112,32.97834932952728,0.6533913300010408,10.813375304167792,1.4961681933590432,17.27410616187085,1.5059570507357427,13.512378507982465,43.16237039845748,20.39476232529814,1.094732912253084,2.9074560574824395,0.148236585919794,False,False
7.593489984109716,0.07857363036507573,0.5361977670421538,29.786989239123287,0.6952011677973835,11.114188677255967,2.2915393221994105,17.27410616187085,3.557230563767508,10.37973387620442,43.63923164084547,22.830282409033984,0.7317744377706412,1.3177514880328864,0.2698894224742457,True,False
6.893573316425638,0.10616521922626189,0.006131540134199193,49.78251564745182,0.283205532776421,9.24588266382332,1.8671114298051854,16.641864454313975,1.9980656391989138,11.93530153214924,36.733770891064935,22.830282409033984,4.787949617462863,4.8929463845224515,0.17981907225363664,False,False
7.179656378336135,0.08608597075283583,0.3817623632841516,37.938317751845844,0.6483541029879636,10.463048173560686,2.338722776500229,17.27410616187085,2.1956810747997624,13.512378507982465,38.02586006055947,22.830282409033984,0.4640758816305126,5.517796831869328,0.17981907225363664,True,False
7.081623709356283,0.09532286323771887,0.06556336069298102,44.57336842098178,0.34590610346593587,9.594847749883504,1.9443309853471942,16.894286158024737,1.9980656391989138,10.37973387620442,39.881854121359886,22.830282409033984,2.943012339401978,4.8929463845224515,0.17981907225363664,False,False
7.483664617983322,0.08030851749053942,0.4817686716142787,32.04735652476378,0.6699681454555981,10.908170484007021,2.300145282645096,17.060143271282318,1.9980656391989138,12.77901127445966,44.07540939419294,20.39476232529814,0.21894975692259722,3.288241482440969,0.18541685620447262,False,False
7.49869393350383,0.0850261985778581,0.3745120056672092,32.025146743078764,0.5564960755144196,10.681390117821303,2.1885287880565043,17.27410616187085,1.9980656391989138,10.37973387620442,44.27785652802401,22.830282409033984,2.491121467831133,0.5690148455830449,0.17981907225363664,False,False
7.253788077959707,0.09694458681396521,0.12177697574794223,39.45491815201734,0.3956672797183913,9.99227489733896,2.193187955084432,17.27410616187085,2.1956810747997624,10.1245364121725,41.62070916222053,22.830282409033984,4.488696705949691,1.3177514880328864,0.148236585919794,False,False
7.0705509288061945,0.10070315684109664,0.0074167666878054,46.86431424366924,0.28456144679047557,9.44612665861329,1.648541079127843,17.27410616187085,2.256863088856377,10.436582473087583,41.49641583295264,19.638001510513085,3.6577042195988416,5.0920901272008186,0.148236585919794,False,False
7.288371445725484,0.10518683708508711,0.0,68.66804324259647,0.22095218771095054,9.839010928903317,1.9559837764534473,17.060143271282318,0.5307325730925379,12.78176419873779,39.189806984233805,20.39476232529814,3.4174518144035932,4.8929463845224515,1.7323924484293687,False,True
7.041494584065743,0.09831557827874418,0.0,49.29223252243156,0.07609082770459463,8.839923690465925,1.7971746540344529,13.943222522117564,0.5307325730925379,10.243822843394298,43.22754969897544,22.830282409033984,4.151624496610087,4.8929463845224515,0.17981907225363664,False,True
7.641790358534696,0.07782733129333834,0.5645103786113861,28.984797501506144,0.7136470375435532,11.245020434986625,2.1553377050592597,17.27410616187085,2.1956810747997624,12.050574529238276,45.434319087676194,20.993602354277275,0.4640758816305126,1.3177514880328864,0.2698894224742457,False,False
7.411315592984055,0.08969450202334349,0.21001171657142245,36.51698947441731,0.44691617127097016,10.291761085503332,1.6669050023171088,16.894286158024737,1.9980656391989138,10.37973387620442,44.795766425380236,21.115693355508633,2.943012339401978,1.6936231340274461,0.17981907225363664,False,False
7.5220275144272,0.0872602534813908,0.595583312177245,32.76197264620345,0.8002193707733387,11.276726202239502,2.1125129470933883,17.27410616187085,6.444764798621427,13.512378507982465,42.832600446744834,15.772884720953483,0.4640758816305126,3.519370409942785,0.17981907225363664,False,False
7.580439256232082,0.08304357291485458,0.5997757282483974,34.86999573865739,0.8346625240453636,11.550610218655057,2.100352547030669,17.27410616187085,3.557230563767508,14.233215219462947,39.38014589524421,22.830282409033984,0.7317744377706412,1.3177514880328864,0.6754938248169686,False,False
7.356330192794433,0.08802620399650876,0.07284222402646891,47.55300762218501,0.3535853042827656,9.967460532376855,2.063871990210301,13.943222522117564,2.256863088856377,12.050574529238276,43.29584250178563,21.573253596877414,1.311803551785324,4.8929463845224515,0.6754938248169686,False,False
7.611705823382149,0.0790077260644243,0.6349706312599515,28.533218824090383,0.7815517155312092,11.408133849867749,2.1418552311507,18.827257176457632,2.1956810747997624,12.050574529238276,43.881168073089405,20.993602354277275,0.4640758816305126,1.3177514880328864,0.2698894224742457,False,False
7.47660926562245,0.08431447848455716,0.3112721917349251,35.467519210395736,0.5388005673735383,10.546692592904058,2.315763741490122,17.016663787579137,3.557230563767508,10.37973387620442,45.84357492814843,18.442525298417834,0.8548781317998847,3.7255743418291485,0.17981907225363664,False,False
6.886697357083089,0.10591654579282021,0.0,49.960315633163745,0.24626589349081207,9.133278096387482,1.629159315234103,17.27410616187085,2.256863088856377,10.37973387620442,37.230738133450885,22.830282409033984,4.787949617462863,5.0920901272008186,0.148236585919794,False,True
7.848803087061307,0.10281946815986792,0.09065000564207018,80.53068262426044,0.3723725138872249,11.203913390364592,1.9756614482874872,18.488903025870776,2.1956810747997624,12.050574529238276,38.66702821482249,21.150263113407675,2.8036538856360815,1.3177514880328864,3.3261446681920668,False,False
7.3454221092794,0.087937832172117,0.13046164177824385,48.98150473340075,0.4143737900108882,10.171666065512836,2.156615869425005,16.894286158024737,1.9980656391989138,10.37973387620442,41.06952753816441,22.830282409033984,1.0781603382690768,4.8929463845224515,0.856997656582011,False,False
6.949675185464327,0.10424536232569549,0.0,51.30531392917662,0.10578230243674136,8.815660554894277,2.0173228481682277,14.43326482430209,1.9980656391989138,10.37973387620442,40.321737758152594,22.830282409033984,4.96415003633191,4.8929463845224515,0.17981907225363664,False,True
7.156077383367359,0.09445380744102608,0.04057758153725093,44.33623063644332,0.3195461064566406,9.609395769445426,1.9183488482977968,16.43297662985375,2.256863088856377,10.243822843394298,42.24975352009969,20.971037273017437,2.7274259135673202,4.93830165895749,0.17981907225363664,False,False
7.112040271499903,0.10444662216993525,0.022637672626479075,46.60233958464703,0.3006195025557763,9.545589607486002,1.5743098969164002,16.43297662985375,4.178047302028675,10.243822843394298,40.552953117349034,20.10506100771495,4.787949617462863,3.519370409942785,0.17981907225363664,False,False
7.497552614083847,0.08523295236797283,0.5203819749003402,38.429624897533635,0.8015944510991019,11.351819765619744,1.645244922075572,17.016663787579137,3.331323793340206,15.51836733652932,39.55619769307267,20.39476232529814,0.21894975692259722,3.288241482440969,0.6754938248169686,False,False
7.0855417814568105,0.09573948400756584,0.19678031352197342,43.32357457787544,0.4843399887005229,10.01070669404756,2.2033738556920786,20.611456834469674,1.5059570507357427,10.39715575944733,39.16432456310033,20.39476232529814,2.223129778874995,5.517796831869328,0.18541685620447262,False,False
7.572182978500147,0.08580523376215318,0.10361983344289802,54.3459738200967,0.3860556822170983,10.459565033132298,1.6644884758926874,16.894286158024737,1.737147153228866,10.37973387620442,44.46250180845526,20.038320016584414,0.21894975692259722,4.8929463845224515,1.3761148460572539,False,False
7.264404083504346,0.08616112619898983,0.20820472906245382,39.026758787089825,0.48075118308759557,10.149060770520574,2.009786839112926,15.728191395396566,0.5307325730925379,13.512378507982465,42.95719373341485,21.120577995068416,1.0781603382690768,4.8929463845224515,0.17981907225363664,False,False
7.483664617983322,0.08030851749053942,0.4817686716142787,32.04735652476378,0.6699681454555981,10.908170484007021,2.300145282645096,17.060143271282318,1.9980656391989138,12.77901127445966,44.07540939419294,20.39476232529814,0.21894975692259722,3.288241482440969,0.18541685620447262,False,False
7.237933434065992,0.08596928729545615,0.230405852508285,39.01876549604905,0.5040595366332457,10.131779724930798,2.268283371052881,14.298546371045774,2.256863088856377,13.512378507982465,40.951003828036235,22.830282409033984,1.0781603382690768,4.8929463845224515,0.17981907225363664,False,False
7.109323013740421,0.10368276379790459,0.18838130477070797,42.42702694861151,0.4754790344679379,10.068018049563955,2.0731541752398432,18.77775979360102,2.1956810747997624,12.050574529238276,37.859496307207145,21.910951632338765,4.918511760366579,2.107205830194814,0.17981907225363664,False,False
7.439780613423351,0.09562696620698491,0.24748916059712267,38.6492175956257,0.5168197305238722,10.563462600994992,1.6084802233158595,17.060143271282318,2.1956810747997624,13.512378507982465,45.16185241387307,16.73783689390958,3.250432356224687,1.8117860594538813,0.2698894224742457,False,False
7.023921555355282,0.10414558725389302,0.0,50.937474680760815,0.10277140377698457,8.903457726008552,2.1174156688884205,14.169618881120952,1.9980656391989138,10.968206483236443,42.6086315969066,20.39476232529814,4.787949617462863,4.8929463845224515,0.17981907225363664,False,True
7.599010143592344,0.08573662344208381,0.12428430450264424,52.04253963633776,0.40785669918513057,10.563207474942338,1.903392590414556,16.43297662985375,1.737147153228866,10.243822843394298,43.271865995828804,22.830282409033984,1.0781603382690768,3.0296297843339612,1.3761148460572539,False,False
7.458785374702542,0.08769764095258115,0.393466335307316,33.35304668772258,0.5954033888093727,10.739473875394788,1.1434381032850993,17.27410616187085,2.1956810747997624,12.050574529238276,43.611921836758015,20.993602354277275,2.3765434827693004,1.3177514880328864,0.17981907225363664,False,False
7.257471241189987,0.08414608803649265,0.1344680222958708,39.28530384660509,0.4066408727999297,9.941698264384195,2.379228067595398,16.894286158024737,0.5307325730925379,10.243822843394298,43.34995022140927,22.830282409033984,1.0781603382690768,4.8929463845224515,0.17981907225363664,True,False
7.0901263046676455,0.09321296109180087,0.16135626474708975,42.536049044204645,0.4469676172430206,9.879957590639215,2.0658625632542535,16.43297662985375,0.5307325730925379,13.512378507982465,39.244320940491875,22.830282409033984,2.3765434827693004,4.8929463845224515,0.17981907225363664,False,False
7.232022265840806,0.10474559047378719,0.0,64.95103895655555,0.1739267344533194,9.568839137517577,1.8177572464398695,17.27410616187085,1.737147153228866,10.37973387620442,40.08561558432717,20.397488031511777,3.6577042195988416,5.0920901272008186,1.3761148460572539,False,True
7.14848747415767,0.09083215117164956,0.029057454669969864,43.25326335766324,0.3073923726116591,9.572091001454588,1.523069141389901,16.43297662985375,0.5307325730925379,10.37973387620442,42.37696557226992,22.830282409033984,2.3765434827693004,4.8929463845224515,0.17981907225363664,True,False
7.140104942676399,0.09599669004648265,0.09718604027857349,43.10700263151598,0.3792680304287359,9.741545570001897,1.9752907533006867,13.943222522117564,2.256863088856377,13.512378507982465,40.12807726238887,22.830282409033984,3.4174518144035932,3.731905322963514,0.17981907225363664,False,False
7.405558125007143,0.08027160968758523,0.5456373921029586,31.66471455810693,0.7319004780889286,10.967987767424322,2.3592073394140685,17.060143271282318,1.9980656391989138,13.512378507982465,40.90652207693429,22.830282409033984,0.21894975692259722,3.288241482440969,0.18541685620447262,True,False
7.0927568210120455,0.09983398582446863,0.012942271263219772,46.87098630740482,0.29039085411753773,9.458294230928223,1.9508282702393407,13.943222522117564,2.256863088856377,13.512378507982465,41.509116375610056,20.10506100771495,3.600593040942502,4.8929463845224515,0.17981907225363664,False,False
6.971752769270992,0.1004507690237611,0.07277344698183501,46.36979198727607,0.3535127445006769,9.504616028556073,1.857167580269523,18.084937722683698,2.1956810747997624,10.37973387620442,37.61133398455868,22.830282409033984,3.6577042195988416,5.0920901272008186,0.148236585919794,False,False
7.279240042139339,0.08272763899527431,0.3987521693487258,35.8848058665847,0.6370344829332273,10.545895067288264,2.314182029463489,17.060143271282318,2.256863088856377,12.522539771177986,40.03845624595065,22.830282409033984,0.21894975692259722,4.8929463845224515,0.17981907225363664,True,False
7.138352841734497,0.09132074796992137,0.05817757529092428,43.259945082968855,0.33811409986676605,9.618481217180964,1.4755871572506822,13.943222522117564,0.5307325730925379,13.512378507982465,41.734075048228064,22.830282409033984,2.3765434827693004,4.8929463845224515,0.17981907225363664,False,False
7.52235166766313,0.08825873534993793,0.22901515654445737,40.89285447630275,0.5183477480892434,10.659805512404628,2.123782323232011,16.43297662985375,3.557230563767508,10.37973387620442,42.42998772552119,22.830282409033984,2.3765434827693004,1.3177514880328864,0.6754938248169686,False,False
7.180613151930383,0.0881842144058002,0.36307149201743727,38.163294947197485,0.6318391124243662,10.439261706201366,2.1412495051671456,17.27410616187085,2.1956810747997624,13.512378507982465,38.036626051267774,22.830282409033984,1.0781603382690768,4.8929463845224515,0.17981907225363664,False,False
7.461475909346876,0.07977179352073244,0.4816544998609553,31.93910797176702,0.6683061370133321,10.868787643587869,2.3429023403910754,17.27410616187085,2.1956810747997624,12.050574529238276,43.27229185812044,21.520336064353472,0.21894975692259722,3.288241482440969,0.17981907225363664,True,False
7.131965796645228,0.09229791954330036,0.10077047225382713,42.88713732927072,0.38304960616262856,9.740793472460616,1.9301517382768263,16.894286158024737,1.9980656391989138,10.37973387620442,40.44832297799256,22.830282409033984,2.3765434827693004,4.8929463845224515,0.17981907225363664,False,False
7.593489984109716,0.07857363036507573,0.5361977670421538,29.786989239123287,0.6952011677973835,11.114188677255967,2.2915393221994105,17.27410616187085,3.557230563767508,10.37973387620442,43.63923164084547,22.830282409033984,0.7317744377706412,1.3177514880328864,0.2698894224742457,True,False
7.3299360631771675,0.08352476632571879,0.3829325557525997,36.07397531889705,0.6230387345839508,10.594685110413538,1.837685864718533,17.060143271282318,1.5059570507357427,13.512378507982465,42.22944584705182,20.39476232529814,0.21894975692259722,4.8929463845224515,0.18541685620447262,False,False
7.504419273792308,0.08082276978624071,0.6233036696647091,30.358756662353173,0.7952403800019465,11.29938111211283,2.319437368266136,18.084937722683698,2.1956810747997624,13.512378507982465,41.45487992789574,21.910951632338765,0.4640758816305126,2.107205830194814,0.2698894224742457,False,False
7.011615931090687,0.10335713363470805,0.0,51.01734798474739,0.08220986680248221,8.827360802033258,2.1854202539775036,14.169618881120952,1.9980656391989138,10.243822843394298,42.35792485599079,21.369852706056097,4.787949617462863,4.8929463845224515,0.17981907225363664,False,True
7.4878555508674625,0.07969244225031771,0.4509821794653759,32.17552462943402,0.639313625902491,10.841735675847536,2.3706598274813406,17.060143271282318,1.1874403231177064,12.77901127445966,44.886034710274146,20.39476232529814,0.21894975692259722,3.288241482440969,0.18541685620447262,False,False
7.728721197359246,0.08948815854459684,0.006887535552650222,70.39614423002287,0.28400310794288686,10.563614699990895,1.2080193377495545,16.43297662985375,1.737147153228866,10.37973387620442,43.483029041812586,20.39476232529814,0.21894975692259722,4.8929463845224515,2.4604548321571866,False,False
7.257476208665866,0.08873481921844562,0.21747647578701504,40.796233013354275,0.5061744398901418,10.201926381836513,1.814257654370027,17.27410616187085,3.557230563767508,10.37973387620442,40.74103644249779,21.573253596877414,1.311803551785324,4.8929463845224515,0.2698894224742457,False,False
7.680040530003223,0.08762266583476036,0.007727155860630378,65.95641774792591,0.2848889073678059,10.449404380888664,1.3517166173624786,17.060143271282318,1.9980656391989138,8.812328770861525,43.71339226698946,21.150263113407675,0.21894975692259722,4.8929463845224515,2.1539107968150626,False,False
7.217548830400823,0.10130921580505385,0.18944327771362182,41.539218358876205,0.47659941592271193,10.211550487989802,2.0277241475126235,18.084937722683698,2.1956810747997624,12.050574529238276,39.382264512969506,21.910951632338765,4.787949617462863,1.3177514880328864,0.2698894224742457,False,False
7.190693651844684,0.08586324818393223,0.13244231280222318,40.88516968167768,0.41646339794118636,9.859321967357126,2.1548611324469604,14.331247338112897,0.5307325730925379,13.512378507982465,42.019582929386075,22.830282409033984,1.0781603382690768,5.517796831869328,0.17981907225363664,True,False
7.21630992271816,0.1118999047479168,0.0,74.04332129134664,0.0665513967827408,9.361218263410063,2.113203283629094,17.016663787579137,1.9980656391989138,10.243822843394298,38.86989271676539,20.39476232529814,4.787949617462863,4.8929463845224515,1.7958966857787988,False,True
7.0901263046676455,0.09321296109180087,0.16135626474708975,42.536049044204645,0.4469676172430206,9.879957590639215,2.0658625632542535,16.43297662985375,0.5307325730925379,13.512378507982465,39.244320940491875,22.830282409033984,2.3765434827693004,4.8929463845224515,0.17981907225363664,False,False
6.898554507457736,0.10883082652979326,0.0,51.040134965113765,0.2636614081451171,9.216040319978877,2.038095654484165,16.894286158024737,2.2577696618228,12.050574529238276,37.53182351513316,20.993602354277275,5.064100433779432,5.022426491519853,0.18541685620447262,False,True
7.196540656433479,0.10574489636154841,0.016503326546727617,57.43659133592259,0.2941477674416385,9.782522566976832,1.296464988520826,17.060143271282318,1.5059570507357427,13.512378507982465,41.22577288780483,17.05874465302184,3.6577042195988416,5.0920901272008186,0.8872092823731502,False,False
7.621175048397468,0.09327415463116213,0.0,75.67365068643497,0.196474625011531,10.257665687955832,2.260130969475297,16.43297662985375,0.5307325730925379,10.37973387620442,41.20814622962704,22.830282409033984,1.0781603382690768,4.8929463845224515,2.647021559396731,False,True
7.679349127303513,0.10999495773535235,0.0,98.81807629460386,0.1408580450490221,10.458416078789924,2.2043495802333344,16.43297662985375,1.5059570507357427,13.512378507982465,36.72131132974917,20.39476232529814,2.577841740000952,4.8929463845224515,3.9618260318573366,False,True
7.346352630526695,0.08538914251171976,0.3724697246814125,35.414434161690835,0.6026079855539836,10.587793289568898,1.7865221775955298,17.27410616187085,1.5059570507357427,12.78176419873779,42.03385046593927,21.520336064353472,1.1791987922156195,3.519370409942785,0.18541685620447262,False,False
7.80934519289302,0.09173701820703858,0.0,79.20748016589708,0.23662403959520933,10.656943425487839,1.528126461423009,17.060143271282318,1.1874403231177064,10.243822843394298,42.93798484467999,20.39476232529814,0.21894975692259722,4.8929463845224515,3.0639502507825074,False,True
7.458599240404198,0.08168448411995709,0.471691686566718,31.620756410874073,0.65326175499703,10.848943071756004,2.3643049845368944,17.060143271282318,1.9980656391989138,12.050574529238276,42.65872447216383,22.830282409033984,1.1095869926833997,2.107205830194814,0.18541685620447262,False,False
7.517436865533953,0.08320724850820309,0.373246545075143,43.02646905488281,0.6705118629891168,11.077911814578671,2.200362179665575,17.060143271282318,1.9980656391989138,13.512378507982465,40.13398554519274,22.830282409033984,0.21894975692259722,3.288241482440969,0.9579533879460153,False,False
7.370307774921408,0.0885000677485532,0.19473104440328773,46.01613062833106,0.4821780097803095,10.340450116473024,1.5584820260472043,17.27410616187085,3.557230563767508,10.37973387620442,41.77170498904141,20.39476232529814,0.8548781317998847,5.0920901272008186,0.6754938248169686,False,False
7.45690213367601,0.07965178007266384,0.4903031850235519,31.474621903627337,0.6708157983921572,10.864293778800416,2.344653675040535,17.27410616187085,2.1956810747997624,12.050574529238276,43.30387434445428,21.520336064353472,0.21894975692259722,3.288241482440969,0.148236585919794,True,False
7.062821639615547,0.09937020684168482,0.06708188467671482,45.89791328488318,0.347508146268775,9.626893545472845,2.112831486675707,17.060143271282318,0.5307325730925379,12.863181313280318,40.65536546191617,20.39476232529814,3.4174518144035932,4.8929463845224515,0.18541685620447262,False,False
6.942122473228855,0.10118940318966113,0.0,50.129490659032335,0.17270326705666306,8.977289841519731,1.8997847330877073,13.943222522117564,0.5307325730925379,12.863181313280318,40.0391188476006,22.830282409033984,4.095846430752033,5.517796831869328,0.17981907225363664,False,True
6.91901992909688,0.10398214921963961,0.0,50.97339553698899,0.13565086014417516,8.894613765012853,2.2974391069569293,16.43297662985375,0.5307325730925379,10.243822843394298,39.90232672770811,22.830282409033984,4.787949617462863,5.0920901272008186,0.17981907225363664,False,True
7.1499567638120105,0.093950363092144,0.1373698806361576,42.59289174895489,0.42166198200598715,9.930976404483092,1.439502144759276,19.725967999656007,0.5307325730925379,10.37973387620442,41.51389650225268,20.39476232529814,2.3765434827693004,4.8929463845224515,0.18541685620447262,False,False
7.058590794310915,0.094404677524006,0.019207471117449335,45.54447760820202,0.2970006399637499,9.439418413627418,1.8349505818906102,16.894286158024737,1.052275865863814,10.243822843394298,40.620867060792364,22.830282409033984,2.7274259135673202,5.451220677069852,0.17981907225363664,True,False
7.386698424982337,0.08681705621665031,0.24261047584848533,35.87754542014315,0.4722016009702963,10.300476123780733,2.1638148206082644,16.894286158024737,2.1956810747997624,9.852186197221076,43.54551174078211,22.830282409033984,2.3765434827693004,2.125689865115391,0.17981907225363664,False,False
7.322606420906687,0.08824356171890341,0.21505953316782403,37.383930085070745,0.46458763571926515,10.20229238309163,1.8299793060442813,16.894286158024737,1.9980656391989138,10.37973387620442,42.593485848043855,22.830282409033984,2.3765434827693004,2.747783514471161,0.17981907225363664,False,False
7.456764232087713,0.08356370672785912,0.38192834887010174,34.60694359768516,0.6010874385362022,10.641440610863606,2.0271224030605604,13.943222522117564,4.178047302028675,13.512378507982465,43.79565055399586,20.10506100771495,0.7664506239640595,3.519370409942785,0.17981907225363664,False,False
7.317743702760489,0.08360371712883294,0.2783297588193959,38.253634755712675,0.5437231044334849,10.378848227869604,2.3636272252156703,18.084937722683698,2.1956810747997624,10.243822843394298,41.93769503815627,21.910951632338765,0.4640758816305126,4.8929463845224515,0.2698894224742457,False,False
7.443827240172628,0.08516901111365068,0.141448127433557,48.29825216840639,0.4259645323772435,10.344291513978218,2.367675971697641,16.43297662985375,0.5307325730925379,12.050574529238276,43.710154653443176,20.993602354277275,0.4640758816305126,4.8929463845224515,0.9249369939420166,False,False
7.266406806750658,0.0837954927950827,0.1135402531357251,39.419429597838736,0.3864721482722492,9.893251093600105,2.3710303703005957,16.43297662985375,0.5307325730925379,10.243822843394298,43.81125974958026,22.830282409033984,1.0781603382690768,4.8929463845224515,0.17981907225363664,True,False
7.653147979052892,0.09837700897068721,0.14253093638264067,66.76288892336972,0.4271068958185268,10.95527569504602,1.8244722872738546,19.597410867392515,0.5307325730925379,12.050574529238276,39.919860006475346,20.993602354277275,2.479656285468726,2.107205830194814,2.3209575538605054,False,False
7.272436853478158,0.08405663870817026,0.42347845766545683,37.19869899557071,0.6818317429160363,10.681150167156318,2.054304983711397,17.27410616187085,2.256863088856377,13.512378507982465,38.725678177484674,22.830282409033984,0.21894975692259722,4.8929463845224515,0.2887955133265947,False,False
7.151769159763779,0.10330464164309838,0.07073826578028981,46.70308224626484,0.35136562833304663,9.755740718855415,1.786985615102962,16.894286158024737,1.9980656391989138,13.512378507982465,43.255322554793835,15.603879679674286,3.6577042195988416,4.8929463845224515,0.18541685620447262,False,False
7.279240042139339,0.08272763899527431,0.3987521693487258,35.8848058665847,0.6370344829332273,10.545895067288264,2.314182029463489,17.060143271282318,2.256863088856377,12.522539771177986,40.03845624595065,22.830282409033984,0.21894975692259722,4.8929463845224515,0.17981907225363664,True,False
7.048678028536464,0.09567935588618277,0.0,48.678667149837736,0.10653556032848943,8.908006748135588,1.6912523931332908,13.943222522117564,0.5307325730925379,10.37973387620442,43.20096090102494,22.830282409033984,3.4174518144035932,5.517796831869328,0.17981907225363664,True,True
7.400173496448861,0.08337925356374418,0.3511977064731436,34.74398702570447,0.5706182330984535,10.601376663984176,2.312516338633755,19.725967999656007,0.5307325730925379,10.37973387620442,44.32943304593275,20.39476232529814,0.8548781317998847,3.5990751918117954,0.18541685620447262,False,False
7.34780418215733,0.08331580509814457,0.3507871034900988,36.35310705013441,0.5931003706120812,10.533595403160707,1.9501099644602589,17.060143271282318,1.737147153228866,12.77901127445966,43.04271001236018,20.038320016584414,0.21894975692259722,4.93830165895749,0.18541685620447262,False,False
6.930625097947067,0.10450141145832681,0.0,50.27618209800411,0.18778557835470988,9.034038736563136,1.509693992529318,16.43297662985375,1.7092114051310632,10.243822843394298,38.92299163834795,22.830282409033984,4.787949617462863,4.8929463845224515,0.17981907225363664,False,True
7.279529927740774,0.08399699394203919,0.40188827975241254,36.406539883786515,0.6477730434189384,10.586436632972408,2.1415329611409946,17.060143271282318,1.9980656391989138,13.512378507982465,40.39820751355913,21.53474832764929,0.21894975692259722,5.0920901272008186,0.18541685620447262,False,False
7.129428746967996,0.0926326071619019,0.12004977005544547,42.987026297643425,0.4033892653433359,9.759946265703476,1.9690433742770492,13.943222522117564,2.256863088856377,13.512378507982465,40.00794453246422,22.830282409033984,2.3765434827693004,4.8929463845224515,0.17981907225363664,False,False
7.7107199085742915,0.08117091151606408,0.37021805732364227,36.40828236590001,0.6143857732769431,11.125404375965866,2.03122081267492,17.016663787579137,3.557230563767508,10.37973387620442,45.80348600250106,20.39476232529814,0.8548781317998847,1.3177514880328864,0.6754938248169686,False,False
7.296163538179858,0.10214789646509065,0.13334534484830213,45.86850067915268,0.4174160967497996,10.190088653685038,1.6022110759883639,17.27410616187085,2.4382909703850113,12.050574529238276,40.59238916632103,20.993602354277275,4.787949617462863,1.3177514880328864,0.5453357124118098,False,False
7.150447385471796,0.09082735810194775,0.03076048000560643,43.408577811869634,0.30918906434075566,9.554680132304084,1.3435145747530786,13.943222522117564,0.5307325730925379,12.863181313280318,42.383272242930204,22.830282409033984,2.3765434827693004,4.8929463845224515,0.17981907225363664,True,False
7.178247766467756,0.0879738599576656,0.32979305714208723,38.615123722215216,0.6031648138033723,10.357167800143303,2.28229706663471,16.894286158024737,1.9980656391989138,13.512378507982465,38.49316387915647,22.830282409033984,1.0781603382690768,5.013843996080715,0.17981907225363664,False,False
7.33696098701633,0.08270291080462557,0.3496488918226205,36.065196126246114,0.5877994454988015,10.520726962223721,2.246654076307617,17.060143271282318,0.5307325730925379,13.512378507982465,43.24170373778404,20.39476232529814,0.21894975692259722,4.861510755384266,0.17981907225363664,False,False
6.962452752262418,0.10997844282454343,0.0,51.238390846308384,0.16362742388767992,9.109572410604567,2.342249564838544,20.095944344305966,0.5307325730925379,8.92241449507512,41.145937811425114,19.14248279768401,5.690043675112832,4.287027447099942,0.18541685620447262,False,True
7.977549867187521,0.09999287018202357,0.0,85.53456706658261,0.14774134504585168,10.81865549239235,2.094889181746467,17.27410616187085,0.2882501899518226,10.37973387620442,43.88641578639907,20.518824456283006,2.7274259135673202,1.3177514880328864,3.6074921276906218,False,True
7.414196368913078,0.08230221922775845,0.6184046316665694,31.06666399310764,0.8001531351941648,11.203346286916517,2.090647644405421,20.434504427354316,2.1956810747997624,12.050574529238276,40.638627302713175,20.993602354277275,0.21894975692259722,3.288241482440969,0.17981907225363664,False,False
7.396062175923695,0.08246595992664946,0.4967852389679802,32.9892556822354,0.6992241194159293,10.877100173911131,1.9104398992739522,17.060143271282318,2.1956810747997624,13.512378507982465,41.54819571775505,21.520336064353472,0.4640758816305126,3.519370409942785,0.17981907225363664,False,False
7.361961973156938,0.09059096935155343,0.453646576282871,33.952512068598665,0.6674304719299198,10.79574673379498,1.9453016294152592,17.060143271282318,3.557230563767508,12.758551798293741,39.558020649944424,22.830282409033984,2.738200747391505,1.3177514880328864,0.17981907225363664,False,False
7.547180613116812,0.08600770963147539,0.33697329745552207,43.420445347957184,0.6322435867504167,11.041206784395403,1.8262875100573852,18.084937722683698,1.5059570507357427,13.512378507982465,42.960707955689124,19.06536318896252,0.4640758816305126,3.519370409942785,0.8872092823731502,False,False
7.387238612983964,0.08281945295426771,0.517875123756021,32.86954337309889,0.7197691363750748,10.924253940011726,1.9609851256981288,17.27410616187085,2.1956810747997624,13.763538022154801,41.08307331299417,21.520336064353472,0.4640758816305126,3.519370409942785,0.17981907225363664,False,False
7.356330192794433,0.08802620399650876,0.07284222402646891,47.55300762218501,0.3535853042827656,9.967460532376855,2.063871990210301,13.943222522117564,2.256863088856377,12.050574529238276,43.29584250178563,21.573253596877414,1.311803551785324,4.8929463845224515,0.6754938248169686,False,False
7.106865566945833,0.09714670854434466,0.18352943254736942,43.42914777970361,0.4703603092723157,9.970514058603362,1.7757035944668815,16.894286158024737,1.9980656391989138,13.512378507982465,39.40031599915233,20.39476232529814,2.7274259135673202,4.8929463845224515,0.17981907225363664,False,False
7.258503261610998,0.08961637662987804,0.15431507350972617,39.42831144550198,0.4296160693060086,10.019669340767129,1.8094530787972178,16.43297662985375,2.1489503631506133,10.577679310072694,41.93437832292323,22.830282409033984,2.3765434827693004,3.519370409942785,0.17981907225363664,False,False
7.4304108711695385,0.0816660281221875,0.580429043219951,31.310048956405222,0.763554911260435,11.115433915319674,2.1501076733067053,19.597410867392515,2.1956810747997624,12.050574529238276,41.475720862674976,20.993602354277275,0.21894975692259722,3.288241482440969,0.17981907225363664,False,False
7.187183332028428,0.08762326471625566,0.3088652879819417,38.749249473448856,0.5829960892756918,10.308720629359213,2.386423151895672,16.43297662985375,1.9980656391989138,13.512378507982465,38.954473407327455,22.830282409033984,1.0781603382690768,5.013843996080715,0.17981907225363664,False,False
7.129428746967996,0.0926326071619019,0.12004977005544547,42.987026297643425,0.4033892653433359,9.759946265703476,1.9690433742770492,13.943222522117564,2.256863088856377,13.512378507982465,40.00794453246422,22.830282409033984,2.3765434827693004,4.8929463845224515,0.17981907225363664,False,False
7.183107539892913,0.08697842131417306,0.18503805595226022,40.65316940451882,0.4719519069644754,9.979577267579062,2.3576078940097878,14.331247338112897,1.9980656391989138,13.512378507982465,40.5522498632797,22.830282409033984,1.0781603382690768,5.517796831869328,0.17981907225363664,False,False
6.972974426511144,0.10211792779269539,0.0,51.46111162204292,0.03847174709193002,8.6687748774627,1.9843794383306903,13.943222522117564,0.7611893851263493,10.243822843394298,42.23948406690807,22.830282409033984,4.787949617462863,5.014230083703239,0.17981907225363664,False,True
7.536951563207809,0.08217941000252545,0.29383640702527586,43.04966335283316,0.586734167346507,10.838036598053417,2.045088785204935,17.060143271282318,3.557230563767508,10.37973387620442,41.54708043047324,22.830282409033984,0.21894975692259722,3.519370409942785,0.8872092823731502,False,False
7.349997568814108,0.09545895206017738,0.10286853765842649,40.39226816613592,0.3852630651644809,10.078080864256249,1.9786668805373775,15.092653057836916,2.1956810747997624,12.050574529238276,43.557240960604766,21.42036303626112,4.095846430752033,1.3177514880328864,0.2698894224742457,False,False
7.415994455035804,0.10380275183847924,0.0,74.11511866919838,0.03608379799234873,9.527362658883547,1.9106397015989636,17.016663787579137,1.9980656391989138,7.983772098102587,42.25335075845305,20.39476232529814,3.4174518144035932,4.8929463845224515,2.0429871924421255,False,True
6.970744163690186,0.10970438208030159,0.0,50.01216564042702,0.23499242766076822,9.26429390791313,1.9739460965033102,18.084937722683698,2.1956810747997624,10.37973387620442,39.21258913795487,20.39476232529814,5.690043675112832,3.856835331741812,0.18541685620447262,False,True
7.256534199716539,0.08613431776460298,0.4287933540415079,37.49563031561546,0.6916675289918284,10.705085904171435,1.7045496914683134,18.084937722683698,2.256863088856377,13.512378507982465,38.60795735951148,21.910951632338765,0.4640758816305126,4.8929463845224515,0.2698894224742457,False,False
7.230743060042877,0.10594648754322884,0.0,70.9029836175994,0.1781916545245693,9.631884224483525,1.8771588138694673,17.016663787579137,2.256863088856377,10.37973387620442,36.97076580574762,22.830282409033984,3.6577042195988416,5.0920901272008186,1.7958966857787988,False,True
7.200247430138746,0.09052940385417785,0.0,43.71012026080314,0.2572473504179493,9.481411436425896,1.9498925873324346,13.943222522117564,0.5307325730925379,12.050574529238276,44.50582537165276,21.520336064353472,2.3765434827693004,4.8929463845224515,0.17981907225363664,False,True
7.109304673768284,0.09817657372790727,0.0,47.68190617337089,0.15924136334694444,9.120491982328275,1.8672289184582145,14.310645359150346,2.1956810747997624,10.37973387620442,43.82114643182788,20.39476232529814,3.6577042195988416,5.0920901272008186,0.148236585919794,False,True
7.514453974513209,0.08809547127200797,0.22485300361558022,53.826731871418,0.513956676749278,10.73176616573567,2.029365601489996,16.43297662985375,1.737147153228866,13.741722405918273,41.51646753247735,20.038320016584414,0.21894975692259722,4.93830165895749,1.3761148460572539,False,False
7.0901263046676455,0.09321296109180087,0.16135626474708975,42.536049044204645,0.4469676172430206,9.879957590639215,2.0658625632542535,16.43297662985375,0.5307325730925379,13.512378507982465,39.244320940491875,22.830282409033984,2.3765434827693004,4.8929463845224515,0.17981907225363664,False,False
7.109562621895863,0.09440165257586591,0.08467117237449727,44.105682153732445,0.3660648447899355,9.650232488503061,1.7528071395103668,13.943222522117564,1.9980656391989138,13.512378507982465,40.29298781051327,22.45315414984438,2.7274259135673202,4.8929463845224515,0.17981907225363664,False,False
7.205513614719381,0.08627959510016969,0.2616802352679898,38.671098656244425,0.5321029203835363,10.21447459715649,2.2494719542174804,16.43297662985375,0.5307325730925379,13.512378507982465,40.542704084992096,22.830282409033984,1.0781603382690768,4.8929463845224515,0.17981907225363664,False,False
7.535231267203956,0.08694603362121496,0.16449155382912675,54.13405738736477,0.4502753472245697,10.59210267415075,2.101903756875425,16.43297662985375,1.1874403231177064,12.77901127445966,43.028885494047124,20.038320016584414,0.21894975692259722,4.93830165895749,1.3761148460572539,False,False
7.090936975739405,0.09323423267081406,0.16093463379655776,42.61837608553175,0.4465227965902093,9.88075409804267,2.065693207463629,16.43297662985375,0.5307325730925379,13.512378507982465,39.23872315654104,22.830282409033984,2.3765434827693004,4.8929463845224515,0.18541685620447262,False,False
7.25501795208719,0.0936510482273152,0.2277857739978334,39.495385728526585,0.5080828567408965,10.260796138639861,1.353617623969794,17.060143271282318,1.9980656391989138,12.77901127445966,41.35081873055213,20.61087683229422,2.7274259135673202,3.288241482440969,0.18541685620447262,False,False
7.60527383592899,0.07923915195865261,0.5507091536042144,28.48424574434015,0.6919584356811057,11.161696804154033,2.35045789970118,17.016663787579137,0.5307325730925379,13.687301420258017,46.15661414255273,20.39476232529814,0.8548781317998847,1.179228547165914,0.17981907225363664,False,False
7.138435965888151,0.09741067223975695,0.0017024629765637243,44.32522112806238,0.2785328563751156,9.502493022479701,1.7213742039074238,13.943222522117564,1.1874403231177064,12.77901127445966,41.696136485824454,22.830282409033984,4.095846430752033,3.288241482440969,0.17981907225363664,False,False
7.03701043171274,0.11055955147591423,0.0,60.39154692908857,0.03754356434294748,8.828870692783282,2.3388225828970386,13.943222522117564,3.557230563767508,10.37973387620442,40.626201104200476,20.39476232529814,5.530409399072475,4.8929463845224515,0.6754938248169686,False,True
7.588822677499569,0.08012911051442316,0.7082471717837725,28.27093904367087,0.8551233646312026,11.531457635125363,2.209541216611258,18.084937722683698,4.70802378363406,12.050574529238276,41.19379553996756,21.910951632338765,0.4640758816305126,1.3177514880328864,0.2698894224742457,False,False
7.37809413804952,0.09215290345967496,0.17288736243641037,39.63602136053611,0.4521678110665166,10.18084680107643,2.211828069571025,13.943222522117564,5.208672500692854,12.050574529238276,44.159871076051374,18.588884281317448,2.3765434827693004,3.492412535559542,0.17981907225363664,False,False
7.633876655408073,0.08554189830081128,0.003932094625669504,60.850925599289695,0.2808851177649222,10.314838705896245,1.8802081937255268,17.016663787579137,1.9980656391989138,8.026839686169284,44.53030199547534,21.520336064353472,0.21894975692259722,4.8929463845224515,1.7958966857787988,True,False
6.9069364265040925,0.10681646225903237,0.0,49.948959323257746,0.265667882085977,9.210200421650502,1.8512464325120737,16.4279864151437,2.1956810747997624,12.050574529238276,37.777145585881314,21.520336064353472,4.787949617462863,5.0920901272008186,0.148236585919794,False,True
6.91901992909688,0.10398214921963961,0.0,50.97339553698899,0.13565086014417516,8.894613765012853,2.2974391069569293,16.43297662985375,0.5307325730925379,10.243822843394298,39.90232672770811,22.830282409033984,4.787949617462863,5.0920901272008186,0.17981907225363664,False,True
7.2851736265074365,0.08709436712018785,0.2333725219963957,38.996106400978874,0.506866686947435,10.223355542844537,1.5622254311475068,15.255781878992897,1.9980656391989138,13.512378507982465,42.68808585348242,20.39476232529814,1.0781603382690768,4.8929463845224515,0.17981907225363664,False,False
7.459437970010219,0.08044154764077886,0.5005491612525419,31.801836907432822,0.6862851407435253,10.960398749903945,2.0782903709634653,18.702516008756376,0.5307325730925379,12.77901127445966,43.90036972282525,20.39476232529814,0.21894975692259722,3.288241482440969,0.18541685620447262,False,False
6.818818724102135,0.11003234105727612,0.0,52.6765386731666,0.16337549565606563,8.850185942645103,1.9550630552136512,16.894286158024737,1.9980656391989138,10.37973387620442,37.00771803468506,22.830282409033984,5.6495871697322695,5.0920901272008186,0.148236585919794,True,True
7.467364165756222,0.08776324483439107,0.39913861190264815,43.00994164112991,0.6978279934921348,11.082204896434813,1.9246279247694893,17.060143271282318,3.557230563767508,13.512378507982465,38.288113890722194,22.830282409033984,1.0781603382690768,2.7864817365693013,0.8872092823731502,False,False
7.687340424473104,0.07970332771314201,0.43349750691285693,35.00814172539536,0.661206324260187,11.212556406219967,2.3593711358353917,17.016663787579137,3.557230563767508,10.37973387620442,43.83003835394538,22.830282409033984,0.8548781317998847,0.8556790528527113,0.6754938248169686,False,False
7.56631805699803,0.09206104825367667,0.22943786376598313,59.751767024134594,0.5187937042079531,10.869125544494144,1.7966081829800833,17.016663787579137,4.060534959145859,12.050574529238276,39.01729462492385,20.993602354277275,0.7560300437134533,4.309403015343352,1.7958966857787988,False,False
7.117809580353775,0.09746112418057731,0.15768150080651144,42.197067521610336,0.44309074128571047,9.943515037992821,2.0581814284095508,17.060143271282318,1.1874403231177064,12.77901127445966,39.01176016386206,22.830282409033984,3.6577042195988416,3.288241482440969,0.18541685620447262,False,False
7.058590794310915,0.094404677524006,0.019207471117449335,45.54447760820202,0.2970006399637499,9.439418413627418,1.8349505818906102,16.894286158024737,1.052275865863814,10.243822843394298,40.620867060792364,22.830282409033984,2.7274259135673202,5.451220677069852,0.17981907225363664,True,False
7.0317036690851475,0.1061449773381589,0.08779162720352349,47.90179809905784,0.36935692463455816,9.68430689254672,1.7742225079632534,20.301550007196983,2.54760272110687,10.37973387620442,39.828934665053296,17.574423100231936,4.095846430752033,5.0920901272008186,0.17981907225363664,False,False
7.643020156089576,0.08686295723620391,0.0,62.18752560586458,0.24096857529829996,10.22609490446081,2.3046055325493473,17.016663787579137,1.9980656391989138,8.026839686169284,45.95245689967588,19.64173639034614,0.21894975692259722,5.349391154329245,1.7958966857787988,False,True
7.139610678556678,0.0921166889135715,0.0887461035105976,42.936592034394536,0.37036389713852136,9.715695700826291,2.241548283592075,17.27410616187085,2.256863088856377,9.502655067794441,40.68678433289896,22.830282409033984,2.3765434827693004,4.8929463845224515,0.17981907225363664,False,False
7.687553618774498,0.0959896774330189,0.3934526468856628,48.6168895314918,0.6918293003992152,11.447962057371889,1.9841709296597758,16.43297662985375,6.359427609549349,13.512378507982465,39.292138573979294,20.038320016584414,2.7274259135673202,0.2612179024261468,1.3761148460572539,False,False
7.388204350038599,0.08070508837212506,0.4282259400746915,33.626982669246104,0.635975867831565,10.711209151562779,2.3712758312704554,17.060143271282318,0.5307325730925379,13.512378507982465,43.02786673955993,21.520336064353472,0.21894975692259722,3.9497740145530367,0.17981907225363664,False,False
7.2614509682051445,0.09870235193877304,0.17539936727993966,38.96146404367258,0.44521167023967534,10.124211790762798,1.9856522476707168,17.016663787579137,3.557230563767508,10.37973387620442,40.424224107179576,22.830282409033984,4.787949617462863,0.8556790528527113,0.148236585919794,False,False
6.971752769270992,0.1004507690237611,0.07277344698183501,46.36979198727607,0.3535127445006769,9.504616028556073,1.857167580269523,18.084937722683698,2.1956810747997624,10.37973387620442,37.61133398455868,22.830282409033984,3.6577042195988416,5.0920901272008186,0.148236585919794,False,False
7.191794128535715,0.09012434595048838,0.38223259447140867,38.78413943859348,0.660895462263413,10.551887198722014,1.6807300080557788,20.831022727466078,3.557230563767508,10.37973387620442,38.284756471341005,20.39476232529814,0.8548781317998847,5.517796831869328,0.17981907225363664,False,False
7.317743702760489,0.08360371712883294,0.2783297588193959,38.253634755712675,0.5437231044334849,10.378848227869604,2.3636272252156703,18.084937722683698,2.1956810747997624,10.243822843394298,41.93769503815627,21.910951632338765,0.4640758816305126,4.8929463845224515,0.2698894224742457,False,False
7.1475410940048665,0.09387909629093615,0.1332078225210603,42.93677693012828,0.4172710106945596,9.88252798768838,1.6973107957057951,16.43297662985375,0.5307325730925379,13.512378507982465,41.48493407653163,20.538716214608353,2.3765434827693004,4.93830165895749,0.18541685620447262,False,False
7.236336937135749,0.09463669503838132,0.1851074806577348,40.59147461035272,0.4720251500287512,10.143684250715047,1.3053552956852401,17.27410616187085,2.1956810747997624,12.050574529238276,41.514667673489456,20.39476232529814,2.86542096915626,3.519370409942785,0.18541685620447262,False,False
7.320050997330721,0.0932812935765367,0.17510102339022343,37.94277098344312,0.43038980744317157,10.153822647130895,2.1272576106136527,17.016663787579137,1.9980656391989138,10.37973387620442,42.469026876174865,22.830282409033984,3.8086568515221577,1.3177514880328864,0.17981907225363664,False,False
7.4865527716477605,0.08518040825402017,0.27554207022264304,44.49321619328164,0.5674336420197293,10.739155472177721,2.0112771008777623,17.27410616187085,3.6886814307660085,10.37973387620442,40.688841992038164,22.830282409033984,0.7317744377706412,3.519370409942785,0.8872092823731502,False,False
7.703388663814702,0.08289504510821882,0.4381446391916763,36.336825772793546,0.6850307106709688,11.312281149388768,1.8259614631605847,17.016663787579137,3.557230563767508,12.410406265295027,45.20778717579653,18.840108926162035,0.7317744377706412,1.5605350188121512,0.6754938248169686,False,False
7.498569086948361,0.08631371426467002,0.43133482320073246,34.33704875836431,0.6493677224802344,10.872680649343465,1.5316492106861666,17.27410616187085,4.427267656228498,12.050574529238276,44.7967740998621,16.951014543961175,0.8548781317998847,3.4655658047855855,0.17981907225363664,False,False
7.239569305107916,0.0930168684661586,0.21744844649730036,39.437436897207185,0.49635173248884323,10.206305231673849,1.3278206156948924,17.27410616187085,1.9980656391989138,12.050574529238276,40.961431137076566,21.520336064353472,2.7274259135673202,3.288241482440969,0.17981907225363664,False,False
7.497573245286321,0.08268603764685109,0.3835776366581084,41.00923525686128,0.6814111646091453,11.058395242274809,2.203928670020837,17.060143271282318,1.9980656391989138,13.512378507982465,40.271146298180106,22.830282409033984,0.21894975692259722,3.288241482440969,0.8207926349586488,False,False
7.750287493066959,0.0919921473991608,0.10203470445498915,58.51414671135722,0.3843833711348545,10.803825151542656,2.384790389543024,16.43297662985375,3.557230563767508,9.370903286475125,42.53770744856145,22.830282409033984,2.502091309265883,0.8556790528527113,1.9131293001895777,False,False
7.174767762529045,0.08864415758479166,0.14148416261431965,40.75386386997263,0.42600254949294813,9.882110568965675,2.1219687375904086,16.894286158024737,1.9980656391989138,10.37973387620442,41.01299583852111,22.830282409033984,1.6443093658962253,5.0920901272008186,0.148236585919794,False,False
7.255034071180417,0.08419717332459933,0.13922494370893687,39.43456564518457,0.4137850478229408,9.932486970212905,2.255106583187954,13.943222522117564,0.28045802876246106,13.512378507982465,43.28273273705836,22.830282409033984,1.0781603382690768,4.8929463845224515,0.17981907225363664,True,False
7.487401321608994,0.08181169895498402,0.25461089919076263,40.81868985043557,0.5453512565810955,10.655641845006961,2.111084675036767,17.27410616187085,2.1956810747997624,10.37973387620442,42.661256361700715,22.830282409033984,0.4640758816305126,3.519370409942785,0.6754938248169686,True,False
7.208592785210902,0.08488794064967149,0.3526622029908591,37.341540139310766,0.609154781237902,10.385789970439633,2.3651953333289484,17.27410616187085,2.256863088856377,12.398768326854487,39.2570512685263,22.830282409033984,0.4640758816305126,5.370616277307692,0.148236585919794,True,False
7.527526404187115,0.08744118664998558,0.08968505534412355,57.931843185170806,0.3713544913228912,10.43186794263305,1.8876989558173296,18.084937722683698,0.5307325730925379,10.243822843394298,42.67549063841148,21.520336064353472,0.4640758816305126,4.8929463845224515,1.587657891911537,False,False
7.090936975739405,0.09323423267081406,0.16093463379655776,42.61837608553175,0.4465227965902093,9.88075409804267,2.065693207463629,16.43297662985375,0.5307325730925379,13.512378507982465,39.23872315654104,22.830282409033984,2.3765434827693004,4.8929463845224515,0.18541685620447262,False,False
7.424345926699728,0.0886572491131316,0.2564204885195613,52.08417577721771,0.547260373322978,10.694221589748496,2.065868168578946,18.084937722683698,2.1956810747997624,12.050574529238276,39.16241685150776,21.910951632338765,0.4640758816305126,4.8929463845224515,1.2384159232787768,False,False
7.564335091823357,0.07821843331751224,0.5844502846797871,28.770123196698812,0.7316264822972511,11.215455630908854,2.101570907580011,18.702516008756376,0.5426313355643904,12.77901127445966,45.069506612599554,20.39476232529814,0.21894975692259722,2.107205830194814,0.18541685620447262,False,False
7.468713868688893,0.08941937229602866,0.3370721362275155,39.98554414181905,0.6303602677616008,10.924291447450534,2.345482695195449,17.016663787579137,1.9980656391989138,13.512378507982465,40.36248563048518,22.830282409033984,2.2868787128704713,1.3177514880328864,0.6754938248169686,False,False
7.687340424473104,0.07970332771314201,0.43349750691285693,35.00814172539536,0.661206324260187,11.212556406219967,2.3593711358353917,17.016663787579137,3.557230563767508,10.37973387620442,43.83003835394538,22.830282409033984,0.8548781317998847,0.8556790528527113,0.6754938248169686,False,False
7.1190210103308065,0.09198434921726463,0.09177706166530444,42.80407227686639,0.3735615579917371,9.732224631512556,2.2338466365311644,18.084937722683698,0.5307325730925379,10.243822843394298,40.86091551225009,22.830282409033984,2.3765434827693004,4.8929463845224515,0.17981907225363664,False,False
7.9292219797487995,0.09204520235602667,0.12788054398455517,79.44067970661128,0.41165073183854667,11.32836147197577,2.114480182073975,17.27410616187085,2.1956810747997624,12.050574529238276,40.042447427779855,21.520336064353472,0.21894975692259722,3.288241482440969,3.4096635025942224,False,False
7.245924386789974,0.08706845646366845,0.5414708746653099,36.243643403740016,0.7927128879310917,10.968524289058438,2.0658876550754517,18.084937722683698,2.1956810747997624,15.569223857995244,36.92052970411681,21.910951632338765,0.4640758816305126,4.584710703960964,0.2698894224742457,False,False
7.163517407428722,0.09980545472517026,0.0,55.77826177000129,0.1560673092555579,9.234466539035996,1.2827006781985415,13.943222522117564,3.557230563767508,10.37973387620442,42.04970707602429,20.39476232529814,3.193113612406697,5.806736199364416,0.6754938248169686,False,True
7.02513645446411,0.09663972068999326,0.0,48.389359138473694,0.16283705306533114,9.03219315798695,1.3415855564799348,13.943222522117564,0.5307325730925379,11.643371775955078,41.93732300127429,22.830282409033984,3.4174518144035932,5.517796831869328,0.17981907225363664,True,True
7.537352547627941,0.08139290055609816,0.6883661253868955,27.665653812419748,0.8255290518611516,11.392366849541974,2.3579312449223218,17.016663787579137,3.557230563767508,13.512378507982465,40.96978626826147,22.830282409033984,1.0781603382690768,0.8556790528527113,0.17981907225363664,False,False
7.217826077815216,0.10291008208820822,0.009655732274505368,58.71188566325558,0.28692355548444404,9.808093130383137,1.5971548880238204,18.084937722683698,2.256863088856377,10.243822843394298,38.809997955336534,21.520336064353472,3.6577042195988416,4.312175510182845,1.1141625955939307,False,False
7.520302273252798,0.07967003201053759,0.4322418346665921,32.350147676843505,0.6220293521798338,10.800158331168646,2.2680580258202747,17.060143271282318,3.557230563767508,10.37973387620442,44.91552186787958,20.39476232529814,0.21894975692259722,3.288241482440969,0.18541685620447262,False,False
6.926881888778586,0.10299781415451927,0.0,52.75828420129865,0.016671681233098257,8.554910033610415,2.071758029570651,13.943222522117564,0.5307325730925379,10.37973387620442,41.83046309796567,22.830282409033984,4.787949617462863,5.517796831869328,0.17981907225363664,False,True
7.461677239159112,0.0797421976489146,0.48017553590351436,31.945265087893922,0.6668335129374083,10.865596156674966,2.364959143052351,17.27410616187085,2.1567391381973513,12.050574529238276,43.31123379472285,21.520336064353472,0.21894975692259722,3.288241482440969,0.17981907225363664,True,False
7.562605620511366,0.104926764726758,0.0,88.8587910691096,0.17524901529192888,10.286000821068582,2.2236343545184263,16.02770944339224,0.5307325730925379,13.512378507982465,36.88729864892572,22.45315414984438,2.3765434827693004,4.8929463845224515,3.319236809470903,False,True
7.2381811100056686,0.08677788788989561,0.4677245858063887,37.150965532663776,0.7278316404457794,10.80528767474384,2.3422753365692826,20.454726511922154,2.1956810747997624,12.050574529238276,37.76115456307384,21.910951632338765,0.4640758816305126,4.8929463845224515,0.2698894224742457,False,False
7.406960039838127,0.0837135111210182,0.6721764677015662,30.389901626453444,0.8472447143721182,11.284334195436479,1.93241039960074,18.084937722683698,3.907267579057649,13.512378507982465,38.32273112489664,22.830282409033984,0.7621243819097817,2.394861418231315,0.18541685620447262,False,False
7.200247430138746,0.09052940385417785,0.0,43.71012026080314,0.2572473504179493,9.481411436425896,1.9498925873324346,13.943222522117564,0.5307325730925379,12.050574529238276,44.50582537165276,21.520336064353472,2.3765434827693004,4.8929463845224515,0.17981907225363664,False,True
7.617047496602305,0.08055993956580777,0.4878977522027865,29.75230207337357,0.6437506755472151,11.008439704982298,1.856781696673676,17.122275796709204,3.557230563767508,10.37973387620442,45.97026653946513,20.39476232529814,1.0781603382690768,1.3177514880328864,0.17981907225363664,False,False
7.278338338684708,0.09002798315545635,0.1976280403523312,38.62495104345341,0.4638706710277059,10.17645170606463,1.9720094133938335,17.27410616187085,0.5307325730925379,12.050574529238276,42.77964663398096,21.520336064353472,2.3765434827693004,3.288241482440969,0.17981907225363664,False,False
7.236713326666937,0.09087493570022306,0.2792282480187889,38.19114349833376,0.5437810785467846,10.311076753598304,1.8146161327664152,17.27410616187085,2.1956810747997624,12.050574529238276,39.823250178684745,22.830282409033984,2.35804509167778,3.288241482440969,0.17981907225363664,False,False
6.980063434910417,0.10354865444508131,0.04240264647593854,48.03795986241819,0.32147154996695604,9.471301426580055,2.3088396684065686,16.894286158024737,0.5307325730925379,13.512378507982465,39.30151529457319,20.47157796724068,4.095846430752033,5.013843996080715,0.17981907225363664,False,False
7.347251518262256,0.08519565510313049,0.29781783746887186,36.533446746327336,0.5397859952458055,10.438932597308114,2.223117855842511,17.41781106269325,0.28045802876246106,12.816950175449627,43.84842523040166,20.39476232529814,1.0781603382690768,3.978015982921312,0.18541685620447262,False,False
7.2063848290127055,0.08908040379599917,0.07552988868165857,42.04235872120812,0.35642079049399067,9.719823832102712,1.5770376136974886,14.014631523913057,1.9980656391989138,12.050574529238276,42.48198739371398,22.45315414984438,1.9288213073153082,4.8929463845224515,0.17981907225363664,False,False
7.100357964786753,0.09521164526598602,0.041696465311186225,44.87203382605469,0.32072652883814234,9.482227101524607,2.3676245379949994,14.331247338112897,4.359624060437838,10.37973387620442,39.955934517309046,22.830282409033984,2.9028510857812027,5.0920901272008186,0.148236585919794,False,False
7.148746014510789,0.0950936054388349,0.17304404434809786,41.64774843962035,0.45929822472208415,10.017000355548229,1.9873897205706252,17.060143271282318,0.5307325730925379,13.512378507982465,40.33338788811614,21.520336064353472,2.91342860836639,3.9497740145530367,0.17981907225363664,False,False
6.926881888778586,0.10299781415451927,0.0,52.75828420129865,0.016671681233098257,8.554910033610415,2.071758029570651,13.943222522117564,0.5307325730925379,10.37973387620442,41.83046309796567,22.830282409033984,4.787949617462863,5.517796831869328,0.17981907225363664,False,True
7.126737295196554,0.09451925545485672,0.1772350579195677,42.423209022572365,0.4637197440399849,10.007060641569606,2.134073880277745,18.901488709612376,0.5307325730925379,12.050574529238276,40.3628536918859,20.699443772674684,2.3765434827693004,4.8929463845224515,0.18541685620447262,False,False
7.520302273252798,0.07967003201053759,0.4322418346665921,32.350147676843505,0.6220293521798338,10.800158331168646,2.2680580258202747,17.060143271282318,3.557230563767508,10.37973387620442,44.91552186787958,20.39476232529814,0.21894975692259722,3.288241482440969,0.18541685620447262,False,False
7.313390020386074,0.08611416340334836,0.3881226444182,42.72032198444854,0.6862061477960419,10.811480256675578,2.2108697103795945,17.016663787579137,2.1956810747997624,14.6047806746396,37.5652020876855,22.830282409033984,0.21894975692259722,4.8929463845224515,0.6754938248169686,False,False
7.0901263046676455,0.09321296109180087,0.16135626474708975,42.536049044204645,0.4469676172430206,9.879957590639215,2.0658625632542535,16.43297662985375,0.5307325730925379,13.512378507982465,39.244320940491875,22.830282409033984,2.3765434827693004,4.8929463845224515,0.17981907225363664,False,False
7.526125117115431,0.09743598328473528,0.0,63.21006034000531,0.2149507258833263,10.086631458712558,2.07798904794731,13.943222522117564,0.5307325730925379,12.863181313280318,42.403531603485504,22.830282409033984,3.4174518144035932,2.231893022124104,1.7797047424623902,False,True
7.276485496392753,0.0904008987637061,0.23519771617493349,40.3470299834733,0.5248703484993957,10.293979468225128,1.5868424749632786,17.060143271282318,1.9980656391989138,13.512378507982465,43.35006106258689,17.303575276557375,1.0781603382690768,5.517796831869328,0.17981907225363664,False,False
7.198977900390252,0.08676525798616491,0.06763750152399958,40.97838929879442,0.3480943220426605,9.71500010768438,2.011359074513384,16.43297662985375,0.5307325730925379,10.243822843394298,43.1355717206723,22.830282409033984,1.5862871108325067,5.0920901272008186,0.148236585919794,True,False
7.310631511354037,0.08590041052736054,0.3741630485062459,37.806888828889996,0.6384651592333879,10.635628287020547,1.9133661997225915,18.084937722683698,2.1956810747997624,12.77901127445966,40.91869591413153,20.39476232529814,0.4640758816305126,4.8929463845224515,0.2698894224742457,False,False
7.188991937206939,0.08774536347182049,0.33833540033268655,38.304972627851924,0.6077601539345059,10.383177068162517,2.2432335782935833,16.894286158024737,1.9980656391989138,13.512378507982465,38.61406149071473,22.830282409033984,1.0781603382690768,4.8929463845224515,0.17981907225363664,False,False
7.181200193111997,0.10362735306024895,0.0,46.34520961956983,0.24421773868367502,9.52967148327819,1.6574017079035555,17.27410616187085,1.9980656391989138,10.37973387620442,44.07375412431603,18.01273224230148,4.787949617462863,3.288241482440969,0.18541685620447262,False,True
7.3328616479202795,0.08338386657438747,0.4384802089702903,35.649743089544074,0.6756000583113997,10.745979423255624,1.98840798839384,17.27410616187085,2.1956810747997624,13.07803767590546,39.93844999288469,22.71320120731049,0.4640758816305126,4.066558583123987,0.2698894224742457,False,False
7.030428756441884,0.10226821317102555,0.0,49.3440684621282,0.1703947264228286,9.105429927317141,2.220427950824118,13.943222522117564,0.28045802876246106,13.512378507982465,42.46575843400246,20.39476232529814,4.3620903541990135,4.861510755384266,0.17981907225363664,False,True
7.405558125007143,0.08027160968758523,0.5456373921029586,31.66471455810693,0.7319004780889286,10.967987767424322,2.3592073394140685,17.060143271282318,1.9980656391989138,13.512378507982465,40.90652207693429,22.830282409033984,0.21894975692259722,3.288241482440969,0.18541685620447262,True,False
7.559545975656138,0.08652904438996298,0.06426635489378073,61.03578870961374,0.34453776234777955,10.378102698485153,1.9224994304200593,15.887968707533002,1.9980656391989138,10.37973387620442,41.79701279812747,22.830282409033984,0.21894975692259722,5.0920901272008186,1.7958966857787988,False,False
7.926927423389569,0.08917594975351223,0.08466994674932815,72.7838744011217,0.3660635517553821,11.1212305792885,1.8941136539352164,17.27410616187085,2.256863088856377,10.37973387620442,43.31527862141232,20.39476232529814,0.21894975692259722,3.2241977808397313,2.9361083885955694,False,False
7.435128837506417,0.08708017260512972,0.22214271186093937,36.197834615969384,0.45516931762723056,10.362861424442533,2.318571520110019,17.27410616187085,1.052275865863814,10.05542983634459,44.472838902812306,22.830282409033984,2.7274259135673202,1.3177514880328864,0.2698894224742457,False,False
7.498917536125783,0.08135984954699436,0.2299724326201415,40.99155198355342,0.5193576743490902,10.593202818882334,2.2674330650945125,16.679567467147596,2.1956810747997624,10.37973387620442,43.25579505642397,22.830282409033984,0.4640758816305126,3.519370409942785,0.6754938248169686,True,False
7.052063943476376,0.10255248035964451,0.03021040663979174,45.812540379620714,0.30860873693982116,9.517814845197556,1.2864130679093961,17.2758025564138,2.1567391381973513,10.37973387620442,39.10143184799298,22.830282409033984,4.787949617462863,3.288241482440969,0.17981907225363664,False,False
7.304443036054769,0.08914362602832436,0.26577824706412373,38.65821061880869,0.5362427855256413,10.359977252910065,2.1010825925480727,17.27410616187085,3.557230563767508,10.37973387620442,40.386762325497806,22.830282409033984,2.013753758710223,3.288241482440969,0.2698894224742457,False,False
7.079382133928463,0.09344145757764599,0.15700049211094405,42.84620013856794,0.44237227711188687,9.85394832262,2.1226919610968453,16.43297662985375,0.5307325730925379,13.512378507982465,39.12342332893361,22.830282409033984,2.3765434827693004,5.013843996080715,0.17981907225363664,False,False
7.528217917784702,0.07994405985836125,0.44290023710903426,32.299201631148605,0.6325484490148575,10.814521079545102,2.0468677689514987,16.43297662985375,4.708860115423118,10.243822843394298,44.532567774413494,20.39476232529814,0.21894975692259722,3.288241482440969,0.17981907225363664,False,False
7.7107199085742915,0.08117091151606408,0.37021805732364227,36.40828236590001,0.6143857732769431,11.125404375965866,2.03122081267492,17.016663787579137,3.557230563767508,10.37973387620442,45.80348600250106,20.39476232529814,0.8548781317998847,1.3177514880328864,0.6754938248169686,False,False
7.102976700715222,0.09457742840969822,0.10100052912297329,43.579660173795105,0.3832923161595777,9.677635221591618,1.9884925667678524,13.943222522117564,2.3872620627527077,13.512378507982465,39.93537387329331,22.45315414984438,2.7274259135673202,4.8929463845224515,0.148236585919794,False,False
7.392475703851726,0.08074447651764294,0.4261957442678913,33.641215594751344,0.6340367009799857,10.712021466894013,2.3614143496521707,17.060143271282318,0.5307325730925379,13.512378507982465,43.18929356545285,21.35890923846056,0.21894975692259722,3.9497740145530367,0.17981907225363664,False,False
7.714673251160574,0.07838207005811929,0.4485996307621205,34.781305286090344,0.6739087089838733,11.263770852527395,2.3629848071628166,17.016663787579137,3.9587657997440795,10.243822843394298,44.512452578704725,21.910951632338765,0.3640980453891385,1.3177514880328864,0.6754938248169686,True,False
7.666801988612912,0.09476282962223935,0.11263204577492342,78.16291230063834,0.3955635662273851,10.884762779824817,2.304487142242273,17.27410616187085,2.256863088856377,12.293388876729445,36.982791808271585,22.830282409033984,0.4640758816305126,4.8929463845224515,3.005545389084787,False,False
7.1992474356363685,0.09263390908980952,0.029006840112472353,42.33900201104973,0.3073389742534992,9.637769404898314,1.5310894475272934,13.943222522117564,0.5307325730925379,12.863181313280318,42.93238949469764,22.830282409033984,3.201002205581531,3.519370409942785,0.17981907225363664,False,False
7.299855794617405,0.09306671741615988,0.3323100508997484,35.91361047033567,0.5673482515639752,10.482035820116408,1.8425283812686166,17.27410616187085,2.256863088856377,12.398768326854487,40.28397834635351,22.830282409033984,3.3973132565817625,1.4104518245292348,0.148236585919794,False,False
7.14027532595974,0.09095735527255899,0.018961845559961082,43.59453108016224,0.2967415050005998,9.532724819063615,1.5787572828713128,16.43297662985375,0.5307325730925379,10.243822843394298,42.391978993521775,22.830282409033984,2.3765434827693004,5.013843996080715,0.17981907225363664,True,False
7.250007239120766,0.09295578995201534,0.2618570505087472,38.70733357711142,0.5328054784890854,10.35479606512812,1.7445979836052223,18.702516008756376,0.5307325730925379,12.77901127445966,41.55849299549338,20.39476232529814,2.5664242682053056,3.288241482440969,0.17981907225363664,False,False
7.7107199085742915,0.08117091151606408,0.37021805732364227,36.40828236590001,0.6143857732769431,11.125404375965866,2.03122081267492,17.016663787579137,3.557230563767508,10.37973387620442,45.80348600250106,20.39476232529814,0.8548781317998847,1.3177514880328864,0.6754938248169686,False,False
7.18538048924935,0.09493105525777511,0.06959049251684878,42.25485293709369,0.35015472754011634,9.747769258887551,1.9197474732898179,16.43297662985375,2.1567391381973513,10.243822843394298,41.368106075668024,22.830282409033984,3.500012349157986,3.288241482440969,0.17981907225363664,False,False
7.342116888405981,0.10095476794727974,0.037823194165891014,58.21319688618449,0.3166402277798559,10.0486749058994,1.3659345097610154,16.894286158024737,1.052275865863814,13.512378507982465,42.74170684777407,17.024301465565454,2.7274259135673202,4.8929463845224515,1.1546788566996868,False,False
7.289582335557841,0.0963590520233816,0.0,59.52170501338836,0.270807895958666,9.8229767757043,1.8842066699814572,16.43297662985375,1.9980656391989138,10.37973387620442,39.68788456943526,22.830282409033984,2.3765434827693004,5.013843996080715,1.280669397423656,False,True
7.192868787569092,0.08758720961915079,0.32890386087448475,38.35261616541587,0.5984883668468737,10.362725923879342,2.2538928038948627,16.894286158024737,1.9980656391989138,13.30428133341707,38.82215866528013,22.830282409033984,1.0781603382690768,4.8929463845224515,0.17981907225363664,False,False
7.7081586755382725,0.07882294470518689,0.43281677569870625,35.114494711381624,0.6620027154841008,11.225160225183913,2.3152304704721707,16.894286158024737,3.9587657997440795,10.243822843394298,44.53485237201775,21.910951632338765,0.4640758816305126,1.3177514880328864,0.6754938248169686,True,False
7.29793801464546,0.08352818998391175,0.4203183845409944,35.72844252917051,0.6575600846966279,10.635003679354309,2.0828711738871806,17.060143271282318,1.9980656391989138,13.512378507982465,40.58628070874871,21.582852288227095,0.21894975692259722,4.861510755384266,0.17981907225363664,False,False
7.213189034692484,0.08535975366719976,0.41795021298269736,36.832074813987255,0.6707783850317106,10.565430345660642,2.277423270280211,16.894286158024737,1.9980656391989138,14.192930508202341,38.348450204455055,22.830282409033984,0.4640758816305126,5.0920901272008186,0.17981907225363664,False,False
7.37571168800602,0.08534399752570176,0.10146467484050213,46.93044017306931,0.3837819898915707,10.026798616554839,2.317034137346784,14.331247338112897,3.9587657997440795,10.243822843394298,42.79843075000383,21.910951632338765,0.5634909797198394,5.517796831869328,0.6754938248169686,False,False
7.0988184511566805,0.09463014906171104,0.08031539973835167,44.415833248095744,0.3614695046588019,9.624223220483847,1.7999978697220973,13.943222522117564,1.9980656391989138,13.512378507982465,40.172090198955004,22.45315414984438,2.7274259135673202,5.013843996080715,0.17981907225363664,False,False
7.262477269510905,0.08774681224367291,0.09510757124851384,48.175096588019564,0.377075245602023,9.92985141500818,2.0328644286062088,14.331247338112897,0.5307325730925379,13.512378507982465,41.523908176822744,22.830282409033984,1.0781603382690768,5.517796831869328,0.6754938248169686,False,False
7.603069803382309,0.08125956898095531,0.7777950780730761,26.87487902716405,0.9086152492073195,11.6392301442096,2.319199860590484,17.27410616187085,7.162135046451429,12.050574529238276,40.55793546624513,20.993602354277275,0.4640758816305126,1.3177514880328864,0.17981907225363664,False,False
7.040222345386726,0.09692235766448076,0.0,48.42007343980832,0.16838453563168465,9.042046520052745,1.7387047752853797,13.943222522117564,2.1662612287478047,10.37973387620442,41.56543224536967,22.830282409033984,3.4174518144035932,5.517796831869328,0.17981907225363664,False,True
7.111605543686469,0.09777977364940112,0.0,46.53859533970538,0.26664013758465854,9.375566401148205,1.6848406861653522,13.943222522117564,4.175725626203513,10.668642322763649,41.08707365589241,21.635118601843182,3.4174518144035932,4.8929463845224515,0.17981907225363664,False,True
7.543977293338479,0.07816850987814476,0.6006456947840121,28.543461847823615,0.7454847774659098,11.233064757316772,2.3690062490199066,19.597410867392515,0.5307325730925379,12.050574529238276,44.32170501662834,20.993602354277275,0.21894975692259722,2.107205830194814,0.17981907225363664,False,False
7.178247766467756,0.0879738599576656,0.32979305714208723,38.615123722215216,0.6031648138033723,10.357167800143303,2.28229706663471,16.894286158024737,1.9980656391989138,13.512378507982465,38.49316387915647,22.830282409033984,1.0781603382690768,5.013843996080715,0.17981907225363664,False,False
7.001057185480407,0.1027358187852688,0.0,56.114557426742515,0.14036539527340142,9.035194873861558,1.8948189916281122,13.943222522117564,0.5307325730925379,12.863181313280318,39.632167375072264,22.830282409033984,4.095846430752033,5.517796831869328,0.586770544781973,False,True
7.734750329753948,0.08576846112622337,0.22025857340986718,55.81283384622986,0.5091095528822508,11.069505394625683,2.1310475531451907,17.016663787579137,1.9980656391989138,12.050574529238276,43.275588324080644,20.39476232529814,0.21894975692259722,3.2494989519034925,1.7958966857787988,False,False
7.437322428964729,0.08183716796340515,0.49416924401867773,32.56434594723032,0.6904131460343049,10.883227855785963,2.016697065682106,18.084937722683698,4.284284826551515,10.243822843394298,41.53826875475578,21.910951632338765,0.4640758816305126,3.288241482440969,0.18541685620447262,False,False
7.251393158548218,0.08351172685935117,0.4252432656062989,36.0092533675042,0.6667548343884202,10.595954329088979,2.2417595183148507,17.060143271282318,1.9980656391989138,13.512378507982465,39.18651734724537,22.830282409033984,0.21894975692259722,5.013843996080715,0.17981907225363664,True,False
6.994923184313714,0.10180557371934028,0.0,51.21965883954669,0.029836515989086765,8.677877861047634,2.059809902160451,13.943222522117564,0.5307325730925379,10.243822843394298,42.96835283731227,22.45315414984438,4.787949617462863,4.8929463845224515,0.17981907225363664,False,True
7.617815476461073,0.07879794707458937,0.5246357389988884,29.868046191008517,0.6841575524754373,11.11881483824411,2.0071902237317385,17.27410616187085,3.557230563767508,10.37973387620442,44.55856241754069,21.910951632338765,0.7317744377706412,1.3177514880328864,0.2698894224742457,False,False
7.131339760399068,0.09130795051396895,0.03807911999378144,43.4604053289286,0.3169102295282803,9.581171989847705,1.7014232116950825,16.894286158024737,0.5307325730925379,10.243822843394298,41.93066946535079,22.830282409033984,2.3765434827693004,5.013843996080715,0.17981907225363664,True,False
7.091597795307465,0.09470905047348287,0.0050037139752832135,45.65446292126412,0.28201567617876466,9.445695602106907,1.8093913175282936,16.894286158024737,1.052275865863814,10.243822843394298,41.868297181599246,21.582852288227095,2.7274259135673202,5.451220677069852,0.17981907225363664,False,False
7.180312941819798,0.08643729140674973,0.162068713745865,40.705257414175605,0.4477192509367285,9.931743124340224,2.1209465959425455,14.787282934568282,0.8300170066601741,13.512378507982465,41.264262899363054,22.830282409033984,1.0781603382690768,5.517796831869328,0.17981907225363664,True,False
7.135319277220078,0.09595385430873452,0.08020909577267679,43.217367377575684,0.3613573539750149,9.715099551536062,1.5787531643716255,16.802026783788463,2.256863088856377,10.37973387620442,40.31446633962124,22.830282409033984,3.4174518144035932,3.819356615838287,0.17981907225363664,False,False
6.899966229043185,0.10555120997622609,0.0,50.57615288046077,0.21736362117507035,9.07667315039064,1.5351147771959954,16.894286158024737,1.9980656391989138,10.37973387620442,37.83777310062063,22.830282409033984,4.787949617462863,5.0920901272008186,0.17981907225363664,False,True
7.331634172824335,0.084513486083667,0.11563568642633637,46.55402615637061,0.3987324071146258,10.049324944244681,2.3796440221040513,15.887968707533002,1.9980656391989138,10.37973387620442,42.178639238392655,22.830282409033984,0.4640758816305126,5.585740423189546,0.6754938248169686,False,False
7.567843742840287,0.07898520423077163,0.6909647766003635,26.946685671646,0.8180318726783627,11.469033657997407,1.9168136677987089,19.597410867392515,0.5307325730925379,13.366087099465423,43.55052066385521,20.993602354277275,0.4640758816305126,1.3177514880328864,0.17981907225363664,False,False
7.239448670220392,0.08581872554770066,0.220527653630369,39.13250323894845,0.4952577650855463,10.114800771078617,2.17200673128958,14.331247338112897,1.9980656391989138,13.512378507982465,41.17150252667574,22.830282409033984,1.0781603382690768,4.8929463845224515,0.18541685620447262,False,False
7.079382133928463,0.09344145757764599,0.15700049211094405,42.84620013856794,0.44237227711188687,9.85394832262,2.1226919610968453,16.43297662985375,0.5307325730925379,13.512378507982465,39.12342332893361,22.830282409033984,2.3765434827693004,5.013843996080715,0.17981907225363664,False,False
6.966783391790144,0.10346110580993553,0.0,54.195129385312484,0.0,8.558995369845938,2.157076302609567,13.943222522117564,0.5307325730925379,10.243822843394298,42.7956345572504,21.910951632338765,4.787949617462863,5.517796831869328,0.2698894224742457,False,True
7.4180055472619095,0.08148063823635338,0.5839095789697074,31.3332853960084,0.7675577843802176,11.100030164508881,2.0255138394470076,18.702516008756376,2.1567391381973513,12.909586507930108,41.02381196914549,21.520336064353472,0.21894975692259722,3.288241482440969,0.17981907225363664,False,False
7.0561922454270825,0.10773772962560528,0.0,51.004365305105075,0.19201525770582006,9.164672445122465,2.211177067926602,16.43297662985375,5.83070749883816,8.322794206214935,41.3905166139588,17.963146234217028,4.787949617462863,5.0920901272008186,0.17981907225363664,False,True
7.006798182640628,0.09853852797825324,0.0,47.58451277647643,0.24653858448744126,9.245558688863106,1.7257069022309415,13.943222522117564,0.5307325730925379,13.512378507982465,40.25377056872016,22.830282409033984,3.6577042195988416,5.0920901272008186,0.17981907225363664,False,True
7.6891710369284105,0.08701562649386622,0.0,64.0536602755803,0.23781645032286708,10.305630399069056,2.28104645172639,17.016663787579137,1.9980656391989138,8.026839686169284,45.97544801558987,19.703904902630956,0.21894975692259722,5.0920901272008186,1.9680380847084187,False,True
7.096758528581998,0.0984904166224915,0.0,47.390216530105,0.17649921446594502,9.184286776921589,2.258134965566358,17.27410616187085,1.9980656391989138,8.026839686169284,43.408195254743354,20.39476232529814,3.6577042195988416,5.0920901272008186,0.148236585919794,False,True
6.91901992909688,0.10398214921963961,0.0,50.97339553698899,0.13565086014417516,8.894613765012853,2.2974391069569293,16.43297662985375,0.5307325730925379,10.243822843394298,39.90232672770811,22.830282409033984,4.787949617462863,5.0920901272008186,0.17981907225363664,False,True
7.459437970010219,0.08044154764077886,0.5005491612525419,31.801836907432822,0.6862851407435253,10.960398749903945,2.0782903709634653,18.702516008756376,0.5307325730925379,12.77901127445966,43.90036972282525,20.39476232529814,0.21894975692259722,3.288241482440969,0.18541685620447262,False,False
7.506557485591396,0.08824973883558966,0.20085333336682684,59.618235893617815,0.4886370246368432,10.738422506215606,2.2602106771821067,17.060143271282318,0.5307325730925379,13.512378507982465,39.19010604052303,22.830282409033984,0.21894975692259722,4.861510755384266,1.7958966857787988,False,False
7.471400461411447,0.07997218814336363,0.4725321032470614,31.98139780203108,0.659284253995181,10.895540083713943,2.1895476692961457,18.084937722683698,0.5307325730925379,12.77901127445966,44.51794800889793,20.39476232529814,0.21894975692259722,3.288241482440969,0.18541685620447262,True,False
7.107785662767315,0.09341617717809603,0.04732723584998294,43.98341105315346,0.3266669917565729,9.58370393797504,1.704295875779475,17.060143271282318,1.052275865863814,10.243822843394298,41.04471986922036,22.830282409033984,2.7274259135673202,4.861510755384266,0.17981907225363664,False,False
7.148182362406568,0.09475778321398431,0.06805210979547445,44.23437013271274,0.34853173376906643,9.65757709367455,1.8067686924064947,13.943222522117564,1.9980656391989138,13.512378507982465,41.75253960608037,20.993602354277275,2.7274259135673202,4.8929463845224515,0.17981907225363664,False,False
7.143449927526405,0.08885874141471681,0.07806540617689284,42.83219111630068,0.3590957614514628,9.659818305304615,1.8838217456292046,13.943222522117564,0.5307325730925379,13.512378507982465,41.79142945119769,22.830282409033984,1.694338632452795,5.517796831869328,0.17981907225363664,False,False
7.41299693661337,0.0816128512538915,0.5057312720619432,32.48328899534509,0.7014567613562512,10.87860169479782,2.381641073983813,18.084937722683698,4.284284826551515,10.243822843394298,40.61893797806056,22.830282409033984,0.4640758816305126,3.288241482440969,0.18541685620447262,False,False
7.244406030291357,0.08421691238784978,0.34791241995938826,37.17121283907918,0.6017181454224578,10.415985061729476,2.380485432652185,17.27410616187085,2.256863088856377,12.050574529238276,39.85218872991555,22.830282409033984,0.4640758816305126,5.0920901272008186,0.17981907225363664,True,False
7.194568657093844,0.08567888335267089,0.3831236999735005,37.6743123678656,0.6460306378880796,10.47931274575285,2.314668226045696,17.27410616187085,1.9980656391989138,13.512378507982465,38.365058266771115,22.830282409033984,0.4640758816305126,5.370616277307692,0.18541685620447262,True,False
7.066346434607978,0.09525399769756493,0.23831052498761987,42.415865749572895,0.5281543617967799,10.059751628661443,2.2432336861880753,17.229486754111434,1.9980656391989138,13.512378507982465,37.23670839775916,22.45315414984438,2.3765434827693004,5.013843996080715,0.17981907225363664,False,False
7.037900166681425,0.09559210595327047,0.0862441383128582,44.74798475309509,0.36772432385490633,9.58689248698053,2.140751267063605,17.27410616187085,2.256863088856377,10.37973387620442,38.9321312874774,22.830282409033984,2.7274259135673202,5.451220677069852,0.148236585919794,False,False
7.321280354136374,0.08627730472003008,0.31391579451933227,43.71746852737561,0.6079179211527365,10.612328484949844,2.154840529783293,16.679567467147596,2.1956810747997624,13.512378507982465,38.78101007920445,22.830282409033984,0.4640758816305126,4.861510755384266,0.6754938248169686,False,False
7.308215935405175,0.08499847786901996,0.12709524596571706,46.64305918794857,0.4108222424286724,10.06245145213692,2.365770451288268,14.331247338112897,0.5307325730925379,13.512378507982465,42.038577535371985,22.830282409033984,0.5634909797198394,5.517796831869328,0.6754938248169686,False,False
7.067471974264021,0.10118603604326419,0.0,46.40368896590859,0.2405479082077167,9.343227789207273,2.242348406028535,13.943222522117564,0.5307325730925379,13.512378507982465,40.92177603166515,22.830282409033984,4.787949617462863,3.288241482440969,0.18541685620447262,False,True
7.527715945563659,0.0828695333081654,0.23364321721656978,44.91280869594561,0.523230352098322,10.695252110583205,2.007928362717261,17.27410616187085,2.1956810747997624,10.37973387620442,42.3828789003372,22.830282409033984,0.4640758816305126,3.519370409942785,0.9538712861804874,False,False
7.1433222527744205,0.08847157168323613,0.08355364573222432,42.21878087735192,0.36488585418233754,9.668214041370078,1.9202903054758533,13.943222522117564,0.5307325730925379,13.512378507982465,41.8730412040881,22.830282409033984,1.6443093658962253,5.517796831869328,0.148236585919794,True,False
7.37642923693345,0.08432127026849215,0.6423092261509421,31.81601500563603,0.8360439181455921,11.204451359342348,1.4174710696765287,18.084937722683698,4.284284826551515,13.512378507982465,38.269713090167606,21.910951632338765,0.4640758816305126,3.288241482440969,0.18541685620447262,False,False
7.281794746134759,0.09317443241529354,0.18426667866810933,40.89052860735643,0.4711381039296963,10.174422382492898,1.5478006551962655,16.894286158024737,3.88465437698492,10.37973387620442,40.996596251688366,21.582852288227095,2.7274259135673202,3.264561712828903,0.2698894224742457,False,False
7.052867001366676,0.10970137714995637,0.07030390586084803,49.214214976078196,0.3509073786180356,9.66615809653877,1.592764297063631,20.142073816644142,3.7944080907414506,10.243822843394298,40.57094272115911,15.494392767809593,4.555098907966217,5.013843996080715,0.18541685620447262,False,False
7.3318424546919765,0.08314631982947841,0.3369488957292502,36.26284453817091,0.5772156416640993,10.456400484615093,2.1576523884848933,17.27410616187085,2.256863088856377,11.74021597029874,42.87477598363268,20.39476232529814,0.21894975692259722,5.0920901272008186,0.148236585919794,False,False
7.221099914437798,0.09148905954041069,0.13337055949779644,39.96487243169092,0.41516072047398794,9.94006143460386,1.8561995945047889,16.679567467147596,2.256863088856377,10.37973387620442,41.45852024932771,22.830282409033984,2.7274259135673202,3.519370409942785,0.148236585919794,False,False
6.977412356207951,0.10055547507741888,0.0,50.424403696615244,0.1256505224761887,8.871365878498498,1.8960213321111332,13.943222522117564,1.9980656391989138,10.56173231001313,40.873234784761415,22.830282409033984,4.095846430752033,5.517796831869328,0.17981907225363664,False,True
7.338937220814637,0.08975875787226296,0.2865223559326896,37.515545129476635,0.5418552309377707,10.401561248605214,1.5502020709119975,17.27410616187085,4.284284826551515,10.243822843394298,41.70952287617157,20.993602354277275,2.021002599089052,3.288241482440969,0.18541685620447262,False,False
7.1674106490545455,0.0889328207877147,0.15722440383103584,40.64343119898185,0.44260850397658374,9.921999631449394,2.284774175044537,17.27410616187085,1.9980656391989138,10.37973387620442,40.63317583467499,22.830282409033984,1.6443093658962253,5.0920901272008186,0.148236585919794,False,False
7.093920830155081,0.096010478619081,0.055019238915091355,45.4152001438635,0.33478205499026226,9.582257615535143,2.053186973933539,17.27410616187085,2.1956810747997624,10.243822843394298,40.93432190276701,20.993602354277275,2.7274259135673202,5.451220677069852,0.17981907225363664,False,False
7.137930275732267,0.10256696913342982,0.16033893018628653,42.14419123066122,0.4458943292813732,10.055902097280779,1.7401186190022708,19.597410867392515,0.5307325730925379,12.050574529238276,39.752705156088076,20.993602354277275,4.787949617462863,2.107205830194814,0.17981907225363664,False,False
7.156688985543827,0.0913032774024366,0.04586426830051691,43.21528094430659,0.3251235609918862,9.609063499243822,1.880862382152869,16.43297662985375,1.9980656391989138,9.532303745344143,41.75706263702382,22.830282409033984,2.3765434827693004,4.8929463845224515,0.17981907225363664,False,False
7.487401321608994,0.08181169895498402,0.25461089919076263,40.81868985043557,0.5453512565810955,10.655641845006961,2.111084675036767,17.27410616187085,2.1956810747997624,10.37973387620442,42.661256361700715,22.830282409033984,0.4640758816305126,3.519370409942785,0.6754938248169686,True,False
7.520033113739131,0.09648907440508073,0.027495528647976022,75.6713480537466,0.3057445406584556,10.37608330226952,2.301777590848104,14.787282934568282,2.100262760429623,13.512378507982465,37.602860244155124,22.830282409033984,1.0781603382690768,5.517796831869328,2.5709759736921174,False,False
7.33696098701633,0.08270291080462557,0.3496488918226205,36.065196126246114,0.5877994454988015,10.520726962223721,2.246654076307617,17.060143271282318,0.5307325730925379,13.512378507982465,43.24170373778404,20.39476232529814,0.21894975692259722,4.861510755384266,0.17981907225363664,False,False
7.089773715935935,0.09253096534354457,0.04101547828536561,44.49999147728938,0.3200080875259016,9.529820188240135,1.8379605554255476,16.894286158024737,1.052275865863814,10.243822843394298,40.97174949159039,22.830282409033984,2.3765434827693004,5.451220677069852,0.17981907225363664,False,False
7.209900010933681,0.09189441061771733,0.15801879025707669,39.801683797075995,0.43884065025893704,9.997486287983044,1.8198660334447143,17.27410616187085,2.1956810747997624,10.37973387620442,40.92516356866108,22.830282409033984,2.7274259135673202,3.519370409942785,0.148236585919794,False,False
7.072932058154082,0.10546771952432937,0.0,51.62967414400944,0.08369732233706118,8.900850023917373,2.0200798305685774,13.943222522117564,3.349398499939156,10.37973387620442,44.07809788082918,18.189688403992356,4.787949617462863,5.0920901272008186,0.17981907225363664,False,True
7.209921333861392,0.0893248316377854,0.13893096835633978,40.78508450997043,0.42330892955077937,9.930084206626416,2.0163783107112803,17.27410616187085,1.9980656391989138,10.37973387620442,42.23977767922702,21.223680564481956,1.6443093658962253,5.0920901272008186,0.148236585919794,False,False
7.123270700356,0.09278326880796309,0.12578716508502769,42.73578615011338,0.4094422170995451,9.801892283244909,2.223839209194157,17.27410616187085,2.256863088856377,10.37973387620442,39.809705524488976,22.830282409033984,2.3765434827693004,4.8929463845224515,0.17981907225363664,False,False
7.190584343305427,0.09217818268101058,0.15953133220483645,42.29402172708256,0.44504231341094336,10.002879722837019,1.9594029749684614,17.016663787579137,0.5307325730925379,13.512378507982465,42.74924189287939,18.799028701890705,1.694338632452795,5.517796831869328,0.17981907225363664,False,False
7.14027532595974,0.09095735527255899,0.018961845559961082,43.59453108016224,0.2967415050005998,9.532724819063615,1.5787572828713128,16.43297662985375,0.5307325730925379,10.243822843394298,42.391978993521775,22.830282409033984,2.3765434827693004,5.013843996080715,0.17981907225363664,True,False
7.17566823394384,0.0941102084558304,0.20181177428806674,40.72147875832057,0.4896481798087513,10.117844087646592,1.962142560431389,16.894286158024737,1.052275865863814,13.512378507982465,40.23092898936002,21.582852288227095,2.7274259135673202,3.8200332047209145,0.17981907225363664,False,False
7.157219553893526,0.09469883807854725,0.09068109451402585,43.60075131146443,0.37240531264713816,9.765748270807105,1.425953348386835,18.084937722683698,1.9980656391989138,10.243822843394298,42.420801733627,19.37148075332507,2.3765434827693004,5.356111239081928,0.148236585919794,False,False
6.818818724102135,0.11003234105727612,0.0,52.6765386731666,0.16337549565606563,8.850185942645103,1.9550630552136512,16.894286158024737,1.9980656391989138,10.37973387620442,37.00771803468506,22.830282409033984,5.6495871697322695,5.0920901272008186,0.148236585919794,True,True
7.089682271120422,0.0946587881346432,0.0059999802932564975,45.45993342045512,0.28306673714422653,9.443813545068453,1.8152514886528825,16.894286158024737,1.052275865863814,10.243822843394298,41.881524112872846,21.582852288227095,2.7274259135673202,5.451220677069852,0.16659214098003436,False,False
7.058395233637133,0.0957151215701012,0.0,46.83276381665286,0.1815279034589044,9.119283565515445,1.2430989457236892,13.943222522117564,0.5307325730925379,11.643371775955078,42.39461219227663,22.830282409033984,3.4174518144035932,5.0920901272008186,0.148236585919794,False,True
7.396222536614192,0.08063790019758223,0.5675020449372101,31.524584333790347,0.7529721057685372,11.018603796389947,2.176823071669864,17.542104468646784,1.9980656391989138,13.512378507982465,40.424560879569825,22.830282409033984,0.21894975692259722,3.288241482440969,0.18541685620447262,True,False
7.237300016333902,0.08599414003042717,0.23188936465859245,39.009257689454785,0.5054892421916384,10.135214011975739,2.268454745858205,14.331247338112897,2.256863088856377,13.512378507982465,40.918302860969106,22.830282409033984,1.0781603382690768,4.8929463845224515,0.17981907225363664,False,False
7.4266997462322575,0.08393601677070342,0.4731882576144479,34.93690595381689,0.7020656044717785,10.952941829123942,1.9972164974083801,18.084937722683698,2.1956810747997624,13.512378507982465,42.58780379880868,19.052395760393836,0.21894975692259722,4.0779639559347185,0.2698894224742457,False,False
6.97531084873399,0.10625281549973847,0.045867211858346406,46.75713609594022,0.3251266664453964,9.479559065082478,1.7578257793996694,17.060143271282318,1.9980656391989138,11.861367294576784,37.46788596485248,22.830282409033984,5.345777352694761,3.288241482440969,0.148236585919794,False,False
7.020234210271628,0.10409935457510784,0.0,51.6079947952709,0.06887094176489339,8.800215126019712,2.0935656897045636,13.943222522117564,2.256863088856377,10.37973387620442,42.96555937060618,20.39476232529814,4.787949617462863,5.0920901272008186,0.17981907225363664,False,True
7.016528670710283,0.09790508155129077,0.0,48.12611385165119,0.22579856609484494,9.168644033764018,1.7809374203277313,13.943222522117564,2.1956810747997624,11.643371775955078,40.27237449956706,22.830282409033984,3.4174518144035932,5.517796831869328,0.17981907225363664,False,True
7.148172183289388,0.10254921997723143,0.0,61.98252383287427,0.20003462266431454,9.413613182727708,2.233508916872284,13.943222522117564,3.5241818985202484,11.643371775955078,37.98743214955365,22.830282409033984,3.4174518144035932,5.517796831869328,1.136260598546555,False,True
6.9294139113198385,0.10289452176958358,0.0,52.789400829434356,0.010616153753172597,8.541553119238657,2.0988090658559253,13.943222522117564,0.5307325730925379,10.243822843394298,41.96637413077579,22.830282409033984,4.787949617462863,5.517796831869328,0.17981907225363664,False,True
6.947071076872118,0.1031328669273468,0.028717487458110112,48.38787134071899,0.30703370720314704,9.342230577826724,2.35572589969218,14.787282934568282,1.9980656391989138,13.512378507982465,37.53963664200767,22.830282409033984,4.2595884104326,4.8929463845224515,0.17981907225363664,False,False
7.599215475127824,0.08522227139270923,0.018847687442263495,60.73542826087284,0.29662106818642886,10.30824692975871,2.0556765739391993,17.016663787579137,1.9980656391989138,8.026839686169284,43.22035565079483,22.830282409033984,0.21894975692259722,4.8929463845224515,1.7958966857787988,True,False
7.132774204220911,0.0947181215645407,0.12370783839195855,44.44927216870738,0.40724852743835716,9.842606912245564,2.050948111973052,18.084937722683698,2.1956810747997624,10.243822843394298,39.85634589289265,21.910951632338765,2.5454250268941347,4.8929463845224515,0.2698894224742457,False,False
7.6207318870629965,0.08200547903652762,0.21757758722015758,48.30690416487379,0.5062811124521072,10.814194014047777,2.1930653996745226,17.060143271282318,1.9980656391989138,10.37973387620442,42.956356374740295,22.830282409033984,0.21894975692259722,3.288241482440969,1.268227190176504,True,False
7.736080750191278,0.08701438450669254,0.1333078256361166,63.09569077474173,0.41737651398094394,10.896474657435236,2.112727125522505,17.27410616187085,1.9980656391989138,10.243822843394298,41.67512245743475,22.830282409033984,0.4640758816305126,3.288241482440969,2.226283124995722,False,False
7.663659336543476,0.08581653829314077,0.0,60.95016689385166,0.26736397422690616,10.320502701329547,2.153373350005851,17.016663787579137,1.9980656391989138,8.026839686169284,45.655875734530674,20.39476232529814,0.21894975692259722,4.8929463845224515,1.7958966857787988,True,True
7.088803209443916,0.10339973178215674,0.0,50.44061828786718,0.14210416316302316,9.10203540857783,2.350576158630171,15.864419676339983,1.9980656391989138,10.56173231001313,44.53199430771786,17.244727947904288,4.095846430752033,5.517796831869328,0.18541685620447262,False,True
7.617815476461073,0.07879794707458937,0.5246357389988884,29.868046191008517,0.6841575524754373,11.11881483824411,2.0071902237317385,17.27410616187085,3.557230563767508,10.37973387620442,44.55856241754069,21.910951632338765,0.7317744377706412,1.3177514880328864,0.2698894224742457,False,False
7.3318424546919765,0.08314631982947841,0.3369488957292502,36.26284453817091,0.5772156416640993,10.456400484615093,2.1576523884848933,17.27410616187085,2.256863088856377,11.74021597029874,42.87477598363268,20.39476232529814,0.21894975692259722,5.0920901272008186,0.148236585919794,False,False
7.2682828183692365,0.08477837882890195,0.3978272394097574,36.511518203975314,0.6449836320287387,10.570994567492944,2.050206658818192,17.060143271282318,1.9980656391989138,13.512378507982465,40.00745745597829,21.910951632338765,0.4640758816305126,4.861510755384266,0.18541685620447262,False,False
7.122282583240236,0.09718896183311251,0.23486768862353663,41.02557881918609,0.524522169432672,10.14963430550243,2.16182151108397,17.060143271282318,1.9980656391989138,13.512378507982465,37.72067206895593,22.848854666262028,3.3918252916237446,3.288241482440969,0.17981907225363664,False,False
7.549023969507712,0.08283735269096691,0.21835158189084652,41.05109336035795,0.507097676829684,10.648196868873029,2.3286955129838165,17.27410616187085,1.9980656391989138,10.37973387620442,45.080084195121415,20.638355318862736,0.6659195014837315,3.288241482440969,0.6754938248169686,True,False
7.282087853934034,0.08695852351554281,0.05161021652453556,48.43654753714878,0.33118553636822595,9.825299590376313,2.0071545296641258,13.943222522117564,0.5307325730925379,12.863181313280318,42.56113018752022,22.830282409033984,1.0781603382690768,5.517796831869328,0.6754938248169686,False,False
7.41828200843841,0.08638275398719161,0.30978175608866865,44.95704671390035,0.6035565106083863,10.750860406195196,1.8611868614298552,17.060143271282318,2.256863088856377,13.512378507982465,40.89241954028716,20.39476232529814,0.21894975692259722,4.861510755384266,0.8029727539866767,False,False
7.231297317064868,0.08514088450906752,0.08091441324690485,41.19687285429118,0.3621014639103255,9.74081372409274,2.3358820381066616,14.787282934568282,2.256863088856377,10.37973387620442,42.9700614489449,22.830282409033984,1.0781603382690768,5.517796831869328,0.17981907225363664,False,False
7.121003768948974,0.09586010807762531,0.16077792215769682,43.30893930301545,0.4463574658112111,9.908724796459696,1.6908389211948573,17.27410616187085,2.256863088856377,12.398768326854487,40.457659232439525,19.717206843981973,2.3765434827693004,5.370616277307692,0.148236585919794,False,False
7.069693176343009,0.09341374519880466,0.09173713614230353,44.36427174994483,0.37351943656497116,9.629764184706893,1.8103602661660252,14.787282934568282,1.052275865863814,13.512378507982465,39.81019705045867,22.830282409033984,2.3765434827693004,5.451220677069852,0.17981907225363664,False,False
7.367863647289353,0.08430446516200392,0.19938303258441165,44.37358239288454,0.4870858573113952,10.346781113751456,2.36352786316578,17.27410616187085,2.1956810747997624,10.243822843394298,41.42359141993117,22.830282409033984,0.4640758816305126,4.8929463845224515,0.6754938248169686,False,False
7.312847601404412,0.08529646653451527,0.14765326611330845,39.600416633308875,0.4250387959461677,9.985570551284875,2.070248988400984,14.331247338112897,4.284284826551515,10.243822843394298,43.07316978060652,21.910951632338765,1.0781603382690768,4.8929463845224515,0.18541685620447262,False,False
7.344387372810629,0.09210070677817818,0.21229309619746614,37.53103696364584,0.46376397963903004,10.217617978615861,2.185448803524454,14.787282934568282,3.5408412466410857,11.643371775955078,42.034573183621326,22.830282409033984,3.4174518144035932,1.5663775635230128,0.17981907225363664,False,False
7.44143541970135,0.08382554909213648,0.15676522870072157,42.9099055395072,0.4421240742141022,10.360977505774473,2.27072645069046,17.27410616187085,0.5307325730925379,10.37973387620442,43.71212040676937,22.830282409033984,1.0781603382690768,3.519370409942785,0.6754938248169686,False,False
7.20079779932373,0.09063073551920413,0.17128064338530044,42.170790937407176,0.4574378367063329,10.039812734932099,1.97096018494726,18.084937722683698,2.1956810747997624,10.243822843394298,40.62177399127029,21.910951632338765,1.7799969285164992,4.8929463845224515,0.2698894224742457,False,False
6.913274173156441,0.10447301354659938,0.0,49.42697563120972,0.24384065962792967,9.149108483266419,1.437497548895773,16.894286158024737,2.256863088856377,10.37973387620442,37.82682574840146,22.830282409033984,4.57168200635841,5.0920901272008186,0.148236585919794,False,True
7.316433945691651,0.08759600867105533,0.35875043820547836,43.48322491075154,0.6552184702416206,10.75321011490486,1.7253647008392468,18.041375233516582,2.1956810747997624,13.512378507982465,38.30709746039249,21.910951632338765,0.4640758816305126,4.8929463845224515,0.6754938248169686,False,False
7.379096288341798,0.08532146097806645,0.10960315748741734,46.72852887824487,0.39236808908406623,10.054478370158487,2.2920994193459854,14.331247338112897,3.9587657997440795,10.37973387620442,42.72909587199318,21.910951632338765,0.5634909797198394,5.451220677069852,0.6754938248169686,False,False
7.553879569601528,0.08488020918065488,0.14657438928799577,40.555893111006625,0.4313727386336764,10.504597171374334,2.2941295892834948,17.016663787579137,0.5307325730925379,10.069213649570486,45.42414173716455,22.830282409033984,2.135720530709453,1.3177514880328864,0.6754938248169686,False,False
7.3592440134589445,0.08615408860092534,0.35590930026458384,42.92855976637718,0.6522210697139769,10.777348671071017,1.629259278703651,17.27410616187085,2.6826832988758165,13.512378507982465,39.160589776781755,21.582852288227095,0.21894975692259722,4.8929463845224515,0.6754938248169686,False,False
7.338074663116472,0.0854231332166382,0.1625793769212975,45.595863584889756,0.4482580005868098,10.20920743152416,2.3342195318316183,16.894286158024737,1.9980656391989138,10.37973387620442,41.464128464036435,22.830282409033984,0.6659195014837315,5.0920901272008186,0.6754938248169686,False,False
7.5886971564171,0.0888745767738732,0.16104745034731133,60.02893880633216,0.4466418180512544,10.715942870109838,1.5869541614475475,17.016663787579137,1.9980656391989138,12.050574529238276,41.63214089146168,20.39476232529814,0.21894975692259722,4.8929463845224515,1.7958966857787988,False,False
7.057126673954746,0.09545023456867607,0.0,48.538989111284714,0.10301060456113353,8.908972672995715,1.7487815757495737,13.943222522117564,0.5307325730925379,10.243822843394298,43.40344808863453,22.830282409033984,3.4174518144035932,5.451220677069852,0.17981907225363664,True,True
6.942122473228855,0.10118940318966113,0.0,50.129490659032335,0.17270326705666306,8.977289841519731,1.8997847330877073,13.943222522117564,0.5307325730925379,12.863181313280318,40.0391188476006,22.830282409033984,4.095846430752033,5.517796831869328,0.17981907225363664,False,True
7.238904229975929,0.09778952389824698,0.0,59.91957167063872,0.23389074168101992,9.678329316766307,1.775349459148221,16.894286158024737,1.052275865863814,10.37973387620442,39.80189954402027,22.830282409033984,2.7274259135673202,5.0920901272008186,1.2220061060846243,False,True
7.432040953484868,0.08614092159883492,0.46569855849072994,39.554805932008136,0.7599270417894823,11.187755761022217,2.0880540894716426,21.04812448860146,3.9587657997440795,10.243822843394298,38.17939511953113,21.910951632338765,0.4640758816305126,3.519370409942785,0.6754938248169686,False,False
7.3433159741182825,0.08337780500771509,0.3770993919615096,35.284300409131305,0.6056390622677725,10.553598429434444,1.904738710975137,17.27410616187085,2.256863088856377,12.050574529238276,42.33804061779274,20.993602354277275,0.4640758816305126,4.474500780414168,0.148236585919794,False,False
7.3055241265972315,0.0824130168536709,0.36459098863644324,35.960442806329375,0.6020715756733389,10.514748379132374,2.308633057924495,17.060143271282318,0.5307325730925379,13.512378507982465,42.05361377485509,21.582852288227095,0.21894975692259722,4.861510755384266,0.17981907225363664,True,False
7.4240904658382005,0.08754682964062534,0.3104316660784533,34.30058629290437,0.5212956332489946,10.495709417205376,2.057495272388591,17.27410616187085,2.256863088856377,10.243822843394298,43.302066911084935,22.830282409033984,2.7274259135673202,1.1856135999385966,0.17981907225363664,False,False
6.942122473228855,0.10118940318966113,0.0,50.129490659032335,0.17270326705666306,8.977289841519731,1.8997847330877073,13.943222522117564,0.5307325730925379,12.863181313280318,40.0391188476006,22.830282409033984,4.095846430752033,5.517796831869328,0.17981907225363664,False,True
7.195650077452926,0.08616909102711912,0.11506089579437821,40.95361463275216,0.3981260029979099,9.836764197071998,2.2646423774891637,16.894286158024737,1.052275865863814,10.243822843394298,42.163111723130726,22.830282409033984,1.1851812512289528,5.451220677069852,0.17981907225363664,True,False
7.181588115520457,0.09080309784593163,0.014154067211727364,42.961937303327076,0.29166929884321324,9.553536927606888,1.322738750388016,13.943222522117564,0.5307325730925379,12.398768326854487,43.100737059124775,22.830282409033984,2.610445387676671,4.405992649846346,0.17981907225363664,False,False
7.150095814004582,0.10084861236238855,0.01875557708622925,51.545168802124,0.29652389176081273,9.709055228917386,2.317814285285545,18.469658183440714,0.5307325730925379,10.37973387620442,39.49888229271655,22.830282409033984,4.095846430752033,3.519370409942785,0.6754938248169686,False,False
7.363308890356847,0.08440133126532824,0.1975364977431003,44.505064187195885,0.48513776305381173,10.335755051648045,2.3674282471620285,17.27410616187085,2.1956810747997624,10.243822843394298,41.37233951341036,22.830282409033984,0.4640758816305126,4.944198291043267,0.6754938248169686,False,False
7.048631988964288,0.0955614577552779,0.07812791733178297,45.463710968764815,0.3591617107198719,9.549440334226547,2.288583738626151,13.943222522117564,2.256863088856377,13.512378507982465,39.098787809118804,22.830282409033984,2.7274259135673202,5.451220677069852,0.17981907225363664,False,False
7.208592785210902,0.08488794064967149,0.3526622029908591,37.341540139310766,0.609154781237902,10.385789970439633,2.3651953333289484,17.27410616187085,2.256863088856377,12.398768326854487,39.2570512685263,22.830282409033984,0.4640758816305126,5.370616277307692,0.148236585919794,True,False
7.127621019451632,0.09135139616791396,0.06629379627199951,42.54421886729912,0.3466767130018004,9.655933369934946,1.8162392532413674,17.27410616187085,0.5307325730925379,10.37973387620442,41.56741852658666,22.830282409033984,2.3765434827693004,4.8929463845224515,0.148236585919794,True,False
7.109836274061409,0.09228769809328755,0.0,46.573294064888614,0.16544782634724509,9.11517203015319,1.7580866846878114,13.943222522117564,1.052275865863814,10.243822843394298,43.505354541900054,22.830282409033984,2.7274259135673202,5.517796831869328,0.17981907225363664,False,True
7.06203552018966,0.09375075148761232,0.02112763748023467,45.55920368883248,0.29902641547648845,9.423791450900474,1.6635637537446213,13.943222522117564,0.5307325730925379,13.512378507982465,40.87532269597382,22.830282409033984,2.610445387676671,5.517796831869328,0.17981907225363664,True,False
6.962994123883358,0.10487941329335276,0.0,49.56497278357978,0.22216386445325503,9.160600042395867,1.7871968865387273,16.894286158024737,2.256863088856377,10.37973387620442,39.685939436318215,20.979625739938548,4.563224987537082,5.0920901272008186,0.148236585919794,False,True
7.141786845190289,0.09417657207903966,0.13001089559825763,44.14738966364227,0.4138982527910027,9.86873527659117,2.0619214468965685,18.084937722683698,2.1956810747997624,10.243822843394298,39.95775965422243,21.910951632338765,2.444011265564355,4.8929463845224515,0.2698894224742457,False,False
6.9746916415921385,0.10439822334136667,0.0,49.746449517099535,0.1911198086629065,9.090728553407667,1.9710918007179958,16.894286158024737,2.256863088856377,9.691654746476305,40.35158493288628,20.993602354277275,4.57168200635841,5.0920901272008186,0.148236585919794,False,True
7.075401365473848,0.09441517169612439,0.20188275136392564,42.668317242309925,0.4897230606237825,9.954656041778819,2.334104437216028,16.24684635121894,1.9980656391989138,13.512378507982465,37.84222054146204,22.830282409033984,2.3765434827693004,5.013843996080715,0.17981907225363664,False,False
7.010249011402188,0.09745887561630746,0.0,47.5919822307471,0.23155739585289747,9.215491339532605,1.2946122110909593,15.387072751638174,0.5307325730925379,11.643371775955078,40.64065332631531,22.830282409033984,3.4174518144035932,5.370616277307692,0.17981907225363664,True,True
7.039753933769965,0.09699121507816327,0.0,48.4057483645123,0.1718107258050593,9.0494717966581,1.7761279077728338,13.943222522117564,2.256863088856377,10.37973387620442,41.47483038526111,22.830282409033984,3.4174518144035932,5.517796831869328,0.17981907225363664,False,True
6.913251116903988,0.1071728769367755,0.0,51.60445446897636,0.258691674447857,9.23535435019869,1.8580093873726493,18.084937722683698,2.1956810747997624,10.37973387620442,37.278766526835426,21.910951632338765,4.787949617462863,5.0920901272008186,0.2698894224742457,False,True
6.913274173156441,0.10447301354659938,0.0,49.42697563120972,0.24384065962792967,9.149108483266419,1.437497548895773,16.894286158024737,2.256863088856377,10.37973387620442,37.82682574840146,22.830282409033984,4.57168200635841,5.0920901272008186,0.148236585919794,False,True
7.37962930511365,0.08174319499037278,0.5302594450054259,32.33218183957803,0.7251820813249958,10.927303764417784,2.1997959659151176,17.27410616187085,1.9980656391989138,13.512378507982465,40.44743306163784,22.830282409033984,0.4640758816305126,3.288241482440969,0.18541685620447262,True,False
7.109417977975701,0.09160342604051752,0.0,46.59333957142364,0.15475551627055117,9.089347821742603,1.9141268624040146,13.943222522117564,0.5307325730925379,10.37973387620442,43.88443056952091,22.830282409033984,2.610445387676671,5.64133359010028,0.17981907225363664,True,True
7.089773715935935,0.09253096534354457,0.04101547828536561,44.49999147728938,0.3200080875259016,9.529820188240135,1.8379605554255476,16.894286158024737,1.052275865863814,10.243822843394298,40.97174949159039,22.830282409033984,2.3765434827693004,5.451220677069852,0.17981907225363664,False,False
7.462523775350463,0.08885977020525138,0.1128903666687251,59.54560806020701,0.39583609477034587,10.384057833154849,2.2651266348206653,17.27410616187085,2.256863088856377,10.243822843394298,39.935789351194494,22.830282409033984,0.4640758816305126,5.370616277307692,1.6244439867117948,False,False
7.707154569829291,0.07868101864751668,0.4664386260091481,34.6753372843267,0.691219768837969,11.3041646129054,2.306709917497328,17.27410616187085,3.9587657997440795,10.37973387620442,44.1190991716029,21.910951632338765,0.3640980453891385,1.3177514880328864,0.6754938248169686,True,False
7.655232913177161,0.08130143962429523,0.49943518896916667,35.2292756322701,0.7339197255504506,11.365242202835493,2.1149202269534144,17.27410616187085,3.9587657997440795,11.769234997453715,42.4366392255167,21.910951632338765,0.6570568702260446,1.3177514880328864,0.6754938248169686,False,False
7.250782916189657,0.08995572723820112,0.0844064828295177,40.6482270837696,0.36578559731998206,9.873877442258935,2.0529886210020405,17.27410616187085,0.5307325730925379,10.37973387620442,43.746258397704324,21.582852288227095,2.3765434827693004,3.9299541478778397,0.17981907225363664,False,False
7.478621647163988,0.08349960124823466,0.4068816954250597,39.245310017416486,0.6934677496724286,11.055566716718223,1.9818333091899472,17.542104468646784,1.9980656391989138,13.512378507982465,40.708666399186,21.910951632338765,0.3640980453891385,3.288241482440969,0.6754938248169686,False,False
7.499953559703738,0.0801639655014252,0.3320420604050064,37.40103961751218,0.5882478571620762,10.705084068015076,2.210569847525896,15.887968707533002,4.1020484600246965,10.37973387620442,42.58482076297845,22.830282409033984,0.21894975692259722,3.5084780051032474,0.4877180221995935,True,False
7.0486507768570155,0.09998299057036912,0.0,47.71424839242418,0.26849859551943933,9.39874776177317,2.15711591010745,17.27410616187085,0.5307325730925379,11.643371775955078,41.93348163268224,19.50324013787274,3.4174518144035932,5.517796831869328,0.17981907225363664,False,True
6.944355835087901,0.11493253938881645,0.0,52.42446121611191,0.2689657969706502,9.261840414013882,1.9188844201391695,17.175559609278896,6.304938248795459,10.37973387620442,38.211405274218755,17.038449108649587,5.6495871697322695,5.0920901272008186,0.148236585919794,False,True
7.8203995699906,0.08995810453349538,0.07720882206057854,68.61042174198946,0.3581920652087513,10.914831120953052,1.7577554654200869,17.27410616187085,1.9980656391989138,10.37973387620442,43.20620213129813,20.638355318862736,0.6659195014837315,3.288241482440969,2.549375888640253,False,False
7.638713023280303,0.12176047220556308,0.0,102.50941939094102,0.0,9.785294170767976,2.3348025056312216,16.894286158024737,1.9980656391989138,10.37973387620442,39.956022065474215,18.011702895237143,5.6495871697322695,3.288241482440969,3.8223607136873303,False,True
7.2138127705911455,0.09179316018360659,0.32484350497923403,38.08731234297082,0.5904265251328161,10.412102705678151,2.129629687092571,17.060143271282318,1.9980656391989138,13.512378507982465,38.748928351087585,22.830282409033984,2.3765434827693004,3.288241482440969,0.18541685620447262,False,False
7.362094705823749,0.09717403021004895,0.0,68.84926446375394,0.10552467711212854,9.551848911084987,1.4713161269406316,14.787282934568282,1.052275865863814,10.37973387620442,41.326764068711555,22.830282409033984,2.3765434827693004,5.451220677069852,1.7958966857787988,False,True
7.119553196793347,0.09525132218331638,0.18028861808710966,44.20387988690134,0.4669412500167416,9.950870635407238,2.143019514276528,14.474995856320696,2.1956810747997624,15.027094921438142,38.750156194714,21.910951632338765,2.478284513391932,4.8929463845224515,0.2698894224742457,False,False
7.257371150264045,0.08985302363994359,0.15063551394938876,39.8768155609544,0.4321212379849227,10.037648072840442,1.7332752436330112,16.894286158024737,1.9980656391989138,10.37973387620442,41.774543119944056,22.830282409033984,2.3765434827693004,3.5344434337062793,0.21210188111831557,False,False
6.799450551884766,0.11070004050805991,0.0,53.93788360134356,0.14983418416883293,8.795555682863903,2.124920533583239,16.894286158024737,1.9980656391989138,10.37973387620442,36.69201161429352,22.830282409033984,5.6495871697322695,5.370616277307692,0.18541685620447262,True,True
7.317708639875663,0.09291901113363277,0.09370317068126344,47.13595223829988,0.37559360300357386,10.052791894039869,1.498028070543057,16.894286158024737,1.9980656391989138,10.243822843394298,41.342381729522806,22.830282409033984,2.7274259135673202,3.288241482440969,0.6754938248169686,False,False
7.0842413039748395,0.0982327848418262,0.24045531434958117,43.01117486075205,0.530417114573649,10.131030564494147,1.9833461773536134,16.894286158024737,0.5307325730925379,16.265136422895775,38.83717412153041,19.70391498325131,2.7274259135673202,4.861510755384266,0.17981907225363664,False,False
7.178247766467756,0.0879738599576656,0.32979305714208723,38.615123722215216,0.6031648138033723,10.357167800143303,2.28229706663471,16.894286158024737,1.9980656391989138,13.512378507982465,38.49316387915647,22.830282409033984,1.0781603382690768,5.013843996080715,0.17981907225363664,False,False
7.324958226183774,0.09120372383255981,0.3716969379156117,35.582606581314735,0.6041876227856171,10.651136330855927,1.9416376797295305,19.597410867392515,0.5307325730925379,12.398768326854487,41.582015588258066,20.993602354277275,2.610445387676671,2.107205830194814,0.17981907225363664,False,False
7.498917536125783,0.08135984954699436,0.2299724326201415,40.99155198355342,0.5193576743490902,10.593202818882334,2.2674330650945125,16.679567467147596,2.1956810747997624,10.37973387620442,43.25579505642397,22.830282409033984,0.4640758816305126,3.519370409942785,0.6754938248169686,True,False
7.65949633827238,0.08642850709121301,0.01997858626684156,60.82285309215105,0.2978141664463587,10.38649468906937,1.8845152936153224,17.016663787579137,2.8032877419255335,8.026839686169284,44.85065363180406,20.39476232529814,0.21894975692259722,4.8929463845224515,1.7958966857787988,False,False
7.398467411684306,0.08471965219513443,0.1311117387328301,44.57926347153801,0.4150596422979767,10.200108143417467,2.1286920623573087,13.943222522117564,0.5307325730925379,13.512378507982465,43.35757383323184,22.830282409033984,1.0781603382690768,4.072155991455568,0.6754938248169686,False,False
6.843144216453492,0.11025665776678975,0.0,52.75759562505183,0.15233188033411932,8.854812103633247,1.8732714864509266,16.894286158024737,1.9980656391989138,10.37973387620442,37.92704881138028,21.910951632338765,5.6495871697322695,5.0920901272008186,0.148236585919794,False,True
7.308215935405175,0.08499847786901996,0.12709524596571706,46.64305918794857,0.4108222424286724,10.06245145213692,2.365770451288268,14.331247338112897,0.5307325730925379,13.512378507982465,42.038577535371985,22.830282409033984,0.5634909797198394,5.517796831869328,0.6754938248169686,False,False
7.2684447955007965,0.08752142470294444,0.2853790834191419,45.39323924974789,0.5778116909420357,10.470710356432553,2.290158606378944,17.27410616187085,2.1956810747997624,12.863181313280318,38.36495528278668,22.644709628945577,0.4640758816305126,5.517796831869328,0.6754938248169686,False,False
7.356818654427732,0.08292983557631677,0.5900469372986579,32.21383509562987,0.7865725210847596,11.079392826260738,1.851892470123427,18.54213162397043,2.1956810747997624,13.512378507982465,38.96264650507118,22.830282409033984,0.4640758816305126,3.288241482440969,0.20456251507069473,False,False
7.116341406008788,0.10123645383703053,0.13275365644398945,45.384336324944606,0.41679186548324976,9.872290159768173,1.2175868033893402,17.27410616187085,1.9980656391989138,13.512378507982465,41.01124767854567,17.808745730465446,3.3170930412097306,4.8929463845224515,0.18541685620447262,False,False
7.183184908059324,0.0905683662541445,0.003083245851308491,43.010770791935975,0.27998958230797133,9.528224518908663,1.4738364481563244,13.943222522117564,0.22187521547788502,12.398768326854487,43.409594416739424,22.830282409033984,2.610445387676671,4.405992649846346,0.17981907225363664,False,False
7.335280615953965,0.08477907447280071,0.1940423394267357,37.29463038755188,0.4411427879101274,10.124198098844841,2.2437120051011448,13.943222522117564,0.5307325730925379,13.512378507982465,43.949983388719446,22.830282409033984,1.694338632452795,3.359242894347574,0.17981907225363664,False,False
7.429599752169879,0.08297241638972698,0.5508998419752402,32.328169211610856,0.7469005566788102,11.005647986464977,2.306557878661182,18.084937722683698,5.778032755922332,10.243822843394298,40.04452082538496,21.910951632338765,0.4640758816305126,3.288241482440969,0.18541685620447262,False,False
6.986875672541423,0.10316739825033323,0.1657003957398141,46.00928265033277,0.4515506754403448,9.779163939762284,1.9168416302146503,17.27410616187085,3.1292282898637205,13.153124124830908,36.82829668981709,20.717213800897973,3.6577042195988416,5.0920901272008186,0.148236585919794,False,False
7.538370893625199,0.08697937526695716,0.055681807503619625,61.64704806359785,0.33548106485115964,10.32684249448793,1.9563895683002026,15.887968707533002,1.9980656391989138,10.37973387620442,41.55874249283954,22.830282409033984,0.21894975692259722,5.330360432488742,1.7958966857787988,False,False
7.508600642514043,0.08414031768110204,0.36848771550676257,39.73304286062919,0.6599078574165622,11.00806669283771,1.8492103243541342,17.27410616187085,1.9980656391989138,13.512378507982465,42.14928318319659,20.638355318862736,0.4640758816305126,3.288241482440969,0.6754938248169686,False,False
7.2569092887919275,0.09101532678934224,0.2218191546192803,46.08814238121375,0.5107559660581816,10.337234938652106,2.0889486858608897,17.27410616187085,0.5307325730925379,13.512378507982465,39.1598182818058,22.830282409033984,1.694338632452795,4.3228496089445905,0.6754938248169686,False,False
7.785655458204743,0.09171177435605898,0.20936446072047116,70.81786126164332,0.497616263994938,11.280419049692783,1.716465942084229,17.060143271282318,1.9980656391989138,13.512378507982465,38.97365450444267,21.910951632338765,0.4640758816305126,3.288241482440969,2.79248908068339,False,False
7.663659336543476,0.08581653829314077,0.0,60.95016689385166,0.26736397422690616,10.320502701329547,2.153373350005851,17.016663787579137,1.9980656391989138,8.026839686169284,45.655875734530674,20.39476232529814,0.21894975692259722,4.8929463845224515,1.7958966857787988,True,True
7.1499532833570925,0.09139947449409305,0.10746489159522926,42.905694244788414,0.39011221856780776,9.797221057241357,1.998578000459544,16.894286158024737,0.5307325730925379,12.050574529238276,42.001947588021096,20.993602354277275,1.8978170480225915,5.451220677069852,0.17981907225363664,False,False
7.676167435532407,0.08317939540216307,0.6333930791071817,33.969176895913094,0.8573003546141656,11.742271889938534,2.1477388795806065,20.52370505618421,5.343197741112301,10.37973387620442,41.1991547373825,20.096887394636198,0.4640758816305126,1.3177514880328864,0.6754938248169686,False,False
7.334004399478334,0.08576005493453807,0.2547865294573729,36.88048287588325,0.4993300734708199,10.259728264535326,2.1226584362127054,13.943222522117564,1.9980656391989138,13.512378507982465,42.553651734519676,22.830282409033984,1.694338632452795,3.288241482440969,0.17981907225363664,False,False
7.2514399960023574,0.0879695348125765,0.31490918740659646,45.22824465818772,0.6089659506488002,10.533577621211741,2.3694085763975514,17.27410616187085,2.1956810747997624,13.512378507982465,37.530185307996135,22.830282409033984,0.4640758816305126,5.517796831869328,0.6754938248169686,False,False
7.313029238992632,0.09239656909680527,0.2615170755534359,38.44214275970181,0.5286702479605159,10.404920761797081,1.4226762629748593,17.542104468646784,1.052275865863814,13.512378507982465,43.13045623417435,18.912583101917843,2.3765434827693004,3.288241482440969,0.18541685620447262,False,False
7.430030394856744,0.08600198682007605,0.41751596804191066,35.963682078976134,0.6579535591166343,10.781715201010574,2.2653882346023937,16.894286158024737,4.7443137694613675,12.646644150597396,43.66940181492097,16.785074522435032,0.21894975692259722,4.861510755384266,0.17981907225363664,False,False
7.476909801955696,0.08801260690475515,0.1242132349778491,54.417316723256135,0.4077817208364717,10.39605346197411,1.479843140294955,17.27410616187085,1.9980656391989138,10.37973387620442,41.922256755853155,21.582852288227095,0.6659195014837315,4.861510755384266,1.3155550217775749,False,False
7.2016467407340565,0.086771012012136,0.0,43.49806076041032,0.23318761426797563,9.381337888985657,2.331216584796204,13.943222522117564,1.052275865863814,10.243822843394298,44.53844182301458,22.830282409033984,1.694338632452795,5.517796831869328,0.17981907225363664,True,True
7.331426680001056,0.08938639415653656,0.2569863542672631,39.125543640741924,0.5336225832881012,10.386298980871668,2.0151752211310274,16.894286158024737,1.9980656391989138,13.512378507982465,44.28223846469311,17.04120782349735,1.0781603382690768,5.013843996080715,0.17981907225363664,False,False
7.473104077213216,0.08121742996672196,0.39492557547921125,36.998020134881315,0.6488506038360581,10.850657558002995,2.124648966987285,17.27410616187085,4.1020484600246965,10.37973387620442,41.19868330864061,22.830282409033984,0.21894975692259722,3.5084780051032474,0.4877180221995935,False,False
7.390126296775919,0.09604455890828287,0.19863891633799183,44.39849299087047,0.4863008146714223,10.450969766540844,2.12564006565549,17.27410616187085,3.9587657997440795,10.37973387620442,39.90616222069798,22.830282409033984,3.6577042195988416,1.3177514880328864,0.6754938248169686,False,False
7.2250814266142696,0.08562092177726269,0.1909329349660825,39.06858482638715,0.4631250809228355,10.027973890410287,2.3580579131221584,16.894286158024737,1.9980656391989138,10.37973387620442,41.579144866148255,22.830282409033984,1.0781603382690768,5.0920901272008186,0.148236585919794,False,False
7.437403230176767,0.09204064795334818,0.28046185827100995,50.99142305549637,0.5726240184107564,10.735041946046021,1.711206593321643,18.084937722683698,4.284284826551515,12.271737868660834,40.77257901897429,17.502915365528583,0.4640758816305126,5.574826818669584,1.0446424973009774,False,False
7.089773715935935,0.09253096534354457,0.04101547828536561,44.49999147728938,0.3200080875259016,9.529820188240135,1.8379605554255476,16.894286158024737,1.052275865863814,10.243822843394298,40.97174949159039,22.830282409033984,2.3765434827693004,5.451220677069852,0.17981907225363664,False,False
7.503952143112047,0.08215891502005572,0.7095575224077069,28.715294624519466,0.862833809671829,11.459063802466568,1.9460043381171734,19.597410867392515,4.058932094106565,12.050574529238276,40.54837937090641,20.993602354277275,0.4640758816305126,2.107205830194814,0.17981907225363664,False,False
7.342135392537453,0.08457415243350071,0.42691156186205625,35.878227858832375,0.666648965258417,10.684481267516949,1.5776548883992998,17.016663787579137,4.420000627387213,12.050574529238276,40.82628351679855,20.39476232529814,0.21894975692259722,4.8929463845224515,0.17981907225363664,False,False
7.587862836650276,0.08060262985820534,0.7557021279533958,26.907996674276646,0.8857788120615839,11.592248150178108,1.9387783333695738,17.27410616187085,4.835937485141502,13.512378507982465,41.422329048810866,20.993602354277275,0.4640758816305126,1.3177514880328864,0.17981907225363664,False,False
7.559545975656138,0.08652904438996298,0.06426635489378073,61.03578870961374,0.34453776234777955,10.378102698485153,1.9224994304200593,15.887968707533002,1.9980656391989138,10.37973387620442,41.79701279812747,22.830282409033984,0.21894975692259722,5.0920901272008186,1.7958966857787988,False,False
6.97914921985286,0.10374282962497045,0.0,49.170884717009216,0.2141649747077543,9.13398714802397,2.0806410524617247,13.943222522117564,2.256863088856377,12.398768326854487,39.197102313574746,22.830282409033984,4.787949617462863,4.405992649846346,0.17981907225363664,False,True
7.457309806070518,0.08570387289515177,0.4796061683998731,39.01352565305365,0.7668912497982272,11.22902489419995,1.9540625268445886,20.58641149384612,4.284284826551515,10.37973387620442,38.41080698217073,21.910951632338765,0.4640758816305126,3.288241482440969,0.6754938248169686,False,False
7.360412208484933,0.08383256170182289,0.30182153492941793,37.15740295634173,0.5528955965026536,10.46813950786964,1.9380790811904756,18.084937722683698,2.1956810747997624,10.243822843394298,42.417817753633294,21.910951632338765,0.7934313903961695,4.083468160279771,0.2698894224742457,False,False
7.593055272804446,0.08657587405867229,0.28949495477275095,43.50416586162823,0.5821539352200932,10.925395843904615,1.887304004995364,18.084937722683698,4.284284826551515,10.243822843394298,43.71173159935649,18.798783202988105,0.7317744377706412,3.288241482440969,0.8564238848142918,False,False
7.168709698303909,0.10485321972037367,0.0,68.18511629993185,0.14311633764145693,9.433505879978101,2.2283119637833324,17.27410616187085,1.052275865863814,10.243822843394298,38.08533643756983,22.697851635412395,3.6577042195988416,5.451220677069852,1.5376821592201197,False,True
7.096954902927471,0.09872846907244996,0.22737622068838925,41.80048940222123,0.5166186707610916,10.107808147473557,2.1521061636543215,17.27410616187085,1.9980656391989138,13.512378507982465,37.266670124919266,22.830282409033984,3.644838818349089,3.288241482440969,0.18541685620447262,False,False
6.835239678477791,0.10738165507791109,0.0,52.29211009835361,0.14601526247229257,8.821369055846281,2.1718602828937796,16.894286158024737,1.052275865863814,10.37973387620442,38.083261619739666,22.830282409033984,5.160702808143724,5.451220677069852,0.148236585919794,True,True
7.154470501942155,0.0902979317026172,0.00885043449571324,42.947238349929975,0.2860739663278184,9.510359879947027,1.4968444341932305,15.887968707533002,0.5307325730925379,10.37973387620442,42.953555980924506,22.830282409033984,2.3765434827693004,4.8929463845224515,0.148236585919794,False,False
7.604718062013714,0.08099609673354129,0.26861519344455986,39.790938585418196,0.5553668340949325,10.7902131444609,2.1881038640000954,15.887968707533002,4.1020484600246965,10.37973387620442,44.80920857319461,20.638355318862736,0.21894975692259722,3.288241482440969,0.6754938248169686,False,False
7.146913023193346,0.10358085605678,0.1959211077148008,42.58976203987196,0.48343352657395583,10.1454362294637,2.3726901599575445,17.27410616187085,1.9980656391989138,13.512378507982465,37.606691799886,22.830282409033984,5.1908345715206545,1.3177514880328864,0.2698894224742457,False,False
6.94629517751823,0.10349591597007925,0.0,48.96335755916846,0.2548130954375585,9.227915541260339,1.3864808492847662,17.060143271282318,1.9980656391989138,10.37973387620442,38.229377456462245,22.830282409033984,4.461067520180218,4.861510755384266,0.17981907225363664,False,True
7.413903800438237,0.0873092494979993,0.30269628977147767,42.0138073885211,0.5960813436437499,10.778420585935837,2.138119094757819,19.597410867392515,0.5307325730925379,12.050574529238276,41.55465510297056,20.993602354277275,1.0781603382690768,3.519370409942785,0.6754938248169686,False,False
7.665196249298617,0.09112446776779473,0.3597944185191987,60.1109641756062,0.6563198694725956,11.415928719906205,2.313020216979824,18.084937722683698,4.284284826551515,12.892687474732782,36.97515078537194,21.910951632338765,0.4640758816305126,3.288241482440969,2.099670194249824,False,False
6.900030871238082,0.10501778056647877,0.0,50.64637581727989,0.19214816408329127,9.025693085518089,1.9818271669143483,17.27410616187085,1.052275865863814,10.243822843394298,38.53965390291973,22.830282409033984,4.787949617462863,5.0920901272008186,0.17981907225363664,False,True
7.215914639774069,0.10249004124264526,0.1711484192853694,39.58598870419503,0.44962071579044327,10.125397413278133,2.27004676774023,16.894286158024737,2.256863088856377,12.398768326854487,39.63647452531118,22.830282409033984,5.6495871697322695,0.1855017362671728,0.148236585919794,False,False
6.990316859046438,0.09806016580633407,0.0,47.96145283637913,0.24611080495985094,9.215873337320215,1.8372718780564237,13.943222522117564,0.5307325730925379,13.512378507982465,40.0683162692469,22.830282409033984,3.4174518144035932,5.517796831869328,0.17981907225363664,False,True
7.3493756102647385,0.08462627549253254,0.3474750387441723,37.872099539973696,0.6112379684053799,10.573803657022799,1.724167014282149,18.084937722683698,4.1020484600246965,10.37973387620442,41.480868812301985,20.35864772443955,0.21894975692259722,5.104924224948809,0.2698894224742457,False,False
7.196507463142275,0.08620298742582923,0.4178505490176759,37.585432104909835,0.6814017283447082,10.542462284752668,2.370974012038731,17.016663787579137,3.9587657997440795,12.863181313280318,37.26939274085038,22.830282409033984,0.3640980453891385,5.517796831869328,0.17981907225363664,False,False
7.176216191072082,0.0958945486871188,0.1119237673284687,43.99501898141078,0.3948163324663754,9.808269214875141,1.612318094036439,14.787282934568282,3.0039787877143604,13.512378507982465,42.47008774517278,18.25027127880317,2.3765434827693004,5.451220677069852,0.148236585919794,False,False
7.577035910369968,0.08987129191133465,0.2360425327574107,55.90059754886867,0.5257616299939092,10.892790089206096,2.111688429500701,18.084937722683698,3.730608879421377,10.243822843394298,39.12367580491718,22.830282409033984,1.0441210246322485,3.288241482440969,1.654309833476256,False,False
7.090343150545212,0.09188831199936473,0.01062681422830131,44.547084950627436,0.28794804694569875,9.415759271420532,1.5067252002808167,13.943222522117564,0.5307325730925379,12.863181313280318,41.79000428191717,22.830282409033984,2.3765434827693004,5.517796831869328,0.148236585919794,True,False
7.195650077452926,0.08616909102711912,0.11506089579437821,40.95361463275216,0.3981260029979099,9.836764197071998,2.2646423774891637,16.894286158024737,1.052275865863814,10.243822843394298,42.163111723130726,22.830282409033984,1.1851812512289528,5.451220677069852,0.17981907225363664,True,False
7.054130339659506,0.10648600275586016,0.0,58.501466734153304,0.07188190032799008,8.97503594572531,2.1025032178951117,15.887968707533002,1.052275865863814,10.37973387620442,41.486132662055375,20.638355318862736,4.787949617462863,5.0920901272008186,0.6754938248169686,False,True
7.223518339413439,0.08471939588264069,0.030778034820409084,41.74446774742367,0.30920758467037246,9.607318050583464,2.3237325276996765,13.943222522117564,0.5307325730925379,11.643371775955078,44.169593564448924,22.830282409033984,1.1851812512289528,5.517796831869328,0.17981907225363664,True,False
7.249097065350818,0.09138173111324517,0.2912654061059868,39.81011233627333,0.5795358599964171,10.447292198538603,1.8598982305993985,20.927961897525122,1.9980656391989138,10.939908220835699,42.03982588671246,17.31846211333577,1.0781603382690768,5.517796831869328,0.17981907225363664,False,False
7.557021650904509,0.08165649214146586,0.3336705999435906,39.36685297299649,0.6179609254918262,10.908563245989043,1.6181217076838634,17.060143271282318,4.1020484600246965,10.37973387620442,42.692537040080936,21.582852288227095,0.21894975692259722,3.288241482440969,0.6754938248169686,False,False
7.668806044314502,0.08651576727025734,0.25697187156319723,56.93924130280936,0.547842082434014,11.058801196013967,2.104776324086712,17.27410616187085,4.284284826551515,10.37973387620442,39.6585949250151,22.830282409033984,0.21894975692259722,3.5084780051032474,1.8455700392982823,False,False
7.714673251160574,0.07838207005811929,0.4485996307621205,34.781305286090344,0.6739087089838733,11.263770852527395,2.3629848071628166,17.016663787579137,3.9587657997440795,10.243822843394298,44.512452578704725,21.910951632338765,0.3640980453891385,1.3177514880328864,0.6754938248169686,True,False
7.220208895945287,0.08577899749078968,0.14648362603178494,39.92186737476895,0.42838257478372377,9.953914692639774,2.3054110936262147,17.27410616187085,1.052275865863814,10.243822843394298,42.14242226915364,22.830282409033984,1.1851812512289528,5.0920901272008186,0.17981907225363664,False,False
7.64953943596458,0.11716025263208546,0.0,98.80494417257037,0.008742801828210578,10.053022085025075,2.1253011138085474,15.887968707533002,4.1020484600246965,10.37973387620442,37.29723838452108,20.49433716941844,4.787949617462863,3.288241482440969,3.762482302394532,False,True
7.374123446140179,0.08701027736285553,0.2911817742884341,42.41452667401966,0.5839335298091389,10.669761469093597,2.2468346016535756,18.304263547014546,1.052275865863814,12.26650240291223,40.16663028918672,22.830282409033984,1.1851812512289528,3.519370409942785,0.6754938248169686,False,False
6.886697357083089,0.10591654579282021,0.0,49.960315633163745,0.24626589349081207,9.133278096387482,1.629159315234103,17.27410616187085,2.256863088856377,10.37973387620442,37.230738133450885,22.830282409033984,4.787949617462863,5.0920901272008186,0.148236585919794,False,True
7.467619248974218,0.08275669438253498,0.5127197605171809,31.10110924472729,0.6891461276503131,11.011696702087876,2.0059715837442584,19.597410867392515,0.5307325730925379,12.050574529238276,43.46249443528186,20.993602354277275,1.0781603382690768,2.107205830194814,0.17981907225363664,False,False
7.2617651151306335,0.08545610403110074,0.32091438219838486,37.96796540344055,0.5845816923002398,10.399526186111451,2.000986028473673,17.27410616187085,2.256863088856377,12.398768326854487,41.06214883694917,20.993602354277275,0.4640758816305126,5.370616277307692,0.17981907225363664,False,False
7.078248606807911,0.09238170186733835,0.038043909513619155,44.39845222172664,0.3168730824717091,9.479560356297412,1.6900692715554404,13.943222522117564,0.5307325730925379,13.512378507982465,41.14080708721503,22.830282409033984,2.3765434827693004,5.517796831869328,0.148236585919794,False,False
7.3664595095849075,0.08202797496091621,0.5595058959919824,31.82791382765405,0.7488558548089878,10.976020518328324,2.0546464635876562,17.771125032445347,1.9980656391989138,13.512378507982465,39.9748758676668,22.830282409033984,0.4640758816305126,3.288241482440969,0.16095517960100733,True,False
6.942933144300614,0.10121067476867429,0.0,50.21181770035945,0.17225844640385196,8.978086348923185,1.898950427505209,13.943222522117564,0.5307325730925379,12.863181313280318,40.033521063649765,22.830282409033984,4.095846430752033,5.517796831869328,0.18541685620447262,False,True
8.108383600404744,0.09109059221107034,0.3719735647514699,71.77364862628383,0.6691688687476417,12.264741563754596,2.269741678638012,17.27410616187085,2.1956810747997624,15.965691174197103,39.631555177562234,20.638355318862736,0.4640758816305126,0.4391684258562275,3.39136678522057,False,False
7.407041367662869,0.08507514224492149,0.43988600852807036,39.80529677861729,0.7362620176578232,11.080948338507156,1.8176826529165129,17.76417818804554,2.1956810747997624,14.183666178894793,38.36725203283565,22.830282409033984,0.4640758816305126,3.519370409942785,0.6754938248169686,False,False
7.5221929346356875,0.07947748338408504,0.5755611066794576,29.27313884247816,0.7294117969877928,11.169910165543296,2.2402530010180937,19.597410867392515,0.5307325730925379,12.050574529238276,44.07657889192043,20.993602354277275,0.4640758816305126,2.107205830194814,0.17981907225363664,False,False
6.954789349023682,0.10022109880263075,0.07921259781714013,47.221789059232144,0.3603060486319237,9.492378351603072,2.144845401359214,17.060143271282318,1.9980656391989138,11.771457582575355,37.22498337938288,22.830282409033984,3.4174518144035932,5.517796831869328,0.17981907225363664,True,False
7.480870815694507,0.08223874794685437,0.47347047824094707,32.709457069210906,0.6706424616843851,10.891509778506208,1.8498013895312084,18.084937722683698,4.284284826551515,10.243822843394298,43.18408835905584,20.2651320280387,0.4640758816305126,3.288241482440969,0.18541685620447262,False,False
7.470203740821525,0.08677984826128268,0.36633249778539667,33.31132610441374,0.5661830514054358,10.604905317209873,2.355212045270382,13.943222522117564,3.9587657997440795,12.863181313280318,43.48134717579729,21.910951632338765,2.3765434827693004,1.3177514880328864,0.148236585919794,False,False
6.92418550995496,0.10339418705702544,0.0,52.67582290381398,0.03639430616089823,8.597653120847843,2.0701876470141816,13.943222522117564,1.052275865863814,10.37973387620442,41.30891980519439,22.830282409033984,4.787949617462863,5.517796831869328,0.17981907225363664,False,True
7.178247766467756,0.0879738599576656,0.32979305714208723,38.615123722215216,0.6031648138033723,10.357167800143303,2.28229706663471,16.894286158024737,1.9980656391989138,13.512378507982465,38.49316387915647,22.830282409033984,1.0781603382690768,5.013843996080715,0.17981907225363664,False,False
6.987142265591265,0.09988103536822635,0.041364554658013745,46.595867775481274,0.32037636309904544,9.424475890139599,1.571400467667808,17.27410616187085,2.256863088856377,10.37973387620442,38.36098353131491,22.830282409033984,3.6577042195988416,5.0920901272008186,0.148236585919794,False,False
7.069693176343009,0.09341374519880466,0.09173713614230353,44.36427174994483,0.37351943656497116,9.629764184706893,1.8103602661660252,14.787282934568282,1.052275865863814,13.512378507982465,39.81019705045867,22.830282409033984,2.3765434827693004,5.451220677069852,0.17981907225363664,False,False
6.862198316394191,0.10582236623830225,0.0,51.73848507096104,0.1759669750685433,8.934108813202142,2.1673100313807883,17.27410616187085,1.052275865863814,10.243822843394298,38.113947198251225,22.830282409033984,4.787949617462863,5.517796831869328,0.17981907225363664,False,True
7.451846182623816,0.0827333476381384,0.40480819770130516,39.403043551986066,0.6935264776843493,11.010467450409932,2.0736393573196104,17.27410616187085,1.9980656391989138,13.512378507982465,39.971353290231434,22.830282409033984,0.21894975692259722,3.519370409942785,0.6754938248169686,False,False
6.835239678477791,0.10738165507791109,0.0,52.29211009835361,0.14601526247229257,8.821369055846281,2.1718602828937796,16.894286158024737,1.052275865863814,10.37973387620442,38.083261619739666,22.830282409033984,5.160702808143724,5.451220677069852,0.148236585919794,True,True
7.171059879359273,0.10887959115597867,0.0,67.08947874796975,0.16485770606903394,9.491099836726693,2.077907236718518,16.48577422922992,1.052275865863814,12.863181313280318,39.68066548064798,18.993548107382935,4.095846430752033,5.451220677069852,1.3774878957731518,False,True
7.368024435658043,0.08361843515677525,0.5776687308193023,32.642674427453066,0.7796205729698736,11.010329195675691,2.336071652181021,17.27410616187085,5.380498660623658,12.050574529238276,38.3012728754063,22.830282409033984,0.4640758816305126,3.519370409942785,0.17981907225363664,False,False
7.245926918192742,0.08447934895575339,0.07579182177257945,40.349891042971834,0.3566971299049122,9.78635203096002,2.2884851751809747,16.085585592752256,0.5307325730925379,10.243822843394298,43.85248613104351,22.830282409033984,1.1851812512289528,5.0920901272008186,0.17981907225363664,True,False
7.496552530808455,0.08235348908391404,0.24093138465033376,40.87624901104069,0.530919368740943,10.638217982559196,1.9827499010803669,17.27410616187085,1.9980656391989138,10.37973387620442,43.09703662523265,22.62140288875151,0.6659195014837315,3.288241482440969,0.6754938248169686,True,False
7.707154569829291,0.07868101864751668,0.4664386260091481,34.6753372843267,0.691219768837969,11.3041646129054,2.306709917497328,17.27410616187085,3.9587657997440795,10.37973387620442,44.1190991716029,21.910951632338765,0.3640980453891385,1.3177514880328864,0.6754938248169686,True,False
6.935922564166236,0.10960954929523398,0.0,60.1275800247204,0.09307383343235764,8.90101852927293,2.111074831150686,16.894286158024737,1.052275865863814,10.37973387620442,38.475335157537714,21.910951632338765,5.160702808143724,5.451220677069852,0.6754938248169686,False,True
6.970697424679099,0.10032789242978055,0.0,47.54575285872782,0.25809550987916074,9.260024379861303,2.0511733696410226,17.27410616187085,1.052275865863814,10.37973387620442,39.31045027658678,22.830282409033984,3.9128246973195417,5.0920901272008186,0.148236585919794,True,True
7.191489753312899,0.08983800885578505,0.31222267372756113,39.09294509371349,0.5914326675426111,10.360887399396649,1.9695554735626082,17.27410616187085,1.9980656391989138,13.512378507982465,39.221155444559805,21.582852288227095,1.3701121305229709,4.861510755384266,0.17981907225363664,False,False
7.628121459462537,0.0874515399639735,0.07981581064239252,60.48152551242925,0.360942438162565,10.526420826459276,1.135996926709996,17.016663787579137,2.335448776965734,9.840774536340241,43.5045577465929,20.39476232529814,0.21894975692259722,4.8929463845224515,1.7958966857787988,False,False
6.9799550280727445,0.10038481751783764,0.0,49.037381405351184,0.18888445607141113,9.068874113835678,1.6869903557956205,13.943222522117564,0.5307325730925379,12.863181313280318,40.464825552269104,22.830282409033984,4.095846430752033,5.0920901272008186,0.17981907225363664,False,True
7.5358423017868175,0.09391586125953674,0.0,62.09924860513473,0.2749010804502279,10.261851602786242,1.575737677425464,17.016663787579137,0.5307325730925379,10.37973387620442,42.02957491920969,22.830282409033984,2.3765434827693004,3.040572266332126,1.7958966857787988,False,True
7.735376653038146,0.09189104962366228,0.262441343287753,69.21436527295535,0.5536123751034203,11.362370620129731,2.172215296972442,18.74680291608822,2.3734266038837877,12.398768326854487,37.18938697002644,22.830282409033984,0.4640758816305126,3.288241482440969,2.7090154100415984,False,False
7.090343150545212,0.09188831199936473,0.01062681422830131,44.547084950627436,0.28794804694569875,9.415759271420532,1.5067252002808167,13.943222522117564,0.5307325730925379,12.863181313280318,41.79000428191717,22.830282409033984,2.3765434827693004,5.517796831869328,0.148236585919794,True,False
7.088386717289722,0.09448139422440628,0.0432891902950897,46.230593369135,0.32240685369616057,9.579078754056225,2.3121380360015507,18.084937722683698,0.5307325730925379,10.243822843394298,40.92497088064672,21.910951632338765,2.516898093500408,5.517796831869328,0.2698894224742457,False,False
7.4441561386084905,0.09810899917702201,0.0,65.58140527275376,0.19249122140692715,9.88023321062404,1.110394636357078,15.887968707533002,2.1956810747997624,10.37973387620442,42.59434979574628,19.984701940211654,2.3765434827693004,4.8929463845224515,1.688074738213133,False,True
7.78726984073022,0.09758133352188718,0.0,85.29987681525222,0.18285757025221222,10.597212012530612,2.3460929044199132,17.27410616187085,0.5307325730925379,10.37973387620442,40.34736636375246,22.830282409033984,1.694338632452795,3.5084780051032474,3.4349619784897025,False,True
7.040766480528893,0.10202475365571437,0.0,46.58377254178973,0.25234154791467955,9.36638296012543,1.9582146794016522,17.27410616187085,1.052275865863814,10.243822843394298,40.1232660250173,22.830282409033984,4.787949617462863,3.5084780051032474,0.17981907225363664,False,True
7.144157173753923,0.09222993750579145,0.08088754889302249,42.967456270078735,0.3620731220169796,9.737647299904154,2.1548021980179857,18.084937722683698,0.5307325730925379,10.243822843394298,41.774648504994474,21.910951632338765,2.3765434827693004,4.8929463845224515,0.18541685620447262,False,False
7.107814889382834,0.09914990854923035,0.0,47.53530613197306,0.09405770747064823,8.992908928124853,2.349477991511031,13.943222522117564,0.5307325730925379,10.37973387620442,43.86639198965294,22.830282409033984,4.787949617462863,3.481867940182056,0.17981907225363664,False,True
7.148386694264822,0.08930825923604463,0.08642329247675085,42.563431751191594,0.3679133314978131,9.715461425756573,1.9328151276273413,16.894286158024737,1.052275865863814,10.37973387620442,41.50914615247517,22.830282409033984,1.778242404885714,5.370616277307692,0.18541685620447262,False,False
7.344529377591607,0.09148822114397898,0.1346128666195482,45.968333614979855,0.4187533322184643,10.197490747366553,1.3036548693384296,17.27410616187085,1.9980656391989138,10.37973387620442,41.386412643947075,22.62140288875151,2.3765434827693004,3.288241482440969,0.6754938248169686,False,False
7.175947941549197,0.0950261805782921,0.10982886688082316,41.30300686214066,0.3926062124941094,9.855102586220912,1.7622650761504677,17.27410616187085,1.9980656391989138,10.37973387620442,40.8759288824468,22.62140288875151,3.414284483166744,3.288241482440969,0.148236585919794,False,False
7.4272547431786835,0.08448676798262525,0.2364875295676779,43.74046668705316,0.5262311016287411,10.510192486639694,1.9348649152169755,17.27410616187085,3.440760403584802,10.243822843394298,42.20906636408995,20.993602354277275,0.21894975692259722,4.944198291043267,0.6754938248169686,False,False
7.432766004216444,0.08196396876537992,0.3241234251464929,38.160084221541844,0.5907031782399502,10.685667751838897,2.1370836964935767,18.084937722683698,2.1956810747997624,10.37973387620442,41.906144585450136,22.830282409033984,0.4640758816305126,3.6514264279978907,0.4877180221995935,True,False
7.5827857583624025,0.09108854142753506,0.25990403256779737,59.55463787731631,0.5509355122938672,10.949838115106818,2.174106370494667,18.084937722683698,5.649654776335484,10.243822843394298,38.719029505064526,20.39476232529814,0.21894975692259722,4.8929463845224515,1.7958966857787988,False,False
7.1071601474102035,0.10189878414900438,0.0,53.459805384022296,0.2743918794929188,9.556803138389778,1.1687359415513277,17.27410616187085,1.9980656391989138,10.37973387620442,38.71544122297935,22.62140288875151,3.930870155058112,4.404886231119881,0.6754938248169686,False,True
7.611604712036857,0.08720124073977924,0.09113579833575995,60.45144781435635,0.3728850251790677,10.502087010982702,2.251415323354294,17.016663787579137,4.30681910966783,8.026839686169284,41.83093295702113,21.910951632338765,0.21894975692259722,4.8929463845224515,1.7958966857787988,False,False
6.87547205274572,0.1054078741028082,0.0,51.678123075263095,0.1618915922974774,8.908542589950313,2.0838913325386126,16.894286158024737,1.052275865863814,10.243822843394298,38.56034335689682,22.830282409033984,4.787949617462863,5.451220677069852,0.17981907225363664,False,True
6.937548697557986,0.10106938974159252,0.0,49.66500459089265,0.1752129284354883,8.972795976732279,1.9048842807493394,13.943222522117564,0.5307325730925379,12.863181313280318,40.07070133393444,22.830282409033984,4.095846430752033,5.517796831869328,0.148236585919794,True,True
7.038585703466408,0.10770238438481888,0.0,48.15614914046843,0.23464936057091224,9.33884536273219,2.1624807398591868,17.27410616187085,2.1956810747997624,10.37973387620442,40.204249689047465,20.993602354277275,5.760947290055257,3.0118604814913303,0.17981907225363664,False,True
7.112137953142102,0.10492412441931188,0.0073996111701712195,48.26446823623347,0.2845433477193715,9.54998097103719,2.2040426218043887,16.894286158024737,1.052275865863814,13.512378507982465,43.77238053392472,15.521979358132489,4.0530365077374215,5.013843996080715,0.17981907225363664,False,False
6.909516355551218,0.11065443256084449,0.05594709133567814,51.01263112800574,0.3357609392939813,9.417520490039164,1.745613146056088,19.143115733499794,4.322694389416443,10.243822843394298,36.77001488259528,19.034786629508357,4.787949617462863,5.517796831869328,0.17981907225363664,False,False
7.710560112949414,0.09451540483267479,0.10135931094192609,73.96741364500798,0.38367083097857296,10.868935095142993,2.0075546119155416,17.27410616187085,2.256863088856377,12.398768326854487,40.5729571162958,19.438700581806597,0.4640758816305126,4.8929463845224515,2.7015824581629277,False,False
7.302130430526683,0.094146138096008,0.08800911089443912,47.650158794006174,0.3695863699284742,10.027857969393933,1.4176488771338402,17.27410616187085,1.9980656391989138,10.072978023588009,41.15177310330178,22.62140288875151,2.9179388760310006,3.288241482440969,0.6754938248169686,False,False
7.565992894835202,0.10398191836177124,0.13975245005766346,65.08533634511008,0.4241755927456759,10.827794574074053,1.6271997681830261,19.597410867392515,0.5307325730925379,13.512378507982465,40.32236136056557,18.48764451118886,3.4174518144035932,2.107205830194814,2.024814535179636,False,False
7.4478122922440795,0.08187743575023046,0.5348497013397853,32.25060679335967,0.7288630993624277,10.989728856929379,1.4909702629974337,17.060143271282318,4.1020484600246965,12.368253470806067,41.70480710479139,20.857500858816035,0.21894975692259722,3.5084780051032474,0.17981907225363664,False,False
7.1194501880050725,0.09896641481715295,0.0,53.93536501773331,0.23536336524426327,9.451791424564197,1.8087632209161022,17.016663787579137,1.290673054667916,10.243822843394298,40.32764667803378,21.910951632338765,3.1641319018614484,5.370616277307692,0.6754938248169686,False,True
7.40657454784753,0.08413591423991157,0.31088328735521537,36.92817958487442,0.5591913973030007,10.488749137707629,2.1013265647411203,17.27410616187085,4.1020484600246965,10.37973387620442,44.412615104603134,18.34063744091985,0.21894975692259722,5.0920901272008186,0.17981907225363664,False,False
7.432766004216444,0.08196396876537992,0.3241234251464929,38.160084221541844,0.5907031782399502,10.685667751838897,2.1370836964935767,18.084937722683698,2.1956810747997624,10.37973387620442,41.906144585450136,22.830282409033984,0.4640758816305126,3.6514264279978907,0.4877180221995935,True,False
7.0800627522991215,0.10311584179643679,0.1085946169895803,42.92743086245382,0.3913040788588481,9.824667352866026,2.2366197695139545,19.597410867392515,1.052275865863814,10.37973387620442,38.724151757246936,22.830282409033984,5.160702808143724,2.107205830194814,0.148236585919794,False,False
7.503909644282953,0.08206482588099101,0.2251911434336176,40.98668168203149,0.5143134142573075,10.59832892007548,2.100315583696297,16.894286158024737,1.9980656391989138,10.37973387620442,43.47685662907875,22.62140288875151,0.6659195014837315,3.288241482440969,0.6754938248169686,True,False
7.024523389819585,0.09730294939563609,0.0,46.64922006330364,0.2622894182508825,9.336046712805834,1.9566404205288002,17.27410616187085,0.5307325730925379,10.243822843394298,40.43169499875028,22.830282409033984,3.4174518144035932,5.0920901272008186,0.17981907225363664,False,True
7.163341353446973,0.09249837379484566,0.17389042198136703,40.75672871496951,0.46019115312518316,10.01550712019791,1.8543249242739317,17.27410616187085,1.052275865863814,12.050574529238276,40.07452780632034,22.830282409033984,2.591756664070901,3.9466574913481995,0.17981907225363664,False,False
7.432766004216444,0.08196396876537992,0.3241234251464929,38.160084221541844,0.5907031782399502,10.685667751838897,2.1370836964935767,18.084937722683698,2.1956810747997624,10.37973387620442,41.906144585450136,22.830282409033984,0.4640758816305126,3.6514264279978907,0.4877180221995935,True,False
7.5398791784527965,0.09011312911397154,0.0,66.7726782948559,0.2567099719325338,10.20863517087371,2.117951346490682,16.5303002956067,0.5307325730925379,10.37973387620442,41.75681082588909,22.830282409033984,0.8185034817819349,5.0920901272008186,2.0615464111905193,False,True
7.537023782816276,0.08220958853248626,0.31552926859265246,39.805289584436196,0.6050655545743155,10.853207048092894,1.6642495936443142,17.016663787579137,3.9587657997440795,10.37973387620442,42.40605155148653,21.910951632338765,0.3640980453891385,3.288241482440969,0.6754938248169686,False,False
7.225569646974516,0.10901104456080322,0.06848511701483906,51.46557139536911,0.3489885563854961,10.015498953705313,1.6144499131515937,19.597410867392515,1.052275865863814,12.050574529238276,41.00567001947615,18.07837801017238,5.438382260782707,2.107205830194814,0.6701026168793426,False,False
6.969569234095965,0.10142237604856766,0.10551172420116142,46.22660335452478,0.38805162696706624,9.615272824027535,2.226990980938287,17.27410616187085,0.7518075766368025,13.512378507982465,37.980824532563325,21.582852288227095,3.6577042195988416,5.0920901272008186,0.148236585919794,False,False
7.55193444499897,0.09993650068819634,0.06873405018608544,71.46683088289805,0.349251180881161,10.541305476239055,2.105537216279617,17.27410616187085,3.9587657997440795,10.37973387620442,37.23471478202137,22.830282409033984,2.3765434827693004,3.5620294735512643,2.383824014804735,False,False
7.371079576827237,0.08909655760152184,0.22009347910757876,38.04483378430599,0.4793103147656909,10.25834014569548,1.5669032422835651,15.887968707533002,4.412928773177405,10.243822843394298,43.28353410872152,20.638355318862736,2.0597319096656066,3.288241482440969,0.18541685620447262,False,False
7.203049748400102,0.0862341456717859,0.17739726077539442,39.83282380197722,0.4597283984735725,10.012006105672082,1.8868966903623074,15.898505618927091,0.5307325730925379,12.73984586463067,41.54354308363231,22.830282409033984,1.1851812512289528,5.0920901272008186,0.17981907225363664,False,False
7.1292111493225,0.0970689263510431,0.22100253434716097,41.374880317922596,0.5098944316710957,10.088300863765296,2.264521206540659,13.943222522117564,1.9980656391989138,16.285335119676873,38.05758194087447,22.830282409033984,3.4174518144035932,3.288241482440969,0.17981907225363664,False,False
7.227799683666057,0.0925353531942909,0.16376940398198173,42.12221885677251,0.4495134791358316,10.057484856478531,1.725623103520768,16.894286158024737,1.052275865863814,13.512378507982465,43.56895416750541,17.664908883971954,1.6761566673281318,5.451220677069852,0.17981907225363664,False,False
7.230801002144996,0.08538589475399469,0.17536320734764851,38.91538072527723,0.44451725340160875,10.005620466004236,2.2733008401948473,17.27410616187085,1.052275865863814,10.37973387620442,42.23723746535573,22.830282409033984,1.1851812512289528,4.8929463845224515,0.148236585919794,False,False
7.1413367076625685,0.08885070051412852,0.0751490609975578,42.641665136499924,0.35601901728726437,9.679833935683698,2.0768972257265417,17.065287021542588,0.5307325730925379,10.37973387620442,41.802009583550706,22.830282409033984,1.694338632452795,5.517796831869328,0.17981907225363664,False,False
7.10270017733956,0.09371811814828154,0.0775333790001374,44.474257063006924,0.35853447277998585,9.636041373186382,1.619546932178348,14.787282934568282,1.052275865863814,13.512378507982465,41.05762717126555,21.582852288227095,2.3765434827693004,5.451220677069852,0.17981907225363664,False,False
7.333249572183226,0.08560850403462555,0.17257978166415047,45.51654754203467,0.4588084275905197,10.235739579636117,2.373859601276921,17.27410616187085,1.9980656391989138,10.243822843394298,41.22021949300044,22.830282409033984,0.6659195014837315,5.0920901272008186,0.6754938248169686,False,False
7.388783623121221,0.08693126914136622,0.3603360812588867,43.194009665415926,0.6568913236629664,10.796732291105704,2.011191582296,15.887968707533002,4.1020484600246965,14.071068138792018,39.46191750200472,20.638355318862736,0.21894975692259722,4.944198291043267,0.6754938248169686,False,False
7.487845945608899,0.08151128333419352,0.44597208856418546,36.28529563159977,0.6925548339693348,10.97461213191731,2.158375412577902,17.27410616187085,5.036391085423731,10.37973387620442,40.484577205903854,22.830282409033984,0.21894975692259722,3.288241482440969,0.4877180221995935,False,False
7.121144448969203,0.09004886604298147,0.09692848078971458,42.35873735102507,0.3789963051679898,9.71144768862078,2.1014653489537163,17.27410616187085,1.052275865863814,10.37973387620442,41.00333903871242,22.830282409033984,1.86080538532487,5.451220677069852,0.148236585919794,True,False
7.320852820867005,0.08747380195292452,0.3957570207579674,39.30208531999601,0.6825397495276074,10.81912530201297,1.9041504812088312,18.084937722683698,1.9980656391989138,13.512378507982465,38.35703093263437,22.830282409033984,1.0781603382690768,3.6514264279978907,0.4877180221995935,False,False
7.034857967702543,0.0967092328622395,0.1253668829862575,44.93979088226387,0.40899881948534256,9.728399935788566,2.332664496162978,16.894286158024737,0.5307325730925379,13.512378507982465,39.13767938165955,21.582852288227095,2.711031341690124,5.451220677069852,0.17981907225363664,False,False
7.4198080315109225,0.08385374892751678,0.44893759055455146,37.413502298708124,0.7117501213153207,10.949796065426227,2.1085036782192557,15.887968707533002,4.1020484600246965,13.512378507982465,39.207050006492494,22.830282409033984,0.4640758816305126,3.5084780051032474,0.4877180221995935,False,False
7.205397984525225,0.08568030753008304,0.07914863306457197,41.35953899916832,0.3602385658179643,9.7375108458815,2.1751482530063275,16.085585592752256,1.052275865863814,10.243822843394298,42.90523613360373,22.830282409033984,1.1851812512289528,5.517796831869328,0.17981907225363664,True,False
7.4290409314579176,0.0835795133938063,0.326477081615026,33.61430723504163,0.5284503125159906,10.48305737827145,2.1953378622770283,16.894286158024737,1.9980656391989138,10.37973387620442,44.02250060966447,22.619073947527212,1.694338632452795,2.2437645510076565,0.148236585919794,False,False
7.1670139979818,0.08874100669746761,0.08595770121436619,41.876432388035674,0.3674221327159973,9.74913834028098,2.0332280677366517,17.27410616187085,0.5307325730925379,10.243822843394298,42.035055054587076,22.830282409033984,1.8140917585667975,5.0920901272008186,0.17981907225363664,False,False
7.364256679604952,0.08958381112761334,0.3944749701544623,41.68199865016108,0.6929078514477987,10.860630158197953,1.3421456210633318,17.27410616187085,4.1020484600246965,14.592932064240898,40.57755135693549,17.22889734593655,0.21894975692259722,5.517796831869328,0.4877180221995935,False,False
7.490219102905252,0.08085382791366401,0.40860013874937867,36.503025579901106,0.6562280981885851,10.892256653368948,2.098899335226083,17.275208069697214,4.1020484600246965,10.37973387620442,41.39040653467983,22.830282409033984,0.21894975692259722,3.3156528712376563,0.4877180221995935,False,False
7.505585670768417,0.08136571236241986,0.4658505935476377,32.56340496600599,0.6605235693641531,10.89363583850975,2.191815924933653,18.208976365805036,4.1020484600246965,10.0900763440439,44.254553090684055,19.437098905162827,0.21894975692259722,3.5084780051032474,0.17981907225363664,False,False
7.233333024686248,0.085282602369059,0.16920334346948313,38.94649735341295,0.4384617259216831,9.992263551632476,2.3046480097297226,17.27410616187085,1.052275865863814,10.243822843394298,42.37314849816585,22.830282409033984,1.1851812512289528,4.8929463845224515,0.148236585919794,False,False
7.688169342106717,0.08841925793674839,0.2616445543811021,58.038900183121086,0.5527717628069037,11.129692088212101,1.8096688561661773,18.084937722683698,4.284284826551515,10.243822843394298,39.806139814402286,21.910951632338765,0.4640758816305126,3.288241482440969,1.91754579655796,False,False
7.138366107542562,0.09622902260170504,0.17572693521379038,49.630438025148756,0.46212867458538975,10.070540296692092,1.9974258535463483,17.27410616187085,1.052275865863814,13.512378507982465,37.334721456619356,22.830282409033984,2.3765434827693004,4.944198291043267,0.6754938248169686,False,False
6.897452689190467,0.10408710670531797,0.0,50.9418716684433,0.1781093908240754,8.972266206538176,2.0690824530045777,16.894286158024737,1.052275865863814,10.243822843394298,38.807678075527946,22.830282409033984,4.540614898831734,5.451220677069852,0.17981907225363664,False,True
7.39756920115828,0.08299453930175349,0.27661217577687536,35.57431253312356,0.5037550839858669,10.377405785617759,2.2174621882414716,17.27410616187085,1.5151816781988638,10.37973387620442,44.470776175033265,21.582852288227095,1.0781603382690768,3.519370409942785,0.17981907225363664,False,False
7.030606202893247,0.0960346168031673,0.14628950078758995,44.70470982918366,0.43107218126574837,9.716278450377171,2.3351671390282123,17.27410616187085,3.9587657997440795,10.37973387620442,37.58806497350829,22.3448466236303,2.3765434827693004,5.929702496352965,0.148236585919794,True,False
6.978631203096964,0.09812972509324908,0.0,47.23400473157781,0.2569545849823581,9.25835714931192,2.1606691039560992,17.27410616187085,0.5307325730925379,10.430932677418097,39.85046094639181,22.830282409033984,3.4174518144035932,5.517796831869328,0.148236585919794,True,True
7.605034540344573,0.07755481553782134,0.5578461317887881,28.522289504489308,0.7000297251988017,11.139944498364518,2.235947617994691,17.016663787579137,2.1956810747997624,12.050574529238276,45.45890519059288,20.993602354277275,0.3640980453891385,1.740655945869896,0.17981907225363664,False,False
7.285666894905519,0.09398510093229916,0.22890988549482505,39.52727960233383,0.5097229919626904,10.255914578270778,1.6755255145177466,16.894286158024737,5.039554143764156,10.37973387620442,40.85258403488202,20.638355318862736,2.7274259135673202,3.288241482440969,0.17981907225363664,False,False
7.385239221575859,0.08388756747616143,0.3420071850556178,35.12651435145395,0.5663697678950437,10.480466571268803,2.227144341486679,16.085585592752256,4.1020484600246965,10.37973387620442,41.94910785606109,22.830282409033984,1.1851812512289528,3.288241482440969,0.17981907225363664,False,False
7.5596813620059615,0.08769518683639804,0.27012718858314383,39.97282904940732,0.5595522735874424,10.814437015286435,1.7250643039586626,17.016663787579137,3.9587657997440795,10.243822843394298,42.7684232194765,21.910951632338765,2.1081274046173664,1.3177514880328864,0.6754938248169686,False,False
6.890346890978347,0.10407038564218506,0.0,50.446268972167914,0.1866745796828263,8.981129256122486,2.0763886480317377,16.894286158024737,1.052275865863814,10.37973387620442,38.70334952905166,22.830282409033984,4.540614898831734,5.451220677069852,0.148236585919794,True,True
7.022461646615998,0.10068497608241644,0.04426954901199751,47.47849440693294,0.32344113214249826,9.487479990499535,1.6659572852964881,17.016663787579137,1.9980656391989138,11.643371775955078,39.83206875344218,20.39476232529814,3.4174518144035932,5.517796831869328,0.17981907225363664,False,False
7.327985407858867,0.08726215637982343,0.13041124456514505,46.27898911899758,0.4143206209510689,10.155254161040789,2.201866440631442,18.084937722683698,0.5307325730925379,10.37973387620442,42.44704364807208,21.910951632338765,1.0781603382690768,4.8929463845224515,0.6754938248169686,False,False
7.20379238560412,0.09046505286005055,0.09187011194728345,42.76136390669527,0.3736597260392249,9.795463345774749,2.156902005748236,16.894286158024737,1.9980656391989138,10.37973387620442,42.991343092673524,20.33901891337181,1.694338632452795,5.517796831869328,0.18541685620447262,False,False
7.256303387419025,0.0856160072729171,0.4417246239737739,36.16016052393349,0.6862917217813829,10.679473987509693,1.783071003220232,18.084937722683698,1.9980656391989138,13.512378507982465,39.31636013263941,21.582852288227095,0.4640758816305126,4.861510755384266,0.17981907225363664,False,False
7.1246002341683266,0.09119742046716217,0.2718916804883774,40.412072196712344,0.5635824808500791,10.20163932908528,2.261101956965204,16.894286158024737,1.9980656391989138,13.512378507982465,37.889500862396815,22.830282409033984,1.681823355028732,5.013843996080715,0.17981907225363664,False,False
7.02513645446411,0.09663972068999326,0.0,48.389359138473694,0.16283705306533114,9.03219315798695,1.3415855564799348,13.943222522117564,0.5307325730925379,11.643371775955078,41.93732300127429,22.830282409033984,3.4174518144035932,5.517796831869328,0.17981907225363664,True,True
7.1096160927354415,0.09145690752208249,0.0,44.408889670551225,0.26774776795512945,9.39257465317548,1.4558138684601258,15.503053581275843,1.052275865863814,10.37973387620442,42.25865352186299,22.830282409033984,2.3765434827693004,5.451220677069852,0.148236585919794,True,True
7.5532943162198505,0.08369097248122832,0.39534827700027025,34.78557502267157,0.6177893356735306,10.870041986319842,2.2277892632733765,18.084937722683698,4.1020484600246965,10.37973387620442,46.00024971999553,17.19058691188365,0.4640758816305126,3.5084780051032474,0.2698894224742457,False,False
7.099045131335193,0.0911860104681693,0.09342366737854237,43.52650710464645,0.3752987270192031,9.66712765879756,1.7592005508629367,14.787282934568282,0.5307325730925379,13.512378507982465,40.6316793121571,22.830282409033984,2.0100283590426726,5.517796831869328,0.17981907225363664,True,False
7.288478072687947,0.0868090190741966,0.32716764264414083,38.37096409216866,0.5969179476758454,10.44095891049197,1.5121110214382003,17.065287021542588,4.237085472461329,11.65227511356224,41.10240322037933,19.78125738630104,0.4640758816305126,5.517796831869328,0.17981907225363664,False,False
6.902403752933082,0.10606066701763053,0.0,51.96585328573004,0.15897636090496103,8.914293642212115,1.7186831782567769,16.149101044796275,2.1956810747997624,10.243822843394298,39.01487788308508,21.910951632338765,4.787949617462863,5.517796831869328,0.17981907225363664,False,True
7.503870209583562,0.08242096881260362,0.2377824002219432,40.90063284376309,0.527597190168991,10.639609640314122,1.9614937726413155,17.27410616187085,1.9980656391989138,10.37973387620442,43.373592890353855,22.3448466236303,0.6659195014837315,3.288241482440969,0.6754938248169686,False,False
6.839813454148658,0.10750166852597967,0.0,52.756596166493296,0.14350560109346733,8.825862920633732,2.1640476617396174,16.894286158024737,1.052275865863814,10.37973387620442,38.05167913340583,22.830282409033984,5.160702808143724,5.451220677069852,0.17981907225363664,False,True
7.086064197507698,0.09642114177525914,0.19029508431069178,43.78127889163684,0.4774980718826207,9.953663892829338,2.0112524900733586,17.016663787579137,1.9980656391989138,13.512378507982465,39.07054650784856,20.39476232529814,2.3765434827693004,5.451220677069852,0.17981907225363664,False,False
7.130773467027653,0.09443343034002802,0.0987709158142578,44.501771841777135,0.38094007411888287,9.669028674270553,2.31936279535306,14.787282934568282,5.23145790778623,10.37973387620442,39.68299041700952,21.910951632338765,2.3765434827693004,5.451220677069852,0.17981907225363664,False,False
7.151345776687548,0.08957947981455264,0.0,44.47668507919363,0.20804761357711843,9.262144788837759,1.9380879116541223,13.943222522117564,1.052275865863814,10.37973387620442,43.94806437550995,22.830282409033984,2.2469636882806148,5.451220677069852,0.148236585919794,True,True
6.813673710642506,0.11098687565918988,0.0,53.947759927869726,0.14916981012261205,8.816290055295987,2.062139343625185,17.060143271282318,1.9980656391989138,10.37973387620442,37.1851042758485,22.17133263422142,5.6495871697322695,5.370616277307692,0.18541685620447262,False,True
7.278842793866498,0.09126172221862358,0.18244054041158428,43.43173997646821,0.4692115280690623,10.21873465012677,1.712339156181556,18.084937722683698,2.1956810747997624,10.243822843394298,40.28156014294578,22.830282409033984,2.224571356944998,3.6514264279978907,0.4877180221995935,False,False
7.206252167465977,0.09138905327695494,0.07179244295855562,41.23500146352023,0.3524777852561171,9.788696079086593,1.7929494461285782,17.065287021542588,0.5307325730925379,10.37973387620442,42.53246372784472,22.830282409033984,2.8302548920302155,3.6514264279978907,0.17981907225363664,False,False
7.876131928490479,0.08293857374787711,0.2908038124272747,53.02454025813282,0.5835347800456158,11.437303640619463,2.2600033188990087,17.016663787579137,3.9587657997440795,10.243822843394298,42.55730295483868,22.62140288875151,0.3640980453891385,1.3177514880328864,1.920192192270268,False,False
7.218467535440063,0.08886086082500592,0.3314300131969604,38.63538523755088,0.6051803447343955,10.42249478906652,1.8256138729488567,17.27410616187085,2.1956810747997624,13.512378507982465,39.75240849446622,20.993602354277275,1.0781603382690768,5.013843996080715,0.17981907225363664,False,False
7.1740530524206285,0.09049233058662043,0.0818179311017497,41.38547899140629,0.3630546752471869,9.750753990906905,1.7210956031880689,17.060143271282318,0.9328667143731412,10.218845974961813,42.005638313049964,22.830282409033984,2.3765434827693004,4.427443248609687,0.148236585919794,False,False
7.317710535858964,0.08636291301549406,0.03845708021886999,47.639817949313716,0.3173089775657488,9.856881478611074,2.05474420467146,16.085585592752256,0.5307325730925379,10.243822843394298,43.35681137848018,22.830282409033984,1.1851812512289528,5.0920901272008186,0.6754938248169686,False,False
7.513885881713584,0.08247203931647205,0.7025883371665009,28.152667730571338,0.8474690037038527,11.407459688663806,2.1454221648723237,16.894286158024737,4.5151071682952875,13.512378507982465,39.89928224598961,22.830282409033984,1.0781603382690768,1.090684100151198,0.17981907225363664,False,False
7.167052784249919,0.0879881664469839,0.3321040865555575,38.35545701798374,0.6019050612488702,10.33408633393801,2.314448496511559,16.894286158024737,1.9980656391989138,13.494529494258675,38.464349248093995,22.830282409033984,1.0781603382690768,5.0920901272008186,0.148236585919794,False,False
7.612128820002827,0.09074889042754457,0.21916954141781403,60.50943129115474,0.5079606241306347,10.974593625377318,2.3765665786093866,18.80921779885825,2.256863088856377,10.893090775941324,38.94897582167259,22.830282409033984,0.9851192863702487,3.288241482440969,1.988209336826257,False,False
7.121358237506334,0.09492118658380307,0.0,48.46600776602554,0.17577647202994878,9.168525691720273,1.8431551947421694,13.943222522117564,2.1956810747997624,10.243822843394298,42.966880828470124,21.910951632338765,2.951754844535911,5.517796831869328,0.2698894224742457,False,True
7.332078567131093,0.08931965609339065,0.409703477388294,43.47579641211594,0.7089739265794911,10.888584742286284,1.64326787160195,17.27410616187085,4.1020484600246965,14.178792818173868,37.49374163889346,20.86754292354638,0.4640758816305126,4.944198291043267,0.6754938248169686,False,False
7.383784563009031,0.09052002654830558,0.358094243251452,36.3624679277113,0.6009427104184712,10.59166441169259,1.3421237138228999,17.27410616187085,5.893147612707653,10.37973387620442,41.932531140478574,19.223197755052862,1.86080538532487,3.288241482440969,0.148236585919794,False,False
7.090142005443571,0.0924561542011849,0.27531377152308145,40.57475597595504,0.5671927868916918,10.17233377821707,2.3144453959375904,17.27410616187085,1.9980656391989138,13.494529494258675,37.30188419719209,22.830282409033984,1.86080538532487,5.0920901272008186,0.148236585919794,False,False
7.401744247372168,0.08595616835217657,0.45128872491705485,39.780652007894844,0.7479409196362576,11.107064524787937,1.8756632467532344,16.894286158024737,1.9980656391989138,15.566982657960315,38.08072832704039,22.830282409033984,0.6659195014837315,3.288241482440969,0.6754938248169686,False,False
7.431924471166606,0.08439704076734221,0.15011367640829745,43.22847908293019,0.43510668654559476,10.33340450808906,2.2085759794206177,17.27410616187085,0.5307325730925379,10.37973387620442,43.6050994938095,22.830282409033984,1.1851812512289528,3.519370409942785,0.6754938248169686,False,False
7.205397984525225,0.08568030753008304,0.07914863306457197,41.35953899916832,0.3602385658179643,9.7375108458815,2.1751482530063275,16.085585592752256,1.052275865863814,10.243822843394298,42.90523613360373,22.830282409033984,1.1851812512289528,5.517796831869328,0.17981907225363664,True,False
7.800942174135621,0.09113613857612828,0.16298996896672974,72.9076495017935,0.4486911751947408,11.184886776007671,2.1378230337927326,17.060143271282318,1.9980656391989138,12.398768326854487,39.0376642596017,22.830282409033984,0.4640758816305126,3.288241482440969,2.922758729957118,False,False
7.491874378600371,0.08468156783411532,0.3402583508866441,40.52417963444902,0.6357093181202504,10.876799566639104,1.7371554619730403,15.887968707533002,4.1020484600246965,12.497532460665429,40.97191148857746,21.910951632338765,0.6658519436027077,3.288241482440969,0.6754938248169686,False,False
7.169123013599987,0.09030834102679679,0.1393071610908382,42.508770624499334,0.42370581288567527,9.896808844973476,2.199385085769936,17.27410616187085,1.9980656391989138,10.37973387620442,40.39826366132694,22.830282409033984,1.86080538532487,5.013843996080715,0.2448988709592976,False,False
6.978358055678057,0.10551020683147108,0.0,50.970614165130236,0.14822826466268313,9.013139380786278,2.3015499194210007,16.894286158024737,1.052275865863814,10.37973387620442,41.56141977141332,20.052425511576395,4.787949617462863,5.0920901272008186,0.17981907225363664,False,True
7.383096668129916,0.08433573590399705,0.1860808863986102,44.67214464488693,0.47305209308537466,10.331718362217282,1.998780669963872,17.27410616187085,1.9980656391989138,10.37973387620442,42.351974424403465,21.86443790091542,0.3640980453891385,5.0920901272008186,0.6754938248169686,False,False
7.646205447219846,0.08652855954305806,0.030682029139078394,60.73567189044758,0.3091062986765686,10.412575382892076,1.6095533959286576,17.016663787579137,1.9980656391989138,8.963709751849906,44.71900566885005,20.39476232529814,0.21894975692259722,4.8929463845224515,1.7958966857787988,False,False
7.508963421198136,0.08122467755094896,0.2558547365615558,40.256996018051396,0.5466635050072822,10.689170115480758,2.158041215622373,17.27410616187085,1.9980656391989138,10.37973387620442,43.09000072480338,22.830282409033984,0.4640758816305126,3.288241482440969,0.6754938248169686,True,False
7.480895265927555,0.08738840541934917,0.11430188764240376,51.667056501019836,0.39732524939757685,10.339105867091153,1.4693681646113792,17.016663787579137,1.9980656391989138,10.37973387620442,43.54105150892777,20.39476232529814,0.6659195014837315,4.8929463845224515,1.110856976785439,False,False
7.385368362614532,0.08461113221220636,0.2287308903256895,43.92128193013324,0.5180478472284433,10.462319996767528,2.16175678684869,18.084937722683698,2.1956810747997624,10.243822843394298,41.63206847205492,21.910951632338765,0.3640980453891385,4.8929463845224515,0.6754938248169686,False,False
7.281506775716077,0.08963324572263152,0.0513843716537194,40.34692057913844,0.33094727002951485,9.800105794203613,2.283233104879221,17.060143271282318,1.9980656391989138,8.204975032408075,43.70544939586395,22.830282409033984,2.7274259135673202,3.288241482440969,0.18541685620447262,False,False
7.090343150545212,0.09188831199936473,0.01062681422830131,44.547084950627436,0.28794804694569875,9.415759271420532,1.5067252002808167,13.943222522117564,0.5307325730925379,12.863181313280318,41.79000428191717,22.830282409033984,2.3765434827693004,5.517796831869328,0.148236585919794,True,False
6.9151590835408445,0.10779412859088872,0.0,51.738389531104744,0.24668729016927887,9.211723336658677,1.7978499693220322,18.084937722683698,2.1956810747997624,10.243822843394298,37.40765543852036,21.910951632338765,4.994115481266427,4.8929463845224515,0.2698894224742457,False,True
7.02507004024395,0.10488724022702653,0.0,49.02510787733703,0.26226499364114975,9.366688563462086,1.7888305080439484,16.894286158024737,1.052275865863814,12.863181313280318,42.01097446255293,17.483978506536523,4.095846430752033,5.451220677069852,0.148236585919794,False,True
7.069693176343009,0.09341374519880466,0.09173713614230353,44.36427174994483,0.37351943656497116,9.629764184706893,1.8103602661660252,14.787282934568282,1.052275865863814,13.512378507982465,39.81019705045867,22.830282409033984,2.3765434827693004,5.451220677069852,0.17981907225363664,False,False
7.165868552219749,0.08971252785780157,0.150943638284313,40.776999831142135,0.4359822963247912,9.9090640584695,2.182955824921873,17.27410616187085,1.9980656391989138,10.37973387620442,40.615823557924706,22.830282409033984,1.86080538532487,4.8929463845224515,0.148236585919794,False,False
7.358141148352225,0.08438277391679239,0.18794384382862175,44.71497849691147,0.4750175131740369,10.30457627017711,2.3540996680427106,17.27410616187085,1.9980656391989138,10.243822843394298,41.50030924397376,22.830282409033984,0.4640758816305126,5.013843996080715,0.6754938248169686,False,False
7.520610960070911,0.08140583616702302,0.35362394488146054,39.2173123921969,0.636882111358242,10.913013914018462,2.031409355368282,17.27410616187085,3.9587657997440795,10.37973387620442,41.37442668896614,22.830282409033984,0.21894975692259722,3.288241482440969,0.6754938248169686,False,False
7.2414986690859235,0.08487424980977962,0.15189307695713164,39.48187701534802,0.4278236850765218,9.97178899797417,2.2456885989009074,16.894286158024737,1.052275865863814,10.37973387620442,42.57159828426961,22.830282409033984,1.0781603382690768,5.013843996080715,0.17981907225363664,False,False
7.1041376779956495,0.09544195058665343,0.029581517281236123,43.65027575514502,0.30794525866654504,9.554839967733399,1.7949363864531278,17.27410616187085,0.5307325730925379,10.37973387620442,41.30317478341144,22.830282409033984,3.4174518144035932,4.116281796063375,0.148236585919794,False,False
7.54229523179963,0.09423533414763695,0.11758681565545187,61.813862138015416,0.4007908484513426,10.569975583301998,1.5803216957066621,17.016663787579137,2.1956810747997624,12.050574529238276,40.92388910146214,20.39476232529814,1.449519882398991,4.173012613444765,1.7958966857787988,False,False
7.109836274061409,0.09228769809328755,0.0,46.573294064888614,0.16544782634724509,9.11517203015319,1.7580866846878114,13.943222522117564,1.052275865863814,10.243822843394298,43.505354541900054,22.830282409033984,2.7274259135673202,5.517796831869328,0.17981907225363664,False,True
7.349728165302319,0.08410320560317794,0.47734338284970684,33.082181795354266,0.6800363130595674,10.77630314728188,2.3640993595167417,16.894286158024737,1.9980656391989138,13.494529494258675,40.51988408608658,22.830282409033984,1.0781603382690768,3.03655528920824,0.148236585919794,False,False
7.127402367532238,0.09252716940715223,0.11764329542510198,42.696059601247455,0.40085043460832354,9.787445428710962,2.125707904563756,17.27410616187085,1.9980656391989138,10.37973387620442,40.09993860328463,22.830282409033984,2.3765434827693004,4.861510755384266,0.17981907225363664,False,False
7.730867812983767,0.09191672703126168,0.3776246328215907,63.97217049371445,0.6751307455616191,11.629176506126637,2.0358935500736206,17.060143271282318,1.9980656391989138,16.88019588135231,37.73966972427822,20.39476232529814,0.21894975692259722,3.288241482440969,2.4199719192265343,False,False
7.167052784249919,0.0879881664469839,0.3321040865555575,38.35545701798374,0.6019050612488702,10.33408633393801,2.314448496511559,16.894286158024737,1.9980656391989138,13.494529494258675,38.464349248093995,22.830282409033984,1.0781603382690768,5.0920901272008186,0.148236585919794,False,False
7.67686611419362,0.08892192084435846,0.3022420263114237,56.71549431398958,0.595602095693393,11.187356370914415,1.3579128526644029,17.016663787579137,5.087807506071957,11.814039958680443,39.901205274889485,20.39476232529814,0.21894975692259722,3.770674704779438,1.7958966857787988,False,False
7.330777209154337,0.09573356120673213,0.427178197604819,35.84400877836378,0.6664429553299096,10.752565225094937,1.8798217795128636,17.27410616187085,5.668434656330268,12.050574529238276,38.43505107630101,21.65681120156949,3.4174518144035932,1.3177514880328864,0.17981907225363664,False,False
7.8331675256441144,0.08931765001215133,0.08941964600847309,70.79198151265655,0.37107448447378,10.98843554878508,2.042063404199964,17.27410616187085,1.9980656391989138,10.37973387620442,41.93863261947524,21.910951632338765,0.4640758816305126,3.288241482440969,2.746192706840322,False,False
7.354297456261927,0.0991464507406502,0.0,61.061278069011806,0.20881218379344063,9.797822185347563,1.7851201461911166,17.060143271282318,1.9980656391989138,8.941048244290283,40.72725388570085,22.830282409033984,3.4174518144035932,3.6175164791776466,1.408238256912419,False,True
6.908358418999265,0.11426786470114905,0.0,62.25580201625648,0.09102502770981313,8.833906075089745,2.291533132606612,15.887968707533002,3.681426600897865,10.37973387620442,37.36964974113055,20.638355318862736,5.6495871697322695,5.717784760822194,0.6754938248169686,False,True
7.49826963045647,0.08803095716840119,0.28554356067045034,42.45715575840798,0.577985214442166,10.74981143615363,1.1485409833307247,17.27410616187085,5.088646832629968,10.37973387620442,42.192703028446125,19.791785527819805,1.0781603382690768,3.519370409942785,0.6754938248169686,False,False
6.99508179630966,0.09829620773945315,0.0,47.001439694959785,0.2679427404414019,9.30267136373756,2.134208685045807,17.27410616187085,1.052275865863814,10.243822843394298,39.90585667601352,22.52611634362923,3.4174518144035932,5.4321337089048995,0.148236585919794,False,True
7.136835047086022,0.09287645835553078,0.015515406037227394,44.17228045555646,0.29310551130411583,9.51549765085573,2.2855826714203555,17.060143271282318,1.9980656391989138,8.662584397402455,41.715866742243364,22.830282409033984,2.7274259135673202,4.820214771067176,0.18541685620447262,False,False
6.9294139113198385,0.10289452176958358,0.0,52.789400829434356,0.010616153753172597,8.541553119238657,2.0988090658559253,13.943222522117564,0.5307325730925379,10.243822843394298,41.96637413077579,22.830282409033984,4.787949617462863,5.517796831869328,0.17981907225363664,False,True
6.861720261550017,0.11082770717691602,0.0,56.12645578828833,0.14662484431428008,8.902339138856087,1.8945797122726846,16.894286158024737,1.9980656391989138,10.37973387620442,36.83774013752704,22.830282409033984,5.6495871697322695,5.013843996080715,0.39646061419792056,False,True
7.192445891433005,0.08664011256969943,0.13727603656479648,40.8556234550031,0.4215629765107012,9.887557060958308,2.319734053050475,16.894286158024737,1.672041053469487,10.243822843394298,41.543346535525046,22.830282409033984,1.1851812512289528,5.451220677069852,0.17981907225363664,False,False
6.879125829889429,0.10633339729479516,0.0,52.85351392782847,0.07857260880720585,8.64862576865009,2.0951351335099138,14.305888981029138,2.261386486127949,10.37973387620442,39.46254817647114,22.830282409033984,5.160702808143724,5.451220677069852,0.148236585919794,False,True
7.112826568645429,0.09188411632306111,0.27181989226712333,40.138723396366636,0.563506744276656,10.188139655990978,2.2368407237912464,17.016663787579137,1.9980656391989138,13.494529494258675,37.75847031416217,22.830282409033984,1.86080538532487,4.8929463845224515,0.148236585919794,False,False
7.176515209687181,0.09476243520864552,0.09558380085149704,41.43732390906784,0.37757766783317026,9.810501193771314,1.8540510429167336,16.894286158024737,1.9980656391989138,10.37973387620442,41.0326587974289,22.830282409033984,3.4284950517482824,3.288241482440969,0.148236585919794,False,False
6.984547825973993,0.09800389616067806,0.0,47.06321006488908,0.25948515669492794,9.272679988543807,2.126344937833732,17.27410616187085,0.5307325730925379,10.430932677418097,39.91703710119129,22.830282409033984,3.4174518144035932,5.451220677069852,0.148236585919794,True,True
7.422971716565912,0.08653974916620492,0.284777073751798,42.34524418570243,0.5771765707429878,10.65366474501867,2.1008407098198556,17.27410616187085,4.1020484600246965,10.37973387620442,40.14080451983722,22.830282409033984,1.0781603382690768,3.519370409942785,0.6754938248169686,False,False
7.03507964552906,0.1059742679196988,0.059404192311229835,46.31324027487569,0.3394081808231884,9.556206372370319,1.4989085093501344,16.894286158024737,4.284284826551515,10.37973387620442,37.93356263037607,21.910951632338765,5.160702808143724,3.288241482440969,0.148236585919794,False,False
7.071325693853498,0.10153192881700349,0.0,54.82517166715826,0.26244415815791594,9.464638926207806,1.853823573344164,17.27410616187085,2.0758766605024648,10.430932677418097,38.69739039677994,21.910951632338765,3.4174518144035932,5.517796831869328,0.6754938248169686,False,True
7.074709578328638,0.09958416603026332,0.0,54.58299554065806,0.22446545480307922,9.369268522344083,1.996664539045143,16.894286158024737,1.052275865863814,10.37973387620442,39.39141010283819,22.830282409033984,3.3252970861480287,5.451220677069852,0.6754938248169686,False,True
7.356934693443227,0.0829226747039827,0.35296711182380663,34.70197195845847,0.5718866232076365,10.520077127334774,2.377773077131486,17.060143271282318,0.5307325730925379,12.430870142519446,42.5961529271572,22.830282409033984,1.0781603382690768,3.288241482440969,0.18541685620447262,False,False
7.3846096595190724,0.09265247630772498,0.022378749648516553,48.73275597947024,0.30034633881402584,9.960897430105534,1.6878365770290362,17.75052210521582,1.9980656391989138,8.204975032408075,43.68614022962493,21.582852288227095,2.7274259135673202,3.288241482440969,0.7617773093168774,False,False
7.073604627155204,0.0946787294634517,0.23306928233094712,42.16992301581213,0.5226248507939901,10.048660061645242,2.251428965450895,16.894286158024737,1.9980656391989138,13.512378507982465,37.31567834621451,22.830282409033984,2.3765434827693004,4.8929463845224515,0.17981907225363664,False,False
7.098388034150881,0.1006364423014337,0.0,46.480566046199506,0.1958382223632424,9.269229970526508,2.3085219338644736,17.060143271282318,1.9980656391989138,8.204975032408075,41.64492569196841,22.830282409033984,4.787949617462863,3.288241482440969,0.18541685620447262,False,True
7.539056128306514,0.08270034738853668,0.3875881911287966,38.84285300116816,0.6673817509402779,11.031675506820925,1.7379458860268002,18.084937722683698,4.284284826551515,10.243822843394298,41.394323807605275,21.910951632338765,0.3640980453891385,3.042087297220338,0.6754938248169686,False,False
7.61749166473461,0.08814392003866744,0.0,62.25920259783394,0.24098225953071367,10.204119091377507,1.8323072661979176,17.016663787579137,1.9980656391989138,8.026839686169284,44.96531299640495,20.638355318862736,0.6659195014837315,4.8929463845224515,1.7958966857787988,False,True
7.889667321772602,0.092866915796046,0.13833552918256706,77.40894040063773,0.42268074122244914,11.23796729257639,2.3006799723751548,16.082707761014237,4.284284826551515,11.604926873142547,39.148604281176716,21.910951632338765,0.4640758816305126,3.288241482440969,3.216207261704736,False,False
7.007249370937972,0.10157822251438833,0.0,50.38223356532623,0.06478268300909118,8.77924602819411,1.9546202518310256,13.943222522117564,1.052275865863814,10.243822843394298,42.35100658282008,22.830282409033984,4.787949617462863,4.61162108705376,0.17981907225363664,False,True
7.3650456119460195,0.09048532738845108,0.06279715875237117,46.52729465059723,0.3429877604185925,10.014805639212502,1.6675305846803068,17.016663787579137,1.9980656391989138,8.963709751849906,42.791091872050124,22.830282409033984,2.436451233029999,3.288241482440969,0.6754938248169686,False,False
7.255416481903777,0.08340694703228857,0.4161860699508905,36.13980336663865,0.6590586429661577,10.579332362775654,2.282672086966622,16.894286158024737,1.9980656391989138,13.512378507982465,39.34677667655212,22.830282409033984,0.21894975692259722,5.013843996080715,0.18541685620447262,True,False
7.007329861334907,0.11468211863556671,0.0,61.43777421232913,0.0865041695731531,8.979495687508358,1.5369386677343584,16.894286158024737,3.062508950285816,10.37973387620442,40.52590558909145,17.442848458133106,5.6495871697322695,5.370616277307692,0.6745135212205071,False,True
7.44143541970135,0.08382554909213648,0.15676522870072157,42.9099055395072,0.4421240742141022,10.360977505774473,2.27072645069046,17.27410616187085,0.5307325730925379,10.37973387620442,43.71212040676937,22.830282409033984,1.0781603382690768,3.519370409942785,0.6754938248169686,False,False
6.86504682366653,0.11057349798909812,0.0,52.80289657179384,0.14666249020669436,8.872280510006943,2.0661806038038253,17.016663787579137,1.9980656391989138,10.37973387620442,38.72202045988737,20.993602354277275,5.6495871697322695,5.0920901272008186,0.148236585919794,False,True
7.255191128961002,0.08447957175788821,0.4418176042438657,35.75786230884698,0.680660725738824,10.645901147648477,2.0094187386874687,17.27410616187085,2.1956810747997624,13.512378507982465,38.87580661873281,22.830282409033984,0.4640758816305126,4.667850273695981,0.17981907225363664,False,False
7.281506775716077,0.08963324572263152,0.0513843716537194,40.34692057913844,0.33094727002951485,9.800105794203613,2.283233104879221,17.060143271282318,1.9980656391989138,8.204975032408075,43.70544939586395,22.830282409033984,2.7274259135673202,3.288241482440969,0.18541685620447262,False,False
7.4840697864439205,0.07962561431697236,0.4216523778442,32.35496129885792,0.6109260255608159,10.725859997675887,2.337967352973757,17.27410616187085,3.0418849642864,10.37973387620442,44.66364817867001,20.764962471022677,0.21894975692259722,3.5084780051032474,0.148236585919794,False,False
7.070788580870188,0.09377771004947318,0.09692706284020428,43.76526288054205,0.3789948092312564,9.653723739234206,2.340751069954844,17.27410616187085,1.9980656391989138,10.37973387620442,39.545946531374014,22.830282409033984,2.453012519090326,5.370616277307692,0.148236585919794,False,False
7.2788430058167775,0.08973807001823861,0.05710864864307976,40.30747568636029,0.33698638225329003,9.814519262074457,2.2379290544007286,17.187434338686668,1.9980656391989138,8.215610669749902,43.56752269111777,22.830282409033984,2.7274259135673202,3.288241482440969,0.18541685620447262,False,False
7.21397723195353,0.08502922567675328,0.3424805963702345,37.88835324877756,0.6062002992062656,10.39108034263054,2.3569271559122087,17.27410616187085,2.256863088856377,12.398768326854487,39.219870998241625,22.830282409033984,0.4640758816305126,5.370616277307692,0.18541685620447262,True,False
7.224294401528337,0.08522757506360454,0.3886304900290621,37.06727083797473,0.643195481295171,10.508831325291865,2.219281757665,17.016663787579137,1.9980656391989138,13.512378507982465,38.90087450900997,22.830282409033984,0.54247429491035,5.013843996080715,0.18541685620447262,False,False
7.619748548990702,0.08244933066932893,0.37058564441261355,37.1799817051685,0.62576327380006,11.034747603054937,2.298301764501459,16.894286158024737,3.9587657997440795,10.243822843394298,42.8944162257241,22.830282409033984,1.1851812512289528,1.3177514880328864,0.6754938248169686,False,False
6.954489038592211,0.10661468309644752,0.0,59.38510792773025,0.07699551742731059,8.864957043766118,2.300930772661087,16.223886840785426,0.5307325730925379,10.37973387620442,39.05412402673447,22.830282409033984,4.787949617462863,5.517796831869328,0.6754938248169686,False,True
7.6558944137761475,0.07958597217798771,0.49657271618202037,31.916351754939924,0.6837207861346797,11.21705130710246,2.0242067846286123,17.27410616187085,2.1956810747997624,12.050574529238276,45.43137627218698,20.638355318862736,0.6659195014837315,1.3177514880328864,0.42623565352478465,False,False
7.419948629288862,0.08775446392944486,0.3940254688616255,33.465593981156516,0.597596049901214,10.658790605591184,1.883702519464178,17.27410616187085,3.9587657997440795,10.37973387620442,41.96909824002809,22.3448466236303,2.3765434827693004,1.548669229833167,0.148236585919794,False,False
6.9294139113198385,0.10289452176958358,0.0,52.789400829434356,0.010616153753172597,8.541553119238657,2.0988090658559253,13.943222522117564,0.5307325730925379,10.243822843394298,41.96637413077579,22.830282409033984,4.787949617462863,5.517796831869328,0.17981907225363664,False,True
7.563240440971797,0.08262350984618237,0.3657589134008799,39.16834597571065,0.6489871771138307,11.015098002245375,1.5949143312867125,18.029301750481782,4.1020484600246965,10.37973387620442,42.66787553024584,20.638355318862736,0.21894975692259722,3.288241482440969,0.6754938248169686,False,False
7.214659984572669,0.10611529576789058,0.0,51.66888617311506,0.25642753710462673,9.70204776390074,1.8094703923565554,17.27410616187085,1.9980656391989138,10.37973387620442,40.42399416632561,21.910951632338765,5.6495871697322695,1.6880675295121994,0.6754938248169686,False,True
7.502382619653006,0.08808814593768581,0.08996350921144736,61.830846482427674,0.3716482601529179,10.39169815577912,2.1417972337384867,17.016663787579137,1.9980656391989138,10.243822843394298,40.37852204622295,22.830282409033984,0.21894975692259722,5.517796831869328,1.7958966857787988,False,False
6.887397533094665,0.10464444309097054,0.0,51.46818607262601,0.12750072962244619,8.814221168845304,2.1413560014130657,15.911773067623749,1.052275865863814,10.37973387620442,39.43852790082152,22.830282409033984,4.787949617462863,5.451220677069852,0.148236585919794,True,True
7.2972479563209465,0.08686687622187939,0.3259824903796049,43.966647555317174,0.6206482852853241,10.625799773733496,2.1652904365857513,17.27410616187085,1.9980656391989138,13.512378507982465,38.23175357938559,22.830282409033984,0.4640758816305126,5.013843996080715,0.6754938248169686,False,False
7.056126878735772,0.09437582564915947,0.13016364399575828,43.58508173060355,0.41405940235036587,9.731067086997907,2.348499106538746,17.27410616187085,1.9980656391989138,11.166728086317939,38.758952321260495,22.830282409033984,2.453012519090326,5.370616277307692,0.148236585919794,False,False
7.286675858964227,0.10478944416868309,0.0,71.75585920667477,0.08551278244835925,9.478021255226682,2.2673198451177257,17.016663787579137,0.5307325730925379,10.430932677418097,40.89576330456037,20.39476232529814,3.4174518144035932,5.517796831869328,1.7958966857787988,False,True
6.890004539796503,0.10634429654076678,0.0,53.38136530495169,0.17559633436788963,8.976762239996399,1.7993030386023465,16.894286158024737,1.672041053469487,10.243822843394298,37.81810424945475,22.830282409033984,4.787949617462863,5.451220677069852,0.3022929920900289,False,True
7.559358935874411,0.08323683941418861,0.33927390297052157,39.79973432529927,0.6300370319313578,10.938137481020556,1.4638199485322778,15.887968707533002,4.3596957283539775,12.050574529238276,42.73557236336494,20.638355318862736,0.3640980453891385,3.288241482440969,0.6754938248169686,False,False
7.5860379948788434,0.07742230926007534,0.5420171032229641,29.121996351440334,0.6918704676483668,11.092575996061191,2.386252403948974,17.060143271282318,2.058168330936155,12.050574529238276,45.325939070944095,20.993602354277275,0.21894975692259722,2.107205830194814,0.18541685620447262,True,False
7.383303229580372,0.11715610371835329,0.0,84.03688195172184,0.0,9.514190524668894,2.1628158245211537,16.894286158024737,1.9980656391989138,10.37973387620442,39.65193840186071,19.26447321247933,5.6495871697322695,3.6514264279978907,2.5104891145017287,False,True
7.4762844873881535,0.08638747708352458,0.4015108019642813,31.66259968521856,0.5798168077910215,10.719487613524993,2.1406918383247735,17.27410616187085,1.9980656391989138,11.051626035190926,43.57770304392891,22.830282409033984,2.739686427042471,0.38029369781414946,0.148236585919794,False,False
6.895432764948204,0.10935465187865619,0.0,55.0602832196605,0.06406803429966818,8.6845140468842,1.9723855633939225,15.235083155255294,1.9980656391989138,10.243822843394298,39.600510010405394,21.910951632338765,5.6495871697322695,5.0920901272008186,0.2698894224742457,False,True
7.890245175067238,0.09998531811653424,0.0,88.3436597944177,0.16554957573180784,10.681466063945209,1.1260543150219393,15.887968707533002,2.812294115872108,10.37973387620442,41.37649356571044,20.76308492306903,1.86080538532487,3.288241482440969,3.631377943845156,False,True
7.265352843199606,0.09104225548687361,0.27111135174146717,37.92829784202077,0.5314745932373437,10.284548299447202,1.8568177416351503,17.27410616187085,3.9587657997440795,10.37973387620442,40.22952598742029,22.3448466236303,2.3765434827693004,3.288241482440969,0.148236585919794,False,False
7.245926918192742,0.08447934895575339,0.07579182177257945,40.349891042971834,0.3566971299049122,9.78635203096002,2.2884851751809747,16.085585592752256,0.5307325730925379,10.243822843394298,43.85248613104351,22.830282409033984,1.1851812512289528,5.0920901272008186,0.17981907225363664,True,False
7.354273771087301,0.08738125778492652,0.3543517831985688,41.83875527783655,0.650577889209331,10.820772258021567,2.0469361742305012,17.27410616187085,0.5307325730925379,15.058297945664991,39.0335563373088,22.830282409033984,1.0781603382690768,3.519370409942785,0.6754938248169686,False,False
7.128395132979797,0.10941458913571452,0.03857075267705813,54.17991087669844,0.3174289020091372,9.709784500196818,1.87074041267586,17.27410616187085,4.896917622392187,10.37973387620442,37.61679233598794,20.638355318862736,5.230359377423939,3.288241482440969,0.6754938248169686,False,False
6.9294139113198385,0.10289452176958358,0.0,52.789400829434356,0.010616153753172597,8.541553119238657,2.0988090658559253,13.943222522117564,0.5307325730925379,10.243822843394298,41.96637413077579,22.830282409033984,4.787949617462863,5.517796831869328,0.17981907225363664,False,True
6.826308066777373,0.11082106483263782,0.0,54.05005718136451,0.13273504136696096,8.786824929480286,1.9938692554317987,16.894286158024737,1.9980656391989138,10.243822843394298,37.74725342379885,21.910951632338765,5.6495871697322695,5.370616277307692,0.18541685620447262,False,True
7.3734708565525775,0.08573815896640694,0.3281318032292605,38.42977603527059,0.5987726723241031,10.63915358895958,2.0595647553616034,17.27410616187085,2.1956810747997624,12.050574529238276,40.71412942936986,22.830282409033984,1.220749259721512,3.288241482440969,0.42623565352478465,False,False
7.076689657735621,0.10363888345458813,0.0,46.994379427567935,0.24113800306091893,9.375571866700774,1.9084473414705012,16.61308196703685,1.9980656391989138,10.37973387620442,40.91216858237107,21.576275797456674,5.04701579908663,3.288241482440969,0.18541685620447262,False,True
7.545502022317287,0.08297553957092166,0.22588664282499982,40.99822778520061,0.5150471661152157,10.66729228884041,2.2482156805332374,17.45593100391656,1.9980656391989138,10.37973387620442,44.89825935307571,20.638355318862736,0.6659195014837315,3.288241482440969,0.6754938248169686,False,False
7.237012776144505,0.10167420684642488,0.007942173030590553,51.43658370461169,0.2851157504821139,9.762809040115913,1.4402020482839544,17.27410616187085,2.1956810747997624,10.37973387620442,41.38309302461395,20.638355318862736,4.165295236390347,3.288241482440969,0.6754938248169686,False,False
6.985501659640604,0.09796498507175565,0.0,47.07493195402068,0.2572039898074551,9.267648329306082,2.122680959087139,17.27410616187085,0.5307325730925379,10.37973387620442,39.96823590240496,22.830282409033984,3.4174518144035932,5.451220677069852,0.148236585919794,True,True
7.527493049119912,0.10303638747633093,0.0,83.32157589454745,0.07925379957301948,9.895105922511144,1.9983867812299887,17.060143271282318,1.9980656391989138,8.662584397402455,39.256627701503604,22.628793594496628,2.7274259135673202,4.820214771067176,2.846144711481589,False,True
7.424690830197683,0.08401396461528256,0.11619876541565823,47.10792481614215,0.3993264554483603,10.200448665510399,1.9526554862198249,17.27410616187085,2.058168330936155,9.196614878040837,44.02248287081581,20.993602354277275,0.21894975692259722,5.451220677069852,0.7848549700666168,False,False
7.382633742443444,0.08667838775686285,0.01841118764615544,51.000399215845505,0.29616056090153486,9.882596164331016,2.120782595282742,14.60225195663434,1.9980656391989138,10.243822843394298,43.24322053256125,22.830282409033984,1.0781603382690768,5.0920901272008186,0.9121061537073112,True,False
7.154164361541643,0.09097340045667085,0.16539924777065715,41.049323760125276,0.45123296433288423,9.974250881129272,2.104304795579745,19.10631998495844,1.052275865863814,10.243822843394298,40.95346611113589,21.54298309620207,1.86080538532487,5.0920901272008186,0.148236585919794,False,False
7.663659336543476,0.08581653829314077,0.0,60.95016689385166,0.26736397422690616,10.320502701329547,2.153373350005851,17.016663787579137,1.9980656391989138,8.026839686169284,45.655875734530674,20.39476232529814,0.21894975692259722,4.8929463845224515,1.7958966857787988,True,True
7.508963421198136,0.08122467755094896,0.2558547365615558,40.256996018051396,0.5466635050072822,10.689170115480758,2.158041215622373,17.27410616187085,1.9980656391989138,10.37973387620442,43.09000072480338,22.830282409033984,0.4640758816305126,3.288241482440969,0.6754938248169686,True,False
7.221862691490014,0.08451441787287539,0.42543266695451315,36.10005705008503,0.6682477793298375,10.564950630533804,2.2043513645248236,17.340791513117317,1.9980656391989138,13.494529494258675,38.73190618588135,22.830282409033984,0.3640980453891385,5.0920901272008186,0.148236585919794,False,False
7.296079614743139,0.08378192074403477,0.39685867976182787,36.27530029942238,0.6405978451176789,10.587065575163711,1.9817381551517579,16.894286158024737,1.9980656391989138,13.512378507982465,40.883554183708576,21.293504901877526,0.21894975692259722,5.013843996080715,0.18541685620447262,False,False
7.121144448969203,0.09004886604298147,0.09692848078971458,42.35873735102507,0.3789963051679898,9.71144768862078,2.1014653489537163,17.27410616187085,1.052275865863814,10.37973387620442,41.00333903871242,22.830282409033984,1.86080538532487,5.451220677069852,0.148236585919794,True,False
7.148381464518167,0.10322323440196335,0.0,55.72354183026144,0.21099726931324103,9.503117153021298,2.0594484714121606,17.060143271282318,0.5307325730925379,10.835877003473623,39.79009704145224,22.830282409033984,4.540614898831734,3.5727502958775923,0.8395025069559718,False,True
7.459307306743373,0.0862604034075321,0.403607601160459,34.60750321010744,0.6239670190892662,10.794621949381566,2.0489000322071456,17.27410616187085,1.9980656391989138,13.512378507982465,44.90710851774273,17.75652249629053,1.0781603382690768,3.288241482440969,0.18541685620447262,False,False
7.190954647760212,0.08865238348036841,0.39899083405113805,38.457013963283536,0.6739168425569468,10.526146399288269,2.0929349176217364,17.27410616187085,3.9587657997440795,13.512378507982465,38.21023936553661,20.50249520096272,0.4640758816305126,5.929702496352965,0.148236585919794,False,False
7.179747042194195,0.08764322340933997,0.0,43.497986478702465,0.23083753706784937,9.347312242662833,2.1728092133577395,13.943222522117564,1.052275865863814,10.37973387620442,44.26764652366622,22.830282409033984,1.86080538532487,5.517796831869328,0.148236585919794,True,True
7.660948839193725,0.08223115218577767,0.32969840573358955,37.4826027683371,0.5869368344778938,10.969135808491412,2.1638960320369676,15.917901222969046,4.35292021760912,10.243822843394298,44.39597751960996,21.910951632338765,1.1851812512289528,1.3177514880328864,0.6754938248169686,False,False
7.198858709195648,0.08958050952553415,0.05461988846732565,41.41457523090228,0.33436074026786944,9.6784515087005,1.4536488130592742,13.943222522117564,0.5307325730925379,12.863181313280318,43.011063791880446,22.830282409033984,2.3765434827693004,4.29673732190605,0.148236585919794,False,False
7.191940707418814,0.09357075091440684,0.0,44.08436067047105,0.16304545658246744,9.247156353764957,2.2977494340963673,13.943222522117564,0.5307325730925379,10.37973387620442,44.89605699772468,22.830282409033984,3.7523646259642303,3.519370409942785,0.148236585919794,False,True
7.228861568301218,0.08885178883256027,0.3332148360506828,36.944087656681404,0.5829777264988458,10.40326466175223,2.323812656071324,17.27410616187085,1.052275865863814,13.386217037534326,39.83918625464806,22.830282409033984,1.86080538532487,3.6088902998042904,0.148236585919794,False,False
7.310928217389802,0.08383290364252134,0.2135766568129424,38.584787837360594,0.48012450103463655,10.182476144740548,2.2971552412164127,17.27410616187085,1.9980656391989138,10.37973387620442,43.689629988720405,20.638355318862736,0.4640758816305126,5.370616277307692,0.18541685620447262,False,False
7.448541582780068,0.09203004690853814,0.07402946530418485,62.483756149808684,0.3548378438307559,10.300616318409062,2.3617844156760444,17.27410616187085,1.9980656391989138,10.430932677418097,39.54771794544899,22.830282409033984,1.0781603382690768,5.0920901272008186,1.7486447015592728,False,False
7.3634263980233365,0.08479263761705792,0.4928117083494656,37.30795328438201,0.7565342022172773,11.051447742894863,1.792799774073133,18.084937722683698,2.1956810747997624,14.101666575780751,38.18421188587381,22.830282409033984,0.4640758816305126,3.6514264279978907,0.4877180221995935,False,False
7.117763104025797,0.1012453532062696,0.12938310732617803,42.28232721122761,0.4132359361639587,9.925197801341817,2.308075308106616,19.597410867392515,1.052275865863814,10.37973387620442,39.06532246159396,22.830282409033984,4.787949617462863,2.107205830194814,0.17981907225363664,False,False
7.605458833367366,0.08088720191172802,0.2631735049007972,39.813593030864155,0.5499484724621786,10.778470412202868,2.266697936819293,15.887968707533002,3.9587657997440795,10.37973387620442,44.95249123347523,20.638355318862736,0.21894975692259722,3.288241482440969,0.6754938248169686,False,False
7.49412410009977,0.10835865409514567,0.0,67.38656566444246,0.26463840958650453,10.325428937425743,1.3983929004973328,20.01659976923623,1.052275865863814,10.37973387620442,40.792633086083974,19.325003786684878,4.787949617462863,1.7008870999522678,1.94491689851155,False,True
7.097623923089242,0.09257511024388908,0.13429414974660234,42.17557740481129,0.4184170859175064,9.814173923084073,1.9253722689968071,17.27410616187085,0.5307325730925379,11.98988397617168,39.9572684266194,22.830282409033984,2.3765434827693004,4.8929463845224515,0.148236585919794,False,False
7.455572034721293,0.080504807528383,0.3417028367706991,37.46165223655093,0.5993031547118426,10.73262676805724,2.2967693868132106,18.084937722683698,1.9980656391989138,10.37973387620442,42.348886145758904,22.830282409033984,0.21894975692259722,3.6514264279978907,0.4877180221995935,True,False
7.2231543867436585,0.08446373700592807,0.4224074191501107,36.11944581681541,0.6653322564602924,10.557947270743158,2.214275774189087,17.27410616187085,1.9980656391989138,13.494529494258675,38.79859153712782,22.830282409033984,0.3640980453891385,5.0920901272008186,0.148236585919794,False,False
7.257462007950085,0.09681511554991498,0.14683050540195725,44.65251907712049,0.4316429411339058,10.111237012248868,1.040128914399665,17.060143271282318,2.1956810747997624,12.050574529238276,41.11538679395857,20.638355318862736,3.225381875892586,3.288241482440969,0.42623565352478465,False,False
7.092996447065542,0.09417766968176897,0.08821462825963276,43.41891443423635,0.36980319074875345,9.663316306777228,2.0518449610812,17.060143271282318,1.9980656391989138,10.37973387620442,39.96316592027079,22.830282409033984,2.7274259135673202,4.8929463845224515,0.148236585919794,False,False
7.2833606428864766,0.08418997741559554,0.2970465443173915,37.97540154507188,0.5595070207142857,10.322630872702888,2.0257675475426713,16.894286158024737,3.9587657997440795,10.37973387620442,40.936131354786696,21.910951632338765,0.3640980453891385,5.370616277307692,0.18541685620447262,False,False
7.212096901144123,0.10342901408337665,0.0,69.44991439799983,0.12030060443209944,9.44316696814269,2.321995736302556,16.894286158024737,0.5307325730925379,10.37973387620442,38.834189534002654,22.830282409033984,3.4174518144035932,5.451220677069852,1.6621029581682252,False,True
7.5855021908285405,0.0851174634444622,0.28580548933886396,48.80183236311685,0.5782615491873424,10.947491117277059,1.89085640741841,17.27410616187085,4.1020484600246965,10.37973387620442,40.38239712774454,22.830282409033984,0.4640758816305126,3.288241482440969,1.2791146010500347,False,False
7.394656281728267,0.08469094216294526,0.3500046974608201,36.603775630462295,0.5958446794189503,10.60581263789777,2.064462481466577,16.894286158024737,1.9980656391989138,13.512378507982465,44.609051802194195,17.568007283391907,0.21894975692259722,5.013843996080715,0.18541685620447262,False,False
7.45746187240735,0.08643892922894571,0.48651341191790604,31.866625169353725,0.6724000686085264,10.930239371527076,1.5076299038002061,17.27410616187085,1.9980656391989138,13.494529494258675,42.99730373184638,20.605766032156094,1.86080538532487,1.6211869694244185,0.148236585919794,False,False
7.6812320070852005,0.09217806073434061,0.10744774859357491,57.68469092296083,0.3900941327010624,10.737435327218538,1.7890633776891307,17.060143271282318,2.058168330936155,10.37973387620442,42.551251258399105,22.3448466236303,2.3765434827693004,1.440022747037162,1.789290409741242,False,False
7.292990374893446,0.08491074857253754,0.19292131429658124,39.185624023630766,0.46688956507911983,10.130472909960494,2.253529316318885,17.27410616187085,1.9980656391989138,10.37973387620442,43.48778636886719,20.638355318862736,0.6659195014837315,5.370616277307692,0.18541685620447262,False,False
7.483616031879743,0.08377243580865378,0.34544168686872867,40.41297788408025,0.6411777375813497,10.894224187267538,1.8449330858077146,18.084937722683698,4.043686244988119,10.37973387620442,40.889672225580995,21.910951632338765,0.3640980453891385,3.6514264279978907,0.6754938248169686,False,False
7.10560090129524,0.09406671565546379,0.18997657512208466,42.087002357857564,0.4771620446886402,9.933816016540073,2.15080369762284,17.27410616187085,3.9587657997440795,10.430932677418097,38.050565786355165,22.830282409033984,2.3765434827693004,4.930567096888731,0.148236585919794,False,False
7.372046997732136,0.08813907341264644,0.21964307904759478,44.965390896679914,0.5084602063300534,10.40489175101689,1.833984256901978,16.894286158024737,3.9587657997440795,10.37973387620442,40.64537258411724,21.910951632338765,1.0781603382690768,4.457235786484706,0.6754938248169686,False,False
7.359130636126189,0.08692021510628481,0.028510665208370922,48.13761913814237,0.30681550972967225,9.87452150615508,2.3676823925609978,15.887968707533002,1.052275865863814,10.37973387620442,44.918115293614775,20.638355318862736,0.9968364360344324,5.451220677069852,0.6754938248169686,False,False
7.032488205862762,0.0968022097087714,0.20648387157635326,43.60688728241519,0.4945772424478936,9.933045526416766,2.3046308419453494,16.894286158024737,1.9980656391989138,13.512378507982465,36.83830051990739,22.830282409033984,2.7274259135673202,5.013843996080715,0.18541685620447262,False,False
6.92230811310772,0.10287780070645068,0.0,52.293798133158965,0.019181342611923502,8.550416168822965,2.0839834551795,13.943222522117564,0.5307325730925379,10.37973387620442,41.86204558429951,22.830282409033984,4.787949617462863,5.517796831869328,0.148236585919794,False,True
7.242722894874407,0.09549900202294742,0.05968485472838219,51.107038158107756,0.33970427967328415,9.815384568339928,1.4152348871467935,15.887968707533002,3.9587657997440795,10.37973387620442,40.87084457551463,20.638355318862736,2.218221620016472,5.370616277307692,0.6754938248169686,False,False
7.463207273161478,0.08746717656452198,0.25909990302513114,46.37875942300711,0.5500871556263542,10.680726763465199,2.0528053798987473,17.27410616187085,3.9587657997440795,10.37973387620442,40.01137080639933,22.830282409033984,1.0781603382690768,3.519370409942785,0.9482101985354767,False,False
6.919611734284092,0.10327417360895685,0.0,52.2113368356743,0.03890396753972347,8.593159256060392,2.080225842178828,13.943222522117564,1.052275865863814,10.37973387620442,41.34050229152823,22.830282409033984,4.787949617462863,5.517796831869328,0.148236585919794,False,True
7.317373687999521,0.08389234033295112,0.21051309243096752,38.60626531430302,0.47719829929719526,10.18370192813906,2.327082222743882,17.27410616187085,1.9980656391989138,10.37973387620442,43.93322298228501,20.39476232529814,0.4640758816305126,5.370616277307692,0.18541685620447262,False,False
7.295063560970077,0.08299847350092386,0.3749501767150234,35.862082421099245,0.6115997783008227,10.51252729160761,2.058944843430775,16.894286158024737,1.1531153549500703,13.512378507982465,41.765684738242086,21.293504901877526,0.21894975692259722,5.013843996080715,0.148236585919794,False,False
7.589557587132726,0.08112410117915944,0.28244580320738133,39.63083078889686,0.5676780476478959,10.827228241344864,2.2538222793040927,16.894286158024737,3.2641579116621147,10.37973387620442,44.64078167106546,20.638355318862736,0.21894975692259722,3.288241482440969,0.6754938248169686,False,False
7.458512610948795,0.092184966317337,0.06955846789714798,44.381239030964,0.35012094156633206,10.209513495309633,1.8158598916029787,17.016663787579137,0.5307325730925379,10.37973387620442,44.7512210035317,21.910951632338765,3.4174518144035932,1.3177514880328864,0.6754938248169686,False,False
7.309207097392741,0.09105275396186188,0.03741147770414074,41.7137379833507,0.3162058669127094,9.730887922493554,2.069623917469592,13.943222522117564,3.9587657997440795,10.37973387620442,45.15811421644525,19.73864619489354,2.3765434827693004,4.29673732190605,0.148236585919794,False,False
7.391093743077064,0.09591257678071216,0.44240064680497354,41.085714412809544,0.743469440314088,11.133490825804124,1.4030153329315058,17.27410616187085,3.9587657997440795,15.27583767233551,36.692935591176706,21.910951632338765,2.8941578296842363,1.3177514880328864,0.6754938248169686,False,False
6.999630029529666,0.10251753066626715,0.012822325642342064,48.188968224307416,0.2902643114875118,9.355264859356542,1.7399493407795472,16.894286158024737,3.2641579116621147,10.37973387620442,39.38914654734341,20.638355318862736,3.8348629249129313,5.451220677069852,0.148236585919794,False,False
7.638684734543387,0.08830130160292338,0.11487831688754471,60.393357924860474,0.3979333822512006,10.594556765356392,2.3418703279825754,17.016663787579137,5.359647742904941,8.026839686169284,42.007248183964094,20.68180777215869,0.21894975692259722,4.8929463845224515,1.7958966857787988,False,False
7.547460442561434,0.08035237170172622,0.2907404298072558,39.62033187482776,0.5762793646842601,10.767440424030543,2.152749257656914,15.887968707533002,3.9587657997440795,10.37973387620442,42.76056414330398,22.830282409033984,0.21894975692259722,3.288241482440969,0.6754938248169686,True,False
7.511350511093058,0.08506942171434469,0.3342974155138467,40.468374824789606,0.6294205313019492,10.916164509567075,1.5693918335737853,17.27410616187085,3.2641579116621147,12.050574529238276,42.14315126962436,20.638355318862736,0.6659195014837315,3.288241482440969,0.6754938248169686,False,False
6.887397533094665,0.10464444309097054,0.0,51.46818607262601,0.12750072962244619,8.814221168845304,2.1413560014130657,15.911773067623749,1.052275865863814,10.37973387620442,39.43852790082152,22.830282409033984,4.787949617462863,5.451220677069852,0.148236585919794,True,True
7.2833606428864766,0.08418997741559554,0.2970465443173915,37.97540154507188,0.5595070207142857,10.322630872702888,2.0257675475426713,16.894286158024737,3.9587657997440795,10.37973387620442,40.936131354786696,21.910951632338765,0.3640980453891385,5.370616277307692,0.18541685620447262,False,False
7.575580964705327,0.0788925022176057,0.6157342597945679,28.813738779479127,0.7652522013670551,11.251667824562524,2.067627222550862,17.060143271282318,3.9587657997440795,12.084441478233447,43.391474653141,20.993602354277275,0.21894975692259722,2.107205830194814,0.18541685620447262,False,False
7.694182150350385,0.10987280071014219,0.0,95.47611965968454,0.015923459122225037,10.084116887940924,2.093988303911672,17.27410616187085,2.1956810747997624,10.243822843394298,41.74887008832649,16.800327083212174,2.7274259135673202,5.451220677069852,3.5585461577592445,False,True
7.112673484186423,0.09339030277862333,0.005720115448558033,44.86975030751149,0.28277147973306965,9.4570078352642,2.3234614960259616,17.060143271282318,1.9980656391989138,8.662584397402455,41.44399138610972,22.830282409033984,2.7274259135673202,5.0920901272008186,0.18541685620447262,False,False
7.598222830789715,0.08195933823232886,0.38727335459365003,37.63855690885448,0.6498993334560093,11.065711900264349,1.8880484184838213,17.45593100391656,3.9587657997440795,10.37973387620442,42.626763422539774,22.088091713375242,0.6659195014837315,2.1493008579192288,0.6754938248169686,False,False
7.318755673519677,0.0834544874465939,0.23157664250304982,38.254836724815625,0.49441568384624757,10.224999256807644,2.2898136014454575,17.27410616187085,2.202625441306154,10.37973387620442,43.58504802285454,20.638355318862736,0.3640980453891385,5.370616277307692,0.18541685620447262,True,False
7.1396862832696115,0.09910954160668305,0.040001491308617944,48.471639722517935,0.3189383312654328,9.70446341468761,2.0058265450168262,18.084937722683698,1.052275865863814,10.243822843394298,39.79260442550517,22.830282409033984,3.8569322833215525,3.6514264279978907,0.4877180221995935,False,False
7.467240853425592,0.08964724931121382,0.27708093932659944,39.37621969841393,0.5583922241775984,10.678414100442003,1.8148538035345685,17.27410616187085,3.9587657997440795,10.430932677418097,41.79853834825106,21.910951632338765,2.3765434827693004,1.7342028403447847,0.5159590572630699,False,False
6.886554263894422,0.10570121440752667,0.0,51.824541694252034,0.17009878813957963,8.918233502321296,1.5976911345426188,15.911773067623749,2.256863088856377,10.37973387620442,38.19676040754429,22.830282409033984,4.787949617462863,5.451220677069852,0.18541685620447262,False,True
7.406681080838062,0.08365835913842865,0.49176534437927594,36.51115416226416,0.7440831484885501,11.071668015194426,1.8271579777281584,18.084937722683698,2.1956810747997624,13.512378507982465,39.13668489922902,22.830282409033984,0.4640758816305126,3.288241482440969,0.4877180221995935,False,False
7.1802140356883095,0.09054059060084106,0.34085764094920945,37.974654076042945,0.6057170830262307,10.390378300455211,2.0846583409125836,17.27410616187085,1.9980656391989138,13.494529494258675,38.31540991165972,22.830282409033984,1.86080538532487,4.078564412733184,0.148236585919794,False,False
7.006235700764207,0.10109447871453982,0.0,47.434764830806145,0.2685084473696047,9.2916776478413,1.835883882488817,17.27410616187085,4.099465639034788,8.026839686169284,38.700073096197066,22.830282409033984,4.028050037251778,4.8929463845224515,0.148236585919794,False,True
7.4522704614042095,0.09250365794821015,0.0,68.23378097425893,0.23882559703102713,10.05242348893022,2.3533336153198254,16.894286158024737,0.5307325730925379,10.37973387620442,40.60370405514033,22.830282409033984,1.023634117391612,5.720708478873456,2.0169183322389284,False,True
7.441105278344983,0.08775959153064315,0.13867649791629014,45.51855984784461,0.42304046323652705,10.349301176214704,1.6647840154917224,17.27410616187085,1.052275865863814,10.37973387620442,42.87785020590188,22.830282409033984,1.86080538532487,2.9203997749852273,0.8045463208149586,False,False
6.986942150238075,0.09780215080140361,0.0,47.356159291700195,0.23806746361124964,9.213436427590477,1.9440584961294074,16.894286158024737,0.5307325730925379,10.37973387620442,40.281479751451606,22.830282409033984,3.4174518144035932,5.517796831869328,0.148236585919794,True,True
7.3828798749330815,0.08065498318827194,0.41845455487385125,33.09393893743261,0.6180760318757299,10.63665320982787,2.3147559748279165,18.084937722683698,2.1956810747997624,10.37973387620442,42.25061447416276,22.830282409033984,0.4640758816305126,3.6514264279978907,0.14324813348697157,True,False
7.169905289640168,0.09653737076674636,0.0,44.38580497723366,0.2639473122711153,9.5315751384688,1.9987635482732804,17.27410616187085,0.5307325730925379,10.37973387620442,44.21435547170921,19.73864619489354,3.4174518144035932,4.29673732190605,0.148236585919794,False,True
7.709061269811342,0.07920704217135267,0.48982511075054425,34.60967833980879,0.7149574675198926,11.352732168453453,2.2854371560376467,17.016663787579137,5.044255422419603,10.243822843394298,43.4269629560292,21.910951632338765,0.3640980453891385,1.3177514880328864,0.6754938248169686,False,False
7.270619082669349,0.0843373555914368,0.32445906614241854,37.31815576461429,0.5790674572295578,10.357229562995698,2.116732090649918,17.27410616187085,3.9587657997440795,10.37973387620442,40.59349162122526,21.910951632338765,0.3640980453891385,5.370616277307692,0.148236585919794,False,False
7.041429957938014,0.09620888913860684,0.04143266466791098,45.948601301851845,0.320448219159487,9.476375813740134,2.0557480206825693,16.894286158024737,1.9980656391989138,10.243822843394298,39.52227826218179,22.830282409033984,2.9552315546541097,5.370616277307692,0.18541685620447262,False,False
7.58569338350483,0.09914659603452085,0.0,77.07286515391783,0.08325993218413774,9.909157781889588,1.687035786012559,17.060143271282318,1.9980656391989138,8.026839686169284,42.922488100777066,20.39476232529814,2.215938304697937,4.8929463845224515,2.4888162880538927,False,True
7.388006487935513,0.08636278339681118,0.2166252646378743,45.29520561423781,0.5052764121277983,10.398767640134668,1.6403593713818043,16.894286158024737,3.9587657997440795,10.37973387620442,41.718650699650226,20.638355318862736,0.3640980453891385,5.370616277307692,0.6754938248169686,False,False
7.480977984172042,0.08414659303605321,0.45138492928775353,31.401145518863192,0.6287106684552078,10.798507886574658,2.039924569079146,17.016663787579137,3.9587657997440795,10.243822843394298,42.62367170097094,22.830282409033984,1.86080538532487,1.3177514880328864,0.148236585919794,False,False
7.53112361065885,0.08328425991636769,0.4531728939642995,31.344512943991866,0.6297904721315817,10.867669105930252,1.6204474592680649,17.016663787579137,3.9587657997440795,10.243822843394298,43.73577255499964,21.910951632338765,1.6308550377067195,1.3177514880328864,0.18541685620447262,False,False
7.197225107686456,0.09480242791909677,0.14298150656951011,42.96958160275773,0.42758224736567413,9.932248477460973,1.3029719786662912,17.060143271282318,3.9587657997440795,10.430932677418097,41.32996739599716,19.72766341969585,2.3765434827693004,4.930567096888731,0.18541685620447262,False,False
7.448471811549389,0.08134773677916216,0.2873392386161807,38.39583350824996,0.5552531443912626,10.600513440676977,2.1996758823542164,17.27410616187085,2.1956810747997624,10.37973387620442,42.716976146262986,22.830282409033984,0.4640758816305126,3.6514264279978907,0.4877180221995935,True,False
7.427907640037688,0.08478496718471017,0.2428497948686667,41.90957182347324,0.5329432915212843,10.589810067582373,2.234697150692223,17.060143271282318,0.5307325730925379,12.430870142519446,42.1060759585447,22.830282409033984,1.0781603382690768,3.288241482440969,0.6754938248169686,False,False
7.0856766419224275,0.09511922887625351,0.16363214202270143,43.817241479775134,0.4493686677687909,9.841847652973172,2.294938092500943,17.27410616187085,3.9587657997440795,10.37973387620442,38.10997092226889,22.3448466236303,2.3765434827693004,5.370616277307692,0.18541685620447262,False,False
7.152117356154486,0.09845457818933985,0.08714511495129082,52.60958332026007,0.3686748542084527,9.799888991374585,1.8443983058350462,17.27410616187085,3.9587657997440795,10.37973387620442,38.767299039378685,20.638355318862736,2.3765434827693004,5.929702496352965,0.6754938248169686,False,False
7.404023525310745,0.09294807756908713,0.0,60.09280242173052,0.2551844306611577,9.92620743512565,2.282300596364805,17.016663787579137,2.886310337103055,8.026839686169284,41.11329070131238,22.830282409033984,1.7898739452168555,4.8929463845224515,1.443792749062851,False,True
7.030984224696925,0.09555281236892368,0.022108896630242972,45.57972536056697,0.3000616438797472,9.415580301995528,1.960230494694768,17.060143271282318,1.052275865863814,10.37973387620442,40.156148722786064,22.830282409033984,2.9219585918397577,5.451220677069852,0.148236585919794,True,False
7.288932668033889,0.08449238019372009,0.30391898648425153,37.77477485782519,0.5639003418238184,10.339962311941433,1.7917604195825938,17.27410616187085,3.9587657997440795,10.430932677418097,41.652793044555175,20.638355318862736,0.21894975692259722,5.677860654706674,0.148236585919794,False,False
7.447724194138893,0.08849924308294392,0.11018585078348533,44.757498184973194,0.39298283051141797,10.262832809008497,1.9524885523150428,17.27410616187085,1.052275865863814,10.37973387620442,44.83098808461538,20.638355318862736,1.86080538532487,3.288241482440969,0.6754938248169686,False,False
7.513361417108758,0.08147039697915844,0.2834740387822425,42.468780622135284,0.5758018688501068,10.801634200454881,2.2148202841172453,18.084937722683698,1.9980656391989138,10.37973387620442,42.06568942171285,22.830282409033984,0.14715878250727904,3.6514264279978907,0.8427057206609756,False,False
7.6534671722489325,0.08041300899499594,0.4556832162465103,35.39717797404402,0.6901524754448893,11.272420636314546,2.1431180423542577,17.524592038957806,2.1956810747997624,12.050574529238276,43.65903591033181,21.910951632338765,0.6659195014837315,1.3177514880328864,0.6754938248169686,False,False
7.174882637618815,0.09074623107871506,0.2108068928985633,40.36978168694799,0.4991380299428252,10.117804516265766,1.7755530962670372,17.27410616187085,0.5307325730925379,13.494529494258675,41.184917663572065,20.626648787036846,1.6487386070484078,5.0920901272008186,0.148236585919794,False,False
7.065677353357652,0.0941828125209445,0.006545219939431576,45.64273090621474,0.2836419649709412,9.406433933666507,1.669462654095192,16.501519033331263,1.1531153549500703,10.243822843394298,40.91279469639957,22.830282409033984,2.7274259135673202,5.451220677069852,0.17981907225363664,True,False
7.425628511237002,0.08471887301165335,0.2334787784879988,46.00949514450955,0.5230568692396796,10.554867982340294,1.9759691370487276,18.084937722683698,1.9980656391989138,10.772540609194113,41.84724262779678,21.293504901877526,0.14715878250727904,5.013843996080715,0.8427057206609756,False,False
7.669489120589101,0.08080817856694684,0.5718522080521388,33.85122099479786,0.79069493699673,11.603026231418855,2.1122705984829175,21.556481788568924,2.202625441306154,10.243822843394298,43.00137124962889,20.638355318862736,0.3640980453891385,1.3177514880328864,0.6754938248169686,False,False
7.14193802473549,0.0961933306295553,0.022915040398027702,45.619953544188036,0.3009121255547601,9.565531045203684,1.7754822791010907,17.27410616187085,1.717050079738493,10.37973387620442,43.0939237575803,19.176720461715135,2.7274259135673202,5.451220677069852,0.17981907225363664,False,False
7.438614833031697,0.08228712805205089,0.502223328897903,32.52873231548696,0.6984030352740527,10.938521483844715,1.8742862905315985,17.27410616187085,1.9980656391989138,13.512378507982465,42.676666920974405,20.601048549697417,0.4640758816305126,3.288241482440969,0.18541685620447262,False,False
7.054988596434054,0.10013330260105834,0.0,54.98841770605937,0.2150567712643695,9.333380461750426,2.178889468256931,17.27410616187085,0.5307325730925379,10.430932677418097,39.32320370749464,22.830282409033984,3.4174518144035932,5.517796831869328,0.6754938248169686,False,True
7.405558125007143,0.08027160968758523,0.5456373921029586,31.66471455810693,0.7319004780889286,10.967987767424322,2.3592073394140685,17.060143271282318,1.9980656391989138,13.512378507982465,40.90652207693429,22.830282409033984,0.21894975692259722,3.288241482440969,0.18541685620447262,True,False
7.128501562443703,0.08976020284005842,0.08118823957299842,42.469170022015874,0.3623903506843542,9.671558626137061,1.943387857658903,16.894286158024737,1.052275865863814,10.37973387620442,41.383159042558525,22.830282409033984,1.86080538532487,5.451220677069852,0.148236585919794,False,False
7.013579923602315,0.10433752934736323,0.18132802070101878,46.01095098474818,0.4680378197744157,9.931070393391769,2.1164951755374,22.281882025587016,1.9980656391989138,10.430932677418097,38.64880065365554,17.556833771947716,3.4174518144035932,5.517796831869328,0.148236585919794,False,False
6.93065097560574,0.10622373490103698,0.0,52.02981971002849,0.1365300458807447,8.919677196084084,2.37220945689675,16.894286158024737,1.052275865863814,10.37973387620442,40.76252617224655,20.42561240607465,4.787949617462863,5.517796831869328,0.17981907225363664,False,True
7.317321835967021,0.0889934366186975,0.17636148098125806,38.680267228678844,0.44222220337013984,10.128551779739709,2.0529782806426318,14.630706240373488,1.1531153549500703,13.512378507982465,43.688588101704234,21.293504901877526,2.2480485544667856,3.288241482440969,0.18541685620447262,False,False
7.362381647540635,0.08221834448683338,0.2833686944623478,35.07303126754097,0.5037445128598907,10.328697280573396,2.351141796750452,17.27410616187085,1.052275865863814,10.37973387620442,43.717834352895274,22.830282409033984,1.0781603382690768,3.519370409942785,0.148236585919794,True,False
7.030606202893247,0.0960346168031673,0.14628950078758995,44.70470982918366,0.43107218126574837,9.716278450377171,2.3351671390282123,17.27410616187085,3.9587657997440795,10.37973387620442,37.58806497350829,22.3448466236303,2.3765434827693004,5.929702496352965,0.148236585919794,True,False
6.902978565324088,0.10431602339791667,0.0,50.34366708947996,0.1643847735306066,8.951923985381253,2.280382751398545,16.894286158024737,0.5307325730925379,10.37973387620442,39.33668865306084,22.830282409033984,4.787949617462863,5.0920901272008186,0.148236585919794,False,True
7.030606202893247,0.0960346168031673,0.14628950078758995,44.70470982918366,0.43107218126574837,9.716278450377171,2.3351671390282123,17.27410616187085,3.9587657997440795,10.37973387620442,37.58806497350829,22.3448466236303,2.3765434827693004,5.929702496352965,0.148236585919794,True,False
7.120485275961386,0.0966801971716054,0.0033528072543193297,52.692855215417396,0.2802739695881478,9.56319383813395,2.049475429525247,17.27410616187085,1.052275865863814,10.37973387620442,39.6094612715728,22.830282409033984,2.7274259135673202,5.451220677069852,0.6754938248169686,False,False
7.0757513549229225,0.10399669499540934,0.0,57.745464817628175,0.08980831430050507,9.032284939287857,1.9217436484217596,15.887968707533002,1.052275865863814,10.243822843394298,41.8368405073125,20.638355318862736,4.214022255146838,5.451220677069852,0.6754938248169686,False,True
7.386095902709415,0.08151443645454873,0.45556448867283306,32.6471139617244,0.6508638204863482,10.732534850970248,2.349859159901272,17.27410616187085,1.9980656391989138,12.050574529238276,41.773328936799125,22.830282409033984,0.6659195014837315,3.25948623645533,0.148236585919794,False,False
7.391573953284714,0.08385584922819687,0.6582154165541317,31.146888275010546,0.843295979541028,11.226002677993439,2.1236380550006984,17.27410616187085,4.91516339273919,13.512378507982465,37.83444292098005,22.830282409033984,0.6004304710454126,2.847779280143571,0.18541685620447262,False,False
7.3624966551177415,0.08377433909195586,0.257761066775966,41.39695340257242,0.548674683383485,10.481600512727764,2.0733290845583827,16.110894588464497,1.1531153549500703,13.512378507982465,42.18822283835556,21.293504901877526,0.21894975692259722,5.013843996080715,0.509090055366574,False,False
6.86226587731651,0.10742169856639329,0.0,51.221256531686976,0.1954317638699597,8.97614270191485,1.6845917572777869,16.894286158024737,1.9980656391989138,10.37973387620442,37.49660239627361,22.830282409033984,5.160702808143724,5.0920901272008186,0.148236585919794,False,True
7.78755165087476,0.09575544528355923,0.0,85.86303090633815,0.23718418768639565,10.685604648662235,1.9561843433572188,17.27410616187085,2.202625441306154,10.37973387620442,40.347953855232085,20.638355318862736,0.3640980453891385,5.370616277307692,3.422511023826919,False,True
7.232187599062485,0.08915492742600331,0.20376542623065022,39.28978055325724,0.47981338630042514,10.070763856106788,2.2326540887483453,16.06239902309774,3.9587657997440795,10.37973387620442,40.46303959876906,22.830282409033984,1.86080538532487,4.29673732190605,0.148236585919794,False,False
7.1738843432967565,0.08999127848143493,0.4122378083344786,38.01607466767824,0.6816130262834024,10.539290764174098,1.9680815088783732,17.27410616187085,3.9587657997440795,13.494529494258675,37.043159860397935,21.910951632338765,1.0781603382690768,5.0920901272008186,0.148236585919794,False,False
7.175624747281689,0.09268248811598286,0.19210963791100263,41.129941226570224,0.4794124259309487,10.030544427812167,1.9643826080056328,16.894286158024737,3.9587657997440795,10.37973387620442,39.07823409611296,22.830282409033984,2.3765434827693004,4.29673732190605,0.18541685620447262,False,False
7.37848523446498,0.0918383027400828,0.3202890051100131,35.37222747124024,0.5469562649827456,10.497668874966518,1.4967354867290024,17.27410616187085,3.9587657997440795,10.37973387620442,41.80724375125374,21.910951632338765,3.2032107046354623,1.3177514880328864,0.148236585919794,False,False
7.4159318651892105,0.09371594261410507,0.11751661282461755,44.34044639600965,0.4007167844648124,10.235973649554364,1.8870304696880988,18.084937722683698,2.1956810747997624,10.516397600234132,45.74034288479581,16.946952784519816,2.3765434827693004,3.6514264279978907,0.4877180221995935,False,False
6.90432017074072,0.10323076244053023,0.0,49.97822761636855,0.19698437378326406,9.021638907619181,2.0790603916273507,16.894286158024737,1.052275865863814,10.37973387620442,38.86058233835032,22.830282409033984,4.383382089533076,5.451220677069852,0.148236585919794,True,True
7.309113474309642,0.08793757609445604,0.4674855017608143,33.91603654862387,0.681511093933823,10.762773748568634,2.2556109660440304,17.671431893942987,1.9980656391989138,13.494529494258675,39.45511172602136,22.830282409033984,1.86080538532487,2.5415368662994084,0.148236585919794,False,False
7.470537553790498,0.0942892686786423,0.05367088258838928,45.96526657055507,0.3333595390655916,10.1328306697468,1.967916338848267,16.894286158024737,3.9587657997440795,8.03667131459137,44.4992040943018,20.638355318862736,3.4174518144035932,1.8797716752547173,0.6754938248169686,False,False
7.255416481903777,0.08340694703228857,0.4161860699508905,36.13980336663865,0.6590586429661577,10.579332362775654,2.282672086966622,16.894286158024737,1.9980656391989138,13.512378507982465,39.34677667655212,22.830282409033984,0.21894975692259722,5.013843996080715,0.18541685620447262,True,False
7.183719188307559,0.08633774078197357,0.1331799629625876,40.378695893621696,0.4172416188603708,9.872159394768264,2.377718818936966,17.27410616187085,1.052275865863814,10.243822843394298,41.814874205618445,22.830282409033984,1.1851812512289528,5.451220677069852,0.148236585919794,True,False
7.821003534838548,0.09060851926906795,0.2340032609199347,64.94642818168292,0.523610198205372,11.349906561551634,2.1908977792302826,16.894286158024737,2.8508724440716176,12.430870142519446,39.60716993203205,22.830282409033984,1.0781603382690768,1.7821007666906648,2.5262578093584196,False,False
7.272704810489758,0.09784465644751898,0.3989690491245229,37.371561997548795,0.6584360423075306,10.6388789439699,1.5701636146575149,17.060143271282318,6.641893630379415,12.050574529238276,37.58089198430452,20.993602354277275,3.4174518144035932,2.107205830194814,0.148236585919794,False,False
7.374244858371022,0.081601909963291,0.5404410516260504,31.785368730111237,0.7281365633566323,10.922013392226878,2.21438027894273,17.27410616187085,1.9980656391989138,13.512378507982465,40.48461333192251,22.830282409033984,0.4640758816305126,3.288241482440969,0.148236585919794,True,False
6.86955542986869,0.1055337030353792,0.0,51.84891774195183,0.15936102058490764,8.894219750718424,2.1141750121981415,16.894286158024737,1.052275865863814,10.243822843394298,38.493767202097345,22.830282409033984,4.787949617462863,5.517796831869328,0.17981907225363664,False,True
7.087660967361483,0.0960754550450443,0.0,45.76858254531854,0.2743307713182539,9.426358942446566,2.077243901787847,17.060143271282318,1.052275865863814,10.37973387620442,42.29812690360833,20.68830422821172,2.9219585918397577,5.451220677069852,0.148236585919794,False,True
7.0214825871975,0.10302600745916188,0.0,49.41041068292558,0.1852888263695328,9.149372319549503,2.036001974603823,17.27410616187085,1.052275865863814,10.37973387620442,42.558072763290276,19.019498113649632,4.11685595613136,5.451220677069852,0.148236585919794,False,True
7.461270743193253,0.08394146805707191,0.4521591581599504,31.2541635433887,0.6274343237249378,10.80991322434841,2.1944368267355374,18.373936191580036,2.1956810747997624,10.37973387620442,42.893572989104236,22.830282409033984,1.86080538532487,1.3177514880328864,0.148236585919794,False,False
7.2041332336433115,0.10288598621427775,0.1610766551109509,41.1096055232923,0.44667262907689415,10.051527255529011,1.8662908843213908,17.016663787579137,4.998676123326382,10.37973387620442,39.067283698454894,21.910951632338765,5.160702808143724,1.3177514880328864,0.148236585919794,False,False
7.349953438252207,0.092255373513399,0.25403811108022617,47.22990435850993,0.5447469651244795,10.536342670790063,2.0549783505757873,18.084937722683698,4.148202053928648,10.37973387620442,38.20190640416551,22.830282409033984,1.86080538532487,3.6514264279978907,0.8427057206609756,False,False
6.911651043737267,0.10232622539028977,0.0,49.87806911999742,0.1825160240911054,8.995161510247044,2.3715192412943424,16.894286158024737,0.5307325730925379,10.37973387620442,39.43427477225944,22.830282409033984,4.264656793595753,5.517796831869328,0.148236585919794,True,True
7.3268772622298135,0.08551703636149484,0.1683892614508421,37.2263872736551,0.41310694701747763,10.06219089892256,2.2893734782648365,17.060143271282318,1.052275865863814,9.596565698406014,44.10464394436194,22.830282409033984,1.9196107426911695,3.288241482440969,0.148236585919794,False,False
7.123840827792832,0.08965249314047531,0.07823404957852978,42.44119864850975,0.35927368024018985,9.668704601383352,2.0818732463801695,17.27410616187085,0.5307325730925379,10.37973387620442,41.52488233148369,22.830282409033984,1.86080538532487,5.451220677069852,0.148236585919794,True,False
6.8592369793727705,0.10564303337832208,0.0,51.30509208786909,0.1751775802131098,8.920501274019513,2.1461002424345317,17.060143271282318,1.052275865863814,10.37973387620442,38.22358154236348,22.830282409033984,4.787949617462863,5.517796831869328,0.148236585919794,True,True
7.035558000367793,0.09567282581699228,0.019730070678749847,46.04421142870665,0.29755198250092196,9.420074166782978,1.9548922077977666,17.060143271282318,1.052275865863814,10.37973387620442,40.124566236452225,22.830282409033984,2.9219585918397577,5.451220677069852,0.17981907225363664,True,False
7.569478959833674,0.08986626802322467,0.40516502836224155,49.39494536275596,0.7041858628570058,11.284212609930842,1.438892102161749,17.27410616187085,4.878641716150349,13.512378507982465,38.419793067017366,20.638355318862736,0.6659195014837315,3.288241482440969,1.3225642441915373,False,False
7.169224578708747,0.08825550288014145,0.3294467541323136,38.85404716964318,0.6062019499866851,10.356795179845696,2.2864855913752558,17.060143271282318,1.9980656391989138,13.494529494258675,38.26131186455174,22.830282409033984,1.0781603382690768,5.0920901272008186,0.18541685620447262,False,False
6.9700234193431365,0.09939508595454655,0.04092828443320458,46.97075944475531,0.31991609801187176,9.394808025088988,1.8837115069705812,17.27410616187085,2.1956810747997624,10.430932677418097,38.18551244468459,22.830282409033984,3.4174518144035932,5.517796831869328,0.148236585919794,False,False
7.22299223374892,0.08537032083979805,0.13790139598997941,39.56781397762006,0.41428628167891335,9.909531765368605,2.2312789946175733,16.894286158024737,1.052275865863814,10.243822843394298,42.5538247593336,22.830282409033984,1.1851812512289528,5.0920901272008186,0.148236585919794,True,False
7.398120158066441,0.0878076756285302,0.2903125739870792,34.54450755641777,0.5035436503698925,10.413811790146594,2.1309228526070227,17.27410616187085,1.9980656391989138,10.243822843394298,43.33662919302403,22.830282409033984,2.7546868212642615,1.4141703462938724,0.148236585919794,False,False
7.11578201725265,0.09013672908381457,0.0725980607466137,42.71113216988053,0.35332771202251834,9.645341467458293,2.0543263819104975,17.27410616187085,0.5307325730925379,10.37973387620442,41.43420144321791,22.830282409033984,1.9514862735906535,5.451220677069852,0.148236585919794,True,False
7.192806737033165,0.08843483335138756,0.2457222280345056,39.60218362141043,0.5285267142808096,10.189350284430901,1.7953542628898362,16.894286158024737,1.052275865863814,13.494529494258675,41.04572319650202,20.835567684092034,1.0781603382690768,5.451220677069852,0.148236585919794,False,False
7.060315438668025,0.10690457442574022,0.0,65.4449634225417,0.12467454447074383,9.207195862158878,2.099148682125759,17.060143271282318,1.052275865863814,10.37973387620442,37.679525753896776,22.830282409033984,4.264656793595753,5.517796831869328,1.215585198253613,False,True
7.213623590602309,0.08885529849796421,0.2546904597197535,39.88762752562738,0.5420531779227322,10.24967675732359,1.698676193339208,17.27410616187085,1.9980656391989138,12.67339684593195,40.78188256235431,20.638355318862736,1.0781603382690768,5.370616277307692,0.18541685620447262,False,False
7.709686592370543,0.07857772626258099,0.46027876213098273,34.70645391246242,0.6851642413580433,11.290807698533639,2.336984202335818,17.27410616187085,3.9587657997440795,10.243822843394298,44.25501020441301,21.910951632338765,0.3640980453891385,1.3177514880328864,0.6754938248169686,True,False
7.225317639937816,0.09518295761369404,0.1502297237687578,45.78863200310109,0.43522911651088036,10.029008100278716,1.6647289587994993,17.27410616187085,3.9587657997440795,10.37973387620442,40.24641939307061,20.638355318862736,2.3765434827693004,4.699840313953226,0.42623565352478465,False,False
7.445150804307558,0.08429647585032413,0.1939782943564147,44.44119174044157,0.48138385848085846,10.39040002551004,1.7631391413795043,15.887968707533002,3.9587657997440795,10.37973387620442,43.148642588715376,20.638355318862736,0.21894975692259722,5.0920901272008186,0.6754938248169686,False,False
7.244687881290719,0.09358422552807438,0.17544768281084283,40.74528352236205,0.4618340633002801,10.080700529219614,1.267077682735509,17.27410616187085,3.9587657997440795,10.37973387620442,41.82723057669196,19.73864619489354,2.3765434827693004,4.29673732190605,0.148236585919794,False,False
7.343030031938205,0.08902884220303077,0.007096888711711447,45.057208759447946,0.28422397552569645,9.757970363978222,2.042546998427483,13.943222522117564,2.1956810747997624,10.37973387620442,44.13539218487749,22.830282409033984,2.3765434827693004,3.6514264279978907,0.4877180221995935,False,False
7.1178883619867035,0.09537234247080528,0.1520057907635138,43.38716207370592,0.43710286719034797,9.848920282206516,1.9884695484206814,17.27410616187085,3.9587657997440795,10.430932677418097,39.55286850900862,20.887930505961574,2.3765434827693004,5.370616277307692,0.148236585919794,False,False
7.082667917723816,0.09251424428041168,0.04913414071072192,44.00438878101399,0.3285732763846525,9.538683237824443,1.836759586806724,16.894286158024737,1.052275865863814,10.37973387620442,40.8674209451141,22.830282409033984,2.3765434827693004,5.451220677069852,0.148236585919794,False,False
7.405558125007143,0.08027160968758523,0.5456373921029586,31.66471455810693,0.7319004780889286,10.967987767424322,2.3592073394140685,17.060143271282318,1.9980656391989138,13.512378507982465,40.90652207693429,22.830282409033984,0.21894975692259722,3.288241482440969,0.18541685620447262,True,False
6.997432548785971,0.09779633531690123,0.0,47.649850693151144,0.23808837394499427,9.232253131609816,1.9036489227472133,16.894286158024737,0.5307325730925379,10.37973387620442,40.316473419917244,22.830282409033984,3.4174518144035932,5.451220677069852,0.17981907225363664,False,True
7.346572123867563,0.09882073385502244,0.1359928126399803,46.36196903384605,0.42020917527002016,10.233476207101898,2.0199953960466113,16.894286158024737,3.862718154289827,10.243822843394298,39.91098832881154,22.830282409033984,4.264656793595753,1.3177514880328864,0.6754938248169686,False,False
7.310917553664702,0.10253886800545482,0.10825297501899306,48.06340408455366,0.39094364657987857,10.134744479278062,1.9170764308613548,17.27410616187085,3.9587657997440795,10.243822843394298,39.767905009118294,21.910951632338765,4.851203240683862,1.3177514880328864,0.6754938248169686,False,False
7.2805082186851005,0.08394540000357807,0.30106828705985106,37.459705063740785,0.5564059752659964,10.303983586140221,2.0131175609389382,16.894286158024737,3.9587657997440795,10.243822843394298,41.109222657881496,21.910951632338765,0.3640980453891385,5.370616277307692,0.148236585919794,False,False
6.90028218650046,0.10471239630042284,0.0,50.261205791995295,0.18410739845840657,8.99466707261868,1.9528715483425378,16.894286158024737,1.052275865863814,10.37973387620442,38.81514536028956,22.830282409033984,4.787949617462863,5.0920901272008186,0.148236585919794,False,True
7.142530257092936,0.0907784478002514,0.03178388406443148,43.0406040317788,0.3102687556228161,9.54209274789787,1.3677219634998912,13.943222522117564,0.5307325730925379,12.863181313280318,42.377234016897766,22.830282409033984,2.3765434827693004,4.930567096888731,0.148236585919794,True,False
7.339824983712585,0.08621050948005951,0.18479830693291305,37.17636199779797,0.4297060848541002,10.126365923379527,2.1582336785557654,16.894286158024737,1.052275865863814,10.37973387620442,44.40666365651633,21.910951632338765,1.9196107426911695,3.288241482440969,0.148236585919794,False,False
7.282481454472358,0.09279028452688318,0.1924175659736734,54.174564971717466,0.4797372900370664,10.325991028442258,2.1076761623773614,17.27410616187085,2.256863088856377,12.398768326854487,37.492507398352714,22.830282409033984,1.2413987196513188,5.370616277307692,1.1354576180725744,False,False
7.55899643183664,0.0910296903809575,0.07062240652245477,63.84037603536923,0.3512433968160307,10.451056441913288,1.092078680425074,17.27410616187085,2.1956810747997624,10.37973387620442,41.53330360176889,20.944815934350153,0.6659195014837315,5.0920901272008186,1.914349722321378,False,False
7.210981216087253,0.08602667011528896,0.23692421528929872,38.9151990028684,0.5094615288886858,10.166755944803338,2.2094114199257526,17.060143271282318,0.5307325730925379,12.430870142519446,40.953827312709436,22.830282409033984,1.0781603382690768,4.930567096888731,0.18541685620447262,False,False
7.187026964205902,0.09696857652911375,0.07335525482385644,47.218513854635745,0.3541265517740095,9.823406511384498,1.5398877011784353,17.27410616187085,1.9980656391989138,10.37973387620442,39.961215649090754,22.830282409033984,3.4174518144035932,3.6514264279978907,0.4877180221995935,False,False
7.442672706325271,0.08127989938879433,0.3268493198940189,37.89372110327706,0.5897857456240323,10.695230587149776,2.2021035162752223,18.084937722683698,1.9980656391989138,10.37973387620442,42.20373785729236,22.830282409033984,0.3640980453891385,3.6514264279978907,0.4877180221995935,True,False
6.91628414324221,0.10500826968771163,0.0,51.35053723227076,0.1148215655137379,8.799370462873126,1.8297038667835308,14.954308850191532,1.9980656391989138,10.243822843394298,39.72899892788935,22.830282409033984,5.004194617171299,5.0920901272008186,0.148236585919794,False,True
6.990162394291476,0.09807269477133879,0.0,47.1029033275268,0.2603206602516195,9.270502354059792,2.017620415019413,16.894286158024737,1.052275865863814,10.37973387620442,39.8265126134798,22.830282409033984,3.4174518144035932,5.451220677069852,0.148236585919794,False,True
7.21011168226078,0.08816579571218047,0.10366903248958753,40.318378149825826,0.38610758721135574,9.852084962099457,2.014675505715949,17.27410616187085,0.5307325730925379,10.37973387620442,42.79859595498191,22.398875979738378,1.86080538532487,4.608913482867234,0.148236585919794,False,False
7.175221912990582,0.0984357960695454,0.0,58.681584443478016,0.259692679109639,9.644635709989467,2.052062580298405,16.894286158024737,1.052275865863814,11.021167271939476,38.938170848077434,22.830282409033984,2.7274259135673202,5.451220677069852,1.085170856423392,False,True
7.416959924323305,0.0876238530844765,0.24774848918459477,45.431713918572235,0.5381114140245884,10.600021388016996,1.8981249749930402,18.084937722683698,2.8012447475466793,10.37973387620442,40.224487844643406,22.830282409033984,1.1851812512289528,3.6514264279978907,0.8427057206609756,False,False
7.005630993971048,0.10008064751749719,0.12322579688561992,45.63227423233669,0.40673997364917,9.635268239890785,2.111823568492404,16.894286158024737,4.723330958425118,10.243822843394298,36.65049910359765,22.830282409033984,3.4174518144035932,5.0920901272008186,0.148236585919794,False,False
7.298461891672836,0.08676046342724791,0.22448452289247178,37.27224865183032,0.47294055531854595,10.172344281569908,1.84031376617904,16.894286158024737,1.9980656391989138,10.37973387620442,42.404850560517175,22.830282409033984,1.86080538532487,3.483739385776103,0.148236585919794,False,False
7.332412732926681,0.08473374278589967,0.45018718363874693,34.27058491281795,0.6683104575038807,10.729201238478646,2.2555005934046517,16.894286158024737,1.9980656391989138,13.512378507982465,40.213168608845386,22.830282409033984,1.0781603382690768,3.288241482440969,0.18541685620447262,False,False
7.128501562443703,0.08976020284005842,0.08118823957299842,42.469170022015874,0.3623903506843542,9.671558626137061,1.943387857658903,16.894286158024737,1.052275865863814,10.37973387620442,41.383159042558525,22.830282409033984,1.86080538532487,5.451220677069852,0.148236585919794,False,False
7.488748518225463,0.08328064724764932,0.5395837505468407,30.491739001805847,0.7088096540515567,11.051415138859966,2.1344951181392386,16.894286158024737,1.9980656391989138,13.512378507982465,42.447051952499976,22.15427812363418,1.4626098560121763,1.3459129064430728,0.18541685620447262,False,False
7.113085638429022,0.09053310198632072,0.0912924919577985,42.62867087239585,0.3730503369503183,9.68808455469572,2.08049733570305,17.27410616187085,1.052275865863814,10.37973387620442,40.91265815044664,22.830282409033984,1.9514862735906535,5.451220677069852,0.148236585919794,True,False
7.50698135321247,0.08185376078253626,0.2790120938479229,42.68248376176233,0.5710945169443996,10.783137886821962,2.166658328348526,18.084937722683698,1.9980656391989138,10.37973387620442,41.993898447297525,22.830282409033984,0.21894975692259722,3.6514264279978907,0.8427057206609756,False,False
6.98302006974178,0.11206488051535453,0.0,59.9204707100919,0.1404136065513641,9.050646200958088,1.9218228212387907,15.887968707533002,3.9587657997440795,10.37973387620442,37.94856680874713,20.638355318862736,5.419025536890839,5.0920901272008186,0.6754938248169686,False,True
7.1931180549116736,0.0862723834120548,0.12080073226824149,40.92249800461647,0.40418153047783567,9.850121111443757,2.236279231512421,16.894286158024737,1.052275865863814,10.37973387620442,42.0272006903206,22.830282409033984,1.1851812512289528,5.451220677069852,0.17981907225363664,False,False
7.0341955555445645,0.09629934233921611,0.15073583911213043,45.139090038771684,0.4357630681981385,9.736377421774431,2.3492551649017974,17.27410616187085,4.149176441823292,10.37973387620442,37.366071845095234,22.3448466236303,2.3765434827693004,5.929702496352965,0.17981907225363664,False,False
7.276890178155892,0.0899180280309308,0.06893746048687673,47.100013985656474,0.3494657787484959,9.917696735141465,1.8259170635518638,17.27410616187085,0.5307325730925379,10.37973387620442,42.33748218688972,22.398875979738378,1.86080538532487,4.608913482867234,0.6093503540119898,False,False
7.663659336543476,0.08581653829314077,0.0,60.95016689385166,0.26736397422690616,10.320502701329547,2.153373350005851,17.016663787579137,1.9980656391989138,8.026839686169284,45.655875734530674,20.39476232529814,0.21894975692259722,4.8929463845224515,1.7958966857787988,True,True
7.215429208046543,0.0907936886477218,0.2806020576120922,46.284458717627444,0.5727719287155982,10.427599313969727,2.0165276250180826,17.016663787579137,1.052275865863814,14.621169292937903,37.52684344133842,22.830282409033984,1.1851812512289528,5.0920901272008186,0.6754938248169686,False,False
7.329979608992663,0.08763557169400446,0.43350166951169006,34.18709873893875,0.6495183215191248,10.69752107854614,2.05535203013333,17.060143271282318,1.9980656391989138,13.512378507982465,40.456811450183835,22.398875979738378,1.86080538532487,2.564683180369424,0.148236585919794,False,False
6.911651043737267,0.10232622539028977,0.0,49.87806911999742,0.1825160240911054,8.995161510247044,2.3715192412943424,16.894286158024737,0.5307325730925379,10.37973387620442,39.43427477225944,22.830282409033984,4.264656793595753,5.517796831869328,0.148236585919794,True,True
7.710450498438056,0.0780497500023301,0.5461019922916079,30.081084304600836,0.7098383050058368,11.357095961523099,2.306046109766963,17.27410616187085,2.058168330936155,12.050574529238276,45.92529923655145,20.993602354277275,0.6659195014837315,0.6060942321174807,0.42623565352478465,False,False
7.055912303905467,0.10250011292172417,0.015138653487257256,56.979866421446914,0.2927080373638973,9.562582615710992,2.1727886408056527,18.084937722683698,1.9980656391989138,10.430932677418097,36.877827184731416,22.830282409033984,3.4174518144035932,5.517796831869328,0.8427057206609756,False,False
7.50698135321247,0.08185376078253626,0.2790120938479229,42.68248376176233,0.5710945169443996,10.783137886821962,2.166658328348526,18.084937722683698,1.9980656391989138,10.37973387620442,41.993898447297525,22.830282409033984,0.21894975692259722,3.6514264279978907,0.8427057206609756,False,False
7.318755673519677,0.0834544874465939,0.23157664250304982,38.254836724815625,0.49441568384624757,10.224999256807644,2.2898136014454575,17.27410616187085,2.202625441306154,10.37973387620442,43.58504802285454,20.638355318862736,0.3640980453891385,5.370616277307692,0.18541685620447262,True,False
6.997746718499863,0.09801492866187513,0.0,47.959791274751936,0.24340455383615728,9.253136808329005,1.9912771589690552,17.060143271282318,0.5307325730925379,10.37973387620442,40.12626316484435,22.830282409033984,3.4174518144035932,5.451220677069852,0.20417221406893898,False,True
7.529067224441703,0.08085416499294068,0.24987211096358125,42.70452990884341,0.5403518350014191,10.71647988929296,2.2910005030190495,17.27410616187085,1.9980656391989138,10.37973387620442,42.87652098252569,22.830282409033984,0.14715878250727904,3.6514264279978907,0.8427057206609756,True,False
7.232839243716696,0.08514605309850301,0.1104489666986606,40.11935083289971,0.39317835213994934,9.873345425889164,2.3112830789387027,16.894286158024737,0.8170466787798939,10.026050465526062,42.975243837951915,22.830282409033984,1.1851812512289528,5.0920901272008186,0.17981907225363664,False,False
7.748346149615149,0.07869258355860742,0.43259473389892755,34.8935094902415,0.6586214320837381,11.270174679711577,2.363063953104614,17.016663787579137,3.9587657997440795,10.243822843394298,45.785048892180754,20.638355318862736,0.3640980453891385,1.3177514880328864,0.6754938248169686,True,False
7.109075649137741,0.10280911984037194,0.024165834456156412,54.54878770844204,0.30223171328608595,9.594348365826079,1.874548043958987,16.894286158024737,3.9587657997440795,10.37973387620442,38.587564898907004,20.638355318862736,3.4174518144035932,5.451220677069852,0.672621456783577,False,False
7.3110068821366045,0.08876641789709831,0.1673264460540795,42.6172505329677,0.4532661585218948,10.221832932027514,1.7024954054843742,18.084937722683698,1.052275865863814,10.37973387620442,41.612951088298125,22.830282409033984,1.900674587718478,3.6514264279978907,0.4877180221995935,False,False
7.018377041595694,0.10096222624393686,0.08463413022885483,46.62268443120273,0.3660257653262827,9.563677393981555,1.9447169187877293,17.27410616187085,3.9587657997440795,10.37973387620442,38.38747181129057,21.010566108147756,3.4174518144035932,5.423667842418941,0.148236585919794,False,False
7.361012475481308,0.0883886036916598,0.09760369878335211,45.56018001376873,0.37970866015127736,10.059927122207654,2.1326884400454595,16.894286158024737,1.9980656391989138,10.243822843394298,44.43071762554501,19.609294116649263,1.1851812512289528,5.0920901272008186,0.5465422387580042,False,False
7.273405376770873,0.08377659676358483,0.4069623625487862,35.935149230571525,0.6464131717687458,10.570404323069765,2.313688304935585,15.887968707533002,1.1531153549500703,15.34795658326891,40.85817798232728,21.293504901877526,0.21894975692259722,5.0920901272008186,0.148236585919794,True,False
6.781551469994104,0.11075382642750306,0.0,53.78593608819202,0.14305942237094205,8.749640504169362,2.229137420025618,16.894286158024737,1.888723137098186,10.37973387620442,36.69135383211728,22.830282409033984,5.6495871697322695,5.517796831869328,0.148236585919794,True,True
7.406390169692894,0.08035507040848837,0.5511787553189864,31.582598302932393,0.7365772065817758,10.974659472593252,2.2679733060104574,16.894286158024737,2.301728410241127,13.512378507982465,40.77431420310049,22.830282409033984,0.21894975692259722,3.288241482440969,0.17981907225363664,False,False
7.148705433127378,0.09626655217130146,0.10891505806666274,49.161919198404206,0.39164214419517007,9.82141338594236,2.2086021093976624,16.894286158024737,3.9587657997440795,10.243822843394298,38.64186986901211,21.910951632338765,2.3765434827693004,5.451220677069852,0.522539537646862,False,False
6.9895148790167,0.100925261759048,0.0,49.39712107750807,0.18678405493630318,9.106783402832182,1.991858733069514,16.894286158024737,0.5307325730925379,10.37973387620442,41.20183820129533,21.42172313933662,3.9350485187720268,5.451220677069852,0.18541685620447262,False,True
7.517917454773826,0.08080065062994167,0.2518862915492429,42.6081144479161,0.5424767955192922,10.729411739104673,2.3840083653333735,18.084937722683698,1.1168204428610455,10.37973387620442,42.94693461805072,22.830282409033984,0.14715878250727904,3.6514264279978907,0.8427057206609756,True,False
7.152827054795059,0.08998451954957205,0.07072035775124837,42.55022697390111,0.35134673536240796,9.676184787125203,1.9775182254608723,16.894286158024737,1.052275865863814,10.37973387620442,42.30248981925374,21.910951632338765,1.86080538532487,5.451220677069852,0.148236585919794,False,False
7.151095805456058,0.08961188256301007,0.35942903322995384,38.97968845268352,0.6396224998746309,10.419087593627458,2.2172777216748907,17.27410616187085,2.7990011133903887,13.512378507982465,37.12154357308807,22.830282409033984,1.1851812512289528,5.0920901272008186,0.18541685620447262,False,False
7.090142005443571,0.0924561542011849,0.27531377152308145,40.57475597595504,0.5671927868916918,10.17233377821707,2.3144453959375904,17.27410616187085,1.9980656391989138,13.494529494258675,37.30188419719209,22.830282409033984,1.86080538532487,5.0920901272008186,0.148236585919794,False,False
7.1773285153785435,0.09322970369544004,0.03578462458802137,48.18765674484848,0.3144895368752034,9.652272768194436,1.6086614164496387,15.887968707533002,2.1956810747997624,10.37973387620442,40.74998230025912,22.830282409033984,2.3765434827693004,5.0920901272008186,0.4877180221995935,False,False
7.6558944137761475,0.07958597217798771,0.49657271618202037,31.916351754939924,0.6837207861346797,11.21705130710246,2.0242067846286123,17.27410616187085,2.1956810747997624,12.050574529238276,45.43137627218698,20.638355318862736,0.6659195014837315,1.3177514880328864,0.42623565352478465,False,False
7.543977293338479,0.07816850987814476,0.6006456947840121,28.543461847823615,0.7454847774659098,11.233064757316772,2.3690062490199066,19.597410867392515,0.5307325730925379,12.050574529238276,44.32170501662834,20.993602354277275,0.21894975692259722,2.107205830194814,0.17981907225363664,False,False
7.220689422150006,0.09725767698543741,0.06252148527345375,48.89023415769435,0.3426969248983346,9.85631484701432,1.6534407850895643,17.27410616187085,1.9980656391989138,10.37973387620442,40.32311813108924,22.398875979738378,3.3653234298883197,3.6514264279978907,0.6093503540119898,False,False
7.479328827062701,0.086620980806402,0.45041131278624363,32.0511194440042,0.6369397192633759,10.830257355410993,2.298206583667731,16.894286158024737,4.629307547889521,10.37973387620442,41.87881788808672,22.830282409033984,2.3765434827693004,0.8312095657376796,0.17981907225363664,False,False
6.855273031815919,0.10622574133638918,0.0,51.18386570237948,0.20417181878678003,8.983337903183935,1.8955534805178684,17.060143271282318,1.8189968633205507,10.37973387620442,37.45686054490674,22.830282409033984,4.787949617462863,5.517796831869328,0.148236585919794,True,True
7.343030031938205,0.08902884220303077,0.007096888711711447,45.057208759447946,0.28422397552569645,9.757970363978222,2.042546998427483,13.943222522117564,2.1956810747997624,10.37973387620442,44.13539218487749,22.830282409033984,2.3765434827693004,3.6514264279978907,0.4877180221995935,False,False
7.168432070043661,0.09792732918067454,0.06750357366532501,45.546908861569925,0.34795302815175877,9.728340308145238,1.426540113657946,16.894286158024737,2.058168330936155,12.050574529238276,43.391848580675074,17.241058954284114,2.7274259135673202,5.451220677069852,0.18541685620447262,False,False
7.046614530879618,0.09406316126909911,0.025964454774575093,45.00054325373061,0.3041292577220176,9.447649334784787,1.9939388825890594,17.27410616187085,0.5307325730925379,10.37973387620442,40.6559018328541,22.830282409033984,2.663209729154987,5.517796831869328,0.148236585919794,True,False
7.167052784249919,0.0879881664469839,0.3321040865555575,38.35545701798374,0.6019050612488702,10.33408633393801,2.314448496511559,16.894286158024737,1.9980656391989138,13.494529494258675,38.464349248093995,22.830282409033984,1.0781603382690768,5.0920901272008186,0.148236585919794,False,False
7.030606202893247,0.0960346168031673,0.14628950078758995,44.70470982918366,0.43107218126574837,9.716278450377171,2.3351671390282123,17.27410616187085,3.9587657997440795,10.37973387620442,37.58806497350829,22.3448466236303,2.3765434827693004,5.929702496352965,0.148236585919794,True,False
7.747503952015818,0.07872562796622184,0.434567224260768,34.880867829797026,0.6605223807437237,11.274740936950884,2.3509802872568017,17.060143271282318,3.9587657997440795,10.243822843394298,45.741569408477574,20.638355318862736,0.3640980453891385,1.3177514880328864,0.6754938248169686,True,False
7.149140406159733,0.0975966056302188,0.13501978760995248,41.048888603538174,0.4191826338633408,9.933313231474317,2.3286512993500783,16.894286158024737,0.5307325730925379,12.863181313280318,40.14376070049455,22.830282409033984,4.095846430752033,2.4936738294020335,0.148236585919794,False,False
7.87655917526136,0.09029277694679311,0.1438497796852424,72.23972025121145,0.42849827550277164,11.191938359926485,2.024507527450486,16.894286158024737,3.9587657997440795,10.37973387620442,40.45666382122029,21.910951632338765,0.3640980453891385,3.1293477413677735,2.906152925710793,False,False
7.264763112692867,0.0894841311767376,0.3771774402488042,36.317241755604265,0.620431421679114,10.540792479183109,1.980294308427225,17.27410616187085,1.9980656391989138,13.494529494258675,39.91240001831108,21.910951632338765,1.86080538532487,3.4009050827770415,0.148236585919794,False,False
7.3079930393785775,0.09842665597968035,0.0,66.88709824076224,0.20493587127579105,9.76007158364607,2.1912951440986763,16.894286158024737,1.052275865863814,10.37973387620442,39.31152312951707,22.830282409033984,2.3765434827693004,5.451220677069852,1.7041344015168225,False,True
6.8433057843102745,0.11024637238031541,0.0,52.75313095582467,0.15162677496365934,8.85430740573896,1.8844054666767815,17.016663787579137,1.9980656391989138,10.243822843394298,37.940582214636,21.910951632338765,5.6495871697322695,5.0920901272008186,0.148236585919794,False,True
7.6247273950088434,0.08740843849417045,0.07967266817343198,60.4781732058719,0.36079142285781163,10.525528706968583,1.1731412054473747,16.894286158024737,1.9980656391989138,10.243822843394298,43.561270206860065,20.39476232529814,0.21894975692259722,4.8929463845224515,1.7958966857787988,False,False
7.094727710800028,0.09310542789560247,0.002881675350029635,44.75225017221285,0.27977692542912214,9.449768658980185,1.701884179330306,16.894286158024737,0.2358378538229386,10.243822843394298,41.79643562270226,22.830282409033984,2.7274259135673202,5.0920901272008186,0.17981907225363664,False,False
7.077648822432001,0.09325206099642318,0.08393234148763999,43.85089361693113,0.36528537820430107,9.618246104151364,2.175892698740884,16.894286158024737,2.023087334300013,10.37973387620442,39.8966094766779,22.830282409033984,2.3765434827693004,5.451220677069852,0.148236585919794,False,False
6.8237084572302775,0.10931354082954145,0.0,52.82607765284081,0.12760961156057665,8.772673729660594,2.1901889605933746,16.894286158024737,1.052275865863814,10.37973387620442,37.953507808020156,22.830282409033984,5.6495871697322695,5.0920901272008186,0.148236585919794,True,True
7.183719188307559,0.08633774078197357,0.1331799629625876,40.378695893621696,0.4172416188603708,9.872159394768264,2.377718818936966,17.27410616187085,1.052275865863814,10.243822843394298,41.814874205618445,22.830282409033984,1.1851812512289528,5.451220677069852,0.148236585919794,True,False
7.6558944137761475,0.07958597217798771,0.49657271618202037,31.916351754939924,0.6837207861346797,11.21705130710246,2.0242067846286123,17.27410616187085,2.1956810747997624,12.050574529238276,45.43137627218698,20.638355318862736,0.6659195014837315,1.3177514880328864,0.42623565352478465,False,False
7.536080450470429,0.07932936105410592,0.6586557125245573,28.30195872399473,0.8032461233997956,11.358245774409648,2.3273912806537282,19.597410867392515,2.058168330936155,12.050574529238276,42.79426925878474,20.993602354277275,0.21894975692259722,2.107205830194814,0.17981907225363664,False,False
7.748346149615149,0.07869258355860742,0.43259473389892755,34.8935094902415,0.6586214320837381,11.270174679711577,2.363063953104614,17.016663787579137,3.9587657997440795,10.243822843394298,45.785048892180754,20.638355318862736,0.3640980453891385,1.3177514880328864,0.6754938248169686,True,False
7.551181241326163,0.07832835511192654,0.6054468929335249,28.76864645693605,0.7537568738958709,11.218559430820518,2.298280077707405,15.887968707533002,1.1531153549500703,15.34795658326891,44.11138234059969,20.993602354277275,0.21894975692259722,2.107205830194814,0.17981907225363664,False,False
7.314555929986102,0.08223367223855013,0.32929757684522093,36.15466923273931,0.5676029861104763,10.406842864103409,2.1512699337762644,15.887968707533002,1.1531153549500703,13.512378507982465,42.77200218873382,21.293504901877526,0.21894975692259722,5.013843996080715,0.148236585919794,True,False
6.892925073025961,0.10500105950334589,0.0,50.15077312100449,0.20071335294204212,9.034556135102397,1.9933509372471465,17.27410616187085,1.052275865863814,10.37973387620442,38.43532535644346,22.830282409033984,4.787949617462863,5.0920901272008186,0.148236585919794,False,True
7.035484503793254,0.09331086521927362,0.028940916888673087,45.20391609810093,0.30726942525239104,9.43289118377759,2.1976369458684637,17.27410616187085,0.5307325730925379,10.37973387620442,40.530662414756144,22.830282409033984,2.3765434827693004,5.929702496352965,0.148236585919794,True,False
7.046614530879618,0.09406316126909911,0.025964454774575093,45.00054325373061,0.3041292577220176,9.447649334784787,1.9939388825890594,17.27410616187085,0.5307325730925379,10.37973387620442,40.6559018328541,22.830282409033984,2.663209729154987,5.517796831869328,0.148236585919794,True,False
7.247539624731969,0.0960017432014218,0.3699630808391979,37.320823886455514,0.6271121892014428,10.606480872776864,1.3635826861043605,19.597410867392515,2.571082502507853,12.050574529238276,38.721365779923204,21.482100836370094,3.2904405821196097,2.107205830194814,0.17981907225363664,False,False
7.039847634741316,0.09458600463595321,0.015841915659211177,45.489017981406825,0.29344997895530867,9.400623595100909,1.922717939518017,16.894286158024737,1.052275865863814,10.243822843394298,40.49301009738239,22.830282409033984,2.7274259135673202,5.610660126813661,0.148236585919794,True,False
7.028370039955076,0.11207331597050427,0.0,69.52657262799181,0.05421357693229539,9.03171386171938,2.154154770294242,16.894286158024737,1.052275865863814,10.37973387620442,37.089356614397914,22.830282409033984,5.30932782245842,5.0920901272008186,1.3526471268158902,False,True
7.611520371261507,0.08301769183947603,0.20698813510823877,51.07799217023453,0.4951092404740329,10.797492453041588,2.172554136468882,17.27410616187085,1.9980656391989138,10.37973387620442,42.30717181238481,22.830282409033984,0.14715878250727904,3.6514264279978907,1.4120548908018584,True,False
7.0984447516458316,0.10255260836143723,0.2038496820717698,42.900774668295924,0.491798172520558,10.090704689839633,1.8307492293648229,19.36710163540129,2.058168330936155,12.050574529238276,38.035212734280634,20.993602354277275,4.264656793595753,3.0452667660661397,0.18541685620447262,False,False
7.072988047497497,0.09359650082526925,0.0,45.356634603171855,0.2593268443992251,9.337504422955078,1.4710596015261888,15.887968707533002,1.1531153549500703,10.243822843394298,41.55792750853167,22.830282409033984,2.7274259135673202,5.451220677069852,0.148236585919794,True,True
6.8592369793727705,0.10564303337832208,0.0,51.30509208786909,0.1751775802131098,8.920501274019513,2.1461002424345317,17.060143271282318,1.052275865863814,10.37973387620442,38.22358154236348,22.830282409033984,4.787949617462863,5.517796831869328,0.148236585919794,True,True
7.017029713246859,0.09873795791315597,0.0,47.696842501016235,0.2741288679342131,9.291555739309501,1.8394533491072547,15.063111786924651,3.600884044527839,10.37973387620442,39.077496319582025,22.830282409033984,3.4174518144035932,5.451220677069852,0.17981907225363664,False,True
7.041189374755614,0.10584649773538823,0.07583070268368522,44.84719907207312,0.3567381492661288,9.70320445838373,2.224312899240049,19.597410867392515,1.052275865863814,10.37973387620442,38.20368490932455,22.830282409033984,5.6495871697322695,2.107205830194814,0.17981907225363664,False,False
7.640849231222932,0.0935204979742357,0.1619263991132177,75.28211272908771,0.4475691089992856,10.958031010181648,2.1687337798345956,16.894286158024737,1.9980656391989138,13.512378507982465,36.685315902355505,22.830282409033984,0.21894975692259722,5.013843996080715,2.8468776304010794,False,False
7.361660106870648,0.08459423440675051,0.2835690191198617,41.74969725236764,0.575902073106295,10.57089733937239,1.9900703425309871,16.894286158024737,1.1531153549500703,13.512378507982465,41.704261974917976,20.95662201236343,0.21894975692259722,5.013843996080715,0.5465422387580042,False,False
7.1081324221458715,0.09652778383897015,0.13203756035319064,43.98377961968967,0.4160363841074571,9.825501849673868,1.568161530548822,17.060143271282318,2.058168330936155,12.050574529238276,39.94835864185699,20.993602354277275,2.810789631682066,4.8929463845224515,0.18541685620447262,False,False
7.62516074756177,0.08013875421452657,0.46044017945719856,35.864710714211775,0.7018291604635019,11.305381842255784,2.3374897213030184,19.597410867392515,0.5307325730925379,12.050574529238276,44.181277299479554,20.638355318862736,0.21894975692259722,2.107205830194814,0.6754938248169686,False,False
6.984722049347555,0.1014946517363157,0.0,49.776464533839544,0.1547906004017674,8.98265461452178,1.629583573085332,14.800423431204702,1.1531153549500703,11.44976641572643,41.541310047700115,21.293504901877526,4.095846430752033,5.517796831869328,0.148236585919794,False,True
7.2262750097264865,0.0850045837411519,0.40833239705073826,36.75904769030241,0.6595916169716762,10.556066833485897,2.1755313033135595,17.27410616187085,1.9980656391989138,13.512378507982465,38.72183054799809,22.830282409033984,0.4640758816305126,5.013843996080715,0.18541685620447262,False,False
7.034980644830093,0.0966439834363936,0.12335377406153374,44.78744173786023,0.40687498956975904,9.659906275662774,2.2290962400436594,17.060143271282318,4.1542734027150985,9.914771387871209,37.647070197740945,22.830282409033984,2.7274259135673202,5.517796831869328,0.148236585919794,False,False
7.553772960423668,0.10011689772339281,0.010329955070930104,69.51380956886354,0.2876348605346722,10.324997128141987,1.798899635625178,17.27410616187085,3.9587657997440795,10.37973387620442,41.81249889160852,17.56504275271284,1.86080538532487,5.0920901272008186,2.0569570053335995,False,False
7.077008855601663,0.0922708049951379,0.0,45.61918801054481,0.2338374292136023,9.28296395418543,2.2798093897018026,16.894286158024737,0.5307325730925379,9.235203148768639,42.54044893144172,22.3448466236303,2.3765434827693004,5.929702496352965,0.148236585919794,True,True
7.552926420118692,0.08710283479666193,0.12314475200580957,60.15300190190227,0.40665447130097,10.553161997881466,2.0470480976867065,17.27410616187085,1.9980656391989138,10.243822843394298,40.74593011927811,22.830282409033984,0.21894975692259722,4.8929463845224515,1.7958966857787988,False,False
7.498382692176279,0.08201385927804208,0.22756953235382849,40.96826487531235,0.51682261456813,10.597277818216988,2.119743975731739,16.894286158024737,1.9980656391989138,10.37973387620442,43.26797710879629,22.830282409033984,0.6659195014837315,3.288241482440969,0.6754938248169686,True,False
7.5810780622439005,0.10522350823222851,0.0,83.52270574181065,0.22387492138897236,10.34876345726234,2.0560022509292217,17.27410616187085,3.9587657997440795,10.37973387620442,37.76634224903206,20.39476232529814,2.3765434827693004,4.8929463845224515,2.9567997205587004,False,True
7.725831595605873,0.08854461124781615,0.0,73.59382539183672,0.2271459538898417,10.432650872209194,2.0519411908852674,17.016663787579137,1.9980656391989138,8.026839686169284,42.34605568892459,22.830282409033984,0.21894975692259722,4.8929463845224515,2.6701966476490453,False,True
7.622195372467591,0.08751173087910614,0.08541250464729516,60.4470565777362,0.36684695033773734,10.538885621340343,1.1555644226500934,16.894286158024737,1.9980656391989138,10.37973387620442,43.42535917404994,20.39476232529814,0.21894975692259722,4.8929463845224515,1.7958966857787988,False,False
7.109521741558816,0.09891538046629578,0.0,46.811645443835374,0.2624793100848879,9.432621273771366,1.895306679921499,16.894286158024737,1.9980656391989138,10.243822843394298,42.56517022887474,19.609294116649263,3.4174518144035932,5.0920901272008186,0.17981907225363664,False,True
6.979089567225212,0.10543911591103657,0.0,50.523806276102306,0.14832936014849235,9.009654462185996,2.3512983125287916,16.894286158024737,1.052275865863814,10.37973387620442,41.793504420181925,19.851923349141625,4.787949617462863,5.0920901272008186,0.148236585919794,False,True
7.12109703514349,0.0902874202647592,0.3321523064132529,39.474737046685604,0.6178954925450294,10.319287356878286,2.1533794370993986,19.30677667450121,3.915076623337316,10.37973387620442,36.71691574790499,22.830282409033984,1.1851812512289528,5.517796831869328,0.148236585919794,False,False
7.3845185692572075,0.08866869526966603,0.22797493736864718,36.98137237467847,0.4724806014759112,10.261169227253633,1.816649944944094,15.887968707533002,3.9587657997440795,10.243822843394298,43.81009228846148,20.85219709479092,2.228277165882296,2.8706395142741243,0.148236585919794,False,False
7.6781907044593245,0.08692790456153124,0.45067199875189456,37.18410298492182,0.7103130683769885,11.367837646979613,1.5025121389276872,17.060143271282318,3.9587657997440795,13.512378507982465,44.3741818295788,17.79623284970018,1.3050524288623024,1.3177514880328864,0.6754938248169686,False,False
7.529160372088013,0.07905393137303279,0.6745931817156097,27.95608691811068,0.8151346262407506,11.405617942315741,1.8904723839480388,19.597410867392515,0.5307325730925379,13.512378507982465,42.984896432753814,20.993602354277275,0.21894975692259722,1.9766126513743256,0.18541685620447262,False,False
7.28039572399909,0.09359777566361865,0.2331286680007888,43.5755687279187,0.5226875026756731,10.348957959773085,1.9991866353444403,18.084937722683698,3.9587657997440795,10.37973387620442,39.17670790353673,21.910951632338765,2.349758615294824,3.6514264279978907,0.4877180221995935,False,False
7.550719577553914,0.0902140442835639,0.21842703223942175,60.004412061278025,0.5071772769474309,10.833595158983227,2.3404218778718957,17.016663787579137,1.9980656391989138,13.512378507982465,40.04943930115923,20.39476232529814,0.21894975692259722,5.013843996080715,1.7958966857787988,False,False
7.507014758200048,0.09090923387572945,0.22450951422664733,41.85190163250361,0.5135942954439539,10.642027980598499,1.7903480404159142,16.894286158024737,3.9587657997440795,10.243822843394298,42.27150234008094,21.910951632338765,2.7274259135673202,1.3177514880328864,0.6754938248169686,False,False
7.189162044455772,0.08735425022771702,0.11422992726501438,40.58504366829487,0.39724933119943107,9.832152800321488,1.9946575364397594,16.894286158024737,1.052275865863814,10.37973387620442,42.06573451248166,22.830282409033984,1.5373604652707642,5.0920901272008186,0.148236585919794,False,False
7.385250842989045,0.08786475570627035,0.28175299879790805,35.79888816196395,0.5123768122257392,10.406442535251163,1.8897083669023491,17.27410616187085,2.7990011133903887,10.023713998803412,42.85457924344665,22.3448466236303,2.3765434827693004,2.1417925198846244,0.18541685620447262,False,False
7.088711507173407,0.09295015301716862,0.15543526984708528,42.08606995373211,0.4407209676235159,9.860109811758972,2.0122519875842686,16.894286158024737,0.5307325730925379,12.863181313280318,39.46379109335687,22.830282409033984,2.3765434827693004,4.8929463845224515,0.148236585919794,False,False
7.067212259295907,0.09525611509729319,0.16112988844211815,43.648005805279325,0.4467287902412756,9.804893640438427,2.3052082381567014,17.27410616187085,3.9587657997440795,10.37973387620442,37.99997063799193,22.3448466236303,2.3765434827693004,5.517796831869328,0.148236585919794,False,False
7.37962930511365,0.08174319499037278,0.5302594450054259,32.33218183957803,0.7251820813249958,10.927303764417784,2.1997959659151176,17.27410616187085,1.9980656391989138,13.512378507982465,40.44743306163784,22.830282409033984,0.4640758816305126,3.288241482440969,0.18541685620447262,True,False
7.065405189738317,0.1002401203249099,0.0,54.823229404648785,0.22657555710310107,9.363194309509462,2.039214352000224,16.894286158024737,1.267865399760961,10.37973387620442,39.083665840685484,22.830282409033984,3.4174518144035932,5.451220677069852,0.6754938248169686,False,True
7.531303493189549,0.0786117320749924,0.5004675108253975,30.22001847117526,0.6636724751761247,10.911103639505512,2.3401665904252247,16.894286158024737,3.9587657997440795,10.243822843394298,43.931269180942685,21.910951632338765,0.3640980453891385,2.5485697542464973,0.148236585919794,True,False
7.741333835243439,0.07997886175989395,0.4959685458361594,34.642144716232,0.7219011420824314,11.40605843192762,2.380100673352315,16.894286158024737,5.773614746780743,10.243822843394298,44.092577574698495,20.638355318862736,0.3640980453891385,1.3177514880328864,0.6754938248169686,False,False
7.359310051293554,0.09127379051803113,0.4887740848983013,33.965365558084,0.7046730388279729,10.881391318379855,1.1391761486114151,17.27410616187085,3.9587657997440795,13.512378507982465,39.75975445606191,20.993602354277275,2.3765434827693004,1.9766126513743256,0.148236585919794,False,False
7.541911855323486,0.08097261132457918,0.24434473761497982,42.74733054828494,0.5345204561186446,10.718922648906378,2.2440324264268834,17.27410616187085,1.9980656391989138,10.37973387620442,43.36195676792938,22.3448466236303,0.14715878250727904,3.6514264279978907,0.8427057206609756,True,False
7.187593422529094,0.10090896725681647,0.06701231318129236,42.84766347710237,0.3474347483411043,9.814760425049514,2.0998081747888335,16.894286158024737,1.052275865863814,12.050574529238276,41.934286572684584,20.993602354277275,4.787949617462863,2.107205830194814,0.17981907225363664,False,False
6.883880518076442,0.10772213743508231,0.0,52.63497840752869,0.06331913671003686,8.66021172129558,2.1713103810201613,16.894286158024737,1.888723137098186,8.028260812663389,39.70132925763161,22.830282409033984,5.6495871697322695,4.859294469896021,0.148236585919794,False,True
7.255213232429994,0.08524603794972645,0.4851597081525579,35.56707720851946,0.7236696930797081,10.802415054360063,2.342089294975398,19.597410867392515,1.1531153549500703,13.512378507982465,39.33088009014073,20.993602354277275,0.21894975692259722,5.013843996080715,0.17981907225363664,False,False
7.441227674167549,0.10380197865779957,0.04542843173865931,48.62693864740655,0.32466375341912646,10.138482991040554,1.9120582980582457,17.016663787579137,3.9587657997440795,10.37973387620442,44.789036633677426,16.98270306795753,4.879851521987552,1.3177514880328864,0.6754938248169686,False,False
6.834737823039391,0.10792829283563002,0.0,52.20843459284475,0.17187714040446866,8.875090915733242,1.857637622185983,16.667756592214566,1.9980656391989138,10.37973387620442,37.36400141221474,22.830282409033984,5.160702808143724,5.451220677069852,0.148236585919794,True,True
6.8237084572302775,0.10931354082954145,0.0,52.82607765284081,0.12760961156057665,8.772673729660594,2.1901889605933746,16.894286158024737,1.052275865863814,10.37973387620442,37.953507808020156,22.830282409033984,5.6495871697322695,5.0920901272008186,0.148236585919794,True,True
7.882994823658724,0.10374079157690547,0.07494524183448664,86.23040121621435,0.3558039880702243,11.208815281835292,1.8071603720467266,17.27410616187085,3.9587657997440795,12.050574529238276,37.58276763105161,20.993602354277275,2.3765434827693004,2.107205830194814,3.656434210853794,False,False
7.387161055975388,0.08332222911319619,0.6968576108414983,31.052063887050355,0.8827131095161576,11.293127318297188,2.382378798098571,16.894286158024737,6.1778956808919725,13.512378507982465,36.89254914849881,22.830282409033984,0.21894975692259722,3.288241482440969,0.18541685620447262,False,False
6.877401232347219,0.11199260267293859,0.0,61.832935874313634,0.05716481646260707,8.718979389103666,2.0215404677305773,15.887968707533002,1.888723137098186,10.37973387620442,37.170414043711844,22.830282409033984,5.6495871697322695,5.517796831869328,0.6754938248169686,False,True
7.368338800654847,0.09003977161793972,0.16036907472286527,45.3083637486207,0.4459261317674638,10.223937425991373,1.3724977530392992,16.894286158024737,3.9587657997440795,10.243822843394298,43.1300002693671,18.949311312282,1.1851812512289528,5.0920901272008186,0.5465422387580042,False,False
7.267858880451957,0.08989277257073644,0.22111787737065583,44.82339051260837,0.5100161185608828,10.304936742055897,1.714620300797321,16.894286158024737,1.1531153549500703,13.512378507982465,40.62280400757767,20.993602354277275,1.1851812512289528,5.0920901272008186,0.5465422387580042,False,False
7.586088903425066,0.07888094823157654,0.608207825654652,28.78860565306219,0.7569538949109766,11.242413550068045,2.019282611960206,17.016663787579137,3.9587657997440795,12.026654272914094,43.85358616152891,20.638355318862736,0.21894975692259722,2.107205830194814,0.17981907225363664,False,False
7.374423849338087,0.0877696355116418,0.05293650621656119,47.7025492668801,0.33258477199331293,9.953632294293476,2.111946862459625,15.629568186133062,1.9980656391989138,10.37973387620442,44.40151177635413,20.638355318862736,1.1851812512289528,5.0920901272008186,0.6754938248169686,False,False
7.561084187002987,0.08042093849582546,0.26097662724932763,41.809829239074325,0.5520670996828816,10.790934309273554,2.2800072465332715,17.27410616187085,1.9980656391989138,10.37973387620442,43.23678836815958,22.830282409033984,0.21894975692259722,3.2193680679486776,0.8427057206609756,True,False
7.177621493720055,0.08939919764030184,0.22820498435628758,40.32894032633371,0.5174930164307243,10.101675177193512,2.156416960154453,17.27410616187085,3.9587657997440795,10.430932677418097,39.50658048421003,21.910951632338765,1.2526298266290534,5.517796831869328,0.148236585919794,False,False
7.527432842160396,0.07876963302948287,0.509883968645585,30.172451118691228,0.672929436080055,10.93152208109403,2.26627023692161,16.894286158024737,3.9587657997440795,10.45158725719752,43.72350476713946,21.910951632338765,0.3640980453891385,2.5485697542464973,0.148236585919794,True,False
7.424681385713324,0.0849665765122431,0.2558836010670205,43.82446911818366,0.5466939570605476,10.554469829130877,1.7099073821467432,17.27410616187085,3.9587657997440795,10.37973387620442,41.834296108792856,20.638355318862736,0.14715878250727904,5.0920901272008186,0.6754938248169686,False,False
7.527540782399138,0.07805437595956093,0.5597853080296826,29.151181562291377,0.7110315475030166,11.075303378035516,2.2148290241758155,16.894286158024737,1.1531153549500703,13.512378507982465,44.38160936330184,21.293504901877526,0.21894975692259722,2.397919371020959,0.148236585919794,True,False
7.1880869924671105,0.09722659800006964,0.138002780540251,54.61006449439413,0.4223296914048057,10.100643824146832,2.140041118879183,18.084937722683698,0.5307325730925379,12.863181313280318,37.366980224913746,22.830282409033984,2.3765434827693004,4.930567096888731,1.016775177337683,False,False
7.469530221217879,0.08140092371337226,0.30912742797258824,38.005894683298,0.5726866028221604,10.686499833766158,2.110779070685506,18.084937722683698,1.9980656391989138,10.243822843394298,43.2589796667977,21.910951632338765,0.3640980453891385,3.6514264279978907,0.4877180221995935,False,False
7.484047985262317,0.09214242887984565,0.0,64.59301567179807,0.2116479532291926,9.974367199477753,2.0480684029192484,17.016663787579137,1.9980656391989138,8.026839686169284,41.92444600900898,22.830282409033984,1.5148593987084442,4.8929463845224515,1.7958966857787988,False,True
7.232353561096333,0.08431184222142939,0.470201171685605,35.79362140893974,0.7111146312984808,10.704375736421293,2.139618181297633,18.084937722683698,1.9980656391989138,13.512378507982465,38.156125111893154,22.830282409033984,0.21894975692259722,5.013843996080715,0.18541685620447262,False,False
7.875387731415588,0.09430423164694042,0.0,88.32609530484243,0.18160503967975528,10.695065032813593,1.9680706711773663,17.016663787579137,1.052275865863814,10.37973387620442,42.19649275319293,20.39476232529814,0.21894975692259722,5.0920901272008186,3.6490315077381434,False,True
7.0740696992795815,0.10514697659669203,0.0,45.41505944451618,0.26326503744456164,9.450195961232668,1.4529879896226492,16.894286158024737,1.888723137098186,10.37973387620442,39.982883361603896,22.830282409033984,5.827599047969565,2.0482554241454194,0.148236585919794,False,True
7.682084725652478,0.08020000772376115,0.5370603541558677,34.05675358335145,0.7569165009818122,11.523704219315174,2.1525846976316383,20.960816797010768,1.9980656391989138,10.243822843394298,43.801596043294296,20.638355318862736,0.3640980453891385,1.3177514880328864,0.6754938248169686,False,False
7.540157953428255,0.08295551762598485,0.295060420100555,42.69763577041938,0.5880255011409264,10.871430958836433,2.137487269400439,17.27410616187085,1.9980656391989138,12.050574529238276,42.970569409833224,20.993602354277275,0.21894975692259722,3.6514264279978907,0.8427057206609756,False,False
7.6792897104164615,0.07992488342528851,0.4223498480687856,36.40122416141885,0.6692842973012183,11.196757162269057,2.2146416577350174,15.887968707533002,3.9587657997440795,12.050574529238276,44.46268623268753,20.638355318862736,0.21894975692259722,2.107205830194814,0.6754938248169686,False,False
7.1288541849904545,0.0984879544234887,0.08974073303871748,48.20865515766101,0.3714132312906879,9.805757648577089,1.5858540777277916,18.084937722683698,1.9980656391989138,10.37973387620442,38.67252911041697,22.830282409033984,3.4174518144035932,4.1292814058588325,0.4877180221995935,False,False
7.4493292209344055,0.08074975014469865,0.3563239779793498,37.367945567029835,0.6133939910098256,10.766474280411437,2.30397523538449,18.407230638888485,1.9980656391989138,10.37973387620442,42.026593229554116,22.830282409033984,0.21894975692259722,3.6514264279978907,0.4877180221995935,True,False
7.142530257092936,0.0907784478002514,0.03178388406443148,43.0406040317788,0.3102687556228161,9.54209274789787,1.3677219634998912,13.943222522117564,0.5307325730925379,12.863181313280318,42.377234016897766,22.830282409033984,2.3765434827693004,4.930567096888731,0.148236585919794,True,False
6.933562267683341,0.1082722454259437,0.0,56.99101158437969,0.14868331190838052,9.0066113446635,1.5408360429896726,16.894286158024737,1.9980656391989138,9.948484476629337,37.59232986539956,22.830282409033984,5.097919085754639,5.0920901272008186,0.5465422387580042,False,True
6.980866389025501,0.09896421927776544,0.017285963247390332,47.1240306330134,0.2949734491608377,9.336530388995785,1.8289294950854533,16.894286158024737,2.1956810747997624,10.243822843394298,38.752442282554505,22.830282409033984,3.4174518144035932,5.517796831869328,0.148236585919794,False,False
7.248035621622493,0.0843055633533212,0.379415344830387,37.13612499608709,0.6344540485606147,10.507204436030749,2.2683197288117154,16.894286158024737,1.9980656391989138,13.512378507982465,39.90933517202036,21.910951632338765,0.21894975692259722,5.370616277307692,0.18541685620447262,False,False
7.504267272027035,0.09482462062069126,0.024786723252910134,67.3930190378674,0.3028867509666611,10.283533282034533,1.3871475478849162,16.894286158024737,1.9980656391989138,11.074828737028685,40.8370904428778,20.638355318862736,1.1851812512289528,5.370616277307692,2.0015761754704835,False,False
7.342569148748046,0.0890194843732025,0.12108832593654277,47.224399829337315,0.4044849417978935,10.126343255819421,1.7638621972813824,17.27410616187085,1.9980656391989138,10.37973387620442,42.756973800616336,20.638355318862736,1.1851812512289528,5.0920901272008186,0.6754938248169686,False,False
7.29628915282037,0.09946947668182028,0.0,52.11774026550283,0.15373294622001532,9.478505816391863,2.2806135161521426,16.894286158024737,1.9980656391989138,8.026839686169284,44.56396627249734,20.39476232529814,4.158344611553648,3.288241482440969,0.6754938248169686,False,True
6.882584149849796,0.10746817993232032,0.027000082754927376,49.679488411320435,0.30522184524128926,9.310266874191363,2.2108854404359484,16.894286158024737,1.052275865863814,13.512378507982465,37.21927823566798,21.293504901877526,4.787949617462863,5.0920901272008186,0.148236585919794,False,False
7.143845939768885,0.08718743116872497,0.10441896032456331,41.75838535393768,0.38689876107725524,9.736381805097656,2.3792416822758304,16.894286158024737,1.052275865863814,10.37973387620442,41.55581997791559,22.830282409033984,1.2096626306846927,5.929702496352965,0.148236585919794,True,False
7.588807737897874,0.08257224646588053,0.2864910011515425,40.00552562614376,0.5772817246548603,10.849752166909727,1.9483317639619362,16.894286158024737,3.9587657997440795,10.37973387620442,44.3959084099574,20.04347240342229,0.3640980453891385,3.288241482440969,0.6754938248169686,False,False
7.203986055443258,0.10018093239029201,0.0,55.09062362718926,0.1909689153238806,9.47313281658537,1.4511511872556366,13.943222522117564,0.5307325730925379,12.863181313280318,41.2426026030647,22.830282409033984,4.095846430752033,3.6514264279978907,0.8427057206609756,False,True
7.2065464564993835,0.0897099231168649,0.3484330479291528,38.317391866935154,0.6185900333392991,10.43543829734323,1.6013222607669326,19.30677667450121,3.915076623337316,10.37973387620442,38.75764609085006,21.293504901877526,1.1851812512289528,5.013843996080715,0.148236585919794,False,False
7.0338139035998335,0.09837088695633571,0.1898562812864727,44.83499767465158,0.4770351346920696,9.857707603696712,2.1389795895405253,17.27410616187085,3.9587657997440795,12.050574529238276,37.501983906421884,20.638355318862736,2.49827520158941,5.929702496352965,0.148236585919794,False,False
7.255416481903777,0.08340694703228857,0.4161860699508905,36.13980336663865,0.6590586429661577,10.579332362775654,2.282672086966622,16.894286158024737,1.9980656391989138,13.512378507982465,39.34677667655212,22.830282409033984,0.21894975692259722,5.013843996080715,0.18541685620447262,True,False
7.34351854217679,0.09016739901659716,0.18362415409754956,45.13974071157799,0.47046024050775576,10.2605053914556,1.2112876324150534,17.27410616187085,3.9587657997440795,10.243822843394298,42.09019746115373,19.609294116649263,1.1851812512289528,5.0920901272008186,0.5465422387580042,False,False
7.20699167370958,0.09342306540702493,0.4130914699955665,37.21108352856218,0.6710498378687052,10.592414888631827,2.1020126338015626,17.27410616187085,3.9587657997440795,13.512378507982465,37.09688135564224,22.3448466236303,2.3765434827693004,3.288241482440969,0.148236585919794,False,False
6.894732312842332,0.10391916054343271,0.0,49.492669273052535,0.2643646584917275,9.176533107745556,1.8108990177950068,17.27410616187085,2.1956810747997624,10.430932677418097,37.33830746549243,22.830282409033984,4.264656793595753,5.517796831869328,0.148236585919794,True,True
7.098612819756298,0.09603197252323577,0.023888128092264992,46.07199245421144,0.3019387330721805,9.499492722947702,2.164747291464583,16.894286158024737,2.058168330936155,10.243822843394298,41.66389058639338,20.61632918466598,2.7274259135673202,5.610660126813661,0.18541685620447262,False,False
7.311389667074978,0.09067276898055575,0.40984587722646776,43.628160340326374,0.7091241584087644,10.915941637073619,1.9527708566761084,21.60410728864334,3.9587657997440795,10.37973387620442,37.17325417170459,20.638355318862736,0.6659195014837315,4.9043702185401346,0.6754938248169686,False,False
7.317263622336149,0.08445370712333175,0.41349030864376324,36.258760393764966,0.6579086703808376,10.633092423937201,1.891497522276396,17.060143271282318,4.08165744900464,12.050574529238276,40.395811786989704,20.993602354277275,0.21894975692259722,5.013843996080715,0.18541685620447262,False,False
7.425203697759156,0.08682351481020588,0.11902790837951491,46.853671279069346,0.4023112012752291,10.262465389376134,1.8178028838643643,16.894286158024737,1.052275865863814,10.37973387620442,42.89561142488988,22.830282409033984,1.453678117324302,3.6514264279978907,0.8427057206609756,False,False
7.527540782399138,0.07805437595956093,0.5597853080296826,29.151181562291377,0.7110315475030166,11.075303378035516,2.2148290241758155,16.894286158024737,1.1531153549500703,13.512378507982465,44.38160936330184,21.293504901877526,0.21894975692259722,2.397919371020959,0.148236585919794,True,False
7.135320883707652,0.10172758605448058,0.005370853221800333,47.547224181653846,0.2824030080838402,9.550951586408347,2.1658959365611707,18.465305524081224,1.9980656391989138,10.37973387620442,43.926083648146104,16.182319748642257,3.4174518144035932,5.451220677069852,0.17981907225363664,False,False
7.414812620790571,0.08581861268312821,0.237950350184671,41.805100903288285,0.5277743773796688,10.490335590824454,2.136420052428268,15.887968707533002,1.9980656391989138,13.512378507982465,44.12065849328225,18.575124023547072,0.4042426101759824,5.013843996080715,0.4877180221995935,False,False
7.392087920379787,0.08066708966727248,0.5994748336537059,31.15305241858832,0.7814124475575077,11.094108980986098,2.0558036320761244,18.084937722683698,1.9980656391989138,13.512378507982465,39.953518599948225,22.830282409033984,0.14715878250727904,3.288241482440969,0.18541685620447262,False,False
7.446473755761519,0.09769519050561355,0.01805927467049311,47.05465519837959,0.29578929271221116,10.029058104536572,1.5664842807915618,17.016663787579137,3.9587657997440795,7.840695516529525,44.28761747083891,20.638355318862736,4.264656793595753,1.3177514880328864,0.6754938248169686,False,False
6.9700234193431365,0.09939508595454655,0.04092828443320458,46.97075944475531,0.31991609801187176,9.394808025088988,1.8837115069705812,17.27410616187085,2.1956810747997624,10.430932677418097,38.18551244468459,22.830282409033984,3.4174518144035932,5.517796831869328,0.148236585919794,False,False
7.38698641858815,0.08145453178744973,0.5130285298010235,32.44261451056882,0.7085761268413603,10.887414701934068,2.3534610555988658,16.894286158024737,1.9980656391989138,13.512378507982465,40.82725306548395,22.830282409033984,0.4640758816305126,3.288241482440969,0.18541685620447262,False,False
6.997432548785971,0.09779633531690123,0.0,47.649850693151144,0.23808837394499427,9.232253131609816,1.9036489227472133,16.894286158024737,0.5307325730925379,10.37973387620442,40.316473419917244,22.830282409033984,3.4174518144035932,5.451220677069852,0.17981907225363664,False,True
7.386816236659187,0.08316912191495426,0.21687223787793472,41.59847091846923,0.505536968896062,10.343920707766086,1.9977718766063508,15.887968707533002,3.9587657997440795,10.243822843394298,42.19973311066685,21.910951632338765,0.21894975692259722,5.0920901272008186,0.4877180221995935,True,False
7.714673251160574,0.07838207005811929,0.4485996307621205,34.781305286090344,0.6739087089838733,11.263770852527395,2.3629848071628166,17.016663787579137,3.9587657997440795,10.243822843394298,44.512452578704725,21.910951632338765,0.3640980453891385,1.3177514880328864,0.6754938248169686,True,False
7.260646948373037,0.09117548765882741,0.28243992897234604,39.518580511261675,0.566073304911341,10.37500273960485,1.2986191871642119,19.30677667450121,3.915076623337316,10.37973387620442,41.64376286881792,18.05061584268269,1.1851812512289528,5.370616277307692,0.148236585919794,False,False
7.365885621624401,0.09907490124158734,0.001971563536260553,66.51836500606234,0.27881675746559575,10.042660184014522,2.3242026314122843,17.27410616187085,1.9980656391989138,10.68075655032263,38.636838471906756,22.3448466236303,2.3765434827693004,4.8929463845224515,1.7958966857787988,False,False
7.513019442856845,0.09161621099465314,0.28530688367353063,59.82729507416757,0.5777355202104157,10.978954985087723,1.9800386237953969,17.016663787579137,1.9980656391989138,15.162748933340698,38.320822744680896,20.39476232529814,0.21894975692259722,5.0920901272008186,1.7958966857787988,False,False
7.5860379948788434,0.07742230926007534,0.5420171032229641,29.121996351440334,0.6918704676483668,11.092575996061191,2.386252403948974,17.060143271282318,2.058168330936155,12.050574529238276,45.325939070944095,20.993602354277275,0.21894975692259722,2.107205830194814,0.18541685620447262,True,False
7.485037283052221,0.0800937863730715,0.44292784872880764,32.08163866673592,0.6294792860013612,10.76266057415133,2.07813766196531,16.894286158024737,3.9587657997440795,10.243822843394298,43.844272897728516,21.293504901877526,0.3640980453891385,3.2530127679219087,0.148236585919794,False,False
7.20919456807107,0.08815814968051978,0.2760724292811106,38.73830336142591,0.5482437408167186,10.263586238693302,1.73924609635378,16.894286158024737,1.1531153549500703,13.512378507982465,40.79945324393573,21.293504901877526,1.1851812512289528,5.013843996080715,0.148236585919794,False,False
7.799926899758898,0.08309033929810482,0.3093394357099649,48.65243580391467,0.6030898626088539,11.315286634690748,1.741346681605981,15.887968707533002,3.9587657997440795,12.050574529238276,43.62967152931482,20.638355318862736,0.21894975692259722,2.107205830194814,1.5085085281896804,False,False
7.341886746927872,0.08688690660617308,0.30375687945479873,40.908677444081576,0.5972002657596536,10.62863131687725,2.218482157128729,16.894286158024737,1.052275865863814,13.830505313240828,40.00950033585178,22.830282409033984,1.1851812512289528,3.6514264279978907,0.5465422387580042,False,False
7.691275218865609,0.08883408243749573,0.3693332306502536,55.186134732362085,0.6663833162708585,11.407716782108855,1.2196329680353242,17.016663787579137,4.4736273559238375,13.512378507982465,39.299480098074056,20.39476232529814,0.21894975692259722,3.288241482440969,1.7958966857787988,False,False
7.381929182209214,0.09083753534942282,0.4391886460925034,40.1677241566165,0.740080779562432,11.051630746233405,1.901510501348952,16.894286158024737,3.2310400998449547,15.995058390233098,38.95924198204188,19.609294116649263,1.1851812512289528,3.579355763219108,0.5465422387580042,False,False
7.210692760793221,0.10158674242223177,0.0,62.9246132394393,0.1793788962001489,9.502042823725924,1.5319428361274627,15.887968707533002,2.1956810747997624,10.243822843394298,39.12114798768618,22.830282409033984,3.4174518144035932,5.01287548397831,1.2907696791708685,False,True
7.477590692825151,0.09288913963397166,0.16549187489230674,43.12244103296287,0.45133068594622455,10.438487836149918,2.045231483353241,15.629568186133062,4.121757766983191,10.37973387620442,42.02293230852396,22.830282409033984,3.4174518144035932,0.9227798139008194,0.6754938248169686,False,False
7.362697069479451,0.08393560900858493,0.12101356866436275,45.85522247336703,0.40440607287574365,10.130948251312835,2.227241186816993,17.016663787579137,0.9867686723569332,10.243822843394298,43.35098051705491,21.910951632338765,0.3640980453891385,5.451220677069852,0.6754938248169686,False,False
7.510322229638479,0.08191716341579519,0.30454521787739247,42.375835469213044,0.59803196279549,10.849811501817257,2.250105553848,18.084937722683698,2.585916213720957,10.37973387620442,41.4778388471908,22.830282409033984,0.14715878250727904,3.6514264279978907,0.8427057206609756,False,False
7.422995770182937,0.08667818876058328,0.36321245523499607,33.9121362484308,0.571447486048783,10.613796593972554,1.4730503287320116,17.060143271282318,1.888723137098186,12.050574529238276,43.74868010156363,20.993602354277275,2.0028341904256997,2.107205830194814,0.148236585919794,False,False
7.381427141102116,0.0819255416371809,0.5377910562830974,32.32262650358112,0.7329918546011014,10.942031956791597,2.0493316024533543,17.060143271282318,2.451958328219189,13.512378507982465,40.2075032632061,22.830282409033984,0.4640758816305126,3.288241482440969,0.18541685620447262,False,False
7.160397524776816,0.08903735853936036,0.32791309025879206,39.149591521443966,0.6087927533176781,10.348372574271242,2.2435503846319995,16.894286158024737,2.4228684545395196,13.512378507982465,37.87749623578505,22.830282409033984,1.1851812512289528,5.0920901272008186,0.18541685620447262,False,False
7.373334543431123,0.08375079005406519,0.2500252104416096,41.48812189216039,0.540513354950739,10.412057487725251,2.264098684871289,14.838198831452502,3.9587657997440795,12.058945534094441,41.4343802960472,21.910951632338765,0.21894975692259722,5.0920901272008186,0.4877180221995935,False,False
6.8720816102545506,0.10576147970996055,0.0,51.34789272731064,0.1693462013303353,8.92294403363293,2.153549203713405,17.060143271282318,1.052275865863814,10.37973387620442,38.709017327767164,22.3448466236303,4.787949617462863,5.517796831869328,0.148236585919794,False,True
7.526992959562072,0.08357090716464889,0.5935387442013437,36.24175776068402,0.8476176370300229,11.525231846393915,1.9440021991412724,19.75411859893766,3.9587657997440795,12.292792300189982,38.64035833280345,21.910951632338765,0.21894975692259722,2.5485697542464973,0.6754938248169686,False,False
7.285277025250133,0.08723569166457025,0.11441591364413821,45.42814885980964,0.39744554682940675,9.991744107229998,2.023793956581034,16.22429358222769,1.9980656391989138,10.430932677418097,41.692612074933535,22.830282409033984,1.1851812512289528,5.0920901272008186,0.5465422387580042,False,False
7.118935584296228,0.09159067524814545,0.0,44.66167086382298,0.2580226368812613,9.360246900830267,2.0158887072129543,15.44834381924947,2.1956810747997624,9.301484210205297,42.18163158615307,22.830282409033984,2.3765434827693004,5.517796831869328,0.148236585919794,False,True
6.956729959363397,0.10759906722741915,0.014253696089852145,48.6186652804526,0.2917744073096349,9.366847383667512,1.84772043333246,17.060143271282318,2.058168330936155,12.050574529238276,38.342487083179726,20.993602354277275,5.160702808143724,4.186085037022727,0.148236585919794,False,False
7.37491132809315,0.09204594030489119,0.6892812304263478,31.19477745435828,0.8767523983780281,11.378443702295627,1.0558235924907855,18.225990850451836,3.9587657997440795,15.822960937974791,37.61415918815121,20.638355318862736,2.273779830862657,1.3177514880328864,0.148236585919794,False,False
7.459391105166084,0.08221664773393597,0.2628568878800666,38.82584176975531,0.5355479707007872,10.574707124041975,2.0342560940465058,17.573704445507953,1.9980656391989138,10.243822843394298,43.544695844494555,21.910951632338765,0.5896151448680284,3.6514264279978907,0.4877180221995935,True,False
6.922546520612066,0.10197083707917799,0.0,50.167509325437464,0.1641439912925215,8.929303470312448,2.014722858098036,13.943222522117564,0.5307325730925379,12.863181313280318,39.901890971090715,22.830282409033984,4.264656793595753,5.517796831869328,0.148236585919794,True,True
7.289848418261519,0.09084285501135368,0.09303871274032194,49.54135591326565,0.37489259987588053,9.934122038680503,1.7105764970110493,15.629568186133062,3.9587657997440795,10.37973387620442,41.603199246656814,20.638355318862736,1.1851812512289528,5.929702496352965,0.6754938248169686,False,False
7.358610446876838,0.08452873106474053,0.397473350727327,34.34602806105052,0.6137717424075982,10.585469001653792,2.2784115772670974,17.27410616187085,3.915076623337316,10.37973387620442,40.97914160996371,22.830282409033984,1.1851812512289528,3.288241482440969,0.148236585919794,False,False
7.247013949820436,0.08445575108437785,0.38692052131073523,37.104879986423455,0.6419270525668394,10.523400011585881,2.178864896725862,16.894286158024737,2.1956810747997624,13.512378507982465,39.71171973641951,21.910951632338765,0.21894975692259722,5.370616277307692,0.18541685620447262,False,False
7.322148748940182,0.09384592427859445,0.15524647717657705,59.18898110264883,0.4405217913561297,10.349979941462834,2.283273855355693,19.30677667450121,1.9980656391989138,10.37973387620442,37.31407611052223,22.830282409033984,1.1851812512289528,5.517796831869328,1.468087207440962,False,False
7.271287011717942,0.08467958430822485,0.3753834137241232,37.185762230528326,0.6309072403299486,10.528016201482107,2.039383268769755,16.894286158024737,2.1956810747997624,13.512378507982465,40.629069014481004,20.993602354277275,0.21894975692259722,5.370616277307692,0.18541685620447262,False,False
6.996999722849526,0.09833664554851378,0.0,47.3756825521662,0.25902709993993334,9.248546932355296,1.9027022067064945,15.881421417090895,2.1956810747997624,10.430932677418097,39.57819718946455,22.830282409033984,3.4174518144035932,5.517796831869328,0.148236585919794,False,True
7.290785614085439,0.08951037535351158,0.1457306583053107,39.073847918351035,0.41551163023269144,10.026368037595786,1.6636761211662243,16.894286158024737,1.9980656391989138,10.243822843394298,43.50511383922563,21.293504901877526,2.265543604361203,3.6514264279978907,0.148236585919794,False,False
7.334621257342793,0.08836019881791288,0.10992497443358783,47.402885319267924,0.3927076059622761,10.044396573999077,1.8309160216847393,15.629568186133062,3.1836930165137107,10.37973387620442,41.9432880855633,21.910951632338765,1.1851812512289528,5.0920901272008186,0.6754938248169686,False,False
7.594292715247264,0.07757092849305978,0.6584329755136138,27.139717398380444,0.786459768805429,11.357915568149611,2.3849367401108807,16.894286158024737,2.1956810747997624,13.512378507982465,43.619436237227774,21.910951632338765,0.3640980453891385,1.3177514880328864,0.18541685620447262,False,False
7.485776793781883,0.08063119058069679,0.2932398860583656,37.94204113858965,0.5550159139076282,10.651201337891806,2.276989126497654,17.573704445507953,1.9980656391989138,10.243822843394298,43.84159793311613,21.910951632338765,0.29271305624645494,3.6514264279978907,0.4877180221995935,True,False
7.0933813978940385,0.0943181074036844,0.06844522502537018,44.35521822400949,0.3489464703366064,9.61182202286038,1.9916620639493394,16.894286158024737,1.9980656391989138,10.243822843394298,40.106856184495555,22.830282409033984,2.7274259135673202,5.013843996080715,0.18541685620447262,False,False
7.445842596770014,0.08439792039343826,0.20955884293176022,46.150452180682166,0.497821337227848,10.484446443419454,1.9339768974276348,16.894286158024737,3.064837406532287,10.37973387620442,42.072305579238,21.634235117894537,0.21894975692259722,4.8929463845224515,0.8427057206609756,False,False
7.060898182541167,0.09852987957193098,0.0,47.67341504799813,0.21421203197898503,9.216931476180235,1.8505103893075419,15.629568186133062,1.9980656391989138,10.430932677418097,42.219592946194474,20.638355318862736,3.4174518144035932,5.517796831869328,0.148236585919794,False,True
6.905575282524694,0.10348829386665157,0.0,49.64594046131062,0.23942200964069338,9.118255471652352,1.676115138490289,16.894286158024737,2.1956810747997624,10.243822843394298,37.90523730336234,22.830282409033984,4.264656793595753,5.517796831869328,0.148236585919794,False,True
7.136357358685927,0.08882412432327236,0.06784127299466244,42.351428982979414,0.3483093009442098,9.646603023082825,2.0203300735291214,16.894286158024737,0.5307325730925379,10.37973387620442,41.96275811814286,22.830282409033984,1.7361734477123427,5.517796831869328,0.148236585919794,True,False
7.758180909493193,0.09850978373415936,0.0,83.21196920376983,0.17134850985645245,10.445132698455287,1.613935580691057,16.894286158024737,2.1956810747997624,10.243822843394298,42.737198140617565,18.549314659675513,1.1851812512289528,5.0920901272008186,3.102425745058354,False,True
7.526178078122812,0.07953944290179864,0.34856684261886245,36.67560502239573,0.5953506580297109,10.758859164026772,2.2598536482145226,15.887968707533002,3.9992789621241465,10.37973387620442,42.976700198033576,22.830282409033984,0.21894975692259722,3.2193680679486776,0.4877180221995935,True,False
7.313923358090426,0.08301667004660555,0.3490016095288972,36.5154450988662,0.5935285150372691,10.491332350963708,1.9938806576777945,16.598172601569836,1.190985881122685,13.512378507982465,42.286650045839956,20.993602354277275,0.21894975692259722,5.013843996080715,0.18541685620447262,False,False
7.043924293791198,0.09380992992799535,0.04284316969345569,45.15856253464762,0.32193630196143663,9.477752119608402,2.193154795589462,17.27410616187085,1.052275865863814,10.37973387620442,40.42998718024533,22.40941435077353,2.3765434827693004,5.929702496352965,0.148236585919794,False,False
7.362268079533836,0.0897974690588819,0.3156079682129905,41.395920272117706,0.6097031643995459,10.691099485779338,1.5634017206592843,18.084937722683698,1.9980656391989138,13.512378507982465,41.5244001362264,18.983641767207462,1.1075121559758951,4.30134604852557,0.4877180221995935,False,False
7.151872849721127,0.10274716207807556,0.0,53.7056324662259,0.1931665314842913,9.42907599287236,2.0720605003032957,17.016663787579137,0.8405695337750109,10.243822843394298,41.116397959847575,21.910951632338765,4.544673990250356,3.6514264279978907,0.6754938248169686,False,True
7.3095274772063235,0.09197569687017115,0.6006438454403138,33.225088775757385,0.8121534256698171,11.13703176500329,1.965665846066646,16.894286158024737,2.1956810747997624,17.37642873942309,37.361124925228985,21.910951632338765,2.3765434827693004,1.6995671312108906,0.18541685620447262,False,False
6.968974460170049,0.09921712515755392,0.012464880303254012,47.4673139666594,0.28988720665477385,9.307742651684533,1.8985883345066112,16.894286158024737,2.1956810747997624,10.243822843394298,38.618629647745784,22.830282409033984,3.4174518144035932,5.651609466678046,0.148236585919794,True,False
7.533416362793712,0.08245338839627081,0.36229027269039943,41.25770487211116,0.6589529956232123,11.032588778031371,2.2351488885113264,18.24888196003123,3.697566025835044,10.37973387620442,40.56251218336307,22.830282409033984,0.21894975692259722,3.2193680679486776,0.8427057206609756,False,False
7.523946379715051,0.07890039527791547,0.5176984260297997,30.109585800184476,0.6802784296597604,10.95099270198923,2.260265458699277,17.27410616187085,3.9587657997440795,10.243822843394298,43.551449177096565,21.910951632338765,0.3640980453891385,2.5485697542464973,0.148236585919794,True,False
7.181187165766306,0.08644103316690925,0.13891979943645077,40.34757926548598,0.42329714634029647,9.885516309140023,2.356301756483413,17.27410616187085,1.052275865863814,10.37973387620442,41.67896317280833,22.830282409033984,1.1851812512289528,5.451220677069852,0.148236585919794,True,False
7.048353665287798,0.10450048547630733,0.0,58.984167023431255,0.15946468898651162,9.221256473514755,1.8614262144945861,16.894286158024737,0.9600790586564328,10.37973387620442,38.73259751009762,22.830282409033984,4.264656793595753,5.0920901272008186,0.8462740671862367,False,True
7.517103886100308,0.07916886689109069,0.5337240626698979,30.00687774100711,0.6957228207126955,10.988091580005582,2.2188087623727357,17.627358284469853,3.9587657997440795,10.243822843394298,43.19819705449756,21.910951632338765,0.3640980453891385,2.5485697542464973,0.148236585919794,True,False
7.073538642562986,0.09276612461905842,0.053608831759898584,44.126960489895374,0.3332940754415339,9.541778872309335,1.948622248806134,17.060143271282318,1.052275865863814,10.37973387620442,40.63498767705705,22.830282409033984,2.3765434827693004,5.517796831869328,0.148236585919794,True,False
6.958137132543673,0.10125890513597281,0.0,50.466513011818506,0.11309767089223433,8.81635000903551,1.9538145488120575,14.13192683833891,1.888723137098186,10.37973387620442,40.838643527939624,22.830282409033984,4.264656793595753,5.517796831869328,0.148236585919794,False,True
7.616399282535073,0.09594961135058297,0.16380512717692586,67.12608664371747,0.4495511671064977,10.87653739331187,1.1450301200252584,16.894286158024737,2.1956810747997624,13.512378507982465,39.02778144733422,20.993602354277275,1.453678117324302,3.6514264279978907,2.2711659122593506,False,False
7.295645782174187,0.08949769116165736,0.0,51.97970444112227,0.27364181750934735,9.731944893736276,2.380358191127482,16.894286158024737,2.1956810747997624,8.113613256919093,42.15195643136782,22.830282409033984,1.453678117324302,5.517796831869328,0.8427057206609756,False,True
7.469662612749629,0.0794842749504097,0.48818116926053445,31.417520087294225,0.6677638902822198,10.862144765843103,2.3234586165244315,15.887968707533002,1.9980656391989138,13.512378507982465,43.72152783261702,21.293504901877526,0.21894975692259722,3.2193680679486776,0.148236585919794,True,False
6.960820459017099,0.1006733810314916,0.0,49.680403626905694,0.13675891967891912,8.928615849558433,2.252523040125524,16.894286158024737,0.5307325730925379,9.235203148768639,41.23305164794263,22.3448466236303,4.095846430752033,5.517796831869328,0.148236585919794,True,True
7.528885941399913,0.0850128306454271,0.4759118620136471,30.380357411873042,0.6400496371285493,10.90764285308303,1.8233285277549511,17.27410616187085,3.9587657997440795,10.243822843394298,43.30232320971004,22.3448466236303,2.267726799176741,0.4601719765538954,0.148236585919794,False,False
6.996999722849526,0.09833664554851378,0.0,47.3756825521662,0.25902709993993334,9.248546932355296,1.9027022067064945,15.881421417090895,2.1956810747997624,10.430932677418097,39.57819718946455,22.830282409033984,3.4174518144035932,5.517796831869328,0.148236585919794,False,True
7.366926462091409,0.0827537190332691,0.2608568870075879,36.96823822414492,0.5069840161691983,10.273298332986041,1.8014866606273015,15.887968707533002,3.9587657997440795,10.16080495273059,43.82792659373994,20.638355318862736,0.3640980453891385,5.013843996080715,0.148236585919794,True,False
7.739779985742764,0.0896708565350753,0.0040829769284709645,58.04522272373025,0.2810442985943778,10.539370902625063,1.9627307130716212,16.894286158024737,0.5307325730925379,9.235203148768639,45.604607257414855,22.3448466236303,2.3765434827693004,1.194700832145981,1.8190799241536448,False,False
6.968974460170049,0.09921712515755392,0.012464880303254012,47.4673139666594,0.28988720665477385,9.307742651684533,1.8985883345066112,16.894286158024737,2.1956810747997624,10.243822843394298,38.618629647745784,22.830282409033984,3.4174518144035932,5.651609466678046,0.148236585919794,True,False
7.310341839083048,0.0928115506612654,0.08525881642987572,39.783560163489156,0.36182078094668135,9.893961109499283,1.6588308903447042,15.44834381924947,3.9587657997440795,9.301484210205297,43.320502938493874,21.910951632338765,3.363145259802217,2.5485697542464973,0.148236585919794,False,False
7.14332459961031,0.08726406918043053,0.10803349610370676,41.74244160540712,0.3907120963242516,9.744646106716969,2.3863950956417717,16.894286158024737,1.1531153549500703,10.37973387620442,41.454980488829335,22.830282409033984,1.2096626306846927,5.929702496352965,0.148236585919794,True,False
7.045475008233654,0.09384887365834929,0.0432016645410567,45.15943116495182,0.3223145140256557,9.48057765113772,2.190015772922358,17.27410616187085,1.0827879776151164,10.37973387620442,40.46404279563725,22.3448466236303,2.3765434827693004,5.929702496352965,0.148236585919794,False,False
7.242615632638842,0.08911263314966567,0.12393905623883876,39.38719123026325,0.3969837820509124,9.92588138343043,1.8080882719157854,16.894286158024737,1.052275865863814,10.37973387620442,42.667215194186056,22.830282409033984,2.3765434827693004,3.6514264279978907,0.148236585919794,False,False
7.502982301063322,0.0825485553659894,0.39525596901912613,41.05559984956574,0.693731805250019,11.102480152648488,2.1489302118747857,17.27410616187085,1.9980656391989138,13.512378507982465,40.10706129630457,22.830282409033984,0.14715878250727904,3.288241482440969,0.8427057206609756,False,False
7.621326377229752,0.09428416633916656,0.21260880122173123,73.1377379103893,0.5010390432237674,11.085317059210752,2.2983893527476607,16.894286158024737,0.5307325730925379,16.14055204918546,37.19113296280712,21.293504901877526,0.21894975692259722,5.013843996080715,2.716997602009306,False,False
7.414174163044327,0.08786210937348138,0.14432063577023274,46.946010910167686,0.42899502867243644,10.31157781026941,1.5535723806794952,16.894286158024737,1.888723137098186,10.37973387620442,41.98371571973465,22.830282409033984,1.529126551245161,3.6514264279978907,0.8427057206609756,False,False
7.480671885154205,0.08335858161153478,0.2816002814596822,41.53620350124101,0.5738250548748056,10.69730514818727,1.7591369222538724,17.016663787579137,3.9587657997440795,10.243822843394298,41.87937768271769,21.910951632338765,0.3640980453891385,3.9508263840199174,0.6754938248169686,False,False
7.392087920379787,0.08066708966727248,0.5994748336537059,31.15305241858832,0.7814124475575077,11.094108980986098,2.0558036320761244,18.084937722683698,1.9980656391989138,13.512378507982465,39.953518599948225,22.830282409033984,0.14715878250727904,3.288241482440969,0.18541685620447262,False,False
7.555408002686588,0.08659076822994947,0.4531437969604953,32.01732256808962,0.6393411920045768,10.97913633362336,2.158221958110059,17.016663787579137,1.9980656391989138,13.512378507982465,45.884480934355594,18.191290230501462,1.893952556145072,1.3177514880328864,0.18541685620447262,False,False
7.5860379948788434,0.07742230926007534,0.5420171032229641,29.121996351440334,0.6918704676483668,11.092575996061191,2.386252403948974,17.060143271282318,2.058168330936155,12.050574529238276,45.325939070944095,20.993602354277275,0.21894975692259722,2.107205830194814,0.18541685620447262,True,False
7.133058770176371,0.09212029931427893,0.0584201950784266,43.1929112745914,0.33837006374258094,9.626623077344554,1.2074995333686018,15.685614138334952,0.6613349955663357,12.058945534094441,42.066283503775594,21.910951632338765,2.3765434827693004,5.0920901272008186,0.148236585919794,False,False
6.9445494552979525,0.10092575961271334,0.02311287902722527,47.824021447094864,0.3011208453085636,9.320956973420454,1.8186668353071522,17.27410616187085,2.1956810747997624,10.430932677418097,37.89886943753725,22.830282409033984,3.704094821550931,5.517796831869328,0.148236585919794,True,False
7.557699827451518,0.08204806591628787,0.29711995745556247,40.20343752805325,0.5901983130504593,10.837369695646558,1.7541637307641924,17.016663787579137,3.9587657997440795,10.37973387620442,43.5324021822875,20.638355318862736,0.14715878250727904,3.6514264279978907,0.6754938248169686,False,False
7.386799483998666,0.08748377973835403,0.21424221785626096,36.18056098962306,0.4465883043991782,10.251440789588436,2.2141525317197273,17.27410616187085,1.1531153549500703,10.37973387620442,44.976840265387075,21.293504901877526,2.3765434827693004,2.397919371020959,0.148236585919794,False,False
6.8592369793727705,0.10564303337832208,0.0,51.30509208786909,0.1751775802131098,8.920501274019513,2.1461002424345317,17.060143271282318,1.052275865863814,10.37973387620442,38.22358154236348,22.830282409033984,4.787949617462863,5.517796831869328,0.148236585919794,True,True
7.498556161250394,0.07934811302817207,0.4657104054513965,31.52767628868567,0.6456259583435875,10.82014711303262,2.15962934588393,17.016663787579137,3.9587657997440795,10.243822843394298,43.90068825661388,21.293504901877526,0.21894975692259722,3.2193680679486776,0.148236585919794,True,False
7.003759799922797,0.10086665401084982,0.0695393851995118,46.897426162391405,0.3501008093203259,9.525699814984021,1.7430010868479373,16.894286158024737,2.1956810747997624,12.058945534094441,39.080522412150636,20.68707958873771,3.4174518144035932,5.517796831869328,0.148236585919794,False,False
7.219237178746666,0.0957536867564974,0.09595233746174862,52.41937209402543,0.3779664739569857,9.93996123025697,1.894914536268703,17.060143271282318,3.064837406532287,10.37973387620442,38.552807448994265,22.830282409033984,2.3765434827693004,4.8929463845224515,0.8427057206609756,False,False
6.954074146682844,0.10317918708382454,0.051833790008430414,47.511178811602065,0.331421406393735,9.457397984828187,2.353282938620501,16.894286158024737,0.4663855452809792,13.512378507982465,38.57551787408175,21.293504901877526,4.095846430752033,5.013843996080715,0.148236585919794,False,False
7.424329122431617,0.08793301908086962,0.1588218645791983,46.581424912313445,0.44429382506589515,10.39172848679007,1.4268395788767223,18.084937722683698,1.052275865863814,10.37973387620442,42.54352166975107,21.991720599513833,1.453678117324302,3.6514264279978907,0.8427057206609756,False,False
7.191076301782058,0.08604907757905052,0.11743972174587133,40.489128564612486,0.40063566437673515,9.832270332284546,2.277112730604657,16.894286158024737,1.052275865863814,10.243822843394298,42.194694209464565,22.830282409033984,1.1851812512289528,5.451220677069852,0.148236585919794,True,False
7.361012475481308,0.0883886036916598,0.09760369878335211,45.56018001376873,0.37970866015127736,10.059927122207654,2.1326884400454595,16.894286158024737,1.9980656391989138,10.243822843394298,44.43071762554501,19.609294116649263,1.1851812512289528,5.0920901272008186,0.5465422387580042,False,False
7.229213449411031,0.10051306046597293,0.0,52.05627261639136,0.205813042938497,9.558029366442216,2.1266311054685363,16.894286158024737,0.5307325730925379,10.37973387620442,42.76410230202632,21.20275298979829,4.264656793595753,3.288241482440969,0.6754938248169686,False,True
7.561635889103468,0.09229818487489382,0.18469583556161262,66.67190631594818,0.4715908644523422,10.813292238186245,2.103492712126921,16.894286158024737,2.1956810747997624,13.512378507982465,38.624174128515484,20.993602354277275,0.21894975692259722,5.370616277307692,2.1903117421699876,False,False
7.15774919363985,0.09127793907280414,0.17387064172917024,41.57212517141625,0.46017028495911555,9.9894909055518,1.8294727770210746,17.060143271282318,0.5307325730925379,13.294272161209964,41.62885474278405,20.18361664091778,1.6363471929242235,5.517796831869328,0.148236585919794,False,False
7.665714934903808,0.0846639982593045,0.16294607305860895,57.011737636852494,0.44864486501167333,10.806576054988753,2.1502309860318767,17.016663787579137,1.9980656391989138,10.37973387620442,42.108981417284255,22.830282409033984,0.21894975692259722,3.6514264279978907,1.7958966857787988,False,False
7.532208251073696,0.09078587226306235,0.388635352119246,42.55253734469846,0.6867470544206454,11.206154396248733,1.2810945052070433,19.567628091435292,1.9980656391989138,13.512378507982465,41.73529665411796,18.425938548382934,1.453678117324302,2.4643087208971615,0.8427057206609756,False,False
6.864907395244784,0.10509777327454317,0.0,51.34872080495674,0.16437521055717064,8.893457900627594,2.1580575683051566,16.894286158024737,1.052275865863814,10.243822843394298,38.524514097646446,22.830282409033984,4.695921913303267,5.610660126813661,0.148236585919794,True,True
7.069247950519476,0.10510583456344476,0.0,57.69224562414751,0.26346261879753685,9.507740810097323,2.351278966734014,13.943222522117564,0.5307325730925379,15.871857518916219,38.18845373204368,21.634235117894537,4.095846430752033,4.8929463845224515,0.8427057206609756,False,True
6.951627187266432,0.10190303160615923,0.009975297727484931,49.13277008603715,0.28726069703733753,9.318335127730235,2.3516249150640447,17.060143271282318,1.052275865863814,12.050574529238276,39.13467533418414,20.993602354277275,3.593609292596743,5.929702496352965,0.18541685620447262,False,False
7.217304010726451,0.08409014934778242,0.4086641559746253,36.47700992507143,0.6559251499204221,10.513483478406833,2.333414734797606,16.894286158024737,2.1956810747997624,13.512378507982465,38.829569230008964,22.830282409033984,0.21894975692259722,5.370616277307692,0.148236585919794,True,False
7.409435824371259,0.09037594658004773,0.36383247539904784,33.419449909667,0.5650853085097184,10.615115455950797,2.084214059526047,17.016663787579137,1.9980656391989138,11.92605137406392,42.335708514773295,22.830282409033984,3.4174518144035932,0.3275398750273639,0.148236585919794,False,False
7.651533277887105,0.08770259299174406,0.04723497340770693,60.894507360873064,0.3265696548799717,10.483307315893772,1.988002185495972,18.084937722683698,1.9980656391989138,8.743303625878463,44.98449200184607,19.16051057161074,0.21894975692259722,5.013843996080715,1.7958966857787988,False,False
7.665714934903808,0.0846639982593045,0.16294607305860895,57.011737636852494,0.44864486501167333,10.806576054988753,2.1502309860318767,17.016663787579137,1.9980656391989138,10.37973387620442,42.108981417284255,22.830282409033984,0.21894975692259722,3.6514264279978907,1.7958966857787988,False,False
6.987911980109048,0.10583782016993033,0.0,49.512549390372335,0.2579283890810335,9.323906836941092,1.8150484380580665,18.96769535079744,1.539191886540265,10.430932677418097,40.934255112328074,18.19723476153124,4.264656793595753,5.517796831869328,0.148236585919794,False,True
7.03152957498396,0.102566153993705,0.0,50.55716750723511,0.10363642392332245,8.902992755784101,1.9561467578557126,14.844452887982898,1.9980656391989138,10.243822843394298,43.37367430138975,19.609294116649263,4.264656793595753,5.517796831869328,0.148236585919794,False,True
7.141067579763753,0.09832514036785653,0.1539639902133852,44.87466021522525,0.4391687676099623,9.86321550123831,1.8888590775039937,16.894286158024737,5.97494100485281,10.37973387620442,40.24225736130153,18.054299034574445,2.3765434827693004,5.929702496352965,0.148236585919794,False,False
7.127236599523231,0.08912723335635613,0.07051350948955534,42.56311543236662,0.35112851044632176,9.640384444119109,2.034380699265639,16.894286158024737,0.698623896301705,10.37973387620442,41.702003499989345,22.830282409033984,1.7361734477123427,5.610660126813661,0.148236585919794,True,False
7.4416717895001305,0.08321405213915685,0.4609075605957698,32.027402502618045,0.6476755100189124,10.826362325121208,1.7842772998879788,16.894286158024737,1.1531153549500703,13.512378507982465,43.415377868995485,21.293504901877526,1.1851812512289528,2.397919371020959,0.148236585919794,False,False
7.54448013571775,0.08954303215332796,0.18768386104861753,61.19137980473165,0.4747432313411324,10.75758617584728,2.2861731198032635,16.894286158024737,1.1531153549500703,13.512378507982465,40.04343246129364,21.293504901877526,0.21894975692259722,5.013843996080715,1.8704888628682412,False,False
7.240602099267042,0.0975719409599046,0.0,44.00326107929888,0.22015446048116422,9.481138134262691,2.330666338272326,15.887968707533002,2.3764404751013606,9.235203148768639,45.1701782762069,19.866758307769594,4.095846430752033,3.2193680679486776,0.148236585919794,False,True
7.480496796789184,0.07954237314346199,0.4072360970335169,33.074568452860056,0.6059647056445306,10.706817808449301,2.273988956213807,17.060143271282318,3.182759979912961,10.37973387620442,44.399758451613394,20.993602354277275,0.14715878250727904,3.6514264279978907,0.18541685620447262,True,False
7.448902789382745,0.08592617366635609,0.14309915042576984,41.37321307120235,0.4277063616340281,10.303969070838733,2.3383734749867457,18.084937722683698,1.9980656391989138,8.838228094878174,45.20257050682296,20.39476232529814,1.3422912609206323,3.6514264279978907,0.4877180221995935,False,False
7.615067105042839,0.09215100226274604,0.09410784962903498,68.12814104149129,0.3760205392934728,10.606016461047053,1.9232991711981497,16.894286158024737,3.9587657997440795,10.243822843394298,40.304164034862836,20.638355318862736,0.3640980453891385,5.370616277307692,2.2258915224144857,False,False
7.245876600261753,0.10733903450393635,0.0,70.39995143500866,0.24512155690942283,9.832332032195657,2.0167666965411564,15.887968707533002,1.9980656391989138,13.512378507982465,36.87076040576964,21.293504901877526,3.6275811557789446,5.013843996080715,1.7958966857787988,False,True
7.2896734961984535,0.08379082344800963,0.4145454628628006,35.697242180291965,0.6510253311555401,10.597970778527937,2.002753352087831,16.894286158024737,2.1956810747997624,13.512378507982465,40.723119018392396,21.293504901877526,0.21894975692259722,5.013843996080715,0.148236585919794,False,False
7.0374771800568485,0.09467901163441456,0.02091340581036348,45.453436684043965,0.2988004010647744,9.41347581157838,1.986032339999962,17.016663787579137,1.052275865863814,10.243822843394298,40.37063246782798,22.830282409033984,2.7274259135673202,5.610660126813661,0.148236585919794,True,False
6.860582962852502,0.10573347320068129,0.0,51.216469986626805,0.1960062103822841,8.962008947452308,1.8596962791553406,16.894286158024737,1.888723137098186,10.243822843394298,37.68806682641207,22.830282409033984,4.695921913303267,5.610660126813661,0.148236585919794,False,True
7.553145032978794,0.0821766582366099,0.2882043655487332,42.6171295286552,0.5807923635887544,10.828549280189854,1.6965623825043854,16.894286158024737,3.9587657997440795,10.243822843394298,42.350882635331985,21.910951632338765,0.14715878250727904,3.6514264279978907,0.8427057206609756,False,False
7.498556161250394,0.07934811302817207,0.4657104054513965,31.52767628868567,0.6456259583435875,10.82014711303262,2.15962934588393,17.016663787579137,3.9587657997440795,10.243822843394298,43.90068825661388,21.293504901877526,0.21894975692259722,3.2193680679486776,0.148236585919794,True,False
7.355058548016326,0.09148908705211259,0.26876055271097865,44.32597012157069,0.5602791410449234,10.477699475451116,1.6565254849142637,16.894286158024737,6.572888052507989,10.243822843394298,40.0550389549143,19.609294116649263,1.1851812512289528,4.8929463845224515,0.5465422387580042,False,False
7.9145163400081096,0.08311284350562786,0.2805522629469802,51.361721833056876,0.572719395343905,11.444179245393514,2.3604988602198134,17.016663787579137,3.9587657997440795,10.37973387620442,44.7723279919734,20.39476232529814,0.3640980453891385,1.3177514880328864,1.7958966857787988,False,False
7.07835523022646,0.09546062463796952,0.0,45.68436521739798,0.24168619905884653,9.31522789317756,1.2708574398434627,15.887968707533002,1.052275865863814,10.37973387620442,41.90143411972705,22.40941435077353,3.207092497897666,5.013843996080715,0.148236585919794,False,True
7.2088318907832525,0.10056642194812875,0.002060711099119072,44.40191229715066,0.27891080814441155,9.62610125227824,1.4748826358753684,16.894286158024737,2.1956810747997624,10.430932677418097,44.18117238393698,18.54205396657376,4.264656793595753,3.3429803597311065,0.148236585919794,False,False
7.8757982809696445,0.09224282237303238,0.0119718641023027,77.0189813381467,0.2893670745627703,10.923156002634938,2.32169383288068,17.27410616187085,1.052275865863814,10.243822843394298,41.71986938233786,22.830282409033984,1.1851812512289528,2.5485697542464973,3.145892332023734,False,False
7.0374771800568485,0.09467901163441456,0.02091340581036348,45.453436684043965,0.2988004010647744,9.41347581157838,1.986032339999962,17.016663787579137,1.052275865863814,10.243822843394298,40.37063246782798,22.830282409033984,2.7274259135673202,5.610660126813661,0.148236585919794,True,False
7.61135147219878,0.08682485844988178,0.22303157570595106,39.345966456663824,0.5009393120488373,10.774128730365476,2.3002197306824197,16.894286158024737,1.052275865863814,11.59299812946171,45.759447565535055,20.993602354277275,2.3765434827693004,0.654830878360016,0.6760155657080941,False,False
6.894732312842332,0.10391916054343271,0.0,49.492669273052535,0.2643646584917275,9.176533107745556,1.8108990177950068,17.27410616187085,2.1956810747997624,10.430932677418097,37.33830746549243,22.830282409033984,4.264656793595753,5.517796831869328,0.148236585919794,True,True
7.152224777571648,0.09704862672190968,0.2077294971556502,40.622276963392565,0.49589137743405187,10.13244050819995,2.3356876467276373,16.894286158024737,0.4698847210612761,14.671545639511834,39.885722111252555,21.293504901877526,3.4174518144035932,3.2193680679486776,0.148236585919794,False,False
7.488809613510191,0.08024246804958314,0.33132755886268184,37.360122676944826,0.5869113638156778,10.742392328306542,2.2876877246613323,18.084937722683698,1.9980656391989138,10.243822843394298,43.475918929679565,21.910951632338765,0.14715878250727904,3.6514264279978907,0.4877180221995935,True,False
6.781551469994104,0.11075382642750306,0.0,53.78593608819202,0.14305942237094205,8.749640504169362,2.229137420025618,16.894286158024737,1.888723137098186,10.37973387620442,36.69135383211728,22.830282409033984,5.6495871697322695,5.517796831869328,0.148236585919794,True,True
7.182966256269932,0.08661825281082067,0.35274261873308516,38.354336215462936,0.6236627514551519,10.40361602404421,2.3189910412325503,16.894286158024737,2.1956810747997624,13.512378507982465,38.34541921516316,22.830282409033984,0.6659195014837315,5.370616277307692,0.18541685620447262,False,False
7.271287011717942,0.08467958430822485,0.3753834137241232,37.185762230528326,0.6309072403299486,10.528016201482107,2.039383268769755,16.894286158024737,2.1956810747997624,13.512378507982465,40.629069014481004,20.993602354277275,0.21894975692259722,5.370616277307692,0.18541685620447262,False,False
7.368119818119901,0.08353234091926628,0.7385409131612036,30.12830434282148,0.9135338225505738,11.383997975312482,2.0908417737301845,17.016663787579137,3.9587657997440795,16.025177038845527,37.260312350307196,22.152526612732984,0.21894975692259722,3.2193680679486776,0.148236585919794,False,False
7.347398477299423,0.08808790944257856,0.19539751904929645,36.506964048819796,0.43135542176245417,10.16372692732504,2.28567926731246,17.016663787579137,1.052275865863814,10.243822843394298,43.857988124884066,22.830282409033984,2.7274259135673202,2.1233044697575765,0.148236585919794,False,False
7.588462421933147,0.08428121300767595,0.4637892210849883,39.74315415936081,0.7605949398353156,11.375837481375445,1.8927599553298367,16.894286158024737,3.9587657997440795,13.91341635240897,40.47987846525651,20.993602354277275,0.3640980453891385,2.5485697542464973,0.8473830706527912,False,False
7.445842596770014,0.08439792039343826,0.20955884293176022,46.150452180682166,0.497821337227848,10.484446443419454,1.9339768974276348,16.894286158024737,3.064837406532287,10.37973387620442,42.072305579238,21.634235117894537,0.21894975692259722,4.8929463845224515,0.8427057206609756,False,False
7.549097692494143,0.08609998559042273,0.43229773140901134,36.909465296034426,0.6870171273904879,11.130535843882646,1.4621079864306081,17.060143271282318,2.379144662802293,14.108483048775824,43.00400558030853,19.609294116649263,1.1851812512289528,2.107205830194814,0.5465422387580042,False,False
7.048329134675036,0.09342931155091212,0.023413543540071753,45.24671673754247,0.3014380463696166,9.435333943391008,2.130800014799283,17.27410616187085,0.5307325730925379,10.37973387620442,41.016098200159824,22.3448466236303,2.3765434827693004,5.929702496352965,0.148236585919794,True,False
7.508658163918561,0.07976685301609099,0.6392309985200633,29.293672594119116,0.7968759520638307,11.262343282168864,2.3085236184236724,17.060143271282318,3.182759979912961,13.512378507982465,41.74979091381616,21.69264134285806,0.21894975692259722,2.397919371020959,0.18541685620447262,False,False
7.282001168761558,0.08954907211496038,0.21593544703558942,44.755206971045375,0.5045486545573877,10.283824543181522,1.660635406286524,15.887968707533002,1.9980656391989138,13.512378507982465,40.562514757340416,21.293504901877526,1.1851812512289528,5.013843996080715,0.5465422387580042,False,False
7.668202231315787,0.08745249528805676,0.2910237209503443,56.212073235449694,0.5837667835374541,11.169465936593326,1.888807812254009,17.060143271282318,3.0610380319118806,12.857112129748014,40.43362231649655,20.993602354277275,0.14715878250727904,3.6514264279978907,1.7958966857787988,False,False
7.798582380241015,0.09175503021171313,0.0,80.67995418520346,0.2344075461842594,10.651389635360614,1.7793070301139071,16.894286158024737,1.052275865863814,10.37973387620442,41.97322178882575,21.420979843147705,0.21894975692259722,4.8929463845224515,3.167606326488526,False,True
7.498556161250394,0.07934811302817207,0.4657104054513965,31.52767628868567,0.6456259583435875,10.82014711303262,2.15962934588393,17.016663787579137,3.9587657997440795,10.243822843394298,43.90068825661388,21.293504901877526,0.21894975692259722,3.2193680679486776,0.148236585919794,True,False
7.336012891532457,0.08265331069967721,0.33650305776447587,36.11504977560311,0.5746405515979229,10.430718400448693,1.9037260122174817,17.27410616187085,3.5876894351044424,10.243822843394298,42.219846318829774,21.293504901877526,0.21894975692259722,5.013843996080715,0.148236585919794,False,False
7.189584606241367,0.09611427293882054,0.07622866283920993,42.41863802562097,0.35715799723020736,9.778069112806564,1.6236144757681612,17.060143271282318,2.1956810747997624,10.37973387620442,42.153724595114944,20.993602354277275,3.4174518144035932,3.6514264279978907,0.148236585919794,False,False
7.199626346165811,0.09517623744928344,0.2889121023350111,38.077205470344566,0.552374964341177,10.34609642241818,2.0570351998991927,20.036430684587625,1.9980656391989138,10.37973387620442,38.83542791954558,22.830282409033984,3.373903514488722,2.397919371020959,0.148236585919794,False,False
7.369376821506879,0.10050014394324196,0.0,76.06170802415569,0.08996623164262008,9.61840281866698,2.2561653641765105,16.207061372086798,0.5307325730925379,10.37973387620442,40.00898866558448,22.3448466236303,2.3765434827693004,5.929702496352965,2.2223909102791968,False,True
7.471539749782461,0.08186209598245105,0.3339421400202773,38.01917371541451,0.5990552294529701,10.716531486280333,1.9289067974041056,16.7344352753204,3.9587657997440795,10.37973387620442,42.07897592951418,22.3448466236303,0.3640980453891385,3.6514264279978907,0.4877180221995935,False,False
7.355394868551031,0.08792386016002306,0.11946207412475959,44.948925078695716,0.4027692461364623,10.11217420870309,1.9585194370091252,16.894286158024737,1.9980656391989138,10.37973387620442,43.70848212676437,20.39476232529814,1.1851812512289528,4.8929463845224515,0.5465422387580042,False,False
7.204512769377159,0.10494971204514844,0.0,70.79996055860676,0.15346197887333762,9.51768379440478,2.151767224933576,16.894286158024737,1.888723137098186,10.243822843394298,37.376202932524535,22.830282409033984,3.4174518144035932,5.610660126813661,1.7385705787070072,False,True
7.508664523936431,0.08353104373228849,0.6241350938401075,30.55941944925604,0.7989751519752315,11.329809045148076,1.6125972362910093,20.088495885466173,1.9980656391989138,13.512378507982465,44.06310336475831,16.754319751726097,0.14715878250727904,3.288241482440969,0.148236585919794,False,False
6.992421561716587,0.09747290519213997,0.0,47.17262391410817,0.2421102942920731,9.229321678095467,1.9228502536171215,16.894286158024737,0.5307325730925379,10.37973387620442,40.34313623258712,22.830282409033984,3.3557953332680786,5.517796831869328,0.148236585919794,True,True
7.803808241302895,0.08828749338647296,0.09112358664283736,71.03569104897105,0.37287214184303435,10.942256659300487,2.300628143238788,17.016663787579137,1.9980656391989138,10.37973387620442,41.1554300680294,22.830282409033984,0.21894975692259722,3.6514264279978907,2.7494480350336525,False,False
7.518407517167804,0.0828531693524612,0.2595229711846466,43.1956095803737,0.5505334925346431,10.75036786690264,1.9015610079638414,18.084937722683698,1.9980656391989138,10.37973387620442,42.7680809355262,21.910951632338765,0.3640980453891385,3.6514264279978907,0.8427057206609756,False,False
7.2737444746595425,0.09443479501955446,0.05595961785544565,39.769695206017005,0.33071267692346695,9.850234141612692,2.1540023213522175,16.894286158024737,0.5307325730925379,10.37973387620442,43.849594658490105,22.3448466236303,4.095846430752033,1.7567230938860727,0.148236585919794,False,False
6.85799275419184,0.10598882825001761,0.0,50.82496702371296,0.22447860990801488,9.040264698052681,1.9340679735888142,17.27410616187085,1.888723137098186,10.430932677418097,37.21400028348649,22.830282409033984,4.695921913303267,5.517796831869328,0.148236585919794,True,True
6.8962735617961215,0.10545073171777404,0.08830158828321034,49.03882195988689,0.36989493357362785,9.498687382970196,2.075014510944481,17.060143271282318,0.5307325730925379,14.735611900614408,36.880849781907635,20.993602354277275,4.095846430752033,5.517796831869328,0.18541685620447262,False,False
7.498382692176279,0.08201385927804208,0.22756953235382849,40.96826487531235,0.51682261456813,10.597277818216988,2.119743975731739,16.894286158024737,1.9980656391989138,10.37973387620442,43.26797710879629,22.830282409033984,0.6659195014837315,3.288241482440969,0.6754938248169686,True,False
6.954578388704885,0.1033845566616219,0.0,49.17665303099059,0.26118081813587907,9.211743757919324,1.793992640650301,16.894286158024737,3.9587657997440795,9.235203148768639,38.238913412582626,21.910951632338765,4.095846430752033,5.517796831869328,0.148236585919794,False,True
7.148329296991404,0.09647145297085938,0.04503646501541967,53.25135067064377,0.3242502285261087,9.706209855101418,2.191098011360709,17.060143271282318,2.1956810747997624,10.430932677418097,38.73880860050956,22.830282409033984,2.4618967631429145,5.517796831869328,0.7644583719440355,False,False
7.384273141604312,0.08718406047461118,0.37002704316580515,33.653723622289576,0.5749568469356627,10.60299567716183,2.3534483939588364,17.27410616187085,0.5307325730925379,12.851663167290717,42.84253787072778,22.3448466236303,2.3765434827693004,1.6313335346987123,0.148236585919794,False,False
7.694578154347777,0.09286965544879887,0.04278855917983232,76.22161586831277,0.321878687869564,10.662759585714793,1.928036033857418,17.060143271282318,3.182759979912961,10.243822843394298,40.06321102082693,20.993602354277275,0.14715878250727904,5.517796831869328,2.791504915929617,False,False
6.996999722849526,0.09833664554851378,0.0,47.3756825521662,0.25902709993993334,9.248546932355296,1.9027022067064945,15.881421417090895,2.1956810747997624,10.430932677418097,39.57819718946455,22.830282409033984,3.4174518144035932,5.517796831869328,0.148236585919794,False,True
7.189021537391068,0.0856050512708479,0.47812445557652894,36.72211842451496,0.7326963325905371,10.692538253715755,2.340909321409907,18.084937722683698,2.9508314196671352,13.512378507982465,36.771197470051646,22.830282409033984,0.14715878250727904,5.517796831869328,0.18541685620447262,True,False
7.5787439653723565,0.0814778301313976,0.23880502079226174,42.34372659136449,0.528676054870677,10.759349782473992,2.1932387121500163,17.27410616187085,1.9980656391989138,10.37973387620442,44.24655719100783,21.675365297719193,0.3640980453891385,3.2193680679486776,0.8427057206609756,False,False
7.379079785994995,0.09773095087901666,0.0,66.81928397523086,0.20991615791871976,9.892821309898533,1.9780702838237398,17.27410616187085,0.5307325730925379,10.37973387620442,40.405194212131335,22.3448466236303,2.3765434827693004,4.8929463845224515,1.7958966857787988,False,True
7.304733976962541,0.09067948409475529,0.2206695289667284,44.65174123995745,0.5095431109947394,10.378290531580607,1.8915562560357642,20.6533256754754,2.1956810747997624,9.301484210205297,41.4164013056825,19.609294116649263,1.1851812512289528,5.0920901272008186,0.5465422387580042,False,False
7.083642827697548,0.09266037843224177,0.257699375394481,41.225341263335295,0.5486095989760184,10.111537605575112,2.385198755511261,20.13928007533602,3.779281399833472,8.933893907111958,36.9150553431831,22.830282409033984,1.7361734477123427,5.517796831869328,0.148236585919794,False,False
7.271445101917356,0.0847984788248082,0.4030146752404449,36.32960361378436,0.6478657486298879,10.542288841145774,2.061827494028265,16.894286158024737,3.9587657997440795,12.058945534094441,39.572626117288216,21.910951632338765,0.3640980453891385,5.0920901272008186,0.148236585919794,False,False
7.368624524734984,0.08803874955024472,0.41121021264205776,34.24259545726922,0.6267911579551817,10.69014268717575,1.9320801490374997,16.894286158024737,2.058168330936155,13.43234148684301,41.804278527369,21.293504901877526,1.9712646380088121,2.397919371020959,0.148236585919794,False,False
7.118790954716556,0.09147498418979079,0.31277322664199614,40.557459414299274,0.6067125120421468,10.310276242494355,2.35494541637282,16.894286158024737,1.784701425461838,14.904652243690059,37.74989428369159,21.634235117894537,1.3290170831634438,5.517796831869328,0.18541685620447262,False,False
7.2897391174210755,0.08293990502690735,0.2742518541593956,37.539834133843556,0.5292557489444033,10.251203592308137,2.2857896277307033,16.894286158024737,3.064837406532287,10.37973387620442,42.1419242666323,21.634235117894537,0.21894975692259722,5.517796831869328,0.148236585919794,True,False
7.616451608843273,0.08913605601171519,0.3652183820553953,55.96305298111981,0.662042151003283,11.33546902472166,1.618238413168589,17.060143271282318,2.058168330936155,15.57076725214563,38.65104592065933,20.993602354277275,0.21894975692259722,3.6514264279978907,1.7958966857787988,False,False
7.207566044247797,0.08672569106405455,0.4309077531150584,37.42153438353537,0.692843026964943,10.584356702974382,2.1010824041463487,17.016663787579137,3.9587657997440795,13.512378507982465,38.042991993721245,21.293504901877526,0.21894975692259722,5.808508666253155,0.148236585919794,False,False
7.280133124100543,0.08448725551539507,0.45490110679743223,35.27419395495794,0.6875759463768344,10.676488050864753,1.7252781167659288,16.894286158024737,2.9508314196671352,13.512378507982465,39.47093823284727,21.910951632338765,0.3640980453891385,4.748279417830685,0.148236585919794,False,False
7.622557596054064,0.08677651512310018,0.0,62.17991895347738,0.25133023690893475,10.221082704654945,1.9283074279823524,16.894286158024737,2.1956810747997624,8.026839686169284,45.10296803569899,20.39476232529814,0.21894975692259722,5.370616277307692,1.7958966857787988,False,True
7.200636016218485,0.08710685220125816,0.04429487152774498,41.35117368208528,0.32346784739661183,9.649336323655511,1.871655746632927,15.887968707533002,0.5307325730925379,10.37973387620442,43.473028404423204,22.830282409033984,1.7361734477123427,5.013843996080715,0.148236585919794,True,False
7.065022360628279,0.10112057367823622,0.07922955605782252,45.15763266703932,0.36032393957584363,9.641769940315486,0.8540345828301733,17.060143271282318,3.182759979912961,10.430932677418097,38.39438158455452,22.830282409033984,4.264656793595753,3.6514264279978907,0.18541685620447262,False,False
7.445842596770014,0.08439792039343826,0.20955884293176022,46.150452180682166,0.497821337227848,10.484446443419454,1.9339768974276348,16.894286158024737,3.064837406532287,10.37973387620442,42.072305579238,21.634235117894537,0.21894975692259722,4.8929463845224515,0.8427057206609756,False,False
7.507595746968101,0.07930295803957742,0.597306327401871,29.337140852597766,0.753264451326623,11.146830853467065,2.3040033811931253,16.894286158024737,2.421342796687237,13.512378507982465,42.962731538339135,21.293504901877526,0.21894975692259722,2.5485697542464973,0.148236585919794,True,False
7.516364434562071,0.0819474648891082,0.33747699891981187,39.5038098234817,0.6239270657604373,10.877077878181847,2.0114585345700635,17.27410616187085,3.9587657997440795,10.243822843394298,41.434062847802,22.830282409033984,0.3640980453891385,3.2193680679486776,0.6754938248169686,False,False
7.272256879787487,0.08356381864510623,0.45232095264303573,35.14202957171072,0.6829717434607159,10.6497361587927,2.3334155656846187,18.80288444480193,3.915076623337316,10.37973387620442,38.8118899192575,22.830282409033984,0.21894975692259722,4.8929463845224515,0.148236585919794,False,False
6.781551469994104,0.11075382642750306,0.0,53.78593608819202,0.14305942237094205,8.749640504169362,2.229137420025618,16.894286158024737,1.888723137098186,10.37973387620442,36.69135383211728,22.830282409033984,5.6495871697322695,5.517796831869328,0.148236585919794,True,True
7.184143031522965,0.10800731431402946,0.0,74.38144362744423,0.007592380803256971,9.131479070808355,2.1918752980339273,17.016663787579137,1.9980656391989138,8.026839686169284,38.5497981667748,22.830282409033984,4.264656793595753,5.517796831869328,1.7958966857787988,False,True
6.989778525315144,0.0978614366554082,0.0,47.09179394724581,0.26144274682411595,9.271219179473478,2.0270432186899994,16.894286158024737,1.0419581826559954,10.37973387620442,39.83191062302366,22.830282409033984,3.3557953332680786,5.517796831869328,0.148236585919794,False,True
7.30604309191293,0.10627706566265285,0.0,69.05961414785041,0.1839961267358461,9.764572617714538,1.3898418617670052,16.894286158024737,1.9980656391989138,10.513942857750518,38.0514430286194,22.830282409033984,4.264656793595753,3.6514264279978907,1.7958966857787988,False,True
7.035484503793254,0.09331086521927362,0.028940916888673087,45.20391609810093,0.30726942525239104,9.43289118377759,2.1976369458684637,17.27410616187085,0.5307325730925379,10.37973387620442,40.530662414756144,22.830282409033984,2.3765434827693004,5.929702496352965,0.148236585919794,True,False
7.043924293791198,0.09380992992799535,0.04284316969345569,45.15856253464762,0.32193630196143663,9.477752119608402,2.193154795589462,17.27410616187085,1.052275865863814,10.37973387620442,40.42998718024533,22.40941435077353,2.3765434827693004,5.929702496352965,0.148236585919794,False,False
7.480496796789184,0.07954237314346199,0.4072360970335169,33.074568452860056,0.6059647056445306,10.706817808449301,2.273988956213807,17.060143271282318,3.182759979912961,10.37973387620442,44.399758451613394,20.993602354277275,0.14715878250727904,3.6514264279978907,0.18541685620447262,True,False
7.051374144206918,0.09423230462148992,0.12471528178798555,43.76357030142159,0.4083113802211657,9.719093152278331,2.1266124111574807,16.894286158024737,1.052275865863814,12.339654405535601,39.261792319243895,22.40941435077353,2.3765434827693004,5.517796831869328,0.148236585919794,False,False
7.480496796789184,0.07954237314346199,0.4072360970335169,33.074568452860056,0.6059647056445306,10.706817808449301,2.273988956213807,17.060143271282318,3.182759979912961,10.37973387620442,44.399758451613394,20.993602354277275,0.14715878250727904,3.6514264279978907,0.18541685620447262,True,False
7.4537430400235,0.08381859410107687,0.3333078882854687,33.46710387266254,0.5335605046132328,10.502914088327362,2.316212208607138,16.894286158024737,3.779281399833472,8.933893907111958,43.7553402375427,22.63369806385451,1.7361734477123427,2.1190902000004757,0.148236585919794,False,False
7.519360257607019,0.0790608792632814,0.5944713347946596,29.670250822437513,0.7550173212006936,11.170617539290891,2.335676997101536,16.894286158024737,2.421342796687237,13.512378507982465,42.997342242469784,21.293504901877526,0.14715878250727904,2.5485697542464973,0.18541685620447262,True,False
7.789070102811074,0.0890107684095198,0.24610570989343114,64.99894191830879,0.5363782818724108,11.323750828227338,1.8573893591723991,17.060143271282318,2.058168330936155,13.512378507982465,40.484181323255534,20.993602354277275,0.14715878250727904,3.288241482440969,2.4561259473180046,False,False
7.653798413084308,0.09176284716807903,0.02948082825654597,73.38992330299469,0.30783903174549687,10.545752246700394,1.558307673906019,16.894286158024737,2.421342796687237,10.37973387620442,40.69750175777179,21.293504901877526,0.21894975692259722,5.517796831869328,2.57688392064237,False,False
7.3309633821744615,0.08770811955372979,0.21222240771745407,46.61905440212232,0.5006313980767549,10.318377872213292,1.9948764406318111,17.27410616187085,3.9587657997440795,10.37973387620442,40.77974447675884,20.638355318862736,0.3640980453891385,5.929702496352965,0.6754938248169686,False,False
7.182966256269932,0.08661825281082067,0.35274261873308516,38.354336215462936,0.6236627514551519,10.40361602404421,2.3189910412325503,16.894286158024737,2.1956810747997624,13.512378507982465,38.34541921516316,22.830282409033984,0.6659195014837315,5.370616277307692,0.18541685620447262,False,False
6.992801709751223,0.10780058770362244,0.0,49.11166010893528,0.19918844296038607,9.177822313608381,2.0883775064596337,17.060143271282318,1.888723137098186,10.37973387620442,40.22854717748785,20.993602354277275,5.6495871697322695,3.6514264279978907,0.148236585919794,False,True
7.469530221217879,0.08140092371337226,0.30912742797258824,38.005894683298,0.5726866028221604,10.686499833766158,2.110779070685506,18.084937722683698,1.9980656391989138,10.243822843394298,43.2589796667977,21.910951632338765,0.3640980453891385,3.6514264279978907,0.4877180221995935,False,False
7.507595746968101,0.07930295803957742,0.597306327401871,29.337140852597766,0.753264451326623,11.146830853467065,2.3040033811931253,16.894286158024737,2.421342796687237,13.512378507982465,42.962731538339135,21.293504901877526,0.21894975692259722,2.5485697542464973,0.148236585919794,True,False
7.498609261296078,0.0802532679939726,0.5909378885475562,29.65065082235908,0.7510104136920861,11.12908581333832,2.2600628456917695,18.829450242919595,3.9587657997440795,10.37973387620442,42.13691057768194,21.634235117894537,0.3640980453891385,2.5485697542464973,0.148236585919794,False,False
7.104299891305902,0.09198985151618265,0.0,45.97752858453323,0.21061157397680652,9.20509812898944,1.9384402989155705,14.02208923637905,1.888723137098186,10.37973387620442,42.91012456164598,22.3448466236303,2.3765434827693004,5.929702496352965,0.148236585919794,True,True
7.281678789585884,0.0965446879807989,0.1331266208671218,48.34810598755084,0.4171853429496544,10.105265441549,1.6185721018634476,17.016663787579137,3.9587657997440795,10.243822843394298,39.64022953859343,21.910951632338765,2.9594940966555896,3.5945784768777305,0.6754938248169686,False,False
7.247013949820436,0.08445575108437785,0.38692052131073523,37.104879986423455,0.6419270525668394,10.523400011585881,2.178864896725862,16.894286158024737,2.1956810747997624,13.512378507982465,39.71171973641951,21.910951632338765,0.21894975692259722,5.370616277307692,0.18541685620447262,False,False
6.835239678477791,0.10738165507791109,0.0,52.29211009835361,0.14601526247229257,8.821369055846281,2.1718602828937796,16.894286158024737,1.052275865863814,10.37973387620442,38.083261619739666,22.830282409033984,5.160702808143724,5.451220677069852,0.148236585919794,True,True
7.420999739608891,0.08578487900316616,0.2357307806022505,46.41678391741469,0.5254327314702152,10.518919711279457,2.0662742709921433,16.894286158024737,3.9587657997440795,10.37973387620442,40.75651238311543,21.910951632338765,0.3640980453891385,4.8929463845224515,0.8427057206609756,False,False
7.136357358685927,0.08882412432327236,0.06784127299466244,42.351428982979414,0.3483093009442098,9.646603023082825,2.0203300735291214,16.894286158024737,0.5307325730925379,10.37973387620442,41.96275811814286,22.830282409033984,1.7361734477123427,5.517796831869328,0.148236585919794,True,False
