weight_name,weight_value,target_name,seed,target_MOR_min,target_WA_max,pred_MOR,pred_WA,target_S,pred_S,S_margin,MOR_margin,WA_margin,spec_met_point,spec_met_with_90pct_margin,cost_Tk_per_kg,CO2_kg_per_kg,cost_change_vs_NN_pct,CO2_change_vs_NN_pct,feasible,trust_ratio,comp_AG98,comp_AG22,comp_AG23,comp_SodaF,comp_PotashF,comp_Crushing,comp_ETP,comp_NaSil
PROPERTY_PENALTY_WEIGHT,1.0,low_MOR,0,34.220697441000006,0.5,45.8182,0.27637,,9.57775,,11.597502558999992,0.22363,True,True,7.2177,0.08772,-3.933077783101746,-10.361741263028811,True,0.7802547770700637,15.2042,0.2891,10.8195,43.4928,22.7472,1.5774,5.4761,0.3937
PROPERTY_PENALTY_WEIGHT,1.0,low_MOR,1,34.220697441000006,0.5,46.73586,0.22857,,9.24314,,12.515162558999997,0.27143,True,True,7.0512,0.09349,-6.149177447692066,-4.46556304925404,True,0.6651441501843781,15.8071,0.2463,10.6318,41.7389,22.9299,2.6359,5.8183,0.1918
PROPERTY_PENALTY_WEIGHT,1.0,low_MOR,2,34.220697441000006,0.5,45.38907,0.28608,,9.47502,,11.168372558999991,0.21392,True,False,7.0878,0.09417,-5.662034818719064,-3.770692826486821,True,0.9376885685551457,18.4764,0.3221,9.3152,42.0631,21.5036,2.6044,5.5346,0.1806
PROPERTY_PENALTY_WEIGHT,1.0,low_MOR,3,34.220697441000006,0.5,44.32754,0.27252,,9.47176,,10.106842558999993,0.22748000000000002,True,True,7.1973,0.0897,-4.20459990416866,-8.338442673206625,True,0.9520197787462286,14.0359,2.7941,10.2797,43.5911,21.5871,1.8614,5.6593,0.1914
PROPERTY_PENALTY_WEIGHT,1.0,low_MOR,4,34.220697441000006,0.5,44.08172,0.28888,,9.6077,,9.861022558999991,0.21111999999999997,True,False,7.2122,0.0889,-4.006282276526651,-9.15593705293276,True,0.7159738518270197,15.8577,0.3309,10.4544,43.5601,22.5733,2.0138,4.9186,0.2912
PROPERTY_PENALTY_WEIGHT,1.0,mid_MOR,0,49.8251369875,0.5,49.39374,0.26582,,9.64918,,-0.4313969875000012,0.23418,False,False,7.2802,0.0872,-2.1346955235918896,-12.695234281137358,True,0.9840345289976533,14.222,0.3873,11.8061,44.0015,21.9183,1.086,5.9295,0.6492
PROPERTY_PENALTY_WEIGHT,1.0,mid_MOR,1,49.8251369875,0.5,46.51253,0.15324,,9.13375,,-3.312606987500004,0.34676,False,False,7.1521,0.08975,-3.8567011695120335,-10.142170604725676,True,0.962076768354006,13.9833,0.686,9.8112,44.5516,22.7732,2.2536,5.714,0.2272
PROPERTY_PENALTY_WEIGHT,1.0,mid_MOR,2,49.8251369875,0.5,43.64002,0.28362,,9.53995,,-6.1851169875000025,0.21638000000000002,False,False,7.2153,0.08644,-3.0071246135233265,-13.456147376852211,True,0.9829031176667784,15.0391,1.6398,9.6054,43.6729,22.7502,1.382,5.6663,0.2444
PROPERTY_PENALTY_WEIGHT,1.0,mid_MOR,3,49.8251369875,0.5,50.05831,0.2785,,9.72248,,0.23317301249999645,0.22149999999999997,True,False,7.2961,0.0858,-1.9209571178921858,-14.09691629955947,True,0.9910325175997319,15.0389,0.1086,11.075,43.4678,22.8153,0.8205,5.9161,0.7576
PROPERTY_PENALTY_WEIGHT,1.0,mid_MOR,4,49.8251369875,0.5,56.23352,0.20201,,9.66586,,6.408383012499996,0.29799,True,True,7.3647,0.08888,-0.9987901599677329,-11.013215859030833,True,0.8995139121689574,15.0131,1.29,9.4358,43.3805,22.9188,1.3602,5.4679,1.1337
PROPERTY_PENALTY_WEIGHT,1.0,high_MOR,0,72.09692173600001,0.5,57.33517,0.09015,,9.1461,,-14.761751736000015,0.40985,False,False,7.2047,0.09429,-4.363235723577674,-16.881170662905497,True,0.8839255782769024,14.6862,1.5281,8.674,42.872,22.9276,2.5179,5.9133,0.8809
PROPERTY_PENALTY_WEIGHT,1.0,high_MOR,1,72.09692173600001,0.5,54.46054,0.25917,,9.82693,,-17.63638173600001,0.24083,False,False,7.3595,0.0888,-2.308386651445571,-21.720733427362482,True,0.9733489775393899,17.1568,1.2475,8.3151,42.6983,22.9259,1.3171,5.2558,1.0834
PROPERTY_PENALTY_WEIGHT,1.0,high_MOR,2,72.09692173600001,0.5,47.1605,0.23438,,9.36079,,-24.936421736000014,0.26561999999999997,False,False,7.1728,0.09104,-4.786683303687589,-19.746121297602258,True,0.9891887361716392,14.5466,3.0788,9.1741,42.8201,22.1466,2.0067,5.9184,0.3087
PROPERTY_PENALTY_WEIGHT,1.0,high_MOR,3,72.09692173600001,0.5,58.68711,0.27797,,9.75724,,-13.409811736000016,0.22203,False,False,7.262,0.09356,-3.602622985637305,-17.524682651622005,True,0.8836322494133422,13.7892,1.1001,13.4617,40.085,22.8033,1.6588,5.9016,1.2002
PROPERTY_PENALTY_WEIGHT,1.0,high_MOR,4,72.09692173600001,0.5,61.68484,0.2141,,9.79487,,-10.412081736000012,0.2859,False,False,7.3862,0.08993,-1.9539650091592198,-20.724612129760235,True,0.9271706335903453,15.5221,0.7302,10.2427,42.1185,22.9291,1.0213,5.9264,1.5097
PROPERTY_PENALTY_WEIGHT,1.0,tight_WA,0,49.8251369875,0.32,54.17776,0.0893,,8.9619,,4.352623012499997,0.23070000000000002,True,False,7.1202,0.09922,-1.0107189033630393,-6.475633895748889,True,0.9358028830036875,14.3408,4.1766,7.8667,42.6661,21.1173,3.4288,5.9259,0.4779
PROPERTY_PENALTY_WEIGHT,1.0,tight_WA,1,49.8251369875,0.32,47.30237,0.11981,,8.97333,,-2.522766987499999,0.20019,False,False,7.0795,0.0931,-1.5765546580655876,-12.244320859647473,True,0.9899011062688567,15.2443,0.4747,8.9757,44.1849,22.2699,2.8306,5.8776,0.1422
PROPERTY_PENALTY_WEIGHT,1.0,tight_WA,2,49.8251369875,0.32,51.76606,0.11618,,9.18763,,1.9409230125000008,0.20382,True,False,7.2209,0.09007,0.3892727550779407,-15.100386464322746,True,0.9931696278913844,13.9713,0.2249,9.8622,44.7658,22.7266,2.0878,5.7554,0.606
PROPERTY_PENALTY_WEIGHT,1.0,tight_WA,3,49.8251369875,0.32,51.37292,0.0987,,9.13247,,1.5477830124999983,0.2213,True,False,7.1963,0.09297,0.04726883454517772,-12.366858327834862,True,0.9890211196781762,15.2081,0.2724,8.8193,44.7938,22.3196,2.814,5.2452,0.5276
PROPERTY_PENALTY_WEIGHT,1.0,tight_WA,4,49.8251369875,0.32,52.57898,0.15719,,9.36257,,2.753843012499999,0.16281,True,False,7.2672,0.08947,1.032963060796055,-15.665944009803,True,0.9951810258129399,14.617,1.1516,9.1615,44.2485,22.5483,1.7339,5.804,0.7352
PROPERTY_PENALTY_WEIGHT,1.0,mid_MOR_shrink,0,49.8251369875,0.5,56.40679,0.31936,10.64,10.16463,0.27463000000000015,6.581653012499999,0.18064000000000002,True,False,7.4902,0.08448,0.6882645516870456,-15.41850220264317,True,0.9140965471002347,17.1082,1.8906,8.2141,42.8035,22.9277,0.1022,5.5368,1.4171
PROPERTY_PENALTY_WEIGHT,1.0,mid_MOR_shrink,1,49.8251369875,0.5,53.13075,0.36152,10.64,10.23744,0.34743999999999886,3.3056130124999967,0.13848,True,False,7.4552,0.08505,0.21777120580721565,-14.84781738085702,True,0.9446027489104928,17.5876,0.6099,9.5711,42.8415,22.6775,0.4196,5.065,1.2277
PROPERTY_PENALTY_WEIGHT,1.0,mid_MOR_shrink,2,49.8251369875,0.5,56.8688,0.30315,10.64,10.19239,0.30238999999999905,7.043663012499998,0.19685000000000002,True,False,7.5285,0.08414,1.2031186987498277,-15.758910692831385,True,0.9423399262487429,17.5306,1.4393,7.8587,43.7091,22.5502,0.1058,5.326,1.4802
PROPERTY_PENALTY_WEIGHT,1.0,mid_MOR_shrink,3,49.8251369875,0.5,57.50533,0.34951,10.64,10.25747,0.3674699999999991,7.680193012499998,0.15049,True,False,7.505,0.08614,0.8872160236590876,-13.756507809371243,True,0.8355682199128394,16.9271,3.313,8.2893,42.1152,22.1204,0.1015,5.654,1.4795
PROPERTY_PENALTY_WEIGHT,1.0,mid_MOR_shrink,4,49.8251369875,0.5,53.91141,0.33196,10.64,10.01313,0.12312999999999974,4.086273012499994,0.16804000000000002,True,False,7.3859,0.08687,-0.713805619034813,-13.02563075690828,True,0.9240697284612805,14.3885,1.4777,11.9443,42.2336,22.5634,0.6182,5.6542,1.1201
PROPERTY_PENALTY_WEIGHT,2.5,low_MOR,0,34.220697441000006,0.5,43.64,0.25067,,9.35117,,9.419302558999995,0.24933,True,True,7.1464,0.09059,-4.882074216046428,-7.428980175761291,True,0.9653452899765337,14.7851,2.7039,9.0875,42.8578,22.7698,2.3226,5.369,0.1043
PROPERTY_PENALTY_WEIGHT,2.5,low_MOR,1,34.220697441000006,0.5,42.26016,0.2502,,9.46079,,8.039462558999993,0.24980000000000002,True,True,7.2196,0.09072,-3.907788958100422,-7.296137339055797,True,0.8735752598055649,13.9322,1.9486,10.453,44.5253,21.994,2.7145,4.3281,0.1044
PROPERTY_PENALTY_WEIGHT,2.5,low_MOR,2,34.220697441000006,0.5,48.0449,0.25378,,9.46335,,13.824202558999993,0.24622,True,True,7.1547,0.09895,-4.771601980514295,1.113836092376852,True,0.9801793496480055,15.714,1.5592,12.4051,44.7973,16.5014,2.8879,5.922,0.213
PROPERTY_PENALTY_WEIGHT,2.5,low_MOR,3,34.220697441000006,0.5,54.11946,0.135,,8.91864,,19.89876255899999,0.365,True,True,6.9674,0.10366,-7.264547729329718,5.926834253014501,True,0.9509721756620851,13.9294,2.4241,11.3935,39.716,22.1296,4.2327,5.8089,0.3656
PROPERTY_PENALTY_WEIGHT,2.5,low_MOR,4,34.220697441000006,0.5,45.49915,0.28139,,9.45374,,11.278452558999994,0.21861000000000003,True,False,7.1014,0.09266,-5.4810200713411135,-5.313713468219905,True,0.867289641300704,16.6133,0.1006,11.0663,42.6794,21.2225,2.2168,5.9143,0.1867
PROPERTY_PENALTY_WEIGHT,2.5,mid_MOR,0,49.8251369875,0.5,56.06663,0.17968,,9.27538,,6.241493012500001,0.32032,True,True,7.0782,0.10012,-4.850114262669713,0.2402883460152161,True,0.7323583640630238,16.7611,0.3048,10.6071,40.2819,22.3252,3.4157,5.5786,0.7257
PROPERTY_PENALTY_WEIGHT,2.5,mid_MOR,1,49.8251369875,0.5,55.84563,0.13605,,9.32949,,6.020493012499998,0.36395,True,True,7.2299,0.09341,-2.810861674956311,-6.477773327993585,True,0.8791485082132081,15.8754,0.1045,9.537,43.6638,21.8801,2.2634,5.8115,0.8643
PROPERTY_PENALTY_WEIGHT,2.5,mid_MOR,2,49.8251369875,0.5,57.19536,0.23804,,9.7784,,7.370223012499999,0.26195999999999997,True,True,7.3919,0.08943,-0.633149616883999,-10.462555066079293,True,0.9828193094200469,15.4285,3.4534,8.1252,42.4801,22.4571,1.1141,5.7301,1.2115
PROPERTY_PENALTY_WEIGHT,2.5,mid_MOR,3,49.8251369875,0.5,56.21555,0.25876,,9.943,,6.390413012499998,0.24124,True,True,7.4532,0.0846,0.1908858717569517,-15.298358029635562,True,0.9642557827690245,16.5014,1.0977,8.5222,44.0269,22.4302,0.2068,5.9169,1.2979
PROPERTY_PENALTY_WEIGHT,2.5,mid_MOR,4,49.8251369875,0.5,55.67212,0.25916,,9.80086,,5.846983012499997,0.24084,True,False,7.3647,0.08786,-0.9987901599677329,-12.034441329595513,True,0.9014415018437814,14.4695,1.4698,10.7534,42.6442,22.8201,0.9106,5.7912,1.1413
PROPERTY_PENALTY_WEIGHT,2.5,high_MOR,0,72.09692173600001,0.5,77.95187,0.13519,,10.05294,,5.854948263999987,0.36480999999999997,True,False,7.5975,0.09455,0.8508774258634944,-16.65197461212976,True,0.9885182701977874,14.5516,0.6621,11.3992,41.4445,22.7524,1.2691,5.2386,2.6826
PROPERTY_PENALTY_WEIGHT,2.5,high_MOR,1,72.09692173600001,0.5,78.54291,0.12355,,10.25989,,6.445988263999993,0.37645,True,True,7.7817,0.08922,3.2959885310749337,-21.350493653032444,True,0.9225192758967481,15.2601,1.6513,8.5402,43.8382,22.4549,0.3317,4.9893,2.9344
PROPERTY_PENALTY_WEIGHT,2.5,high_MOR,2,72.09692173600001,0.5,77.80259,0.0,,9.53035,,5.705668263999982,0.5,True,False,7.5203,0.09556,-0.17389226644012323,-15.761636107193223,True,0.9992876299027824,15.1617,1.0783,8.0177,43.2145,22.5015,1.746,5.8484,2.432
PROPERTY_PENALTY_WEIGHT,2.5,high_MOR,3,72.09692173600001,0.5,77.14852,0.13647,,10.25551,,5.051598263999992,0.36353,True,False,7.7499,0.08931,2.8738683728462666,-21.271156558533143,True,0.9912420382165604,15.6217,0.2381,10.0347,44.9309,20.7296,0.1133,5.5389,2.7928
PROPERTY_PENALTY_WEIGHT,2.5,high_MOR,4,72.09692173600001,0.5,76.64071,0.13144,,10.06211,,4.543788263999986,0.36856,True,False,7.6589,0.08965,1.6659144609339593,-20.971438645980257,True,0.9775393898759639,15.2572,2.4788,8.0784,42.4235,22.9279,0.2444,5.9261,2.6638
PROPERTY_PENALTY_WEIGHT,2.5,tight_WA,0,49.8251369875,0.32,56.32468,0.05297,,8.89696,,6.499543012499998,0.26703,True,True,7.0397,0.10845,-2.129878074212066,2.224526345555655,True,0.9905715722427086,15.9567,1.6761,9.3513,41.3882,21.3658,5.7295,4.0103,0.522
PROPERTY_PENALTY_WEIGHT,2.5,tight_WA,1,49.8251369875,0.32,55.30143,0.06889,,8.74867,,5.476293012500001,0.25111,True,False,6.9288,0.10574,-3.671676236288557,-0.3299085681968128,True,0.8822913174656386,15.9419,1.2506,9.4953,39.9169,22.6674,4.9265,5.4286,0.3728
PROPERTY_PENALTY_WEIGHT,2.5,tight_WA,2,49.8251369875,0.32,57.75176,0.11014,,9.4653,,7.926623012499995,0.20986,True,False,7.391,0.09378,2.754104742176322,-11.603355641436519,True,0.9873868588669125,14.1578,2.2198,9.0369,45.3868,20.786,2.4762,4.8421,1.0944
PROPERTY_PENALTY_WEIGHT,2.5,tight_WA,3,49.8251369875,0.32,55.74638,0.04311,,8.5525,,5.9212430125,0.27689,True,True,6.8322,0.10892,-5.014667241307391,2.6675464228485213,True,0.9517264498826684,16.4159,1.4632,9.1462,39.013,22.4838,5.4258,5.8119,0.2402
PROPERTY_PENALTY_WEIGHT,2.5,tight_WA,4,49.8251369875,0.32,55.7271,0.03504,,8.58171,,5.901963012499998,0.28496,True,False,6.8798,0.10538,-4.352903557674925,-0.6692430954849726,True,0.9461951055983908,14.5284,0.2888,11.0798,40.0824,22.9291,4.8474,5.9251,0.3191
PROPERTY_PENALTY_WEIGHT,2.5,mid_MOR_shrink,0,49.8251369875,0.5,60.41585,0.33152,10.64,10.28579,0.39578999999999986,10.590713012499997,0.16848000000000002,True,False,7.4932,0.09173,0.7285925527624748,-8.159791750100108,True,0.6439406637613141,17.8152,2.186,9.2482,41.536,21.6386,1.2617,4.6854,1.629
PROPERTY_PENALTY_WEIGHT,2.5,mid_MOR_shrink,1,49.8251369875,0.5,59.33203,0.27085,10.64,10.25652,0.3665199999999995,9.5068930125,0.22915000000000002,True,True,7.6156,0.08551,2.3739749966393386,-14.387264717661186,True,0.917574589339591,16.2863,1.564,8.5297,44.3591,22.6262,0.6313,4.2946,1.7089
PROPERTY_PENALTY_WEIGHT,2.5,mid_MOR_shrink,2,49.8251369875,0.5,63.99018,0.25774,10.64,10.24205,0.3520500000000002,14.1650430125,0.24225999999999998,True,False,7.6032,0.08775,2.2072859255276356,-12.144573488185827,True,0.9433875293328864,15.486,0.6018,11.3138,44.8676,20.0671,0.2085,5.5635,1.8917
PROPERTY_PENALTY_WEIGHT,2.5,mid_MOR_shrink,3,49.8251369875,0.5,58.53394,0.28285,10.64,10.21659,0.3265899999999995,8.708803012499999,0.21715,True,False,7.6073,0.08562,2.2624008603306933,-14.277132559070882,True,0.9034109956419711,14.8338,2.8465,9.5865,45.131,20.6188,0.2113,5.2012,1.571
PROPERTY_PENALTY_WEIGHT,2.5,mid_MOR_shrink,4,49.8251369875,0.5,57.02902,0.27183,10.64,10.28921,0.39921000000000006,7.2038830125,0.22816999999999998,True,True,7.6114,0.08864,2.317515795133751,-11.253504205046061,True,0.9794669795507879,17.432,1.0562,8.0659,44.4918,22.7606,1.82,2.7882,1.5852
PROPERTY_PENALTY_WEIGHT,5.0,low_MOR,0,34.220697441000006,0.5,42.26784,0.2498,,9.39081,,8.047142558999994,0.2502,True,True,7.1761,0.0865,-4.486769951551938,-11.60842019211119,True,0.9444351324170298,14.3364,0.5385,10.5001,44.365,22.9285,1.6704,5.5609,0.1003
PROPERTY_PENALTY_WEIGHT,5.0,low_MOR,1,34.220697441000006,0.5,44.8136,0.27884,,9.42313,,10.592902558999995,0.22116000000000002,True,False,7.1049,0.09137,-5.434435393707082,-6.6319231555282965,True,0.8234160241367751,16.3558,0.9399,10.0868,42.3811,22.0702,2.0896,5.9174,0.159
PROPERTY_PENALTY_WEIGHT,5.0,low_MOR,2,34.220697441000006,0.5,49.83779,0.2633,,9.71851,,15.617092558999992,0.23670000000000002,True,True,7.3339,0.08791,-2.386466485651928,-10.16758634784386,True,0.801248742876299,13.9413,1.3953,11.0714,43.8893,22.3812,1.4639,5.1163,0.7414
PROPERTY_PENALTY_WEIGHT,5.0,low_MOR,3,34.220697441000006,0.5,50.11593,0.21458,,9.57145,,15.895232558999993,0.28542,True,True,7.3199,0.08812,-2.572805196188055,-9.952994073165744,True,0.9257039892725443,14.3712,1.3036,9.876,44.5415,22.3721,1.6179,5.2173,0.7004
PROPERTY_PENALTY_WEIGHT,5.0,low_MOR,4,34.220697441000006,0.5,47.43306,0.24461,,9.23924,,13.212362558999992,0.25539,True,True,6.9931,0.09645,-6.9224830964169755,-1.4408338442673307,True,0.9412923231645994,17.3929,0.237,10.1208,40.5525,22.6006,3.0028,5.9258,0.1675
PROPERTY_PENALTY_WEIGHT,5.0,mid_MOR,0,49.8251369875,0.5,55.63237,0.04378,,8.66713,,5.807233012499999,0.45622,True,False,6.9636,0.1043,-6.390643903750515,4.425310372446933,True,0.9996228628897083,14.7936,3.5729,7.8846,40.2002,22.7836,4.5918,5.7967,0.3767
PROPERTY_PENALTY_WEIGHT,5.0,mid_MOR,1,49.8251369875,0.5,55.67719,0.09403,,8.71589,,5.852053012500001,0.40597,True,False,6.9006,0.10684,-7.237531926334184,6.968362034441333,True,0.9130070398927254,14.6001,4.0547,9.1692,38.2815,22.8061,4.8336,5.9248,0.3299
PROPERTY_PENALTY_WEIGHT,5.0,mid_MOR,2,49.8251369875,0.5,58.08138,0.20239,,9.80557,,8.2562430125,0.29761000000000004,True,True,7.4409,0.0882,0.025541067347756297,-11.694032839407287,True,0.9298524974857525,15.7624,0.6594,9.4924,44.7398,21.466,0.9659,5.5972,1.3168
PROPERTY_PENALTY_WEIGHT,5.0,mid_MOR,3,49.8251369875,0.5,55.71016,0.18223,,9.08338,,5.8850230125,0.31777,True,False,6.8816,0.11088,-7.492942599811803,11.013215859030856,True,0.874664767013074,20.7601,0.1094,9.7047,38.9085,19.2741,5.0389,5.8309,0.3735
PROPERTY_PENALTY_WEIGHT,5.0,mid_MOR,4,49.8251369875,0.5,56.37628,0.13728,,9.33911,,6.551143012499999,0.36272,True,True,7.25,0.0944,-2.5406640677510417,-5.486583900680819,True,0.5372527656721421,13.8007,1.2492,10.5464,42.8766,22.7529,2.6539,5.2001,0.9202
PROPERTY_PENALTY_WEIGHT,5.0,high_MOR,0,72.09692173600001,0.5,78.22297,0.2713,,10.36129,,6.126048263999991,0.22870000000000001,True,True,7.5319,0.09986,-0.019911328218336077,-11.971086036671363,True,0.9057995306738182,18.9614,2.7087,9.5588,38.5281,20.4024,1.2908,5.9025,2.6473
PROPERTY_PENALTY_WEIGHT,5.0,high_MOR,1,72.09692173600001,0.5,79.87224,0.2292,,10.20492,,7.775318263999992,0.27080000000000004,True,True,7.484,0.10399,-0.6557464093238208,-8.330394922425954,True,0.9083975863224941,18.6592,3.4154,9.0678,37.249,21.3526,2.3378,5.2587,2.6595
PROPERTY_PENALTY_WEIGHT,5.0,high_MOR,2,72.09692173600001,0.5,78.21669,0.15826,,10.17093,,6.119768263999987,0.34174,True,True,7.6582,0.09162,1.656622507765415,-19.23483779971792,True,0.9831126382836071,14.3327,1.3276,11.0781,42.0401,22.2513,0.4274,5.7697,2.7732
PROPERTY_PENALTY_WEIGHT,5.0,high_MOR,3,72.09692173600001,0.5,77.7786,0.02822,,9.62237,,5.681678263999984,0.47178,True,False,7.5032,0.09604,-0.40088140812913897,-15.338504936530327,True,0.9498826684545759,13.9153,0.1309,10.8042,42.3517,22.8694,1.8159,5.6513,2.4613
PROPERTY_PENALTY_WEIGHT,5.0,high_MOR,4,72.09692173600001,0.5,78.0756,0.0,,9.19165,,5.978678263999981,0.5,True,True,7.3564,0.10084,-2.3495367297634573,-11.107193229901268,True,0.864063023801542,13.7834,0.1008,10.3626,41.8048,22.9299,2.8876,5.9233,2.2077
PROPERTY_PENALTY_WEIGHT,5.0,tight_WA,0,49.8251369875,0.32,55.88158,0.08421,,9.10017,,6.056443012499997,0.23579,True,True,7.1726,0.09511,-0.2822227474314931,-10.349703082288631,True,0.8106352665102247,15.2845,0.5292,8.9547,43.2958,22.6326,2.836,5.7104,0.7568
PROPERTY_PENALTY_WEIGHT,5.0,tight_WA,1,49.8251369875,0.32,57.26573,0.05695,,8.8667,,7.4405930124999955,0.26305,True,True,7.0183,0.10308,-2.4273936798787643,-2.837213686492601,True,0.8568974187060007,16.2458,0.1494,9.7261,41.6884,21.6493,4.1931,5.7592,0.5888
PROPERTY_PENALTY_WEIGHT,5.0,tight_WA,2,49.8251369875,0.32,59.8502,0.05876,,8.80062,,10.025063012499999,0.26124,True,True,7.0022,0.10593,-2.651225514048572,-0.15081534546140807,True,0.9562520952061683,13.8037,3.4125,9.9641,39.5689,22.1757,4.4841,5.9197,0.6712
PROPERTY_PENALTY_WEIGHT,5.0,tight_WA,3,49.8251369875,0.32,57.40935,0.11965,,9.38975,,7.584213012500001,0.20035,True,False,7.2936,0.09248,1.3999916584409577,-12.828730323310388,True,0.9065957090177673,15.7536,0.2274,8.9146,43.9143,22.5354,2.2323,5.3765,1.0459
PROPERTY_PENALTY_WEIGHT,5.0,tight_WA,4,49.8251369875,0.32,56.70206,0.09295,,8.8051,,6.876923012500001,0.22705,True,True,6.8739,0.11208,-4.43492888820921,5.6461494957111835,True,0.9793412671806905,17.0871,0.2569,11.537,39.6505,20.0311,5.7213,5.3709,0.3451
PROPERTY_PENALTY_WEIGHT,5.0,mid_MOR_shrink,0,49.8251369875,0.5,58.79593,0.27563,10.64,10.33719,0.4471899999999991,8.970793012499996,0.22437,True,True,7.6471,0.08799,2.797419007931179,-11.9042851421706,True,0.9970667113643982,17.503,1.7868,7.8485,45.1971,21.1534,1.1621,3.6678,1.6813
PROPERTY_PENALTY_WEIGHT,5.0,mid_MOR_shrink,1,49.8251369875,0.5,65.72707,0.27355,10.64,10.35086,0.46086000000000027,15.901933012499995,0.22644999999999998,True,True,7.6514,0.08755,2.855222476139252,-12.344813776531838,True,0.9715890043580288,14.1159,1.7815,11.4152,43.1668,22.2618,0.4254,4.7202,2.1133
PROPERTY_PENALTY_WEIGHT,5.0,mid_MOR_shrink,2,49.8251369875,0.5,71.97865,0.27327,10.64,10.23394,0.3439399999999999,22.1535130125,0.22673,True,False,7.4993,0.09629,0.8105928216157965,-3.5943131758109703,True,0.994845792826014,15.9081,2.3805,11.2322,38.7587,22.8227,1.5137,5.0878,2.2964
PROPERTY_PENALTY_WEIGHT,5.0,mid_MOR_shrink,3,49.8251369875,0.5,65.64806,0.23237,10.64,10.29786,0.40785999999999945,15.822923012499999,0.26763000000000003,True,True,7.6939,0.08692,3.4265358247076216,-12.975570684821792,True,0.7867080120683875,15.7759,2.489,8.3728,44.6108,21.5417,0.3716,4.7327,2.1054
PROPERTY_PENALTY_WEIGHT,5.0,mid_MOR_shrink,4,49.8251369875,0.5,61.55731,0.27453,10.64,10.24307,0.3530699999999989,11.732173012499999,0.22547,True,False,7.6007,0.08507,2.173679257964767,-14.827793352022422,True,0.8253855179349647,16.4029,2.095,8.2371,43.5959,22.5653,0.1056,5.1835,1.8146
PROPERTY_PENALTY_WEIGHT,10.0,low_MOR,0,34.220697441000006,0.5,43.15505,0.22853,,9.317,,8.934352558999997,0.27147,True,True,7.1598,0.08797,-4.703721450247567,-10.106274269364391,True,0.8972929936305734,14.2114,0.7921,10.3764,44.2545,22.7552,1.9284,5.5796,0.1025
PROPERTY_PENALTY_WEIGHT,10.0,low_MOR,1,34.220697441000006,0.5,44.82957,0.27359,,9.48001,,10.608872558999991,0.22641,True,True,7.1934,0.08829,-4.25650854496088,-9.779276517473956,True,0.9179936305732485,13.7796,1.792,11.1105,43.507,22.1243,1.5674,5.8708,0.2484
PROPERTY_PENALTY_WEIGHT,10.0,low_MOR,2,34.220697441000006,0.5,44.58576,0.27065,,9.43439,,10.365062558999995,0.22935,True,True,7.1276,0.09165,-5.132300484480645,-6.345800122624167,True,0.8219493798189742,16.4804,1.3434,9.3305,42.4531,22.4466,2.3599,5.4117,0.1743
PROPERTY_PENALTY_WEIGHT,10.0,low_MOR,3,34.220697441000006,0.5,48.24762,0.25685,,9.27096,,14.026922558999992,0.24314999999999998,True,True,6.9846,0.10253,-7.035617313528187,4.772123441651321,True,0.9265001676164933,18.7042,2.4639,8.7988,40.2376,20.1653,3.8444,5.6747,0.1111
PROPERTY_PENALTY_WEIGHT,10.0,low_MOR,4,34.220697441000006,0.5,44.06322,0.26391,,9.42661,,9.842522558999995,0.23609000000000002,True,True,7.1551,0.08952,-4.766278017356129,-8.522378908645,True,0.7886356017432115,13.9793,0.4269,12.0872,43.6749,22.0918,1.9786,5.596,0.1653
PROPERTY_PENALTY_WEIGHT,10.0,mid_MOR,0,49.8251369875,0.5,56.07856,0.17456,,9.29062,,6.253423012500001,0.32544,True,True,7.1165,0.09739,-4.335260115606932,-2.492991589907878,True,0.562814280925243,15.699,0.2303,11.0586,40.9521,22.5685,2.8886,5.8263,0.7767
PROPERTY_PENALTY_WEIGHT,10.0,mid_MOR,1,49.8251369875,0.5,56.08729,0.08873,,8.87444,,6.262153012500001,0.41127,True,True,7.0013,0.10269,-5.883855356902812,2.813376051261529,True,0.7542323164599397,14.5862,1.6138,10.4307,40.5589,22.3637,4.112,5.8225,0.5122
PROPERTY_PENALTY_WEIGHT,10.0,mid_MOR,2,49.8251369875,0.5,56.00299,0.20821,,9.63738,,6.177853012499995,0.29179,True,True,7.329,0.09101,-1.4786933727651608,-8.88065678814578,True,0.8713962453905464,16.3763,2.0081,8.2021,43.0084,22.1052,1.597,5.6547,1.0482
PROPERTY_PENALTY_WEIGHT,10.0,mid_MOR,3,49.8251369875,0.5,55.72799,0.21325,,9.39219,,5.902853012499996,0.28675,True,False,7.1243,0.10553,-4.230407312810868,5.656788145774927,True,0.6295256453234997,14.6857,2.0041,13.9315,42.4929,16.7257,3.7717,5.8014,0.5872
PROPERTY_PENALTY_WEIGHT,10.0,mid_MOR,4,49.8251369875,0.5,55.73188,0.19635,,9.36296,,5.9067430124999944,0.30365,True,True,7.1145,0.09714,-4.362145449657218,-2.7432919503403985,True,0.9250754274220582,17.4082,0.2677,9.62,40.4059,22.9228,2.8271,5.7567,0.7916
PROPERTY_PENALTY_WEIGHT,10.0,high_MOR,0,72.09692173600001,0.5,78.2461,0.17042,,10.21191,,6.1491782639999855,0.32958,True,True,7.6558,0.09175,1.624764382616073,-19.120239774330038,True,0.9385266510224606,14.844,1.0912,11.0483,41.8449,22.2172,0.4099,5.7567,2.7879
PROPERTY_PENALTY_WEIGHT,10.0,high_MOR,1,72.09692173600001,0.5,78.0583,0.14025,,9.83493,,5.96137826399999,0.35975,True,True,7.4272,0.10305,-1.4097220378580744,-9.159026798307469,True,0.9409570901776734,14.2014,1.3037,13.5876,39.9549,20.351,2.4129,5.8102,2.3783
PROPERTY_PENALTY_WEIGHT,10.0,high_MOR,2,72.09692173600001,0.5,78.32468,0.14884,,10.18306,,6.227758263999988,0.35116,True,True,7.6827,0.09078,1.9818408686648636,-19.975317348377995,True,0.8431528662420383,16.295,2.18,8.0262,42.1484,22.4669,0.2801,5.7959,2.8075
PROPERTY_PENALTY_WEIGHT,10.0,high_MOR,3,72.09692173600001,0.5,77.89832,0.22463,,10.12103,,5.801398263999985,0.27537,True,False,7.4454,0.10138,-1.168131255475613,-10.631170662905499,True,0.9527321488434461,14.8822,0.2676,14.7064,38.1551,21.984,2.1142,5.3536,2.537
PROPERTY_PENALTY_WEIGHT,10.0,high_MOR,4,72.09692173600001,0.5,80.19125,0.21549,,10.43001,,8.094328263999984,0.28451000000000004,True,True,7.703,0.09576,2.2513075105530023,-15.585331452750351,True,0.9744803888702648,14.5823,1.7483,12.7933,41.6539,20.1557,0.8137,5.3219,2.9309
PROPERTY_PENALTY_WEIGHT,10.0,tight_WA,0,49.8251369875,0.32,57.60602,0.07331,,9.14628,,7.780883012499999,0.24669000000000002,True,True,7.2242,0.09444,0.4351513297835341,-10.981242341408247,True,0.7881327522628226,14.0063,0.3086,10.2159,43.9818,22.2319,2.6099,5.7416,0.904
PROPERTY_PENALTY_WEIGHT,10.0,tight_WA,1,49.8251369875,0.32,56.07058,0.0947,,9.05795,,6.245443012499997,0.2253,True,True,7.1232,0.0982,-0.969011108176121,-7.437081723065331,True,0.6491367750586657,14.8261,0.9783,10.0462,42.6545,21.7452,3.2315,5.8446,0.6736
PROPERTY_PENALTY_WEIGHT,10.0,tight_WA,2,49.8251369875,0.32,55.7641,0.06736,,8.91877,,5.938963012499997,0.25264,True,True,7.0665,0.10024,-1.7572884372089148,-5.514186068432469,True,0.7827271203486422,15.3874,0.5551,9.837,42.7468,21.3363,3.6637,5.9209,0.5529
PROPERTY_PENALTY_WEIGHT,10.0,tight_WA,3,49.8251369875,0.32,56.04961,0.06051,,9.03904,,6.224473012499999,0.25949,True,True,7.1552,0.0976,-0.5241279595156301,-8.002639268545575,True,0.9724689909487093,16.2248,0.4283,8.1817,43.4637,22.2228,3.4386,5.3233,0.7168
PROPERTY_PENALTY_WEIGHT,10.0,tight_WA,4,49.8251369875,0.32,56.48172,0.0724,,8.69113,,6.6565830125000005,0.2476,True,True,6.9,0.10919,-4.072071070082995,2.9220473183146245,True,0.9267515923566878,15.7116,3.5649,8.9022,39.2314,21.1898,5.154,5.9234,0.3229
PROPERTY_PENALTY_WEIGHT,10.0,mid_MOR_shrink,0,49.8251369875,0.5,64.55576,0.26901,10.64,10.26172,0.37171999999999983,14.730623012500004,0.23098999999999997,True,True,7.5864,0.08887,1.9814491195053074,-11.023227873448127,True,0.6405464297686893,17.3232,1.4283,9.3363,44.1104,19.9026,0.2363,5.7591,1.9038
PROPERTY_PENALTY_WEIGHT,10.0,mid_MOR_shrink,1,49.8251369875,0.5,61.83649,0.27049,10.64,10.36194,0.47194,12.011353012499995,0.22951,True,True,7.6385,0.09975,2.6818120715149885,-0.13015618742490132,True,0.7864146832048273,16.6536,2.955,11.0026,46.0845,15.6807,2.8235,3.145,1.6551
PROPERTY_PENALTY_WEIGHT,10.0,mid_MOR_shrink,2,49.8251369875,0.5,57.00225,0.23474,10.64,10.26092,0.3709199999999999,7.177113012499994,0.26526,True,True,7.6366,0.09249,2.65627100416721,-7.398878654385255,True,0.676081126382836,15.9915,0.2525,9.9786,45.3085,22.5379,3.1378,1.2098,1.5833
PROPERTY_PENALTY_WEIGHT,10.0,mid_MOR_shrink,3,49.8251369875,0.5,59.84793,0.27963,10.64,10.24757,0.35756999999999906,10.022793012499996,0.22037,True,False,7.5939,0.08468,2.082269122193847,-15.218261914297148,True,0.8779332886356017,16.0883,1.1292,9.2608,44.1131,22.5593,0.2389,4.8882,1.7222
PROPERTY_PENALTY_WEIGHT,10.0,mid_MOR_shrink,4,49.8251369875,0.5,75.09618,0.27143,10.64,10.25985,0.36984999999999957,25.2710430125,0.22857,True,True,7.4918,0.09981,0.709772818927279,-0.0700841009211084,True,0.8366158229969829,15.531,1.5299,13.8442,39.4901,19.9173,1.5359,5.758,2.3936
PROPERTY_PENALTY_WEIGHT,20.0,low_MOR,0,34.220697441000006,0.5,42.93961,0.27315,,9.47024,,8.718912558999996,0.22685,True,True,7.1848,0.08747,-4.370973752861628,-10.617208256693234,True,0.8827522628226616,14.9822,1.485,9.7029,43.5398,22.9274,1.7244,5.4782,0.16
PROPERTY_PENALTY_WEIGHT,20.0,low_MOR,1,34.220697441000006,0.5,44.82957,0.27359,,9.48001,,10.608872558999991,0.22641,True,True,7.1934,0.08829,-4.25650854496088,-9.779276517473956,True,0.9179936305732485,13.7796,1.792,11.1105,43.507,22.1243,1.5674,5.8708,0.2484
PROPERTY_PENALTY_WEIGHT,20.0,low_MOR,2,34.220697441000006,0.5,45.86956,0.25543,,9.42914,,11.648862558999994,0.24457,True,True,7.1608,0.09477,-4.690411542352136,-3.157572041692225,True,0.9135098893731144,16.0708,2.4393,9.9405,44.2691,18.7814,2.4281,5.9205,0.1503
PROPERTY_PENALTY_WEIGHT,20.0,low_MOR,3,34.220697441000006,0.5,49.41324,0.25889,,9.39655,,15.192542558999996,0.24111,True,True,7.0384,0.10315,-6.319544268753663,5.405681585939104,True,0.6094535702313107,19.7223,1.408,9.2045,41.5487,18.5481,3.796,5.5442,0.2282
PROPERTY_PENALTY_WEIGHT,20.0,low_MOR,4,34.220697441000006,0.5,44.92612,0.20982,,9.45586,,10.705422558999992,0.29018,True,True,7.2433,0.09187,-3.592344140978554,-6.1209891681994755,True,0.8755447536037545,15.2494,0.935,9.3496,44.404,22.9078,3.1716,3.6716,0.3111
PROPERTY_PENALTY_WEIGHT,20.0,mid_MOR,0,49.8251369875,0.5,56.26307,0.23864,,9.55526,,6.437933012499997,0.26136000000000004,True,True,7.2086,0.09464,-3.0971904825917496,-5.246295554665592,True,0.658900435802883,13.8824,1.0632,12.823,40.9603,22.3507,2.1283,5.8547,0.9374
PROPERTY_PENALTY_WEIGHT,20.0,mid_MOR,1,49.8251369875,0.5,56.61773,0.23457,,9.31348,,6.792593012499999,0.26543,True,True,7.0361,0.10222,-5.416050544428009,2.342811373648379,True,0.8130238015420717,15.4632,3.1581,10.9049,37.6808,22.7078,3.4528,5.9252,0.7072
PROPERTY_PENALTY_WEIGHT,20.0,mid_MOR,2,49.8251369875,0.5,55.8569,0.17594,,9.40526,,6.031763012500001,0.32406,True,True,7.186,0.09773,-3.4009947573598653,-2.1525830997196627,True,0.9882249413342272,17.3278,0.2523,10.0236,43.1587,19.8356,2.7014,5.9169,0.7836
PROPERTY_PENALTY_WEIGHT,20.0,mid_MOR,3,49.8251369875,0.5,55.87468,0.21107,,9.12456,,6.049543012499996,0.28893,True,True,6.924,0.10796,-6.922973517945952,8.089707649179022,True,0.9994133422728795,14.5829,1.8144,13.7384,37.4226,21.7277,4.695,5.5404,0.4787
PROPERTY_PENALTY_WEIGHT,20.0,mid_MOR,4,49.8251369875,0.5,56.76747,0.24301,,9.34025,,6.942333012500001,0.25699,True,True,7.0332,0.10456,-5.455034278800919,4.685622747296758,True,0.8726952732148843,15.223,3.1141,12.1214,38.1703,21.0647,3.708,5.9299,0.6687
PROPERTY_PENALTY_WEIGHT,20.0,high_MOR,0,72.09692173600001,0.5,78.81337,0.0,,9.36911,,6.716448263999993,0.5,True,True,7.4195,0.10648,-1.5119335227121944,-6.135401974612121,True,0.7993630573248407,15.2098,2.324,9.1034,42.3698,19.8745,3.7111,5.1706,2.2367
PROPERTY_PENALTY_WEIGHT,20.0,high_MOR,1,72.09692173600001,0.5,79.3981,0.14635,,9.95907,,7.3011782639999865,0.35365,True,True,7.4632,0.10397,-0.9318501606180529,-8.348025387870228,True,0.8828360710693931,15.2381,0.4427,13.4318,39.6355,20.9214,2.769,5.0129,2.5486
PROPERTY_PENALTY_WEIGHT,20.0,high_MOR,2,72.09692173600001,0.5,78.29814,0.0,,8.74267,,6.201218263999991,0.5,True,True,7.1482,0.11328,-5.113229086468262,-0.14104372355430161,True,0.98809922896413,14.6575,2.5113,8.8791,39.5688,21.723,5.3325,5.5159,1.8119
PROPERTY_PENALTY_WEIGHT,20.0,high_MOR,3,72.09692173600001,0.5,79.10251,0.0,,9.62308,,7.005588263999982,0.5,True,True,7.5285,0.10615,-0.06504367217989859,-6.426304654442882,True,0.9750251424740194,15.02,1.3845,9.323,41.6845,22.7767,4.5823,2.7133,2.5156
PROPERTY_PENALTY_WEIGHT,20.0,high_MOR,4,72.09692173600001,0.5,78.52632,0.20898,,10.52125,,6.429398263999985,0.29102,True,True,7.7203,0.09741,2.4809514960044465,-14.130818053596617,True,0.9165688903788133,18.2327,0.7939,9.2478,40.7395,22.812,2.137,3.0721,2.965
PROPERTY_PENALTY_WEIGHT,20.0,tight_WA,0,49.8251369875,0.32,55.97277,0.0772,,9.16257,,6.147633012499995,0.24280000000000002,True,True,7.2001,0.10063,0.1000987084486038,-5.146573663870302,True,0.7658397586322493,14.0591,0.1333,11.3552,43.768,21.582,4.2974,4.0446,0.7604
PROPERTY_PENALTY_WEIGHT,20.0,tight_WA,1,49.8251369875,0.32,56.78942,0.01181,,8.92539,,6.9642830124999975,0.30819,True,True,7.1818,0.09549,-0.15431884219160308,-9.9915166368178,True,0.9568387529332886,14.4111,0.1058,8.8072,44.3699,22.9049,3.2207,5.4097,0.7706
PROPERTY_PENALTY_WEIGHT,20.0,tight_WA,2,49.8251369875,0.32,58.14823,0.05129,,8.80045,,8.323093012499996,0.26871,True,True,7.0127,0.10815,-2.5052482308943524,1.9417475728155331,True,0.8740781092859538,14.8241,4.3489,8.0887,39.529,22.4748,5.3694,4.7887,0.5765
PROPERTY_PENALTY_WEIGHT,20.0,tight_WA,3,49.8251369875,0.32,56.96376,0.04437,,8.98437,,7.138623012499998,0.27563,True,True,7.1693,0.09571,-0.32810132213710874,-9.784145536808374,True,0.9969829031176667,15.168,1.1144,7.9903,43.4965,22.6641,2.9671,5.8269,0.7727
PROPERTY_PENALTY_WEIGHT,20.0,tight_WA,4,49.8251369875,0.32,56.43484,0.0198,,8.58382,,6.609703012499999,0.3002,True,True,6.8998,0.10733,-4.07485158976213,1.1688189273258542,True,0.9668957425410659,14.4559,0.616,10.9729,40.3082,22.5472,5.3267,5.4159,0.3571
PROPERTY_PENALTY_WEIGHT,20.0,mid_MOR_shrink,0,49.8251369875,0.5,63.53905,0.27629,10.64,10.28888,0.3988800000000001,13.7139130125,0.22371000000000002,True,True,7.6385,0.0868,2.6818120715149885,-13.095714857829389,True,0.9149346295675493,14.0072,2.851,10.5928,43.7711,21.5031,0.2192,5.1285,1.9271
PROPERTY_PENALTY_WEIGHT,20.0,mid_MOR_shrink,1,49.8251369875,0.5,64.86891,0.2519,10.64,10.2736,0.3835999999999995,15.043773012499997,0.2481,True,True,7.6469,0.09639,2.7947304745261414,-3.49419303163796,True,0.9367247737177338,14.2797,4.2577,11.2423,45.0114,17.2594,1.8606,4.2442,1.8447
PROPERTY_PENALTY_WEIGHT,20.0,mid_MOR_shrink,2,49.8251369875,0.5,72.44242,0.27225,10.64,10.31089,0.42089,22.617283012499996,0.22775,True,True,7.5669,0.10162,1.7193171125151174,1.7420905086103389,True,0.8204408313778075,14.9676,3.6029,13.3602,42.0962,16.5364,1.8419,5.3973,2.1975
PROPERTY_PENALTY_WEIGHT,20.0,mid_MOR_shrink,3,49.8251369875,0.5,65.89784,0.26182,10.64,10.2471,0.3570999999999991,16.0727030125,0.23818,True,False,7.6279,0.08867,2.539319801048534,-11.223468161794148,True,0.8537127053302045,15.5106,4.0626,8.6328,43.5239,20.344,0.1197,5.8129,1.9935
PROPERTY_PENALTY_WEIGHT,20.0,mid_MOR_shrink,4,49.8251369875,0.5,65.58995,0.26815,10.64,10.29078,0.40077999999999925,15.7648130125,0.23185,True,True,7.5987,0.08787,2.146793923914503,-12.024429315178208,True,0.6725192758967482,16.9577,0.8633,9.8362,43.7272,20.8248,0.1031,5.6712,2.0165
EXTRAP_PENALTY_WEIGHT,5.0,low_MOR,0,34.220697441000006,0.5,49.49166,0.14962,,9.29935,,15.270962558999997,0.35038,True,True,7.2386,0.09073,-3.6549007080871054,-7.28591865930921,True,0.9825259805564868,14.2858,0.1001,10.3748,45.3324,21.8394,2.3298,5.2373,0.5003
EXTRAP_PENALTY_WEIGHT,5.0,low_MOR,1,34.220697441000006,0.5,44.82957,0.27359,,9.48001,,10.608872558999991,0.22641,True,True,7.1934,0.08829,-4.25650854496088,-9.779276517473956,True,0.9179936305732485,13.7796,1.792,11.1105,43.507,22.1243,1.5674,5.8708,0.2484
EXTRAP_PENALTY_WEIGHT,5.0,low_MOR,2,34.220697441000006,0.5,52.30979,0.13643,,9.03721,,18.089092558999994,0.36357,True,True,7.0529,0.10045,-6.12655060426982,2.6466380543633816,True,0.8713124371438149,15.9319,2.8469,8.1161,40.8491,22.6694,3.962,5.23,0.3947
EXTRAP_PENALTY_WEIGHT,5.0,low_MOR,3,34.220697441000006,0.5,48.90692,0.27395,,9.27373,,14.686222558999994,0.22604999999999997,True,True,6.9312,0.1043,-7.746366395144555,6.580829756795414,True,0.9598558498156218,19.9171,2.1715,8.5351,38.8692,20.5745,4.0729,5.7427,0.1169
EXTRAP_PENALTY_WEIGHT,5.0,low_MOR,4,34.220697441000006,0.5,48.60925,0.25419,,9.54027,,14.388552558999997,0.24580999999999997,True,True,7.222,0.09035,-3.8758451791513604,-7.674228489679136,True,0.9604844116661079,16.0412,1.5556,9.4214,43.3279,21.6135,1.7225,5.8226,0.4953
EXTRAP_PENALTY_WEIGHT,5.0,mid_MOR,0,49.8251369875,0.5,55.75883,0.09694,,8.67149,,5.933693012500001,0.40306,True,True,6.8031,0.10983,-8.548191961285124,9.961954345214252,True,0.9732651692926584,17.3082,1.6417,9.258,37.357,22.9278,5.4312,5.8122,0.2639
EXTRAP_PENALTY_WEIGHT,5.0,mid_MOR,1,49.8251369875,0.5,56.5239,0.03999,,8.86565,,6.698763012499995,0.46001000000000003,True,True,7.0874,0.09849,-4.7264417260384555,-1.391670004004808,True,0.8106771706335903,14.9742,0.8735,8.8447,42.5748,22.7476,3.5314,5.8158,0.6379
EXTRAP_PENALTY_WEIGHT,5.0,mid_MOR,2,49.8251369875,0.5,56.3889,0.14511,,9.34517,,6.563763012499997,0.35489000000000004,True,True,7.2208,0.09562,-2.933189944885073,-4.2651181417701185,True,0.8206503519946362,15.0167,0.1132,11.2426,43.739,20.7001,2.5031,5.8339,0.8514
EXTRAP_PENALTY_WEIGHT,5.0,mid_MOR,3,49.8251369875,0.5,55.89526,0.02966,,8.54196,,6.070123012499998,0.47034,True,True,6.8612,0.10765,-7.767173007124617,7.779335202242699,True,0.9108280254777069,15.9241,1.8343,8.7083,39.333,22.8862,5.2767,5.7575,0.2799
EXTRAP_PENALTY_WEIGHT,5.0,mid_MOR,4,49.8251369875,0.5,56.13304,0.21211,,9.70134,,6.307903012499999,0.28789,True,True,7.3705,0.08878,-0.9208226912219453,-11.113336003203845,True,0.9367666778410996,14.6838,0.7689,10.6121,43.9992,21.9211,1.1695,5.7245,1.121
EXTRAP_PENALTY_WEIGHT,5.0,high_MOR,0,72.09692173600001,0.5,78.26517,0.21507,,10.24197,,6.168248263999985,0.28493,True,True,7.5282,0.10028,-0.06902593782356359,-11.600846262341335,True,0.9658900435802883,17.0355,0.1587,12.3084,39.4657,21.436,1.9931,4.944,2.6587
EXTRAP_PENALTY_WEIGHT,5.0,high_MOR,1,72.09692173600001,0.5,78.0583,0.14025,,9.83493,,5.96137826399999,0.35975,True,True,7.4272,0.10305,-1.4097220378580744,-9.159026798307469,True,0.9409570901776734,14.2014,1.3037,13.5876,39.9549,20.351,2.4129,5.8102,2.3783
EXTRAP_PENALTY_WEIGHT,5.0,high_MOR,2,72.09692173600001,0.5,78.32031,0.07469,,10.03367,,6.223388263999993,0.42530999999999997,True,True,7.7208,0.08924,2.4875886054105623,-21.332863187588146,True,0.993714381495139,15.3553,0.9641,8.446,44.8305,21.5603,0.1886,5.8738,2.7816
EXTRAP_PENALTY_WEIGHT,5.0,high_MOR,3,72.09692173600001,0.5,79.23378,0.11412,,9.69441,,7.136858263999983,0.38588,True,True,7.2886,0.11138,-3.249528765232168,-1.815937940761625,True,0.9348809922896412,19.4857,0.2641,10.5675,38.2689,19.8502,4.0552,5.2397,2.2686
EXTRAP_PENALTY_WEIGHT,5.0,high_MOR,4,72.09692173600001,0.5,78.59479,0.24718,,10.17491,,6.49786826399999,0.25282,True,True,7.4535,0.10075,-1.0606100830966136,-11.186530324400557,True,0.8852665102246061,15.3805,1.662,13.3561,37.2324,22.293,1.7615,5.7164,2.5982
EXTRAP_PENALTY_WEIGHT,5.0,tight_WA,0,49.8251369875,0.32,57.60602,0.07331,,9.14628,,7.780883012499999,0.24669000000000002,True,True,7.2242,0.09444,0.4351513297835341,-10.981242341408247,True,0.7881327522628226,14.0063,0.3086,10.2159,43.9818,22.2319,2.6099,5.7416,0.904
EXTRAP_PENALTY_WEIGHT,5.0,tight_WA,1,49.8251369875,0.32,56.41996,0.0914,,8.9946,,6.594823012500001,0.22860000000000003,True,True,7.0789,0.09909,-1.5848962171029712,-6.59817136393629,True,0.544166946027489,14.3773,0.7484,10.6317,41.5882,22.7414,3.4945,5.755,0.6635
EXTRAP_PENALTY_WEIGHT,5.0,tight_WA,2,49.8251369875,0.32,66.18887,0.09221,,9.23273,,16.363733012499992,0.22779,True,True,7.1571,0.10325,-0.49771302256391703,-2.6769723819398683,True,0.6731059336238686,15.2082,0.2612,11.8454,40.3818,21.5876,3.4686,5.9197,1.3274
EXTRAP_PENALTY_WEIGHT,5.0,tight_WA,3,49.8251369875,0.32,55.72026,0.08052,,8.72652,,5.895123012500001,0.23948000000000003,True,False,6.8845,0.10722,-4.287561345215418,1.0651333773211258,True,0.9145993965806235,17.0298,1.6478,8.7718,39.0916,22.3355,4.9686,5.8174,0.3374
EXTRAP_PENALTY_WEIGHT,5.0,tight_WA,4,49.8251369875,0.32,55.68917,0.06455,,8.86205,,5.864033012499995,0.25545,True,False,7.0577,0.10027,-1.8796313030905454,-5.485908191158451,True,0.7973516594032852,13.7744,2.0031,9.7581,41.5093,22.9132,3.8905,5.6019,0.5494
EXTRAP_PENALTY_WEIGHT,5.0,mid_MOR_shrink,0,49.8251369875,0.5,69.00662,0.2127,10.64,10.28069,0.3906899999999993,19.181483012499996,0.2873,True,True,7.6669,0.09025,3.063583815028892,-9.641569883860635,True,0.9779165269862554,14.8792,0.4808,11.4589,44.122,21.3895,0.9407,4.4537,2.275
EXTRAP_PENALTY_WEIGHT,5.0,mid_MOR_shrink,1,49.8251369875,0.5,64.58474,0.2626,10.64,10.26834,0.3783399999999997,14.759603012499994,0.2374,True,True,7.5998,0.08732,2.1615808576421536,-12.57509010812976,True,0.7535618504860878,16.3948,1.0452,9.5303,43.1526,22.4618,0.4272,4.991,1.997
EXTRAP_PENALTY_WEIGHT,5.0,mid_MOR_shrink,2,49.8251369875,0.5,56.34031,0.25466,10.64,10.25778,0.3677799999999998,6.5151730125,0.24534,True,True,7.6423,0.08866,2.732894206210501,-11.233480176211453,True,0.994384847468991,14.1824,0.8183,10.9717,45.3655,22.7816,2.1412,2.1814,1.5578
EXTRAP_PENALTY_WEIGHT,5.0,mid_MOR_shrink,3,49.8251369875,0.5,59.14864,0.27369,10.64,10.28109,0.39109000000000016,9.323503012499998,0.22631,True,True,7.5959,0.08967,2.1091544562441333,-10.222266720064077,True,0.8596630908481394,15.0887,0.2545,11.5295,44.1017,22.4836,1.7843,3.0735,1.6841
EXTRAP_PENALTY_WEIGHT,5.0,mid_MOR_shrink,4,49.8251369875,0.5,59.20689,0.26151,10.64,10.24608,0.3560799999999986,9.381753012499999,0.23848999999999998,True,False,7.6368,0.08426,2.6589595375722475,-15.638766519823788,True,0.9464884344619511,16.3358,1.6239,8.2256,45.3824,21.7668,0.2428,4.7275,1.6952
EXTRAP_PENALTY_WEIGHT,10.0,low_MOR,0,34.220697441000006,0.5,43.15505,0.22853,,9.317,,8.934352558999997,0.27147,True,True,7.1598,0.08797,-4.703721450247567,-10.106274269364391,True,0.8972929936305734,14.2114,0.7921,10.3764,44.2545,22.7552,1.9284,5.5796,0.1025
EXTRAP_PENALTY_WEIGHT,10.0,low_MOR,1,34.220697441000006,0.5,44.82957,0.27359,,9.48001,,10.608872558999991,0.22641,True,True,7.1934,0.08829,-4.25650854496088,-9.779276517473956,True,0.9179936305732485,13.7796,1.792,11.1105,43.507,22.1243,1.5674,5.8708,0.2484
EXTRAP_PENALTY_WEIGHT,10.0,low_MOR,2,34.220697441000006,0.5,44.58576,0.27065,,9.43439,,10.365062558999995,0.22935,True,True,7.1276,0.09165,-5.132300484480645,-6.345800122624167,True,0.8219493798189742,16.4804,1.3434,9.3305,42.4531,22.4466,2.3599,5.4117,0.1743
EXTRAP_PENALTY_WEIGHT,10.0,low_MOR,3,34.220697441000006,0.5,48.24762,0.25685,,9.27096,,14.026922558999992,0.24314999999999998,True,True,6.9846,0.10253,-7.035617313528187,4.772123441651321,True,0.9265001676164933,18.7042,2.4639,8.7988,40.2376,20.1653,3.8444,5.6747,0.1111
EXTRAP_PENALTY_WEIGHT,10.0,low_MOR,4,34.220697441000006,0.5,44.06322,0.26391,,9.42661,,9.842522558999995,0.23609000000000002,True,True,7.1551,0.08952,-4.766278017356129,-8.522378908645,True,0.7886356017432115,13.9793,0.4269,12.0872,43.6749,22.0918,1.9786,5.596,0.1653
EXTRAP_PENALTY_WEIGHT,10.0,mid_MOR,0,49.8251369875,0.5,56.07856,0.17456,,9.29062,,6.253423012500001,0.32544,True,True,7.1165,0.09739,-4.335260115606932,-2.492991589907878,True,0.562814280925243,15.699,0.2303,11.0586,40.9521,22.5685,2.8886,5.8263,0.7767
EXTRAP_PENALTY_WEIGHT,10.0,mid_MOR,1,49.8251369875,0.5,56.08729,0.08873,,8.87444,,6.262153012500001,0.41127,True,True,7.0013,0.10269,-5.883855356902812,2.813376051261529,True,0.7542323164599397,14.5862,1.6138,10.4307,40.5589,22.3637,4.112,5.8225,0.5122
EXTRAP_PENALTY_WEIGHT,10.0,mid_MOR,2,49.8251369875,0.5,56.00299,0.20821,,9.63738,,6.177853012499995,0.29179,True,True,7.329,0.09101,-1.4786933727651608,-8.88065678814578,True,0.8713962453905464,16.3763,2.0081,8.2021,43.0084,22.1052,1.597,5.6547,1.0482
EXTRAP_PENALTY_WEIGHT,10.0,mid_MOR,3,49.8251369875,0.5,55.72799,0.21325,,9.39219,,5.902853012499996,0.28675,True,False,7.1243,0.10553,-4.230407312810868,5.656788145774927,True,0.6295256453234997,14.6857,2.0041,13.9315,42.4929,16.7257,3.7717,5.8014,0.5872
EXTRAP_PENALTY_WEIGHT,10.0,mid_MOR,4,49.8251369875,0.5,55.73188,0.19635,,9.36296,,5.9067430124999944,0.30365,True,True,7.1145,0.09714,-4.362145449657218,-2.7432919503403985,True,0.9250754274220582,17.4082,0.2677,9.62,40.4059,22.9228,2.8271,5.7567,0.7916
EXTRAP_PENALTY_WEIGHT,10.0,high_MOR,0,72.09692173600001,0.5,78.2461,0.17042,,10.21191,,6.1491782639999855,0.32958,True,True,7.6558,0.09175,1.624764382616073,-19.120239774330038,True,0.9385266510224606,14.844,1.0912,11.0483,41.8449,22.2172,0.4099,5.7567,2.7879
EXTRAP_PENALTY_WEIGHT,10.0,high_MOR,1,72.09692173600001,0.5,78.0583,0.14025,,9.83493,,5.96137826399999,0.35975,True,True,7.4272,0.10305,-1.4097220378580744,-9.159026798307469,True,0.9409570901776734,14.2014,1.3037,13.5876,39.9549,20.351,2.4129,5.8102,2.3783
EXTRAP_PENALTY_WEIGHT,10.0,high_MOR,2,72.09692173600001,0.5,78.32468,0.14884,,10.18306,,6.227758263999988,0.35116,True,True,7.6827,0.09078,1.9818408686648636,-19.975317348377995,True,0.8431528662420383,16.295,2.18,8.0262,42.1484,22.4669,0.2801,5.7959,2.8075
EXTRAP_PENALTY_WEIGHT,10.0,high_MOR,3,72.09692173600001,0.5,77.89832,0.22463,,10.12103,,5.801398263999985,0.27537,True,False,7.4454,0.10138,-1.168131255475613,-10.631170662905499,True,0.9527321488434461,14.8822,0.2676,14.7064,38.1551,21.984,2.1142,5.3536,2.537
EXTRAP_PENALTY_WEIGHT,10.0,high_MOR,4,72.09692173600001,0.5,80.19125,0.21549,,10.43001,,8.094328263999984,0.28451000000000004,True,True,7.703,0.09576,2.2513075105530023,-15.585331452750351,True,0.9744803888702648,14.5823,1.7483,12.7933,41.6539,20.1557,0.8137,5.3219,2.9309
EXTRAP_PENALTY_WEIGHT,10.0,tight_WA,0,49.8251369875,0.32,57.60602,0.07331,,9.14628,,7.780883012499999,0.24669000000000002,True,True,7.2242,0.09444,0.4351513297835341,-10.981242341408247,True,0.7881327522628226,14.0063,0.3086,10.2159,43.9818,22.2319,2.6099,5.7416,0.904
EXTRAP_PENALTY_WEIGHT,10.0,tight_WA,1,49.8251369875,0.32,56.07058,0.0947,,9.05795,,6.245443012499997,0.2253,True,True,7.1232,0.0982,-0.969011108176121,-7.437081723065331,True,0.6491367750586657,14.8261,0.9783,10.0462,42.6545,21.7452,3.2315,5.8446,0.6736
EXTRAP_PENALTY_WEIGHT,10.0,tight_WA,2,49.8251369875,0.32,55.7641,0.06736,,8.91877,,5.938963012499997,0.25264,True,True,7.0665,0.10024,-1.7572884372089148,-5.514186068432469,True,0.7827271203486422,15.3874,0.5551,9.837,42.7468,21.3363,3.6637,5.9209,0.5529
EXTRAP_PENALTY_WEIGHT,10.0,tight_WA,3,49.8251369875,0.32,56.04961,0.06051,,9.03904,,6.224473012499999,0.25949,True,True,7.1552,0.0976,-0.5241279595156301,-8.002639268545575,True,0.9724689909487093,16.2248,0.4283,8.1817,43.4637,22.2228,3.4386,5.3233,0.7168
EXTRAP_PENALTY_WEIGHT,10.0,tight_WA,4,49.8251369875,0.32,56.48172,0.0724,,8.69113,,6.6565830125000005,0.2476,True,True,6.9,0.10919,-4.072071070082995,2.9220473183146245,True,0.9267515923566878,15.7116,3.5649,8.9022,39.2314,21.1898,5.154,5.9234,0.3229
EXTRAP_PENALTY_WEIGHT,10.0,mid_MOR_shrink,0,49.8251369875,0.5,64.55576,0.26901,10.64,10.26172,0.37171999999999983,14.730623012500004,0.23098999999999997,True,True,7.5864,0.08887,1.9814491195053074,-11.023227873448127,True,0.6405464297686893,17.3232,1.4283,9.3363,44.1104,19.9026,0.2363,5.7591,1.9038
EXTRAP_PENALTY_WEIGHT,10.0,mid_MOR_shrink,1,49.8251369875,0.5,61.83649,0.27049,10.64,10.36194,0.47194,12.011353012499995,0.22951,True,True,7.6385,0.09975,2.6818120715149885,-0.13015618742490132,True,0.7864146832048273,16.6536,2.955,11.0026,46.0845,15.6807,2.8235,3.145,1.6551
EXTRAP_PENALTY_WEIGHT,10.0,mid_MOR_shrink,2,49.8251369875,0.5,57.00225,0.23474,10.64,10.26092,0.3709199999999999,7.177113012499994,0.26526,True,True,7.6366,0.09249,2.65627100416721,-7.398878654385255,True,0.676081126382836,15.9915,0.2525,9.9786,45.3085,22.5379,3.1378,1.2098,1.5833
EXTRAP_PENALTY_WEIGHT,10.0,mid_MOR_shrink,3,49.8251369875,0.5,59.84793,0.27963,10.64,10.24757,0.35756999999999906,10.022793012499996,0.22037,True,False,7.5939,0.08468,2.082269122193847,-15.218261914297148,True,0.8779332886356017,16.0883,1.1292,9.2608,44.1131,22.5593,0.2389,4.8882,1.7222
EXTRAP_PENALTY_WEIGHT,10.0,mid_MOR_shrink,4,49.8251369875,0.5,75.09618,0.27143,10.64,10.25985,0.36984999999999957,25.2710430125,0.22857,True,True,7.4918,0.09981,0.709772818927279,-0.0700841009211084,True,0.8366158229969829,15.531,1.5299,13.8442,39.4901,19.9173,1.5359,5.758,2.3936
EXTRAP_PENALTY_WEIGHT,20.0,low_MOR,0,34.220697441000006,0.5,45.45564,0.1849,,9.14409,,11.234942558999997,0.3151,True,True,7.0671,0.09279,-5.937549912154616,-5.180870631514411,True,0.9795088836741535,16.676,0.1516,8.7833,43.1068,22.8133,2.8095,5.5576,0.1018
EXTRAP_PENALTY_WEIGHT,20.0,low_MOR,1,34.220697441000006,0.5,44.82957,0.27359,,9.48001,,10.608872558999991,0.22641,True,True,7.1934,0.08829,-4.25650854496088,-9.779276517473956,True,0.9179936305732485,13.7796,1.792,11.1105,43.507,22.1243,1.5674,5.8708,0.2484
EXTRAP_PENALTY_WEIGHT,20.0,low_MOR,2,34.220697441000006,0.5,48.67019,0.26756,,9.35923,,14.449492558999992,0.23243999999999998,True,True,7.0381,0.09887,-6.32353724112229,1.0320866544042406,True,0.992289641300704,17.9028,2.4831,8.7471,39.9923,21.7358,3.2637,5.6145,0.2608
EXTRAP_PENALTY_WEIGHT,20.0,low_MOR,3,34.220697441000006,0.5,48.24762,0.25685,,9.27096,,14.026922558999992,0.24314999999999998,True,True,6.9846,0.10253,-7.035617313528187,4.772123441651321,True,0.9265001676164933,18.7042,2.4639,8.7988,40.2376,20.1653,3.8444,5.6747,0.1111
EXTRAP_PENALTY_WEIGHT,20.0,low_MOR,4,34.220697441000006,0.5,44.06322,0.26391,,9.42661,,9.842522558999995,0.23609000000000002,True,True,7.1551,0.08952,-4.766278017356129,-8.522378908645,True,0.7886356017432115,13.9793,0.4269,12.0872,43.6749,22.0918,1.9786,5.596,0.1653
EXTRAP_PENALTY_WEIGHT,20.0,mid_MOR,0,49.8251369875,0.5,56.29464,0.05718,,8.91958,,6.469503012499999,0.44282,True,True,7.0709,0.10105,-4.948245731953216,1.1714056868241896,True,0.9606101240362053,16.3936,0.9331,8.2073,42.0109,22.4333,4.0592,5.3488,0.6138
EXTRAP_PENALTY_WEIGHT,20.0,mid_MOR,1,49.8251369875,0.5,56.23652,0.06591,,8.65415,,6.411383012499996,0.43409,True,True,6.9125,0.10686,-7.077564188735053,6.988386063275942,True,0.9768689239021119,13.9902,4.1219,9.1592,38.6946,22.9195,4.9401,5.8207,0.3538
EXTRAP_PENALTY_WEIGHT,20.0,mid_MOR,2,49.8251369875,0.5,56.00299,0.20821,,9.63738,,6.177853012499995,0.29179,True,True,7.329,0.09101,-1.4786933727651608,-8.88065678814578,True,0.8713962453905464,16.3763,2.0081,8.2021,43.0084,22.1052,1.597,5.6547,1.0482
EXTRAP_PENALTY_WEIGHT,20.0,mid_MOR,3,49.8251369875,0.5,57.58002,0.25273,,9.32966,,7.754883012499995,0.24727,True,True,6.9562,0.10754,-6.490119639736525,7.669203043652373,True,0.9270030170968824,15.3261,0.6414,14.8279,36.9319,21.6996,4.3904,5.5005,0.6821
EXTRAP_PENALTY_WEIGHT,20.0,mid_MOR,4,49.8251369875,0.5,55.73188,0.19635,,9.36296,,5.9067430124999944,0.30365,True,True,7.1145,0.09714,-4.362145449657218,-2.7432919503403985,True,0.9250754274220582,17.4082,0.2677,9.62,40.4059,22.9228,2.8271,5.7567,0.7916
EXTRAP_PENALTY_WEIGHT,20.0,high_MOR,0,72.09692173600001,0.5,78.09411,0.21101,,10.23124,,5.997188263999988,0.28898999999999997,True,True,7.5831,0.09458,0.6597286749674636,-16.62552891396333,True,0.9308162923231645,16.2169,1.8765,10.3663,39.825,22.3843,0.752,5.8632,2.7157
EXTRAP_PENALTY_WEIGHT,20.0,high_MOR,1,72.09692173600001,0.5,78.0583,0.14025,,9.83493,,5.96137826399999,0.35975,True,True,7.4272,0.10305,-1.4097220378580744,-9.159026798307469,True,0.9409570901776734,14.2014,1.3037,13.5876,39.9549,20.351,2.4129,5.8102,2.3783
EXTRAP_PENALTY_WEIGHT,20.0,high_MOR,2,72.09692173600001,0.5,78.74263,0.11491,,10.11673,,6.6457082639999925,0.38509,True,True,7.6995,0.08939,2.2048477447102144,-21.200634696755994,True,0.9233154542406972,15.5416,1.2804,8.6577,43.1918,22.4761,0.1056,5.9102,2.8366
EXTRAP_PENALTY_WEIGHT,20.0,high_MOR,3,72.09692173600001,0.5,78.35495,0.11316,,9.77455,,6.258028263999989,0.38684,True,True,7.4293,0.10325,-1.3818461783524083,-8.982722143864608,True,0.8595792826014079,16.3789,2.1656,10.2079,40.0108,20.5288,2.4999,5.8299,2.3782
EXTRAP_PENALTY_WEIGHT,20.0,high_MOR,4,72.09692173600001,0.5,78.01654,0.2131,,10.13146,,5.919618263999993,0.2869,True,True,7.479,0.10286,-0.7221175033849336,-9.326516220028214,True,0.9288048944016091,18.5847,3.6778,8.0364,37.4143,22.3258,2.4876,4.9202,2.5532
EXTRAP_PENALTY_WEIGHT,20.0,tight_WA,0,49.8251369875,0.32,56.2426,0.07843,,9.32934,,6.417463012500001,0.24157,True,True,7.2799,0.10144,1.2095260604206848,-4.383070977471959,True,0.9234830707341602,15.534,0.1209,9.5396,43.571,22.9119,5.036,2.3538,0.9329
EXTRAP_PENALTY_WEIGHT,20.0,tight_WA,1,49.8251369875,0.32,56.07058,0.0947,,9.05795,,6.245443012499997,0.2253,True,True,7.1232,0.0982,-0.969011108176121,-7.437081723065331,True,0.6491367750586657,14.8261,0.9783,10.0462,42.6545,21.7452,3.2315,5.8446,0.6736
EXTRAP_PENALTY_WEIGHT,20.0,tight_WA,2,49.8251369875,0.32,56.04879,0.04668,,8.86217,,6.2236530124999945,0.27332,True,True,7.0903,0.09822,-1.4264065953926708,-7.418229804882648,True,0.7732567884679852,13.9859,1.3303,9.5185,42.6533,22.5512,3.4406,5.9198,0.6005
EXTRAP_PENALTY_WEIGHT,20.0,tight_WA,3,49.8251369875,0.32,57.3619,0.0711,,9.12177,,7.536763012499996,0.2489,True,True,7.2113,0.09461,0.2558078104797801,-10.821001036855504,True,0.8009973181361045,14.6062,0.6289,9.2626,43.6474,22.5722,2.6887,5.7157,0.8784
EXTRAP_PENALTY_WEIGHT,20.0,tight_WA,4,49.8251369875,0.32,74.82585,0.09937,,9.50844,,25.0007130125,0.22063,True,False,7.2093,0.11282,0.22800261368849384,6.343670468470175,True,0.9179517264498825,20.7089,0.1132,9.8496,40.0511,17.3674,4.277,5.812,1.8206
EXTRAP_PENALTY_WEIGHT,20.0,mid_MOR_shrink,0,49.8251369875,0.5,60.32377,0.27091,10.64,10.2338,0.3437999999999999,10.498633012500001,0.22909000000000002,True,False,7.5978,0.08611,2.1346955235918896,-13.786543852623135,True,0.7390630238015421,16.6002,1.622,8.6802,44.5029,21.5296,0.3744,4.9793,1.7115
EXTRAP_PENALTY_WEIGHT,20.0,mid_MOR_shrink,1,49.8251369875,0.5,56.00627,0.25073,10.64,10.25093,0.36092999999999975,6.181133012499998,0.24927,True,True,7.5984,0.09251,2.1427611238069577,-7.378854625550657,True,0.6086992960107274,16.752,0.1115,9.5706,44.6715,22.9276,3.1493,1.3126,1.5049
EXTRAP_PENALTY_WEIGHT,20.0,mid_MOR_shrink,2,49.8251369875,0.5,57.00225,0.23474,10.64,10.26092,0.3709199999999999,7.177113012499994,0.26526,True,True,7.6366,0.09249,2.65627100416721,-7.398878654385255,True,0.676081126382836,15.9915,0.2525,9.9786,45.3085,22.5379,3.1378,1.2098,1.5833
EXTRAP_PENALTY_WEIGHT,20.0,mid_MOR_shrink,3,49.8251369875,0.5,58.70308,0.27428,10.64,10.24343,0.35342999999999947,8.877943012499998,0.22571999999999998,True,False,7.606,0.0878,2.244925393198005,-12.094513416099318,True,0.9587663426081126,15.7065,2.4394,8.7281,43.9072,22.6103,1.2374,3.7277,1.6433
EXTRAP_PENALTY_WEIGHT,20.0,mid_MOR_shrink,4,49.8251369875,0.5,60.67307,0.27668,10.64,10.27819,0.3881899999999998,10.8479330125,0.22332000000000002,True,True,7.5875,0.10175,1.9962360532329582,1.872246696035229,True,0.8843027153871941,18.0591,5.3865,7.8501,44.5626,16.2998,3.2568,3.0764,1.5088
SANITY_PENALTY_WEIGHT,10.0,low_MOR,0,34.220697441000006,0.5,43.15505,0.22853,,9.317,,8.934352558999997,0.27147,True,True,7.1598,0.08797,-4.703721450247567,-10.106274269364391,True,0.8972929936305734,14.2114,0.7921,10.3764,44.2545,22.7552,1.9284,5.5796,0.1025
SANITY_PENALTY_WEIGHT,10.0,low_MOR,1,34.220697441000006,0.5,44.82957,0.27359,,9.48001,,10.608872558999991,0.22641,True,True,7.1934,0.08829,-4.25650854496088,-9.779276517473956,True,0.9179936305732485,13.7796,1.792,11.1105,43.507,22.1243,1.5674,5.8708,0.2484
SANITY_PENALTY_WEIGHT,10.0,low_MOR,2,34.220697441000006,0.5,44.58576,0.27065,,9.43439,,10.365062558999995,0.22935,True,True,7.1276,0.09165,-5.132300484480645,-6.345800122624167,True,0.8219493798189742,16.4804,1.3434,9.3305,42.4531,22.4466,2.3599,5.4117,0.1743
SANITY_PENALTY_WEIGHT,10.0,low_MOR,3,34.220697441000006,0.5,48.24762,0.25685,,9.27096,,14.026922558999992,0.24314999999999998,True,True,6.9846,0.10253,-7.035617313528187,4.772123441651321,True,0.9265001676164933,18.7042,2.4639,8.7988,40.2376,20.1653,3.8444,5.6747,0.1111
SANITY_PENALTY_WEIGHT,10.0,low_MOR,4,34.220697441000006,0.5,44.06322,0.26391,,9.42661,,9.842522558999995,0.23609000000000002,True,True,7.1551,0.08952,-4.766278017356129,-8.522378908645,True,0.7886356017432115,13.9793,0.4269,12.0872,43.6749,22.0918,1.9786,5.596,0.1653
SANITY_PENALTY_WEIGHT,10.0,mid_MOR,0,49.8251369875,0.5,56.07856,0.17456,,9.29062,,6.253423012500001,0.32544,True,True,7.1165,0.09739,-4.335260115606932,-2.492991589907878,True,0.562814280925243,15.699,0.2303,11.0586,40.9521,22.5685,2.8886,5.8263,0.7767
SANITY_PENALTY_WEIGHT,10.0,mid_MOR,1,49.8251369875,0.5,56.08729,0.08873,,8.87444,,6.262153012500001,0.41127,True,True,7.0013,0.10269,-5.883855356902812,2.813376051261529,True,0.7542323164599397,14.5862,1.6138,10.4307,40.5589,22.3637,4.112,5.8225,0.5122
SANITY_PENALTY_WEIGHT,10.0,mid_MOR,2,49.8251369875,0.5,56.00299,0.20821,,9.63738,,6.177853012499995,0.29179,True,True,7.329,0.09101,-1.4786933727651608,-8.88065678814578,True,0.8713962453905464,16.3763,2.0081,8.2021,43.0084,22.1052,1.597,5.6547,1.0482
SANITY_PENALTY_WEIGHT,10.0,mid_MOR,3,49.8251369875,0.5,55.72799,0.21325,,9.39219,,5.902853012499996,0.28675,True,False,7.1243,0.10553,-4.230407312810868,5.656788145774927,True,0.6295256453234997,14.6857,2.0041,13.9315,42.4929,16.7257,3.7717,5.8014,0.5872
SANITY_PENALTY_WEIGHT,10.0,mid_MOR,4,49.8251369875,0.5,55.73188,0.19635,,9.36296,,5.9067430124999944,0.30365,True,True,7.1145,0.09714,-4.362145449657218,-2.7432919503403985,True,0.9250754274220582,17.4082,0.2677,9.62,40.4059,22.9228,2.8271,5.7567,0.7916
SANITY_PENALTY_WEIGHT,10.0,high_MOR,0,72.09692173600001,0.5,78.2461,0.17042,,10.21191,,6.1491782639999855,0.32958,True,True,7.6558,0.09175,1.624764382616073,-19.120239774330038,True,0.9385266510224606,14.844,1.0912,11.0483,41.8449,22.2172,0.4099,5.7567,2.7879
SANITY_PENALTY_WEIGHT,10.0,high_MOR,1,72.09692173600001,0.5,78.0583,0.14025,,9.83493,,5.96137826399999,0.35975,True,True,7.4272,0.10305,-1.4097220378580744,-9.159026798307469,True,0.9409570901776734,14.2014,1.3037,13.5876,39.9549,20.351,2.4129,5.8102,2.3783
SANITY_PENALTY_WEIGHT,10.0,high_MOR,2,72.09692173600001,0.5,78.32468,0.14884,,10.18306,,6.227758263999988,0.35116,True,True,7.6827,0.09078,1.9818408686648636,-19.975317348377995,True,0.8431528662420383,16.295,2.18,8.0262,42.1484,22.4669,0.2801,5.7959,2.8075
SANITY_PENALTY_WEIGHT,10.0,high_MOR,3,72.09692173600001,0.5,77.89832,0.22463,,10.12103,,5.801398263999985,0.27537,True,False,7.4454,0.10138,-1.168131255475613,-10.631170662905499,True,0.9527321488434461,14.8822,0.2676,14.7064,38.1551,21.984,2.1142,5.3536,2.537
SANITY_PENALTY_WEIGHT,10.0,high_MOR,4,72.09692173600001,0.5,80.19125,0.21549,,10.43001,,8.094328263999984,0.28451000000000004,True,True,7.703,0.09576,2.2513075105530023,-15.585331452750351,True,0.9744803888702648,14.5823,1.7483,12.7933,41.6539,20.1557,0.8137,5.3219,2.9309
SANITY_PENALTY_WEIGHT,10.0,tight_WA,0,49.8251369875,0.32,57.60602,0.07331,,9.14628,,7.780883012499999,0.24669000000000002,True,True,7.2242,0.09444,0.4351513297835341,-10.981242341408247,True,0.7881327522628226,14.0063,0.3086,10.2159,43.9818,22.2319,2.6099,5.7416,0.904
SANITY_PENALTY_WEIGHT,10.0,tight_WA,1,49.8251369875,0.32,56.07058,0.0947,,9.05795,,6.245443012499997,0.2253,True,True,7.1232,0.0982,-0.969011108176121,-7.437081723065331,True,0.6491367750586657,14.8261,0.9783,10.0462,42.6545,21.7452,3.2315,5.8446,0.6736
SANITY_PENALTY_WEIGHT,10.0,tight_WA,2,49.8251369875,0.32,55.7641,0.06736,,8.91877,,5.938963012499997,0.25264,True,True,7.0665,0.10024,-1.7572884372089148,-5.514186068432469,True,0.7827271203486422,15.3874,0.5551,9.837,42.7468,21.3363,3.6637,5.9209,0.5529
SANITY_PENALTY_WEIGHT,10.0,tight_WA,3,49.8251369875,0.32,56.04961,0.06051,,9.03904,,6.224473012499999,0.25949,True,True,7.1552,0.0976,-0.5241279595156301,-8.002639268545575,True,0.9724689909487093,16.2248,0.4283,8.1817,43.4637,22.2228,3.4386,5.3233,0.7168
SANITY_PENALTY_WEIGHT,10.0,tight_WA,4,49.8251369875,0.32,56.48172,0.0724,,8.69113,,6.6565830125000005,0.2476,True,True,6.9,0.10919,-4.072071070082995,2.9220473183146245,True,0.9267515923566878,15.7116,3.5649,8.9022,39.2314,21.1898,5.154,5.9234,0.3229
SANITY_PENALTY_WEIGHT,10.0,mid_MOR_shrink,0,49.8251369875,0.5,64.55576,0.26901,10.64,10.26172,0.37171999999999983,14.730623012500004,0.23098999999999997,True,True,7.5864,0.08887,1.9814491195053074,-11.023227873448127,True,0.6405464297686893,17.3232,1.4283,9.3363,44.1104,19.9026,0.2363,5.7591,1.9038
SANITY_PENALTY_WEIGHT,10.0,mid_MOR_shrink,1,49.8251369875,0.5,61.83649,0.27049,10.64,10.36194,0.47194,12.011353012499995,0.22951,True,True,7.6385,0.09975,2.6818120715149885,-0.13015618742490132,True,0.7864146832048273,16.6536,2.955,11.0026,46.0845,15.6807,2.8235,3.145,1.6551
SANITY_PENALTY_WEIGHT,10.0,mid_MOR_shrink,2,49.8251369875,0.5,57.00225,0.23474,10.64,10.26092,0.3709199999999999,7.177113012499994,0.26526,True,True,7.6366,0.09249,2.65627100416721,-7.398878654385255,True,0.676081126382836,15.9915,0.2525,9.9786,45.3085,22.5379,3.1378,1.2098,1.5833
SANITY_PENALTY_WEIGHT,10.0,mid_MOR_shrink,3,49.8251369875,0.5,59.84793,0.27963,10.64,10.24757,0.35756999999999906,10.022793012499996,0.22037,True,False,7.5939,0.08468,2.082269122193847,-15.218261914297148,True,0.8779332886356017,16.0883,1.1292,9.2608,44.1131,22.5593,0.2389,4.8882,1.7222
SANITY_PENALTY_WEIGHT,10.0,mid_MOR_shrink,4,49.8251369875,0.5,75.09618,0.27143,10.64,10.25985,0.36984999999999957,25.2710430125,0.22857,True,True,7.4918,0.09981,0.709772818927279,-0.0700841009211084,True,0.8366158229969829,15.531,1.5299,13.8442,39.4901,19.9173,1.5359,5.758,2.3936
SANITY_PENALTY_WEIGHT,20.0,low_MOR,0,34.220697441000006,0.5,43.15505,0.22853,,9.317,,8.934352558999997,0.27147,True,True,7.1598,0.08797,-4.703721450247567,-10.106274269364391,True,0.8972929936305734,14.2114,0.7921,10.3764,44.2545,22.7552,1.9284,5.5796,0.1025
SANITY_PENALTY_WEIGHT,20.0,low_MOR,1,34.220697441000006,0.5,44.82957,0.27359,,9.48001,,10.608872558999991,0.22641,True,True,7.1934,0.08829,-4.25650854496088,-9.779276517473956,True,0.9179936305732485,13.7796,1.792,11.1105,43.507,22.1243,1.5674,5.8708,0.2484
SANITY_PENALTY_WEIGHT,20.0,low_MOR,2,34.220697441000006,0.5,44.58576,0.27065,,9.43439,,10.365062558999995,0.22935,True,True,7.1276,0.09165,-5.132300484480645,-6.345800122624167,True,0.8219493798189742,16.4804,1.3434,9.3305,42.4531,22.4466,2.3599,5.4117,0.1743
SANITY_PENALTY_WEIGHT,20.0,low_MOR,3,34.220697441000006,0.5,48.24762,0.25685,,9.27096,,14.026922558999992,0.24314999999999998,True,True,6.9846,0.10253,-7.035617313528187,4.772123441651321,True,0.9265001676164933,18.7042,2.4639,8.7988,40.2376,20.1653,3.8444,5.6747,0.1111
SANITY_PENALTY_WEIGHT,20.0,low_MOR,4,34.220697441000006,0.5,44.06322,0.26391,,9.42661,,9.842522558999995,0.23609000000000002,True,True,7.1551,0.08952,-4.766278017356129,-8.522378908645,True,0.7886356017432115,13.9793,0.4269,12.0872,43.6749,22.0918,1.9786,5.596,0.1653
SANITY_PENALTY_WEIGHT,20.0,mid_MOR,0,49.8251369875,0.5,56.07856,0.17456,,9.29062,,6.253423012500001,0.32544,True,True,7.1165,0.09739,-4.335260115606932,-2.492991589907878,True,0.562814280925243,15.699,0.2303,11.0586,40.9521,22.5685,2.8886,5.8263,0.7767
SANITY_PENALTY_WEIGHT,20.0,mid_MOR,1,49.8251369875,0.5,56.08729,0.08873,,8.87444,,6.262153012500001,0.41127,True,True,7.0013,0.10269,-5.883855356902812,2.813376051261529,True,0.7542323164599397,14.5862,1.6138,10.4307,40.5589,22.3637,4.112,5.8225,0.5122
SANITY_PENALTY_WEIGHT,20.0,mid_MOR,2,49.8251369875,0.5,56.00299,0.20821,,9.63738,,6.177853012499995,0.29179,True,True,7.329,0.09101,-1.4786933727651608,-8.88065678814578,True,0.8713962453905464,16.3763,2.0081,8.2021,43.0084,22.1052,1.597,5.6547,1.0482
SANITY_PENALTY_WEIGHT,20.0,mid_MOR,3,49.8251369875,0.5,55.72799,0.21325,,9.39219,,5.902853012499996,0.28675,True,False,7.1243,0.10553,-4.230407312810868,5.656788145774927,True,0.6295256453234997,14.6857,2.0041,13.9315,42.4929,16.7257,3.7717,5.8014,0.5872
SANITY_PENALTY_WEIGHT,20.0,mid_MOR,4,49.8251369875,0.5,55.73188,0.19635,,9.36296,,5.9067430124999944,0.30365,True,True,7.1145,0.09714,-4.362145449657218,-2.7432919503403985,True,0.9250754274220582,17.4082,0.2677,9.62,40.4059,22.9228,2.8271,5.7567,0.7916
SANITY_PENALTY_WEIGHT,20.0,high_MOR,0,72.09692173600001,0.5,78.2461,0.17042,,10.21191,,6.1491782639999855,0.32958,True,True,7.6558,0.09175,1.624764382616073,-19.120239774330038,True,0.9385266510224606,14.844,1.0912,11.0483,41.8449,22.2172,0.4099,5.7567,2.7879
SANITY_PENALTY_WEIGHT,20.0,high_MOR,1,72.09692173600001,0.5,78.0583,0.14025,,9.83493,,5.96137826399999,0.35975,True,True,7.4272,0.10305,-1.4097220378580744,-9.159026798307469,True,0.9409570901776734,14.2014,1.3037,13.5876,39.9549,20.351,2.4129,5.8102,2.3783
SANITY_PENALTY_WEIGHT,20.0,high_MOR,2,72.09692173600001,0.5,78.32468,0.14884,,10.18306,,6.227758263999988,0.35116,True,True,7.6827,0.09078,1.9818408686648636,-19.975317348377995,True,0.8431528662420383,16.295,2.18,8.0262,42.1484,22.4669,0.2801,5.7959,2.8075
SANITY_PENALTY_WEIGHT,20.0,high_MOR,3,72.09692173600001,0.5,77.89832,0.22463,,10.12103,,5.801398263999985,0.27537,True,False,7.4454,0.10138,-1.168131255475613,-10.631170662905499,True,0.9527321488434461,14.8822,0.2676,14.7064,38.1551,21.984,2.1142,5.3536,2.537
SANITY_PENALTY_WEIGHT,20.0,high_MOR,4,72.09692173600001,0.5,80.19125,0.21549,,10.43001,,8.094328263999984,0.28451000000000004,True,True,7.703,0.09576,2.2513075105530023,-15.585331452750351,True,0.9744803888702648,14.5823,1.7483,12.7933,41.6539,20.1557,0.8137,5.3219,2.9309
SANITY_PENALTY_WEIGHT,20.0,tight_WA,0,49.8251369875,0.32,57.60602,0.07331,,9.14628,,7.780883012499999,0.24669000000000002,True,True,7.2242,0.09444,0.4351513297835341,-10.981242341408247,True,0.7881327522628226,14.0063,0.3086,10.2159,43.9818,22.2319,2.6099,5.7416,0.904
SANITY_PENALTY_WEIGHT,20.0,tight_WA,1,49.8251369875,0.32,56.07058,0.0947,,9.05795,,6.245443012499997,0.2253,True,True,7.1232,0.0982,-0.969011108176121,-7.437081723065331,True,0.6491367750586657,14.8261,0.9783,10.0462,42.6545,21.7452,3.2315,5.8446,0.6736
SANITY_PENALTY_WEIGHT,20.0,tight_WA,2,49.8251369875,0.32,55.7641,0.06736,,8.91877,,5.938963012499997,0.25264,True,True,7.0665,0.10024,-1.7572884372089148,-5.514186068432469,True,0.7827271203486422,15.3874,0.5551,9.837,42.7468,21.3363,3.6637,5.9209,0.5529
SANITY_PENALTY_WEIGHT,20.0,tight_WA,3,49.8251369875,0.32,56.04961,0.06051,,9.03904,,6.224473012499999,0.25949,True,True,7.1552,0.0976,-0.5241279595156301,-8.002639268545575,True,0.9724689909487093,16.2248,0.4283,8.1817,43.4637,22.2228,3.4386,5.3233,0.7168
SANITY_PENALTY_WEIGHT,20.0,tight_WA,4,49.8251369875,0.32,56.48172,0.0724,,8.69113,,6.6565830125000005,0.2476,True,True,6.9,0.10919,-4.072071070082995,2.9220473183146245,True,0.9267515923566878,15.7116,3.5649,8.9022,39.2314,21.1898,5.154,5.9234,0.3229
SANITY_PENALTY_WEIGHT,20.0,mid_MOR_shrink,0,49.8251369875,0.5,64.55576,0.26901,10.64,10.26172,0.37171999999999983,14.730623012500004,0.23098999999999997,True,True,7.5864,0.08887,1.9814491195053074,-11.023227873448127,True,0.6405464297686893,17.3232,1.4283,9.3363,44.1104,19.9026,0.2363,5.7591,1.9038
SANITY_PENALTY_WEIGHT,20.0,mid_MOR_shrink,1,49.8251369875,0.5,61.83649,0.27049,10.64,10.36194,0.47194,12.011353012499995,0.22951,True,True,7.6385,0.09975,2.6818120715149885,-0.13015618742490132,True,0.7864146832048273,16.6536,2.955,11.0026,46.0845,15.6807,2.8235,3.145,1.6551
SANITY_PENALTY_WEIGHT,20.0,mid_MOR_shrink,2,49.8251369875,0.5,57.00225,0.23474,10.64,10.26092,0.3709199999999999,7.177113012499994,0.26526,True,True,7.6366,0.09249,2.65627100416721,-7.398878654385255,True,0.676081126382836,15.9915,0.2525,9.9786,45.3085,22.5379,3.1378,1.2098,1.5833
SANITY_PENALTY_WEIGHT,20.0,mid_MOR_shrink,3,49.8251369875,0.5,59.84793,0.27963,10.64,10.24757,0.35756999999999906,10.022793012499996,0.22037,True,False,7.5939,0.08468,2.082269122193847,-15.218261914297148,True,0.8779332886356017,16.0883,1.1292,9.2608,44.1131,22.5593,0.2389,4.8882,1.7222
SANITY_PENALTY_WEIGHT,20.0,mid_MOR_shrink,4,49.8251369875,0.5,75.09618,0.27143,10.64,10.25985,0.36984999999999957,25.2710430125,0.22857,True,True,7.4918,0.09981,0.709772818927279,-0.0700841009211084,True,0.8366158229969829,15.531,1.5299,13.8442,39.4901,19.9173,1.5359,5.758,2.3936
SANITY_PENALTY_WEIGHT,40.0,low_MOR,0,34.220697441000006,0.5,43.15505,0.22853,,9.317,,8.934352558999997,0.27147,True,True,7.1598,0.08797,-4.703721450247567,-10.106274269364391,True,0.8972929936305734,14.2114,0.7921,10.3764,44.2545,22.7552,1.9284,5.5796,0.1025
SANITY_PENALTY_WEIGHT,40.0,low_MOR,1,34.220697441000006,0.5,44.82957,0.27359,,9.48001,,10.608872558999991,0.22641,True,True,7.1934,0.08829,-4.25650854496088,-9.779276517473956,True,0.9179936305732485,13.7796,1.792,11.1105,43.507,22.1243,1.5674,5.8708,0.2484
SANITY_PENALTY_WEIGHT,40.0,low_MOR,2,34.220697441000006,0.5,44.58576,0.27065,,9.43439,,10.365062558999995,0.22935,True,True,7.1276,0.09165,-5.132300484480645,-6.345800122624167,True,0.8219493798189742,16.4804,1.3434,9.3305,42.4531,22.4466,2.3599,5.4117,0.1743
SANITY_PENALTY_WEIGHT,40.0,low_MOR,3,34.220697441000006,0.5,48.24762,0.25685,,9.27096,,14.026922558999992,0.24314999999999998,True,True,6.9846,0.10253,-7.035617313528187,4.772123441651321,True,0.9265001676164933,18.7042,2.4639,8.7988,40.2376,20.1653,3.8444,5.6747,0.1111
SANITY_PENALTY_WEIGHT,40.0,low_MOR,4,34.220697441000006,0.5,44.06322,0.26391,,9.42661,,9.842522558999995,0.23609000000000002,True,True,7.1551,0.08952,-4.766278017356129,-8.522378908645,True,0.7886356017432115,13.9793,0.4269,12.0872,43.6749,22.0918,1.9786,5.596,0.1653
SANITY_PENALTY_WEIGHT,40.0,mid_MOR,0,49.8251369875,0.5,56.07856,0.17456,,9.29062,,6.253423012500001,0.32544,True,True,7.1165,0.09739,-4.335260115606932,-2.492991589907878,True,0.562814280925243,15.699,0.2303,11.0586,40.9521,22.5685,2.8886,5.8263,0.7767
SANITY_PENALTY_WEIGHT,40.0,mid_MOR,1,49.8251369875,0.5,56.08729,0.08873,,8.87444,,6.262153012500001,0.41127,True,True,7.0013,0.10269,-5.883855356902812,2.813376051261529,True,0.7542323164599397,14.5862,1.6138,10.4307,40.5589,22.3637,4.112,5.8225,0.5122
SANITY_PENALTY_WEIGHT,40.0,mid_MOR,2,49.8251369875,0.5,56.00299,0.20821,,9.63738,,6.177853012499995,0.29179,True,True,7.329,0.09101,-1.4786933727651608,-8.88065678814578,True,0.8713962453905464,16.3763,2.0081,8.2021,43.0084,22.1052,1.597,5.6547,1.0482
SANITY_PENALTY_WEIGHT,40.0,mid_MOR,3,49.8251369875,0.5,55.72799,0.21325,,9.39219,,5.902853012499996,0.28675,True,False,7.1243,0.10553,-4.230407312810868,5.656788145774927,True,0.6295256453234997,14.6857,2.0041,13.9315,42.4929,16.7257,3.7717,5.8014,0.5872
SANITY_PENALTY_WEIGHT,40.0,mid_MOR,4,49.8251369875,0.5,55.73188,0.19635,,9.36296,,5.9067430124999944,0.30365,True,True,7.1145,0.09714,-4.362145449657218,-2.7432919503403985,True,0.9250754274220582,17.4082,0.2677,9.62,40.4059,22.9228,2.8271,5.7567,0.7916
SANITY_PENALTY_WEIGHT,40.0,high_MOR,0,72.09692173600001,0.5,78.2461,0.17042,,10.21191,,6.1491782639999855,0.32958,True,True,7.6558,0.09175,1.624764382616073,-19.120239774330038,True,0.9385266510224606,14.844,1.0912,11.0483,41.8449,22.2172,0.4099,5.7567,2.7879
SANITY_PENALTY_WEIGHT,40.0,high_MOR,1,72.09692173600001,0.5,78.0583,0.14025,,9.83493,,5.96137826399999,0.35975,True,True,7.4272,0.10305,-1.4097220378580744,-9.159026798307469,True,0.9409570901776734,14.2014,1.3037,13.5876,39.9549,20.351,2.4129,5.8102,2.3783
SANITY_PENALTY_WEIGHT,40.0,high_MOR,2,72.09692173600001,0.5,78.32468,0.14884,,10.18306,,6.227758263999988,0.35116,True,True,7.6827,0.09078,1.9818408686648636,-19.975317348377995,True,0.8431528662420383,16.295,2.18,8.0262,42.1484,22.4669,0.2801,5.7959,2.8075
SANITY_PENALTY_WEIGHT,40.0,high_MOR,3,72.09692173600001,0.5,77.89832,0.22463,,10.12103,,5.801398263999985,0.27537,True,False,7.4454,0.10138,-1.168131255475613,-10.631170662905499,True,0.9527321488434461,14.8822,0.2676,14.7064,38.1551,21.984,2.1142,5.3536,2.537
SANITY_PENALTY_WEIGHT,40.0,high_MOR,4,72.09692173600001,0.5,80.19125,0.21549,,10.43001,,8.094328263999984,0.28451000000000004,True,True,7.703,0.09576,2.2513075105530023,-15.585331452750351,True,0.9744803888702648,14.5823,1.7483,12.7933,41.6539,20.1557,0.8137,5.3219,2.9309
SANITY_PENALTY_WEIGHT,40.0,tight_WA,0,49.8251369875,0.32,57.60602,0.07331,,9.14628,,7.780883012499999,0.24669000000000002,True,True,7.2242,0.09444,0.4351513297835341,-10.981242341408247,True,0.7881327522628226,14.0063,0.3086,10.2159,43.9818,22.2319,2.6099,5.7416,0.904
SANITY_PENALTY_WEIGHT,40.0,tight_WA,1,49.8251369875,0.32,56.07058,0.0947,,9.05795,,6.245443012499997,0.2253,True,True,7.1232,0.0982,-0.969011108176121,-7.437081723065331,True,0.6491367750586657,14.8261,0.9783,10.0462,42.6545,21.7452,3.2315,5.8446,0.6736
SANITY_PENALTY_WEIGHT,40.0,tight_WA,2,49.8251369875,0.32,55.7641,0.06736,,8.91877,,5.938963012499997,0.25264,True,True,7.0665,0.10024,-1.7572884372089148,-5.514186068432469,True,0.7827271203486422,15.3874,0.5551,9.837,42.7468,21.3363,3.6637,5.9209,0.5529
SANITY_PENALTY_WEIGHT,40.0,tight_WA,3,49.8251369875,0.32,56.04961,0.06051,,9.03904,,6.224473012499999,0.25949,True,True,7.1552,0.0976,-0.5241279595156301,-8.002639268545575,True,0.9724689909487093,16.2248,0.4283,8.1817,43.4637,22.2228,3.4386,5.3233,0.7168
SANITY_PENALTY_WEIGHT,40.0,tight_WA,4,49.8251369875,0.32,56.48172,0.0724,,8.69113,,6.6565830125000005,0.2476,True,True,6.9,0.10919,-4.072071070082995,2.9220473183146245,True,0.9267515923566878,15.7116,3.5649,8.9022,39.2314,21.1898,5.154,5.9234,0.3229
SANITY_PENALTY_WEIGHT,40.0,mid_MOR_shrink,0,49.8251369875,0.5,64.55576,0.26901,10.64,10.26172,0.37171999999999983,14.730623012500004,0.23098999999999997,True,True,7.5864,0.08887,1.9814491195053074,-11.023227873448127,True,0.6405464297686893,17.3232,1.4283,9.3363,44.1104,19.9026,0.2363,5.7591,1.9038
SANITY_PENALTY_WEIGHT,40.0,mid_MOR_shrink,1,49.8251369875,0.5,61.83649,0.27049,10.64,10.36194,0.47194,12.011353012499995,0.22951,True,True,7.6385,0.09975,2.6818120715149885,-0.13015618742490132,True,0.7864146832048273,16.6536,2.955,11.0026,46.0845,15.6807,2.8235,3.145,1.6551
SANITY_PENALTY_WEIGHT,40.0,mid_MOR_shrink,2,49.8251369875,0.5,57.00225,0.23474,10.64,10.26092,0.3709199999999999,7.177113012499994,0.26526,True,True,7.6366,0.09249,2.65627100416721,-7.398878654385255,True,0.676081126382836,15.9915,0.2525,9.9786,45.3085,22.5379,3.1378,1.2098,1.5833
SANITY_PENALTY_WEIGHT,40.0,mid_MOR_shrink,3,49.8251369875,0.5,59.84793,0.27963,10.64,10.24757,0.35756999999999906,10.022793012499996,0.22037,True,False,7.5939,0.08468,2.082269122193847,-15.218261914297148,True,0.8779332886356017,16.0883,1.1292,9.2608,44.1131,22.5593,0.2389,4.8882,1.7222
SANITY_PENALTY_WEIGHT,40.0,mid_MOR_shrink,4,49.8251369875,0.5,75.09618,0.27143,10.64,10.25985,0.36984999999999957,25.2710430125,0.22857,True,True,7.4918,0.09981,0.709772818927279,-0.0700841009211084,True,0.8366158229969829,15.531,1.5299,13.8442,39.4901,19.9173,1.5359,5.758,2.3936
WA_PENALTY_SYMMETRIC,0.0,low_MOR,0,34.220697441000006,0.5,43.15505,0.22853,,9.317,,8.934352558999997,0.27147,True,True,7.1598,0.08797,-4.703721450247567,-10.106274269364391,True,0.8972929936305734,14.2114,0.7921,10.3764,44.2545,22.7552,1.9284,5.5796,0.1025
WA_PENALTY_SYMMETRIC,0.0,low_MOR,1,34.220697441000006,0.5,44.82957,0.27359,,9.48001,,10.608872558999991,0.22641,True,True,7.1934,0.08829,-4.25650854496088,-9.779276517473956,True,0.9179936305732485,13.7796,1.792,11.1105,43.507,22.1243,1.5674,5.8708,0.2484
WA_PENALTY_SYMMETRIC,0.0,low_MOR,2,34.220697441000006,0.5,44.58576,0.27065,,9.43439,,10.365062558999995,0.22935,True,True,7.1276,0.09165,-5.132300484480645,-6.345800122624167,True,0.8219493798189742,16.4804,1.3434,9.3305,42.4531,22.4466,2.3599,5.4117,0.1743
WA_PENALTY_SYMMETRIC,0.0,low_MOR,3,34.220697441000006,0.5,48.24762,0.25685,,9.27096,,14.026922558999992,0.24314999999999998,True,True,6.9846,0.10253,-7.035617313528187,4.772123441651321,True,0.9265001676164933,18.7042,2.4639,8.7988,40.2376,20.1653,3.8444,5.6747,0.1111
WA_PENALTY_SYMMETRIC,0.0,low_MOR,4,34.220697441000006,0.5,44.06322,0.26391,,9.42661,,9.842522558999995,0.23609000000000002,True,True,7.1551,0.08952,-4.766278017356129,-8.522378908645,True,0.7886356017432115,13.9793,0.4269,12.0872,43.6749,22.0918,1.9786,5.596,0.1653
WA_PENALTY_SYMMETRIC,0.0,mid_MOR,0,49.8251369875,0.5,56.07856,0.17456,,9.29062,,6.253423012500001,0.32544,True,True,7.1165,0.09739,-4.335260115606932,-2.492991589907878,True,0.562814280925243,15.699,0.2303,11.0586,40.9521,22.5685,2.8886,5.8263,0.7767
WA_PENALTY_SYMMETRIC,0.0,mid_MOR,1,49.8251369875,0.5,56.08729,0.08873,,8.87444,,6.262153012500001,0.41127,True,True,7.0013,0.10269,-5.883855356902812,2.813376051261529,True,0.7542323164599397,14.5862,1.6138,10.4307,40.5589,22.3637,4.112,5.8225,0.5122
WA_PENALTY_SYMMETRIC,0.0,mid_MOR,2,49.8251369875,0.5,56.00299,0.20821,,9.63738,,6.177853012499995,0.29179,True,True,7.329,0.09101,-1.4786933727651608,-8.88065678814578,True,0.8713962453905464,16.3763,2.0081,8.2021,43.0084,22.1052,1.597,5.6547,1.0482
WA_PENALTY_SYMMETRIC,0.0,mid_MOR,3,49.8251369875,0.5,55.72799,0.21325,,9.39219,,5.902853012499996,0.28675,True,False,7.1243,0.10553,-4.230407312810868,5.656788145774927,True,0.6295256453234997,14.6857,2.0041,13.9315,42.4929,16.7257,3.7717,5.8014,0.5872
WA_PENALTY_SYMMETRIC,0.0,mid_MOR,4,49.8251369875,0.5,55.73188,0.19635,,9.36296,,5.9067430124999944,0.30365,True,True,7.1145,0.09714,-4.362145449657218,-2.7432919503403985,True,0.9250754274220582,17.4082,0.2677,9.62,40.4059,22.9228,2.8271,5.7567,0.7916
WA_PENALTY_SYMMETRIC,0.0,high_MOR,0,72.09692173600001,0.5,78.2461,0.17042,,10.21191,,6.1491782639999855,0.32958,True,True,7.6558,0.09175,1.624764382616073,-19.120239774330038,True,0.9385266510224606,14.844,1.0912,11.0483,41.8449,22.2172,0.4099,5.7567,2.7879
WA_PENALTY_SYMMETRIC,0.0,high_MOR,1,72.09692173600001,0.5,78.0583,0.14025,,9.83493,,5.96137826399999,0.35975,True,True,7.4272,0.10305,-1.4097220378580744,-9.159026798307469,True,0.9409570901776734,14.2014,1.3037,13.5876,39.9549,20.351,2.4129,5.8102,2.3783
WA_PENALTY_SYMMETRIC,0.0,high_MOR,2,72.09692173600001,0.5,78.32468,0.14884,,10.18306,,6.227758263999988,0.35116,True,True,7.6827,0.09078,1.9818408686648636,-19.975317348377995,True,0.8431528662420383,16.295,2.18,8.0262,42.1484,22.4669,0.2801,5.7959,2.8075
WA_PENALTY_SYMMETRIC,0.0,high_MOR,3,72.09692173600001,0.5,77.89832,0.22463,,10.12103,,5.801398263999985,0.27537,True,False,7.4454,0.10138,-1.168131255475613,-10.631170662905499,True,0.9527321488434461,14.8822,0.2676,14.7064,38.1551,21.984,2.1142,5.3536,2.537
WA_PENALTY_SYMMETRIC,0.0,high_MOR,4,72.09692173600001,0.5,80.19125,0.21549,,10.43001,,8.094328263999984,0.28451000000000004,True,True,7.703,0.09576,2.2513075105530023,-15.585331452750351,True,0.9744803888702648,14.5823,1.7483,12.7933,41.6539,20.1557,0.8137,5.3219,2.9309
WA_PENALTY_SYMMETRIC,0.0,tight_WA,0,49.8251369875,0.32,57.60602,0.07331,,9.14628,,7.780883012499999,0.24669000000000002,True,True,7.2242,0.09444,0.4351513297835341,-10.981242341408247,True,0.7881327522628226,14.0063,0.3086,10.2159,43.9818,22.2319,2.6099,5.7416,0.904
WA_PENALTY_SYMMETRIC,0.0,tight_WA,1,49.8251369875,0.32,56.07058,0.0947,,9.05795,,6.245443012499997,0.2253,True,True,7.1232,0.0982,-0.969011108176121,-7.437081723065331,True,0.6491367750586657,14.8261,0.9783,10.0462,42.6545,21.7452,3.2315,5.8446,0.6736
WA_PENALTY_SYMMETRIC,0.0,tight_WA,2,49.8251369875,0.32,55.7641,0.06736,,8.91877,,5.938963012499997,0.25264,True,True,7.0665,0.10024,-1.7572884372089148,-5.514186068432469,True,0.7827271203486422,15.3874,0.5551,9.837,42.7468,21.3363,3.6637,5.9209,0.5529
WA_PENALTY_SYMMETRIC,0.0,tight_WA,3,49.8251369875,0.32,56.04961,0.06051,,9.03904,,6.224473012499999,0.25949,True,True,7.1552,0.0976,-0.5241279595156301,-8.002639268545575,True,0.9724689909487093,16.2248,0.4283,8.1817,43.4637,22.2228,3.4386,5.3233,0.7168
WA_PENALTY_SYMMETRIC,0.0,tight_WA,4,49.8251369875,0.32,56.48172,0.0724,,8.69113,,6.6565830125000005,0.2476,True,True,6.9,0.10919,-4.072071070082995,2.9220473183146245,True,0.9267515923566878,15.7116,3.5649,8.9022,39.2314,21.1898,5.154,5.9234,0.3229
WA_PENALTY_SYMMETRIC,0.0,mid_MOR_shrink,0,49.8251369875,0.5,64.55576,0.26901,10.64,10.26172,0.37171999999999983,14.730623012500004,0.23098999999999997,True,True,7.5864,0.08887,1.9814491195053074,-11.023227873448127,True,0.6405464297686893,17.3232,1.4283,9.3363,44.1104,19.9026,0.2363,5.7591,1.9038
WA_PENALTY_SYMMETRIC,0.0,mid_MOR_shrink,1,49.8251369875,0.5,61.83649,0.27049,10.64,10.36194,0.47194,12.011353012499995,0.22951,True,True,7.6385,0.09975,2.6818120715149885,-0.13015618742490132,True,0.7864146832048273,16.6536,2.955,11.0026,46.0845,15.6807,2.8235,3.145,1.6551
WA_PENALTY_SYMMETRIC,0.0,mid_MOR_shrink,2,49.8251369875,0.5,57.00225,0.23474,10.64,10.26092,0.3709199999999999,7.177113012499994,0.26526,True,True,7.6366,0.09249,2.65627100416721,-7.398878654385255,True,0.676081126382836,15.9915,0.2525,9.9786,45.3085,22.5379,3.1378,1.2098,1.5833
WA_PENALTY_SYMMETRIC,0.0,mid_MOR_shrink,3,49.8251369875,0.5,59.84793,0.27963,10.64,10.24757,0.35756999999999906,10.022793012499996,0.22037,True,False,7.5939,0.08468,2.082269122193847,-15.218261914297148,True,0.8779332886356017,16.0883,1.1292,9.2608,44.1131,22.5593,0.2389,4.8882,1.7222
WA_PENALTY_SYMMETRIC,0.0,mid_MOR_shrink,4,49.8251369875,0.5,75.09618,0.27143,10.64,10.25985,0.36984999999999957,25.2710430125,0.22857,True,True,7.4918,0.09981,0.709772818927279,-0.0700841009211084,True,0.8366158229969829,15.531,1.5299,13.8442,39.4901,19.9173,1.5359,5.758,2.3936
WA_PENALTY_SYMMETRIC,1.0,low_MOR,0,34.220697441000006,0.5,46.86442,0.27378,,9.25921,,12.643722558999997,0.22621999999999998,True,False,6.9864,0.0981,-7.011659479316412,0.2452483139178563,True,0.8255531344284277,15.3652,2.143,11.3257,39.635,22.3939,3.2438,5.7921,0.1013
WA_PENALTY_SYMMETRIC,1.0,low_MOR,1,34.220697441000006,0.5,57.34358,0.27637,,9.73988,,23.122882558999997,0.22363,True,False,7.2392,0.10013,-3.64691476334984,2.319640302472914,True,0.8259721756620851,15.0209,1.5807,13.7649,41.7143,18.6588,2.685,5.6146,0.9606
WA_PENALTY_SYMMETRIC,1.0,low_MOR,2,34.220697441000006,0.5,44.47965,0.27598,,9.52839,,10.258952558999994,0.22402,True,False,7.2144,0.08791,-3.977000479156678,-10.16758634784386,True,0.8776399597720415,14.7348,1.7271,10.0623,43.6257,22.4042,1.6302,5.543,0.2727
WA_PENALTY_SYMMETRIC,1.0,low_MOR,3,34.220697441000006,0.5,42.56897,0.28125,,9.46797,,8.348272558999994,0.21875,True,False,7.1467,0.08807,-4.878081243677801,-10.004087471898638,True,0.8617163928930607,15.8179,0.1247,10.4125,43.5158,22.6282,1.7886,5.6007,0.1116
WA_PENALTY_SYMMETRIC,1.0,low_MOR,4,34.220697441000006,0.5,51.95108,0.27779,,9.54427,,17.73038255899999,0.22221000000000002,True,False,7.137,0.10984,-5.007187350263543,12.24197833639893,True,0.8624706671136438,15.8711,6.3777,10.1066,39.7513,18.5585,5.31,3.5997,0.425
WA_PENALTY_SYMMETRIC,1.0,mid_MOR,0,49.8251369875,0.5,60.43373,0.27764,,10.03882,,10.608593012499995,0.22236,True,False,7.4361,0.09926,-0.03898373437289937,-0.6207448938726379,True,0.9334981562185719,16.0844,2.8295,12.092,44.3383,15.7975,2.1187,5.4311,1.3086
WA_PENALTY_SYMMETRIC,1.0,mid_MOR,1,49.8251369875,0.5,69.99717,0.27685,,9.8237,,20.172033012499995,0.22315000000000002,True,False,7.1866,0.11069,-3.392929157144775,10.822987585102117,True,0.8861464968152866,15.9983,2.4816,14.901,36.8842,18.6086,3.6875,5.8081,1.6307
WA_PENALTY_SYMMETRIC,1.0,mid_MOR,2,49.8251369875,0.5,58.36068,0.27725,,10.00612,,8.5355430125,0.22275,True,False,7.4039,0.09144,-0.4718376125823376,-8.450140168201848,True,0.8509051290647001,16.8589,0.1455,10.8588,42.6546,21.5869,1.4498,5.0792,1.3664
WA_PENALTY_SYMMETRIC,1.0,mid_MOR,3,49.8251369875,0.5,55.60717,0.2834,,9.69741,,5.782033012500001,0.21660000000000001,True,False,7.2558,0.09534,-2.462696599005243,-4.545454545454552,True,0.821656050955414,13.9224,3.7039,11.6141,40.6798,21.3221,2.0293,5.8023,0.9261
WA_PENALTY_SYMMETRIC,1.0,mid_MOR,4,49.8251369875,0.5,59.56606,0.27529,,9.5052,,9.740923012499998,0.22471000000000002,True,False,7.0486,0.10443,-5.2480172066137865,4.555466559871846,True,0.9269192088501509,14.7411,1.4149,14.6554,37.0884,21.8278,3.5205,5.8193,0.9325
WA_PENALTY_SYMMETRIC,1.0,high_MOR,0,72.09692173600001,0.5,78.85939,0.27585,,10.35893,,6.762468263999992,0.22415000000000002,True,False,7.4915,0.11515,-0.5561897682321404,1.507404795486611,True,0.9368504860878311,14.5941,3.6449,16.4113,38.0975,16.8656,4.5071,3.3931,2.4865
WA_PENALTY_SYMMETRIC,1.0,high_MOR,1,72.09692173600001,0.5,79.17998,0.28211,,10.40662,,7.0830582639999875,0.21788999999999997,True,False,7.5561,0.09882,0.3013247670374586,-12.887870239774324,True,0.884470331880657,15.691,2.0903,13.2949,38.5169,20.6966,1.0586,5.9041,2.7477
WA_PENALTY_SYMMETRIC,1.0,high_MOR,2,72.09692173600001,0.5,79.02303,0.27697,,10.36747,,6.926108263999993,0.22303,True,False,7.5204,0.09809,-0.17256484455889787,-13.531382228490829,True,0.9567968488099229,16.675,1.3847,12.2384,37.2691,22.8625,1.2362,5.5654,2.7686
WA_PENALTY_SYMMETRIC,1.0,high_MOR,3,72.09692173600001,0.5,78.39753,0.27681,,10.43783,,6.30060826399999,0.22319,True,False,7.545,0.10095,0.15398093822178716,-11.010225669957684,True,0.7152195776064365,16.7583,0.4153,13.643,38.4162,21.3751,1.9626,4.6942,2.7351
WA_PENALTY_SYMMETRIC,1.0,high_MOR,4,72.09692173600001,0.5,78.84004,0.27357,,10.53889,,6.743118263999989,0.22643000000000002,True,False,7.5936,0.10519,0.7991079724958272,-7.272566995768681,True,0.9234830707341602,19.6824,0.4666,12.5912,41.4188,15.9647,2.1536,5.0485,2.6743
WA_PENALTY_SYMMETRIC,1.0,tight_WA,0,49.8251369875,0.32,57.19536,0.09554,,9.23838,,7.370223012499999,0.22446,True,False,7.1977,0.10688,0.0667324722990692,0.74465076821566,True,0.7892641635936976,15.672,2.9687,8.6033,41.3736,22.2055,5.7029,2.6481,0.8259
WA_PENALTY_SYMMETRIC,1.0,tight_WA,1,49.8251369875,0.32,58.91913,0.0947,,9.09503,,9.0939930125,0.2253,True,False,7.097,0.10597,-1.3332591861418774,-0.11311150909606438,True,0.8050201139792156,14.2108,1.3461,11.5987,40.3632,22.4851,5.0323,4.144,0.8199
WA_PENALTY_SYMMETRIC,1.0,tight_WA,2,49.8251369875,0.32,61.47442,0.10098,,9.15025,,11.6492830125,0.21902,True,False,7.1244,0.10047,-0.9523279901013537,-5.297389009331699,True,0.5636523633925578,15.0931,0.5294,10.8789,40.639,22.638,3.348,5.8357,1.0378
WA_PENALTY_SYMMETRIC,1.0,tight_WA,3,49.8251369875,0.32,62.46629,0.094,,9.40721,,12.641153012499998,0.226,True,False,7.2757,0.10311,1.1511351471590103,-2.8089358092185934,True,0.9010643647334898,16.1937,1.0837,9.2423,41.4645,22.7966,4.5267,3.3972,1.2952
WA_PENALTY_SYMMETRIC,1.0,tight_WA,4,49.8251369875,0.32,61.38331,0.10226,,9.18565,,11.5581730125,0.21774,True,False,7.1221,0.1098,-0.9843039664113262,3.4970308228862157,True,0.8442842775729132,18.3381,2.9928,8.1599,41.5374,18.0984,4.8102,5.1947,0.8685
WA_PENALTY_SYMMETRIC,1.0,mid_MOR_shrink,0,49.8251369875,0.5,80.09624,0.27646,10.64,10.31119,0.4211899999999993,30.271103012499992,0.22354000000000002,True,False,7.4803,0.10864,0.5551821481381891,8.770524629555476,True,0.8128980891719745,18.3533,4.882,10.7711,37.7592,17.3865,2.5051,5.7805,2.5623
WA_PENALTY_SYMMETRIC,1.0,mid_MOR_shrink,1,49.8251369875,0.5,61.48903,0.28127,10.64,10.26601,0.37600999999999907,11.663893012499997,0.21872999999999998,True,False,7.5879,0.09207,2.001613120043011,-7.819383259911894,True,0.7794166946027489,14.8375,3.0158,10.2496,42.5941,22.2198,1.8486,3.4703,1.7643
WA_PENALTY_SYMMETRIC,1.0,mid_MOR_shrink,2,49.8251369875,0.5,65.00884,0.27999,10.64,10.38115,0.4911499999999993,15.183703012500004,0.22000999999999998,True,False,7.5285,0.10863,1.2031186987498277,8.760512615138172,True,0.7723768018773047,20.1219,2.3254,9.4225,41.497,18.5923,5.007,1.2135,1.8204
WA_PENALTY_SYMMETRIC,1.0,mid_MOR_shrink,3,49.8251369875,0.5,79.13948,0.27592,10.64,10.26251,0.3725100000000001,29.314343012500004,0.22408,True,False,7.4312,0.11208,-0.10485280279608489,12.214657589106936,True,0.667574589339591,18.8085,4.3459,11.5877,37.8865,16.2606,3.1985,5.4966,2.4156
WA_PENALTY_SYMMETRIC,1.0,mid_MOR_shrink,4,49.8251369875,0.5,63.79411,0.27945,10.64,10.26652,0.3765199999999993,13.968973012500001,0.22055000000000002,True,False,7.5873,0.08747,1.9935475198279429,-12.42490989187024,True,0.7895993965806235,15.0835,1.2952,11.1048,43.2993,21.7155,0.3042,5.2836,1.9139
SAFETY_FACTOR,0.0,low_MOR,0,34.220697441000006,0.5,40.09365,0.50201,,10.0507,,5.872952558999991,-0.0020099999999999563,False,False,7.1643,0.09144,-4.643826864718104,-6.560392397302273,True,0.9937981897418705,16.0344,3.7063,11.6983,39.1868,22.5531,2.0076,4.6941,0.1195
SAFETY_FACTOR,0.0,low_MOR,1,34.220697441000006,0.5,40.43439,0.45404,,9.98074,,6.213692558999995,0.04596,True,False,7.1953,0.08571,-4.231219719959545,-12.41569589209075,True,0.9498407643312102,16.2296,0.6096,12.384,41.7879,22.2685,0.836,5.7005,0.1838
SAFETY_FACTOR,0.0,low_MOR,2,34.220697441000006,0.5,39.90493,0.44786,,9.9245,,5.6842325589999945,0.05214000000000002,True,False,7.1715,0.08687,-4.547995527870952,-11.230329041487842,True,0.9792993630573249,17.0005,1.4289,10.9865,41.4227,22.3115,1.104,5.6391,0.1068
SAFETY_FACTOR,0.0,low_MOR,3,34.220697441000006,0.5,44.71213,0.3674,,9.67448,,10.491432558999996,0.1326,True,False,7.1034,0.09084,-5.45440025555024,-7.173513182096869,True,0.8131495139121688,16.2507,0.2764,12.2924,40.8399,22.4277,1.7339,5.9298,0.2492
SAFETY_FACTOR,0.0,low_MOR,4,34.220697441000006,0.5,43.15068,0.33052,,9.56887,,8.929982558999995,0.16948000000000002,True,False,7.1234,0.09149,-5.188202097641481,-6.50929899856939,True,0.7493714381495139,14.2185,0.4907,13.4998,42.4481,21.592,2.1611,5.4785,0.1112
SAFETY_FACTOR,0.0,mid_MOR,0,49.8251369875,0.5,50.26378,0.38487,,10.29346,,0.4386430124999947,0.11513000000000001,True,False,7.4975,0.08257,0.7863960209705478,-17.330796956347605,True,0.9381076097888033,17.0849,2.2155,8.3994,43.3397,22.814,0.1007,4.9362,1.1097
SAFETY_FACTOR,0.0,mid_MOR,1,49.8251369875,0.5,49.78581,0.27496,,9.39123,,-0.03932698750000441,0.22504000000000002,False,False,7.0257,0.09816,-5.5558542814894585,-1.7220664797757301,True,0.9070147502514246,17.2334,0.9553,10.6011,39.3417,22.7639,3.1657,5.5692,0.3697
SAFETY_FACTOR,0.0,mid_MOR,2,49.8251369875,0.5,50.28738,0.31204,,9.94371,,0.46224301249999655,0.18796000000000002,True,False,7.3559,0.08886,-1.1170856297889498,-11.033239887865442,True,0.8938568555145827,17.9427,1.2089,8.4654,43.1958,22.0273,1.4738,4.8322,0.8539
SAFETY_FACTOR,0.0,mid_MOR,3,49.8251369875,0.5,49.78815,0.22755,,9.18289,,-0.03698698750000062,0.27244999999999997,False,False,6.9943,0.10123,-5.9779540260787805,1.3516219463356016,True,0.7443010392222594,16.9265,3.5019,8.3721,38.9601,22.7203,3.8928,5.3851,0.2412
SAFETY_FACTOR,0.0,mid_MOR,4,49.8251369875,0.5,50.27795,0.09372,,8.77753,,0.4528130124999947,0.40628,True,False,6.9519,0.10111,-6.547923107944619,1.2314777733279936,True,0.7813442842775729,14.1922,0.1089,11.7297,42.2889,21.6276,4.1763,5.7715,0.1049
SAFETY_FACTOR,0.0,high_MOR,0,72.09692173600001,0.5,72.05352,0.0,,8.87246,,-0.04340173600000696,0.5,False,False,7.1518,0.10598,-5.065441898744272,-6.5761636107193215,True,0.863769694937982,14.279,1.1368,9.8438,40.2447,22.9219,4.2072,5.8014,1.5652
SAFETY_FACTOR,0.0,high_MOR,1,72.09692173600001,0.5,72.37016,0.14834,,9.96981,,0.2732382639999855,0.35166,True,False,7.5713,0.09173,0.5030928929832479,-19.137870239774323,True,0.8874874287629902,14.8108,1.6765,9.6504,42.2265,22.9085,1.0252,5.3854,2.3166
SAFETY_FACTOR,0.0,high_MOR,2,72.09692173600001,0.5,75.70457,0.17503,,10.14485,,3.607648263999991,0.32497,True,False,7.6578,0.09196,1.6513128202405136,-18.93511988716502,True,0.9896077774052967,13.7903,3.6381,10.0563,42.3077,21.2884,0.4372,5.9144,2.5676
SAFETY_FACTOR,0.0,high_MOR,3,72.09692173600001,0.5,73.88533,0.25339,,10.49148,,1.7884082639999832,0.24661,True,False,7.6372,0.09706,1.3778639127087322,-14.439351198871652,True,0.9914515588333892,19.9346,0.5574,8.6704,40.9417,21.6546,1.9277,3.7197,2.594
SAFETY_FACTOR,0.0,high_MOR,4,72.09692173600001,0.5,72.05479,0.15574,,9.5507,,-0.04213173600001596,0.34426,False,False,7.2018,0.1138,-4.401730958133109,0.3173483779971731,True,0.7989021119678177,18.3709,3.5853,10.1612,38.6261,17.5817,4.4924,5.5511,1.6314
SAFETY_FACTOR,0.0,tight_WA,0,49.8251369875,0.32,51.56014,0.05513,,8.59596,,1.7350030124999947,0.26487,True,False,6.893,0.10223,-4.169389258852485,-3.638420209256299,True,0.8478880321823667,14.1837,0.4847,10.7732,41.1441,22.911,4.476,5.9262,0.1011
SAFETY_FACTOR,0.0,tight_WA,1,49.8251369875,0.32,50.31144,0.05563,,8.7299,,0.4863030124999952,0.26437,True,False,7.0121,0.0971,-2.513589789931736,-8.473937223112449,True,0.860375460945357,14.1878,0.6596,9.5513,43.3009,22.6043,3.5962,5.9242,0.1757
SAFETY_FACTOR,0.0,tight_WA,2,49.8251369875,0.32,50.29736,0.07351,,8.86801,,0.4722230124999953,0.24649,True,False,7.0678,0.09592,-1.7392150592945743,-9.586200395890277,True,0.9138870264834059,14.7694,0.2598,9.5164,44.1181,21.9617,3.3085,5.8104,0.2557
SAFETY_FACTOR,0.0,tight_WA,3,49.8251369875,0.32,50.11365,0.28502,,9.29465,,0.2885130124999975,0.03498000000000001,True,False,6.9241,0.10405,-3.737018448748064,-1.9228956546328613,True,0.9929601072745559,15.7565,0.476,14.1023,38.2896,21.5293,4.1198,5.5033,0.2232
SAFETY_FACTOR,0.0,tight_WA,4,49.8251369875,0.32,51.54812,0.2825,,9.42303,,1.722983012499995,0.03750000000000003,True,False,7.0576,0.09811,-1.8810215629301075,-7.521915354887366,True,0.8972091853838416,15.8195,2.6865,10.812,38.8842,22.5258,2.8645,5.9267,0.4807
SAFETY_FACTOR,0.0,mid_MOR_shrink,0,49.8251369875,0.5,57.00641,0.33265,10.64,10.18687,0.2968700000000002,7.1812730125,0.16735,True,False,7.4513,0.0879,0.1653448044091954,-11.994393271926306,True,0.9010643647334898,16.3166,0.293,11.5735,42.8094,21.6251,0.6198,5.3685,1.3941
SAFETY_FACTOR,0.0,mid_MOR_shrink,1,49.8251369875,0.5,49.89222,0.36155,10.64,9.92173,0.03172999999999959,0.06708301249999948,0.13845000000000002,True,False,7.2557,0.08898,-2.4640408657077617,-10.913095714857823,True,0.8032182366744888,16.163,0.2242,12.0907,41.3705,22.5856,1.1848,5.6189,0.7623
SAFETY_FACTOR,0.0,mid_MOR_shrink,2,49.8251369875,0.5,50.87332,0.45811,10.64,10.24624,0.35623999999999967,1.0481830124999973,0.04188999999999998,True,False,7.3515,0.08985,-1.1762333646995637,-10.042050460552666,True,0.8404290982232651,16.1887,5.2045,10.1465,40.0717,20.9299,0.6294,5.928,0.9014
SAFETY_FACTOR,0.0,mid_MOR_shrink,3,49.8251369875,0.5,49.92425,0.31766,10.64,9.93175,0.04174999999999862,0.09911301249999838,0.18234,True,False,7.3696,0.09088,-0.9329210915445585,-9.010812975570682,True,0.7787881327522628,15.4454,2.2059,11.076,44.414,19.4201,1.5374,5.1547,0.7465
SAFETY_FACTOR,0.0,mid_MOR_shrink,4,49.8251369875,0.5,50.36121,0.3972,10.64,10.10293,0.21293000000000006,0.5360730124999975,0.1028,True,False,7.3287,0.09038,-1.4827261728726948,-9.511413696435723,True,0.8470499497150519,15.4735,1.2733,13.4296,42.7441,19.4954,0.9664,5.8132,0.8045
SAFETY_FACTOR,0.5,low_MOR,0,34.220697441000006,0.5,42.50513,0.34282,,9.74004,,8.284432558999995,0.15718,True,False,7.2116,0.08848,-4.014268221263917,-9.585121602288982,True,0.7983992624874288,16.1132,0.2339,11.3573,43.5485,21.6788,1.7209,5.1281,0.2195
SAFETY_FACTOR,0.5,low_MOR,1,34.220697441000006,0.5,46.64658,0.26703,,9.33816,,12.425882558999994,0.23297,True,True,7.0497,0.09603,-6.169142309535225,-1.8700183936235404,True,0.5432031511900771,14.3865,0.7983,12.8371,41.0624,22.2695,3.0381,5.4273,0.1808
SAFETY_FACTOR,0.5,low_MOR,2,34.220697441000006,0.5,45.38109,0.28427,,9.34369,,11.160392558999995,0.21572999999999998,True,False,7.0304,0.09441,-6.426023531917158,-3.525444512568987,True,0.8672058330539726,16.6427,1.5292,9.9663,40.6497,22.5734,2.611,5.9237,0.1042
SAFETY_FACTOR,0.5,low_MOR,3,34.220697441000006,0.5,44.85944,0.2644,,9.32306,,10.638742558999994,0.23559999999999998,True,True,7.0359,0.09321,-6.352819038492264,-4.751686082158191,True,0.9668957425410659,17.4712,0.1201,9.6287,41.4195,22.9226,2.6003,5.736,0.1017
SAFETY_FACTOR,0.5,low_MOR,4,34.220697441000006,0.5,42.04867,0.3228,,9.62251,,7.827972558999996,0.17720000000000002,True,False,7.231,0.08746,-3.7560560080924343,-10.627426936439822,True,0.9805983908816628,14.6581,3.2029,9.9059,44.2046,20.7174,1.269,5.9269,0.1153
SAFETY_FACTOR,0.5,mid_MOR,0,49.8251369875,0.5,53.61631,0.33484,,10.14473,,3.7911730124999963,0.16515999999999997,True,False,7.4502,0.09015,0.1505578706815447,-9.741690028033645,True,0.6677841099564197,16.0136,2.1563,10.5252,43.2309,20.9753,1.4109,4.5473,1.1405
SAFETY_FACTOR,0.5,mid_MOR,1,49.8251369875,0.5,52.81967,0.13286,,9.14391,,2.9945330125,0.36714,True,False,7.129,0.09446,-4.16722677779272,-5.426511814177005,True,0.6473348977539389,14.9458,0.109,10.3001,42.8601,22.6973,2.745,5.7771,0.5655
SAFETY_FACTOR,0.5,mid_MOR,2,49.8251369875,0.5,53.02659,0.23628,,9.80547,,3.2014530124999965,0.26372,True,False,7.4361,0.08937,-0.03898373437289937,-10.522627152583086,True,0.9743127723768018,13.9289,3.3204,9.127,43.8873,22.6002,1.8551,4.2615,1.0196
SAFETY_FACTOR,0.5,mid_MOR,3,49.8251369875,0.5,52.80076,0.30203,,9.85935,,2.9756230124999945,0.19796999999999998,True,False,7.3489,0.09005,-1.2111842989649069,-9.841810172206644,True,0.8987177338250083,15.2642,3.6345,9.1106,41.7072,22.6762,1.4797,5.1771,0.9505
SAFETY_FACTOR,0.5,mid_MOR,4,49.8251369875,0.5,52.56668,0.31497,,9.91674,,2.7415430124999958,0.18502999999999997,True,False,7.3392,0.08664,-1.341578169108748,-13.255907088506213,True,0.997569560844787,15.8278,0.3139,11.211,42.8028,22.3059,0.63,5.9269,0.9817
SAFETY_FACTOR,0.5,high_MOR,0,72.09692173600001,0.5,76.45187,0.19131,,9.88093,,4.354948263999987,0.30869,True,False,7.2758,0.11339,-3.419438766028615,-0.04407616361071787,True,0.8269359704994972,21.6384,0.7376,10.3221,38.6139,17.1269,4.0307,5.4562,2.0741
SAFETY_FACTOR,0.5,high_MOR,1,72.09692173600001,0.5,75.24629,0.28108,,10.25867,,3.149368263999989,0.21892,True,False,7.5003,0.09727,-0.43937664268457466,-14.254231311706633,True,0.9597720415688904,14.2844,2.506,13.6034,38.4335,21.6847,1.1134,5.9211,2.4536
SAFETY_FACTOR,0.5,high_MOR,2,72.09692173600001,0.5,76.12623,0.12116,,10.07449,,4.029308263999994,0.37884,True,False,7.6442,0.09243,1.4707834443942858,-18.520803949224263,True,0.7779919544083138,17.2758,0.6225,8.4051,43.8984,20.7788,0.7342,5.7046,2.5804
SAFETY_FACTOR,0.5,high_MOR,3,72.09692173600001,0.5,77.05624,0.04975,,9.84099,,4.9593182639999895,0.45025,True,False,7.6249,0.09146,1.2145910213184008,-19.37588152327221,True,0.9805983908816628,16.0197,0.6152,7.8694,44.0279,22.2731,0.8571,5.7511,2.5864
SAFETY_FACTOR,0.5,high_MOR,4,72.09692173600001,0.5,75.70489,0.23956,,10.29852,,3.607968263999993,0.26044,True,False,7.5999,0.09201,0.8827355510128143,-18.8910437235543,True,0.9733489775393899,16.9614,2.4269,8.9971,39.9657,22.7567,0.3389,5.9258,2.6275
SAFETY_FACTOR,0.5,tight_WA,0,49.8251369875,0.32,52.94425,0.05446,,8.56209,,3.1191130124999944,0.26554,True,False,6.8483,0.10657,-4.790835407137594,0.4524460363841909,True,0.939574254106604,16.2084,1.8762,8.5222,39.6559,22.7146,5.1752,5.7432,0.1044
SAFETY_FACTOR,0.5,tight_WA,1,49.8251369875,0.32,53.30063,0.1421,,9.38188,,3.475493012499996,0.1779,True,False,7.2925,0.08939,1.3846988002057747,-15.7413516825337,True,0.9687814280925243,14.391,0.2307,9.8498,44.8084,22.5751,1.842,5.4893,0.8138
SAFETY_FACTOR,0.5,tight_WA,2,49.8251369875,0.32,52.75446,0.10735,,8.70555,,2.9293230124999994,0.21265,True,False,6.872,0.10752,-4.461343825160924,1.34791215006127,True,0.9011900771035869,15.3856,3.3764,9.4864,39.3096,21.4135,4.9969,5.9293,0.1022
SAFETY_FACTOR,0.5,tight_WA,3,49.8251369875,0.32,53.63065,0.18558,,9.1145,,3.8055130125000005,0.13442,True,False,7.0374,0.10103,-2.1618540505220385,-4.769535300216809,True,0.9583473013744552,14.0542,4.2033,10.0133,39.1852,22.6716,3.633,5.7766,0.4628
SAFETY_FACTOR,0.5,tight_WA,4,49.8251369875,0.32,53.411,0.17049,,8.86633,,3.585863012499999,0.14951,True,False,6.7862,0.11203,-5.654186767506841,5.599019700254493,True,0.9525645323499833,18.9667,0.7872,10.6356,37.9578,20.1486,5.4821,5.9182,0.1038
SAFETY_FACTOR,0.5,mid_MOR_shrink,0,49.8251369875,0.5,53.43653,0.35221,10.64,10.15746,0.2674599999999998,3.6113930124999953,0.14778999999999998,True,False,7.4011,0.08972,-0.5094770802527293,-10.172206647977578,True,0.8812856185048609,17.5347,0.2849,11.1465,43.2852,20.3795,1.0584,5.2109,1.0999
SAFETY_FACTOR,0.5,mid_MOR_shrink,1,49.8251369875,0.5,60.74433,0.38038,10.64,10.40222,0.5122199999999992,10.919193012499996,0.11962,True,False,7.4585,0.09276,0.26213200699019,-7.128554265118147,True,0.9866744887696949,20.1402,2.2272,8.0686,39.9033,21.9536,1.2283,4.813,1.6658
SAFETY_FACTOR,0.5,mid_MOR_shrink,2,49.8251369875,0.5,53.60011,0.37348,10.64,10.12431,0.2343099999999989,3.7749730124999985,0.12652000000000002,True,False,7.437,0.08865,-0.026885334050275045,-11.243492190628746,True,0.9899849145155882,14.6514,6.0897,9.0912,41.6493,21.0724,0.5714,5.788,1.0865
SAFETY_FACTOR,0.5,mid_MOR_shrink,3,49.8251369875,0.5,52.7549,0.35219,10.64,10.10778,0.21777999999999942,2.929763012499997,0.14781,True,False,7.3606,0.09666,-1.0539050947708017,-3.223868642370842,True,0.7776567214213878,17.9194,3.3427,8.7171,40.3754,22.3906,3.0973,3.1409,1.0167
SAFETY_FACTOR,0.5,mid_MOR_shrink,4,49.8251369875,0.5,54.16083,0.31428,10.64,10.08221,0.19220999999999933,4.335693012499995,0.18572,True,False,7.4403,0.08433,0.01747546713266601,-15.568682418902679,True,0.9979886020784445,17.5226,0.3911,9.0897,43.7786,22.0675,0.1043,5.8334,1.2127
SAFETY_FACTOR,1.0,low_MOR,0,34.220697441000006,0.5,43.15505,0.22853,,9.317,,8.934352558999997,0.27147,True,True,7.1598,0.08797,-4.703721450247567,-10.106274269364391,True,0.8972929936305734,14.2114,0.7921,10.3764,44.2545,22.7552,1.9284,5.5796,0.1025
SAFETY_FACTOR,1.0,low_MOR,1,34.220697441000006,0.5,44.82957,0.27359,,9.48001,,10.608872558999991,0.22641,True,True,7.1934,0.08829,-4.25650854496088,-9.779276517473956,True,0.9179936305732485,13.7796,1.792,11.1105,43.507,22.1243,1.5674,5.8708,0.2484
SAFETY_FACTOR,1.0,low_MOR,2,34.220697441000006,0.5,44.58576,0.27065,,9.43439,,10.365062558999995,0.22935,True,True,7.1276,0.09165,-5.132300484480645,-6.345800122624167,True,0.8219493798189742,16.4804,1.3434,9.3305,42.4531,22.4466,2.3599,5.4117,0.1743
SAFETY_FACTOR,1.0,low_MOR,3,34.220697441000006,0.5,48.24762,0.25685,,9.27096,,14.026922558999992,0.24314999999999998,True,True,6.9846,0.10253,-7.035617313528187,4.772123441651321,True,0.9265001676164933,18.7042,2.4639,8.7988,40.2376,20.1653,3.8444,5.6747,0.1111
SAFETY_FACTOR,1.0,low_MOR,4,34.220697441000006,0.5,44.06322,0.26391,,9.42661,,9.842522558999995,0.23609000000000002,True,True,7.1551,0.08952,-4.766278017356129,-8.522378908645,True,0.7886356017432115,13.9793,0.4269,12.0872,43.6749,22.0918,1.9786,5.596,0.1653
SAFETY_FACTOR,1.0,mid_MOR,0,49.8251369875,0.5,56.07856,0.17456,,9.29062,,6.253423012500001,0.32544,True,True,7.1165,0.09739,-4.335260115606932,-2.492991589907878,True,0.562814280925243,15.699,0.2303,11.0586,40.9521,22.5685,2.8886,5.8263,0.7767
SAFETY_FACTOR,1.0,mid_MOR,1,49.8251369875,0.5,56.08729,0.08873,,8.87444,,6.262153012500001,0.41127,True,True,7.0013,0.10269,-5.883855356902812,2.813376051261529,True,0.7542323164599397,14.5862,1.6138,10.4307,40.5589,22.3637,4.112,5.8225,0.5122
SAFETY_FACTOR,1.0,mid_MOR,2,49.8251369875,0.5,56.00299,0.20821,,9.63738,,6.177853012499995,0.29179,True,True,7.329,0.09101,-1.4786933727651608,-8.88065678814578,True,0.8713962453905464,16.3763,2.0081,8.2021,43.0084,22.1052,1.597,5.6547,1.0482
SAFETY_FACTOR,1.0,mid_MOR,3,49.8251369875,0.5,55.72799,0.21325,,9.39219,,5.902853012499996,0.28675,True,False,7.1243,0.10553,-4.230407312810868,5.656788145774927,True,0.6295256453234997,14.6857,2.0041,13.9315,42.4929,16.7257,3.7717,5.8014,0.5872
SAFETY_FACTOR,1.0,mid_MOR,4,49.8251369875,0.5,55.73188,0.19635,,9.36296,,5.9067430124999944,0.30365,True,True,7.1145,0.09714,-4.362145449657218,-2.7432919503403985,True,0.9250754274220582,17.4082,0.2677,9.62,40.4059,22.9228,2.8271,5.7567,0.7916
SAFETY_FACTOR,1.0,high_MOR,0,72.09692173600001,0.5,78.2461,0.17042,,10.21191,,6.1491782639999855,0.32958,True,True,7.6558,0.09175,1.624764382616073,-19.120239774330038,True,0.9385266510224606,14.844,1.0912,11.0483,41.8449,22.2172,0.4099,5.7567,2.7879
SAFETY_FACTOR,1.0,high_MOR,1,72.09692173600001,0.5,78.0583,0.14025,,9.83493,,5.96137826399999,0.35975,True,True,7.4272,0.10305,-1.4097220378580744,-9.159026798307469,True,0.9409570901776734,14.2014,1.3037,13.5876,39.9549,20.351,2.4129,5.8102,2.3783
SAFETY_FACTOR,1.0,high_MOR,2,72.09692173600001,0.5,78.32468,0.14884,,10.18306,,6.227758263999988,0.35116,True,True,7.6827,0.09078,1.9818408686648636,-19.975317348377995,True,0.8431528662420383,16.295,2.18,8.0262,42.1484,22.4669,0.2801,5.7959,2.8075
SAFETY_FACTOR,1.0,high_MOR,3,72.09692173600001,0.5,77.89832,0.22463,,10.12103,,5.801398263999985,0.27537,True,False,7.4454,0.10138,-1.168131255475613,-10.631170662905499,True,0.9527321488434461,14.8822,0.2676,14.7064,38.1551,21.984,2.1142,5.3536,2.537
SAFETY_FACTOR,1.0,high_MOR,4,72.09692173600001,0.5,80.19125,0.21549,,10.43001,,8.094328263999984,0.28451000000000004,True,True,7.703,0.09576,2.2513075105530023,-15.585331452750351,True,0.9744803888702648,14.5823,1.7483,12.7933,41.6539,20.1557,0.8137,5.3219,2.9309
SAFETY_FACTOR,1.0,tight_WA,0,49.8251369875,0.32,57.60602,0.07331,,9.14628,,7.780883012499999,0.24669000000000002,True,True,7.2242,0.09444,0.4351513297835341,-10.981242341408247,True,0.7881327522628226,14.0063,0.3086,10.2159,43.9818,22.2319,2.6099,5.7416,0.904
SAFETY_FACTOR,1.0,tight_WA,1,49.8251369875,0.32,56.07058,0.0947,,9.05795,,6.245443012499997,0.2253,True,True,7.1232,0.0982,-0.969011108176121,-7.437081723065331,True,0.6491367750586657,14.8261,0.9783,10.0462,42.6545,21.7452,3.2315,5.8446,0.6736
SAFETY_FACTOR,1.0,tight_WA,2,49.8251369875,0.32,55.7641,0.06736,,8.91877,,5.938963012499997,0.25264,True,True,7.0665,0.10024,-1.7572884372089148,-5.514186068432469,True,0.7827271203486422,15.3874,0.5551,9.837,42.7468,21.3363,3.6637,5.9209,0.5529
SAFETY_FACTOR,1.0,tight_WA,3,49.8251369875,0.32,56.04961,0.06051,,9.03904,,6.224473012499999,0.25949,True,True,7.1552,0.0976,-0.5241279595156301,-8.002639268545575,True,0.9724689909487093,16.2248,0.4283,8.1817,43.4637,22.2228,3.4386,5.3233,0.7168
SAFETY_FACTOR,1.0,tight_WA,4,49.8251369875,0.32,56.48172,0.0724,,8.69113,,6.6565830125000005,0.2476,True,True,6.9,0.10919,-4.072071070082995,2.9220473183146245,True,0.9267515923566878,15.7116,3.5649,8.9022,39.2314,21.1898,5.154,5.9234,0.3229
SAFETY_FACTOR,1.0,mid_MOR_shrink,0,49.8251369875,0.5,64.55576,0.26901,10.64,10.26172,0.37171999999999983,14.730623012500004,0.23098999999999997,True,True,7.5864,0.08887,1.9814491195053074,-11.023227873448127,True,0.6405464297686893,17.3232,1.4283,9.3363,44.1104,19.9026,0.2363,5.7591,1.9038
SAFETY_FACTOR,1.0,mid_MOR_shrink,1,49.8251369875,0.5,61.83649,0.27049,10.64,10.36194,0.47194,12.011353012499995,0.22951,True,True,7.6385,0.09975,2.6818120715149885,-0.13015618742490132,True,0.7864146832048273,16.6536,2.955,11.0026,46.0845,15.6807,2.8235,3.145,1.6551
SAFETY_FACTOR,1.0,mid_MOR_shrink,2,49.8251369875,0.5,57.00225,0.23474,10.64,10.26092,0.3709199999999999,7.177113012499994,0.26526,True,True,7.6366,0.09249,2.65627100416721,-7.398878654385255,True,0.676081126382836,15.9915,0.2525,9.9786,45.3085,22.5379,3.1378,1.2098,1.5833
SAFETY_FACTOR,1.0,mid_MOR_shrink,3,49.8251369875,0.5,59.84793,0.27963,10.64,10.24757,0.35756999999999906,10.022793012499996,0.22037,True,False,7.5939,0.08468,2.082269122193847,-15.218261914297148,True,0.8779332886356017,16.0883,1.1292,9.2608,44.1131,22.5593,0.2389,4.8882,1.7222
SAFETY_FACTOR,1.0,mid_MOR_shrink,4,49.8251369875,0.5,75.09618,0.27143,10.64,10.25985,0.36984999999999957,25.2710430125,0.22857,True,True,7.4918,0.09981,0.709772818927279,-0.0700841009211084,True,0.8366158229969829,15.531,1.5299,13.8442,39.4901,19.9173,1.5359,5.758,2.3936
SAFETY_FACTOR,2.0,low_MOR,0,34.220697441000006,0.5,54.32202,0.03941,,8.75787,,20.101322558999996,0.46059,True,True,7.0033,0.10503,-6.786722035883508,7.326793378295515,True,0.8950301709688233,14.8692,0.9699,10.2317,42.4622,21.1006,4.9642,5.0617,0.3404
SAFETY_FACTOR,2.0,low_MOR,1,34.220697441000006,0.5,58.75862,0.05116,,8.74073,,24.537922558999995,0.44884,True,True,6.9564,0.11075,-7.410956716179529,13.171878193337427,True,0.889624539054643,13.9227,3.3614,10.5796,39.2561,21.6821,5.7104,4.9635,0.524
SAFETY_FACTOR,2.0,low_MOR,2,34.220697441000006,0.5,56.05196,0.05122,,9.08835,,21.831262558999995,0.44878,True,True,7.2379,0.10265,-3.6642176436139096,4.894747598610261,True,0.9594787127053301,13.9984,4.1083,7.8526,43.61,21.2523,4.7518,3.7093,0.7173
SAFETY_FACTOR,2.0,low_MOR,3,34.220697441000006,0.5,71.62113,0.04527,,9.5696,,37.40043255899999,0.45473,True,True,7.4827,0.09322,-0.4059521908108432,-4.741467402411614,True,0.9924153536708012,15.3038,0.9121,8.2448,43.4885,22.6693,1.588,5.7223,2.0712
SAFETY_FACTOR,2.0,low_MOR,4,34.220697441000006,0.5,68.44579,0.04952,,9.39134,,34.225092559,0.45048,True,True,7.3492,0.09753,-2.1828248948517315,-0.33721643163703297,True,0.9558749580958765,16.2314,0.6854,8.5299,42.9601,21.6798,2.4714,5.7572,1.6848
SAFETY_FACTOR,2.0,mid_MOR,0,49.8251369875,0.5,62.24462,0.04861,,9.23055,,12.419483012499995,0.45139,True,True,7.2901,0.09606,-2.001613120043022,-3.824589507408882,True,0.7618588669125042,14.7139,0.6354,9.2263,43.6362,22.3732,2.799,5.3666,1.2495
SAFETY_FACTOR,2.0,mid_MOR,1,49.8251369875,0.5,62.12273,0.04102,,8.9731,,12.297593012499995,0.45898,True,True,7.1117,0.10122,-4.399784917327598,1.3416099319183195,True,0.904710023466309,15.9129,1.1731,8.496,41.0009,22.9298,3.6579,5.8195,1.0097
SAFETY_FACTOR,2.0,mid_MOR,2,49.8251369875,0.5,73.5084,0.0403,,9.41503,,23.683263012499992,0.4597,True,True,7.2933,0.11653,-1.9585965855625664,16.67000400480576,True,0.9726366074421723,17.9012,2.1265,10.6999,43.0473,14.4892,5.3182,4.7502,1.6677
SAFETY_FACTOR,2.0,mid_MOR,3,49.8251369875,0.5,62.35834,0.00111,,8.59098,,12.533203012499996,0.49889,True,True,6.9046,0.1106,-7.183761258233634,10.732879455346422,True,0.8418538384177002,16.0205,2.3934,8.4957,38.2895,22.9149,5.4962,5.7001,0.6897
SAFETY_FACTOR,2.0,mid_MOR,4,49.8251369875,0.5,68.44579,0.04952,,9.39134,,18.6206530125,0.45048,True,True,7.3492,0.09753,-1.2071514988573728,-2.3528233880656724,True,0.9558749580958765,16.2314,0.6854,8.5299,42.9601,21.6798,2.4714,5.7572,1.6848
SAFETY_FACTOR,2.0,high_MOR,0,72.09692173600001,0.5,84.2686,0.0,,9.17533,,12.171678263999993,0.5,True,True,7.2253,0.11555,-4.089786816045882,1.860014104372354,True,0.9552883003687562,15.9697,0.6947,11.8211,38.8697,19.7355,4.8968,5.698,2.3146
SAFETY_FACTOR,2.0,high_MOR,1,72.09692173600001,0.5,85.1512,0.04611,,9.57814,,13.05427826399999,0.45389,True,True,7.3933,0.10916,-1.8597180555924298,-3.772919605077585,True,0.8882836071069393,14.5719,3.8257,10.7546,38.0369,20.9158,3.3509,5.8943,2.6498
SAFETY_FACTOR,2.0,high_MOR,2,72.09692173600001,0.5,84.1332,0.01037,,9.93943,,12.03627826399999,0.48963,True,True,7.7324,0.09385,2.6415695436323494,-17.269040902679833,True,0.9740613476366075,14.4613,1.0743,9.2294,44.3769,21.2734,0.9396,5.574,3.0711
SAFETY_FACTOR,2.0,high_MOR,3,72.09692173600001,0.5,83.81231,0.0,,9.2066,,11.715388263999984,0.5,True,True,7.202,0.11918,-4.39907611437067,5.059943582510584,True,0.8465890043580289,18.328,0.9353,10.7162,39.3787,17.3484,5.3022,5.7877,2.2036
SAFETY_FACTOR,2.0,high_MOR,4,72.09692173600001,0.5,84.13023,0.0,,9.29446,,12.033308263999984,0.5,True,True,7.4052,0.10356,-1.7017548517269776,-8.709449929478142,True,0.9869678176332551,14.5176,0.7877,9.7282,40.7297,22.714,2.9909,5.9225,2.6093
SAFETY_FACTOR,2.0,tight_WA,0,49.8251369875,0.32,62.28998,0.0,,9.02083,,12.464843012499998,0.32,True,True,7.2226,0.09994,0.41290717235051844,-5.796964841172592,True,0.9700385517934965,15.7746,0.109,8.3231,43.7462,22.1622,3.8065,4.9585,1.1198
SAFETY_FACTOR,2.0,tight_WA,1,49.8251369875,0.32,63.87472,0.0,,9.12791,,14.049583012500001,0.32,True,True,7.2899,0.10498,1.3485520443770938,-1.046281459138465,True,0.9909906134763661,14.4327,1.8772,8.8713,43.2543,21.9267,5.0932,3.2862,1.2584
SAFETY_FACTOR,2.0,tight_WA,2,49.8251369875,0.32,74.80427,0.0,,9.2846,,24.9791330125,0.32,True,True,7.3468,0.10332,2.1396098930890117,-2.6109906683005057,True,0.888828360710694,15.714,0.9974,9.0506,42.1636,21.2378,3.3803,5.4754,1.9809
SAFETY_FACTOR,2.0,tight_WA,3,49.8251369875,0.32,65.65038,0.0,,8.91833,,15.825243012499996,0.32,True,True,7.1672,0.10377,-0.35729677876794597,-2.1868225091903115,True,0.753226617499162,14.3051,1.395,9.6348,42.1534,21.6996,4.0864,5.5316,1.1941
SAFETY_FACTOR,2.0,tight_WA,4,49.8251369875,0.32,79.42877,0.0,,9.50349,,29.603633012499998,0.32,True,True,7.4958,0.10049,4.211097054039392,-5.278537091149027,True,0.9795088836741535,14.1179,1.01,10.2994,43.1587,20.8648,2.513,5.6014,2.4347
SAFETY_FACTOR,2.0,mid_MOR_shrink,0,49.8251369875,0.5,100.87312,0.05428,10.64,10.64028,0.7497199999999999,51.0479830125,0.44572,True,True,7.942,0.11576,6.7616615136443015,15.899078894673613,True,0.957593027153872,16.0216,3.0193,12.4948,41.9964,15.7949,4.1916,2.2871,4.1942
SAFETY_FACTOR,2.0,mid_MOR_shrink,1,49.8251369875,0.5,93.8154,0.04994,10.64,10.60897,0.7189699999999988,43.990263012499994,0.45006,True,True,8.0353,0.10073,8.015862347089664,0.8510212254705607,True,0.8859369761984578,16.4745,3.4584,8.0599,45.1108,17.6682,1.6765,3.6017,3.9499
SAFETY_FACTOR,2.0,mid_MOR_shrink,2,49.8251369875,0.5,97.91911,0.04447,10.64,10.57993,0.6899299999999986,48.0939730125,0.45553,True,True,7.9892,0.10082,7.396155397230819,0.9411293552262778,True,0.8220750921890714,14.7979,2.3589,9.9895,41.75,21.7262,1.9233,3.195,4.2593
SAFETY_FACTOR,2.0,mid_MOR_shrink,3,49.8251369875,0.5,94.52529,0.05931,10.64,10.67142,0.7185800000000011,44.700153012499996,0.44069,True,True,8.0406,0.10002,8.08710848232288,0.1401682018422168,True,0.8171723097552799,15.9382,2.7795,8.5083,43.3311,20.6998,2.0327,2.6026,4.1076
SAFETY_FACTOR,2.0,mid_MOR_shrink,4,49.8251369875,0.5,92.55159,0.04555,10.64,10.59514,0.7051400000000001,42.7264530125,0.45445,True,True,7.9606,0.10841,7.011695120311878,8.540248297957564,True,0.8830036875628562,15.8889,0.6516,11.7919,43.8802,18.8238,4.1117,1.0045,3.8474
